ISO-10303-21;
HEADER;
FILE_DESCRIPTION (( 'STEP AP214' ),
    '1' );
FILE_NAME ('2SMPP-03.STEP',
    '2018-05-08T08:50:48',
    ( '' ),
    ( '' ),
    'SwSTEP 2.0',
    'SolidWorks 2017',
    '' );
FILE_SCHEMA (( 'AUTOMOTIVE_DESIGN' ));
ENDSEC;

DATA;
#1 = CARTESIAN_POINT ( 'NONE',  ( 1.500000000000000900, 0.5000000000000000000, 2.200000000000000200 ) ) ;
#2 = FILL_AREA_STYLE_COLOUR ( '', #4406 ) ;
#3 = AXIS2_PLACEMENT_3D ( 'NONE', #5349, #2352, #6422 ) ;
#4 = CARTESIAN_POINT ( 'NONE',  ( -1.499999999999999100, 0.5000000000000000000, -2.200000000000000200 ) ) ;
#5 = ORIENTED_EDGE ( 'NONE', *, *, #5464, .T. ) ;
#7 = VERTEX_POINT ( 'NONE', #3126 ) ;
#6 = CARTESIAN_POINT ( 'NONE',  ( -2.375000000000000900, 0.0000000000000000000, -2.499999999999996400 ) ) ;
#8 = EDGE_CURVE ( 'NONE', #4779, #1989, #1716, .T. ) ;
#9 = CARTESIAN_POINT ( 'NONE',  ( 5.322705363946669100E-016, -0.9000000000000000200, -2.010000000000000700 ) ) ;
#10 = DIRECTION ( 'NONE',  ( 0.0000000000000000000, 1.000000000000000000, 0.0000000000000000000 ) ) ;
#11 = CIRCLE ( 'NONE', #5421, 0.3368216794427231800 ) ;
#12 = ORIENTED_EDGE ( 'NONE', *, *, #4991, .T. ) ;
#13 = CARTESIAN_POINT ( 'NONE',  ( 1.470000000000000000, 0.0000000000000000000, -2.999999999999999600 ) ) ;
#14 = PRESENTATION_LAYER_ASSIGNMENT (  '', '', ( #950 ) ) ;
#15 = ORIENTED_EDGE ( 'NONE', *, *, #2640, .T. ) ;
#16 = EDGE_LOOP ( 'NONE', ( #2389, #4146 ) ) ;
#17 = VECTOR ( 'NONE', #2424, 1000.000000000000100 ) ;
#18 = EDGE_LOOP ( 'NONE', ( #1899, #3886, #1598, #3474 ) ) ;
#19 = EDGE_CURVE ( 'NONE', #662, #4518, #3220, .T. ) ;
#20 = FILL_AREA_STYLE ('',( #1886 ) ) ;
#21 = VERTEX_POINT ( 'NONE', #102 ) ;
#22 = CARTESIAN_POINT ( 'NONE',  ( 1.499999999999996900, 0.5000000000000000000, -2.750000000000000400 ) ) ;
#23 = SURFACE_SIDE_STYLE ('',( #1521 ) ) ;
#24 = AXIS2_PLACEMENT_3D ( 'NONE', #4402, #5903, #2881 ) ;
#25 = EDGE_CURVE ( 'NONE', #2508, #1478, #2658, .T. ) ;
#26 = ORIENTED_EDGE ( 'NONE', *, *, #3906, .F. ) ;
#27 = DIRECTION ( 'NONE',  ( 0.0000000000000000000, 1.000000000000000000, 0.0000000000000000000 ) ) ;
#28 = DIRECTION ( 'NONE',  ( 0.0000000000000000000, -0.06975647374412440000, 0.9975640502598243100 ) ) ;
#29 =( NAMED_UNIT ( * ) SI_UNIT ( $, .STERADIAN. ) SOLID_ANGLE_UNIT ( ) );
#30 = MECHANICAL_DESIGN_GEOMETRIC_PRESENTATION_REPRESENTATION (  '', ( #2949 ), #4207 ) ;
#31 = EDGE_CURVE ( 'NONE', #472, #4165, #3453, .T. ) ;
#32 = DIRECTION ( 'NONE',  ( -1.000000000000000000, 0.0000000000000000000, 0.0000000000000000000 ) ) ;
#33 = CARTESIAN_POINT ( 'NONE',  ( 1.070000000000000100, -1.100000000000000100, -4.907560881563969500 ) ) ;
#34 = CARTESIAN_POINT ( 'NONE',  ( -1.174827221408426300, -1.000000000000000000, -1.652921966769066700 ) ) ;
#35 = ORIENTED_EDGE ( 'NONE', *, *, #4395, .F. ) ;
#36 = CARTESIAN_POINT ( 'NONE',  ( -2.211821679442723500, 1.000000000000000000, 2.499999999999996900 ) ) ;
#37 = COLOUR_RGB ( '',1.000000000000000000, 1.000000000000000000, 1.000000000000000000 ) ;
#38 = ORIENTED_EDGE ( 'NONE', *, *, #3102, .T. ) ;
#39 = DIRECTION ( 'NONE',  ( 0.0000000000000000000, -0.9975640502598245300, 0.06975647374412140300 ) ) ;
#40 = ORIENTED_EDGE ( 'NONE', *, *, #6112, .F. ) ;
#41 = STYLED_ITEM ( 'NONE', ( #2104 ), #4351 ) ;
#42 =( NAMED_UNIT ( * ) PLANE_ANGLE_UNIT ( ) SI_UNIT ( $, .RADIAN. ) );
#43 = CARTESIAN_POINT ( 'NONE',  ( 1.070000000000000100, -0.2500000000000001100, -2.982518297014122000 ) ) ;
#44 = ORIENTED_EDGE ( 'NONE', *, *, #1074, .F. ) ;
#45 = DIRECTION ( 'NONE',  ( 0.0000000000000000000, -1.000000000000000000, 0.0000000000000000000 ) ) ;
#46 = EDGE_CURVE ( 'NONE', #5153, #214, #4408, .T. ) ;
#47 = CARTESIAN_POINT ( 'NONE',  ( 0.1999999999999998700, -0.7844885823794624000, -3.979434154541485700 ) ) ;
#48 = SURFACE_STYLE_FILL_AREA ( #1218 ) ;
#49 = AXIS2_PLACEMENT_3D ( 'NONE', #4019, #5118, #4486 ) ;
#50 = EDGE_LOOP ( 'NONE', ( #1443, #2604, #4007, #1667, #3882, #2541, #174, #4150, #1152, #4033, #3520, #2975 ) ) ;
#51 = DIRECTION ( 'NONE',  ( 0.0000000000000000000, 1.000000000000000000, 0.0000000000000000000 ) ) ;
#52 = CARTESIAN_POINT ( 'NONE',  ( -1.807951184059714000, -0.9000000000000000200, 2.782951184059714300 ) ) ;
#53 = CARTESIAN_POINT ( 'NONE',  ( 0.1999999999999998700, -0.2965121763127938100, -3.651554598111652600 ) ) ;
#54 = EDGE_CURVE ( 'NONE', #4996, #2725, #2829, .T. ) ;
#55 = FACE_OUTER_BOUND ( 'NONE', #3794, .T. ) ;
#56 = SURFACE_STYLE_FILL_AREA ( #4297 ) ;
#57 = VERTEX_POINT ( 'NONE', #1654 ) ;
#58 =( GEOMETRIC_REPRESENTATION_CONTEXT ( 3 ) GLOBAL_UNCERTAINTY_ASSIGNED_CONTEXT ( ( #4064 ) ) GLOBAL_UNIT_ASSIGNED_CONTEXT ( ( #5344, #4360, #1874 ) ) REPRESENTATION_CONTEXT ( 'NONE', 'WORKASPACE' ) );
#59 = LINE ( 'NONE', #5703, #3857 ) ;
#60 = SURFACE_STYLE_FILL_AREA ( #2518 ) ;
#61 = CYLINDRICAL_SURFACE ( 'NONE', #1300, 0.04999999999999969700 ) ;
#62 = LINE ( 'NONE', #6097, #5250 ) ;
#63 =( NAMED_UNIT ( * ) PLANE_ANGLE_UNIT ( ) SI_UNIT ( $, .RADIAN. ) );
#64 = ORIENTED_EDGE ( 'NONE', *, *, #3146, .F. ) ;
#65 = UNCERTAINTY_MEASURE_WITH_UNIT (LENGTH_MEASURE( 1.000000000000000100E-005 ), #4885, 'distance_accuracy_value', 'NONE');
#66 = EDGE_CURVE ( 'NONE', #214, #1287, #374, .T. ) ;
#67 = DIRECTION ( 'NONE',  ( -1.000000000000000000, -0.0000000000000000000, -0.0000000000000000000 ) ) ;
#68 = VECTOR ( 'NONE', #5064, 1000.000000000000000 ) ;
#69 = CARTESIAN_POINT ( 'NONE',  ( 1.070000000000000100, -1.033879594944416400, 3.961995036105455000 ) ) ;
#70 = FACE_OUTER_BOUND ( 'NONE', #6406, .T. ) ;
#71 = ORIENTED_EDGE ( 'NONE', *, *, #1444, .F. ) ;
#72 = DIRECTION ( 'NONE',  ( 0.0000000000000000000, 1.000000000000000000, 0.0000000000000000000 ) ) ;
#73 = CYLINDRICAL_SURFACE ( 'NONE', #564, 0.2999999999999999300 ) ;
#74 = CARTESIAN_POINT ( 'NONE',  ( -1.174827221408426300, -0.9000000000000000200, -2.272921966769066300 ) ) ;
#75 =( NAMED_UNIT ( * ) SI_UNIT ( $, .STERADIAN. ) SOLID_ANGLE_UNIT ( ) );
#76 = PRESENTATION_LAYER_ASSIGNMENT (  '', '', ( #4390 ) ) ;
#77 = DIRECTION ( 'NONE',  ( 0.0000000000000000000, 0.0000000000000000000, 1.000000000000000000 ) ) ;
#78 = ORIENTED_EDGE ( 'NONE', *, *, #4200, .T. ) ;
#79 = CARTESIAN_POINT ( 'NONE',  ( -1.499999999999999100, 1.000000000000000000, 2.750000000000000400 ) ) ;
#80 = EDGE_CURVE ( 'NONE', #735, #2769, #3059, .T. ) ;
#81 = ORIENTED_EDGE ( 'NONE', *, *, #3255, .T. ) ;
#82 = CIRCLE ( 'NONE', #24, 0.04999999999999969700 ) ;
#83 = CARTESIAN_POINT ( 'NONE',  ( -1.470000000000000200, -0.2790730578767624000, -3.900945610676609400 ) ) ;
#84 = ORIENTED_EDGE ( 'NONE', *, *, #2013, .F. ) ;
#85 = ORIENTED_EDGE ( 'NONE', *, *, #3034, .T. ) ;
#86 = MECHANICAL_DESIGN_GEOMETRIC_PRESENTATION_REPRESENTATION (  '', ( #5385 ), #3383 ) ;
#87 = EDGE_CURVE ( 'NONE', #6261, #3677, #694, .T. ) ;
#88 = ORIENTED_EDGE ( 'NONE', *, *, #2794, .F. ) ;
#89 = COLOUR_RGB ( '',1.000000000000000000, 1.000000000000000000, 1.000000000000000000 ) ;
#90 = ORIENTED_EDGE ( 'NONE', *, *, #3486, .T. ) ;
#91 = AXIS2_PLACEMENT_3D ( 'NONE', #1162, #675, #2615 ) ;
#92 = SURFACE_STYLE_USAGE ( .BOTH. , #1665 ) ;
#93 = ORIENTED_EDGE ( 'NONE', *, *, #6202, .T. ) ;
#94 = STYLED_ITEM ( 'NONE', ( #3689 ), #2216 ) ;
#95 = CIRCLE ( 'NONE', #828, 0.09999999999999982500 ) ;
#96 = ORIENTED_EDGE ( 'NONE', *, *, #2063, .T. ) ;
#97 = CARTESIAN_POINT ( 'NONE',  ( 1.470000000000000000, -0.2500000000000001100, -3.601676395598661700 ) ) ;
#98 = CARTESIAN_POINT ( 'NONE',  ( -0.2000000000000000900, -0.3000000000000000400, 3.601676395598662200 ) ) ;
#99 = EDGE_CURVE ( 'NONE', #1372, #3848, #4799, .T. ) ;
#100 = CARTESIAN_POINT ( 'NONE',  ( 2.374999999999999100, 0.0000000000000000000, 0.5000000000000000000 ) ) ;
#101 = DIRECTION ( 'NONE',  ( 0.0000000000000000000, 0.0000000000000000000, 1.000000000000000000 ) ) ;
#102 = CARTESIAN_POINT ( 'NONE',  ( -1.807951184059714000, -1.000000000000000000, 2.782951184059714300 ) ) ;
#103 = DIRECTION ( 'NONE',  ( 0.0000000000000000000, 0.0000000000000000000, -1.000000000000000000 ) ) ;
#104 = ADVANCED_FACE ( 'NONE', ( #2097 ), #1561, .T. ) ;
#105 = MECHANICAL_DESIGN_GEOMETRIC_PRESENTATION_REPRESENTATION (  '', ( #1801 ), #1133 ) ;
#106 = ORIENTED_EDGE ( 'NONE', *, *, #2294, .F. ) ;
#107 =( NAMED_UNIT ( * ) SI_UNIT ( $, .STERADIAN. ) SOLID_ANGLE_UNIT ( ) );
#108 = DIRECTION ( 'NONE',  ( 0.0000000000000000000, -0.06975647374412441400, 0.9975640502598243100 ) ) ;
#109 = VECTOR ( 'NONE', #6183, 1000.000000000000000 ) ;
#110 = SURFACE_SIDE_STYLE ('',( #2987 ) ) ;
#111 = EDGE_CURVE ( 'NONE', #428, #5122, #5324, .T. ) ;
#112 = CARTESIAN_POINT ( 'NONE',  ( 1.174827221408426300, -1.000000000000000000, 2.272921966769066300 ) ) ;
#113 = CARTESIAN_POINT ( 'NONE',  ( -2.211821679442723500, 1.000000000000000000, 2.499999999999997800 ) ) ;
#114 = COLOUR_RGB ( '',1.000000000000000000, 1.000000000000000000, 1.000000000000000000 ) ;
#115 = EDGE_CURVE ( 'NONE', #2377, #2471, #940, .T. ) ;
#116 = STYLED_ITEM ( 'NONE', ( #6075 ), #6334 ) ;
#117 = DIRECTION ( 'NONE',  ( 0.0000000000000000000, 1.000000000000000000, 0.0000000000000000000 ) ) ;
#118 = EDGE_LOOP ( 'NONE', ( #637, #5311, #4322, #4204 ) ) ;
#119 = CARTESIAN_POINT ( 'NONE',  ( 0.1999999999999998700, -0.2500000000000002200, 3.601676395598661700 ) ) ;
#120 =( NAMED_UNIT ( * ) PLANE_ANGLE_UNIT ( ) SI_UNIT ( $, .RADIAN. ) );
#121 = AXIS2_PLACEMENT_3D ( 'NONE', #335, #5926, #3856 ) ;
#122 = CARTESIAN_POINT ( 'NONE',  ( 1.070000000000000100, 0.0000000000000000000, -2.999999999999999600 ) ) ;
#123 = ORIENTED_EDGE ( 'NONE', *, *, #2983, .T. ) ;
#124 = COLOUR_RGB ( '',1.000000000000000000, 1.000000000000000000, 1.000000000000000000 ) ;
#125 = CARTESIAN_POINT ( 'NONE',  ( 0.1999999999999998700, -0.2500000000000001100, -3.601676395598661700 ) ) ;
#126 = CARTESIAN_POINT ( 'NONE',  ( 5.702345871682348400E-016, -0.9000000000000000200, 2.320000000000000300 ) ) ;
#127 = EDGE_CURVE ( 'NONE', #3908, #2700, #4250, .T. ) ;
#128 = ORIENTED_EDGE ( 'NONE', *, *, #5046, .T. ) ;
#129 = ORIENTED_EDGE ( 'NONE', *, *, #2420, .F. ) ;
#130 = LINE ( 'NONE', #6008, #5996 ) ;
#131 = AXIS2_PLACEMENT_3D ( 'NONE', #6023, #1586, #4054 ) ;
#132 = DIRECTION ( 'NONE',  ( 0.0000000000000000000, 0.9975640502598242000, -0.06975647374412664900 ) ) ;
#133 = VECTOR ( 'NONE', #5717, 1000.000000000000000 ) ;
#134 = VECTOR ( 'NONE', #1576, 1000.000000000000100 ) ;
#135 = ORIENTED_EDGE ( 'NONE', *, *, #137, .F. ) ;
#136 = PLANE ( 'NONE',  #1574 ) ;
#137 = EDGE_CURVE ( 'NONE', #2489, #1556, #62, .T. ) ;
#138 = VECTOR ( 'NONE', #3308, 1000.000000000000000 ) ;
#139 = ADVANCED_FACE ( 'NONE', ( #2746 ), #3040, .F. ) ;
#140 = LINE ( 'NONE', #2590, #4649 ) ;
#141 = CIRCLE ( 'NONE', #5769, 0.3000000000000003800 ) ;
#142 = AXIS2_PLACEMENT_3D ( 'NONE', #2542, #2064, #3599 ) ;
#143 = EDGE_CURVE ( 'NONE', #3490, #4196, #4790, .T. ) ;
#144 = CYLINDRICAL_SURFACE ( 'NONE', #6444, 0.2999999999999999300 ) ;
#145 =( LENGTH_UNIT ( ) NAMED_UNIT ( * ) SI_UNIT ( .MILLI., .METRE. ) );
#146 = LINE ( 'NONE', #2566, #5336 ) ;
#147 = EDGE_CURVE ( 'NONE', #2051, #1110, #3289, .T. ) ;
#148 = DIRECTION ( 'NONE',  ( 0.0000000000000000000, 0.0000000000000000000, 1.000000000000000000 ) ) ;
#149 = CIRCLE ( 'NONE', #640, 0.2999999999999994900 ) ;
#150 = LINE ( 'NONE', #4172, #4344 ) ;
#151 =( LENGTH_UNIT ( ) NAMED_UNIT ( * ) SI_UNIT ( .MILLI., .METRE. ) );
#152 =( NAMED_UNIT ( * ) SI_UNIT ( $, .STERADIAN. ) SOLID_ANGLE_UNIT ( ) );
#153 = VERTEX_POINT ( 'NONE', #4415 ) ;
#154 = STYLED_ITEM ( 'NONE', ( #3417 ), #6172 ) ;
#155 = VERTEX_POINT ( 'NONE', #304 ) ;
#156 = DIRECTION ( 'NONE',  ( -1.000000000000000000, 0.0000000000000000000, 0.0000000000000000000 ) ) ;
#157 = AXIS2_PLACEMENT_3D ( 'NONE', #4070, #3544, #3030 ) ;
#158 = ORIENTED_EDGE ( 'NONE', *, *, #4820, .T. ) ;
#159 = CIRCLE ( 'NONE', #5190, 0.2999999999999999300 ) ;
#160 = EDGE_LOOP ( 'NONE', ( #3077, #1947, #5103, #2967 ) ) ;
#161 = CARTESIAN_POINT ( 'NONE',  ( 1.070000000000000100, -0.2500000000000001100, 2.982518297014122000 ) ) ;
#162 = CARTESIAN_POINT ( 'NONE',  ( -1.875000000000000900, 0.9069756473744125000, 2.500000000000000000 ) ) ;
#163 =( NAMED_UNIT ( * ) PLANE_ANGLE_UNIT ( ) SI_UNIT ( $, .RADIAN. ) );
#164 = EDGE_CURVE ( 'NONE', #5430, #3668, #4239, .T. ) ;
#165 = ORIENTED_EDGE ( 'NONE', *, *, #2395, .F. ) ;
#166 = ADVANCED_FACE ( 'NONE', ( #5711 ), #1938, .T. ) ;
#167 = AXIS2_PLACEMENT_3D ( 'NONE', #1139, #2205, #5145 ) ;
#168 = ORIENTED_EDGE ( 'NONE', *, *, #4803, .T. ) ;
#169 = ORIENTED_EDGE ( 'NONE', *, *, #5819, .F. ) ;
#170 = EDGE_CURVE ( 'NONE', #2232, #6257, #1090, .T. ) ;
#171 = DIRECTION ( 'NONE',  ( 0.0000000000000000000, 0.0000000000000000000, -1.000000000000000000 ) ) ;
#172 = DIRECTION ( 'NONE',  ( 1.000000000000000000, -0.0000000000000000000, 0.0000000000000000000 ) ) ;
#173 =( LENGTH_UNIT ( ) NAMED_UNIT ( * ) SI_UNIT ( .MILLI., .METRE. ) );
#174 = ORIENTED_EDGE ( 'NONE', *, *, #5625, .T. ) ;
#175 = DIRECTION ( 'NONE',  ( -0.0000000000000000000, 1.000000000000000000, 0.0000000000000000000 ) ) ;
#176 =( GEOMETRIC_REPRESENTATION_CONTEXT ( 3 ) GLOBAL_UNCERTAINTY_ASSIGNED_CONTEXT ( ( #1410 ) ) GLOBAL_UNIT_ASSIGNED_CONTEXT ( ( #3495, #6443, #3450 ) ) REPRESENTATION_CONTEXT ( 'NONE', 'WORKASPACE' ) );
#177 = CARTESIAN_POINT ( 'NONE',  ( 1.807951184059714000, -1.000000000000000000, -2.432951184059714700 ) ) ;
#178 = EDGE_CURVE ( 'NONE', #846, #4914, #5157, .T. ) ;
#179 = SURFACE_SIDE_STYLE ('',( #3041 ) ) ;
#180 = DIRECTION ( 'NONE',  ( -1.000000000000000000, 0.0000000000000000000, -0.0000000000000000000 ) ) ;
#181 = LINE ( 'NONE', #3657, #5376 ) ;
#182 = ORIENTED_EDGE ( 'NONE', *, *, #5131, .T. ) ;
#183 =( NAMED_UNIT ( * ) SI_UNIT ( $, .STERADIAN. ) SOLID_ANGLE_UNIT ( ) );
#184 = FILL_AREA_STYLE_COLOUR ( '', #6031 ) ;
#185 =( NAMED_UNIT ( * ) SI_UNIT ( $, .STERADIAN. ) SOLID_ANGLE_UNIT ( ) );
#186 = UNCERTAINTY_MEASURE_WITH_UNIT (LENGTH_MEASURE( 1.000000000000000100E-005 ), #3340, 'distance_accuracy_value', 'NONE');
#187 = ADVANCED_FACE ( 'NONE', ( #2507 ), #6264, .T. ) ;
#188 = SURFACE_STYLE_USAGE ( .BOTH. , #3286 ) ;
#189 = EDGE_LOOP ( 'NONE', ( #2423, #3147, #3176, #5252 ) ) ;
#190 = DIRECTION ( 'NONE',  ( -1.000000000000000000, -0.0000000000000000000, -0.0000000000000000000 ) ) ;
#191 = DIRECTION ( 'NONE',  ( -1.000000000000000000, -0.0000000000000000000, 0.0000000000000000000 ) ) ;
#192 = AXIS2_PLACEMENT_3D ( 'NONE', #3181, #5156, #5686 ) ;
#193 = LINE ( 'NONE', #5760, #1081 ) ;
#194 = DIRECTION ( 'NONE',  ( -1.000000000000000000, -0.0000000000000000000, -0.0000000000000000000 ) ) ;
#195 = ADVANCED_FACE ( 'NONE', ( #5241 ), #4560, .F. ) ;
#196 = ORIENTED_EDGE ( 'NONE', *, *, #3212, .T. ) ;
#197 = VECTOR ( 'NONE', #5755, 1000.000000000000000 ) ;
#198 = PLANE ( 'NONE',  #5221 ) ;
#199 = EDGE_CURVE ( 'NONE', #5422, #689, #2902, .T. ) ;
#200 = DIRECTION ( 'NONE',  ( 1.000000000000000000, 0.0000000000000000000, 8.673617379884051200E-015 ) ) ;
#201 = SURFACE_STYLE_FILL_AREA ( #362 ) ;
#202 = DIRECTION ( 'NONE',  ( 0.0000000000000000000, 0.0000000000000000000, -1.000000000000000000 ) ) ;
#203 = PRESENTATION_LAYER_ASSIGNMENT (  '', '', ( #3598 ) ) ;
#204 = PLANE ( 'NONE',  #3847 ) ;
#205 = CIRCLE ( 'NONE', #4012, 0.09999999999999982500 ) ;
#206 = VERTEX_POINT ( 'NONE', #6387 ) ;
#207 = CARTESIAN_POINT ( 'NONE',  ( 0.1999999999999998700, -0.7844885823794622800, -3.979434154541485700 ) ) ;
#208 =( LENGTH_UNIT ( ) NAMED_UNIT ( * ) SI_UNIT ( .MILLI., .METRE. ) );
#209 = MECHANICAL_DESIGN_GEOMETRIC_PRESENTATION_REPRESENTATION (  '', ( #3728 ), #2372 ) ;
#210 = FACE_OUTER_BOUND ( 'NONE', #1854, .T. ) ;
#211 = VECTOR ( 'NONE', #2732, 1000.000000000000000 ) ;
#212 = VECTOR ( 'NONE', #4564, 1000.000000000000000 ) ;
#213 = FILL_AREA_STYLE_COLOUR ( '', #3837 ) ;
#214 = VERTEX_POINT ( 'NONE', #346 ) ;
#215 = PRESENTATION_LAYER_ASSIGNMENT (  '', '', ( #6405 ) ) ;
#216 = DIRECTION ( 'NONE',  ( -1.000000000000000000, -0.0000000000000000000, -0.0000000000000000000 ) ) ;
#217 = DIRECTION ( 'NONE',  ( 0.0000000000000000000, 0.0000000000000000000, -1.000000000000000000 ) ) ;
#218 = LINE ( 'NONE', #1137, #5410 ) ;
#219 = PRESENTATION_STYLE_ASSIGNMENT (( #4783 ) ) ;
#220 = CARTESIAN_POINT ( 'NONE',  ( -1.174827221408426300, -0.9000000000000000200, 1.652921966769066700 ) ) ;
#221 = UNCERTAINTY_MEASURE_WITH_UNIT (LENGTH_MEASURE( 1.000000000000000100E-005 ), #5365, 'distance_accuracy_value', 'NONE');
#222 = EDGE_CURVE ( 'NONE', #6136, #3139, #4934, .T. ) ;
#223 = ORIENTED_EDGE ( 'NONE', *, *, #2198, .F. ) ;
#224 = COLOUR_RGB ( '',1.000000000000000000, 1.000000000000000000, 1.000000000000000000 ) ;
#225 = SURFACE_STYLE_FILL_AREA ( #2176 ) ;
#226 = DIRECTION ( 'NONE',  ( 0.0000000000000000000, 0.0000000000000000000, 1.000000000000000000 ) ) ;
#227 = AXIS2_PLACEMENT_3D ( 'NONE', #5699, #2255, #6233 ) ;
#228 = CARTESIAN_POINT ( 'NONE',  ( -1.470000000000000200, -0.8506089874350454300, 4.924999999999999800 ) ) ;
#229 =( NAMED_UNIT ( * ) PLANE_ANGLE_UNIT ( ) SI_UNIT ( $, .RADIAN. ) );
#230 = STYLED_ITEM ( 'NONE', ( #4775 ), #5574 ) ;
#231 = DIRECTION ( 'NONE',  ( 0.0000000000000000000, -1.000000000000000000, 0.0000000000000000000 ) ) ;
#232 = VERTEX_POINT ( 'NONE', #3866 ) ;
#233 =( LENGTH_UNIT ( ) NAMED_UNIT ( * ) SI_UNIT ( .MILLI., .METRE. ) );
#234 = ADVANCED_FACE ( 'NONE', ( #1554 ), #5396, .F. ) ;
#235 = ORIENTED_EDGE ( 'NONE', *, *, #6130, .F. ) ;
#236 = VERTEX_POINT ( 'NONE', #4911 ) ;
#237 = FACE_OUTER_BOUND ( 'NONE', #1895, .T. ) ;
#238 = ORIENTED_EDGE ( 'NONE', *, *, #1544, .F. ) ;
#239 = CLOSED_SHELL ( 'NONE', ( #2387, #5693, #731, #5142, #1693, #5848, #5235, #4351, #3322, #3748, #301, #773, #5202, #5335 ) ) ;
#240 = CARTESIAN_POINT ( 'NONE',  ( -1.470000000000000200, -0.2790730578767624000, 3.900945610676609400 ) ) ;
#241 = CARTESIAN_POINT ( 'NONE',  ( -0.2000000000000000900, -1.100000000000000100, -4.907560881563969500 ) ) ;
#242 = ORIENTED_EDGE ( 'NONE', *, *, #5647, .T. ) ;
#243 = CIRCLE ( 'NONE', #227, 0.3000000000000003800 ) ;
#244 = ORIENTED_EDGE ( 'NONE', *, *, #4900, .T. ) ;
#245 = CARTESIAN_POINT ( 'NONE',  ( 1.874999999999995600, -0.9000000000000000200, -2.836821679442724300 ) ) ;
#246 = PRESENTATION_LAYER_ASSIGNMENT (  '', '', ( #2277 ) ) ;
#247 = FILL_AREA_STYLE_COLOUR ( '', #860 ) ;
#248 = FACE_OUTER_BOUND ( 'NONE', #4213, .T. ) ;
#249 = VERTEX_POINT ( 'NONE', #3357 ) ;
#250 = LINE ( 'NONE', #5921, #2612 ) ;
#251 = ORIENTED_EDGE ( 'NONE', *, *, #870, .F. ) ;
#252 = EDGE_CURVE ( 'NONE', #1182, #837, #3609, .T. ) ;
#253 = CARTESIAN_POINT ( 'NONE',  ( -0.2000000000000000900, -0.2500000000000001100, -3.601676395598661700 ) ) ;
#254 = AXIS2_PLACEMENT_3D ( 'NONE', #665, #2742, #647 ) ;
#255 = ADVANCED_FACE ( 'NONE', ( #3690 ), #934, .T. ) ;
#256 = UNCERTAINTY_MEASURE_WITH_UNIT (LENGTH_MEASURE( 1.000000000000000100E-005 ), #208, 'distance_accuracy_value', 'NONE');
#257 = EDGE_CURVE ( 'NONE', #2716, #3727, #4399, .T. ) ;
#258 = CARTESIAN_POINT ( 'NONE',  ( 0.1999999999999998700, -1.100000000000000100, -4.907560881563969500 ) ) ;
#259 = DIRECTION ( 'NONE',  ( -0.0000000000000000000, -1.000000000000000000, -0.0000000000000000000 ) ) ;
#260 = DIRECTION ( 'NONE',  ( 0.0000000000000000000, -0.06975647374412440000, 0.9975640502598243100 ) ) ;
#261 = AXIS2_PLACEMENT_3D ( 'NONE', #2089, #5119, #1685 ) ;
#262 = COLOUR_RGB ( '',1.000000000000000000, 1.000000000000000000, 1.000000000000000000 ) ;
#263 = ADVANCED_FACE ( 'NONE', ( #1407 ), #3393, .F. ) ;
#264 = ORIENTED_EDGE ( 'NONE', *, *, #2099, .T. ) ;
#265 = SURFACE_SIDE_STYLE ('',( #3583 ) ) ;
#266 = CIRCLE ( 'NONE', #4020, 0.09999999999999982500 ) ;
#267 = CARTESIAN_POINT ( 'NONE',  ( -1.070000000000000300, -0.3000000000000001000, -3.601676395598662200 ) ) ;
#268 = EDGE_CURVE ( 'NONE', #1712, #5398, #2256, .T. ) ;
#269 =( NAMED_UNIT ( * ) SI_UNIT ( $, .STERADIAN. ) SOLID_ANGLE_UNIT ( ) );
#270 = PRESENTATION_STYLE_ASSIGNMENT (( #2271 ) ) ;
#271 = CARTESIAN_POINT ( 'NONE',  ( -1.875000000000000900, 1.000000000000000000, 2.500000000000000000 ) ) ;
#272 = DIRECTION ( 'NONE',  ( 1.000000000000000000, 0.0000000000000000000, 0.0000000000000000000 ) ) ;
#273 = CARTESIAN_POINT ( 'NONE',  ( -1.999999999999999100, 1.000000000000000000, -2.199999999999996600 ) ) ;
#274 = DIRECTION ( 'NONE',  ( -0.0000000000000000000, 1.000000000000000000, -0.0000000000000000000 ) ) ;
#275 = ORIENTED_EDGE ( 'NONE', *, *, #6320, .T. ) ;
#276 = ORIENTED_EDGE ( 'NONE', *, *, #5164, .F. ) ;
#277 = VECTOR ( 'NONE', #4627, 1000.000000000000000 ) ;
#278 = ORIENTED_EDGE ( 'NONE', *, *, #1770, .T. ) ;
#279 = CYLINDRICAL_SURFACE ( 'NONE', #3937, 0.2999999999999999300 ) ;
#280 = FILL_AREA_STYLE ('',( #2807 ) ) ;
#281 = ORIENTED_EDGE ( 'NONE', *, *, #2523, .T. ) ;
#282 = AXIS2_PLACEMENT_3D ( 'NONE', #514, #3578, #2605 ) ;
#283 = VERTEX_POINT ( 'NONE', #5501 ) ;
#284 = FACE_OUTER_BOUND ( 'NONE', #5069, .T. ) ;
#285 = FACE_OUTER_BOUND ( 'NONE', #4686, .T. ) ;
#286 = DIRECTION ( 'NONE',  ( 0.0000000000000000000, 0.0000000000000000000, 1.000000000000000000 ) ) ;
#287 = VERTEX_POINT ( 'NONE', #4856 ) ;
#288 = ADVANCED_FACE ( 'NONE', ( #55 ), #5952, .F. ) ;
#289 = CYLINDRICAL_SURFACE ( 'NONE', #5426, 0.3099999999999999400 ) ;
#290 = EDGE_CURVE ( 'NONE', #4768, #5858, #6111, .T. ) ;
#291 = ORIENTED_EDGE ( 'NONE', *, *, #5399, .T. ) ;
#292 = PLANE ( 'NONE',  #6416 ) ;
#293 = CARTESIAN_POINT ( 'NONE',  ( 1.070000000000000100, -0.7555373219897065800, -3.683652763150745200 ) ) ;
#294 = AXIS2_PLACEMENT_3D ( 'NONE', #2226, #4760, #4341 ) ;
#295 = CARTESIAN_POINT ( 'NONE',  ( 3.796405077356795200E-017, -1.000000000000000000, 0.3100000000000000000 ) ) ;
#296 = LINE ( 'NONE', #970, #947 ) ;
#297 = LINE ( 'NONE', #3905, #4651 ) ;
#298 = CARTESIAN_POINT ( 'NONE',  ( 1.470000000000000000, -0.7346103798664689300, 3.982921978228692900 ) ) ;
#299 = DIRECTION ( 'NONE',  ( 0.0000000000000000000, 0.0000000000000000000, -1.000000000000000000 ) ) ;
#300 = SURFACE_STYLE_USAGE ( .BOTH. , #4350 ) ;
#301 = ADVANCED_FACE ( 'NONE', ( #4634 ), #2169, .F. ) ;
#302 =( LENGTH_UNIT ( ) NAMED_UNIT ( * ) SI_UNIT ( .MILLI., .METRE. ) );
#303 = LINE ( 'NONE', #470, #6129 ) ;
#304 = CARTESIAN_POINT ( 'NONE',  ( -1.999999999999999100, 1.000000000000000000, -2.199999999999996600 ) ) ;
#305 = LINE ( 'NONE', #5764, #2362 ) ;
#306 = AXIS2_PLACEMENT_3D ( 'NONE', #4175, #1155, #4646 ) ;
#307 =( NAMED_UNIT ( * ) PLANE_ANGLE_UNIT ( ) SI_UNIT ( $, .RADIAN. ) );
#308 = EDGE_CURVE ( 'NONE', #6300, #5904, #2969, .T. ) ;
#309 =( LENGTH_UNIT ( ) NAMED_UNIT ( * ) SI_UNIT ( .MILLI., .METRE. ) );
#310 = EDGE_LOOP ( 'NONE', ( #1739, #3800, #5043, #6379 ) ) ;
#311 = CARTESIAN_POINT ( 'NONE',  ( -1.499999999999995800, -6.220119046564577500, -2.700000000000000200 ) ) ;
#312 = LINE ( 'NONE', #4695, #5747 ) ;
#313 = EDGE_LOOP ( 'NONE', ( #1764, #1517 ) ) ;
#314 = CARTESIAN_POINT ( 'NONE',  ( -1.807951184059714000, -0.9000000000000000200, -2.432951184059714700 ) ) ;
#315 = ORIENTED_EDGE ( 'NONE', *, *, #1671, .T. ) ;
#316 = MECHANICAL_DESIGN_GEOMETRIC_PRESENTATION_REPRESENTATION (  '', ( #2182 ), #1011 ) ;
#317 = COLOUR_RGB ( '',1.000000000000000000, 1.000000000000000000, 1.000000000000000000 ) ;
#318 = ORIENTED_EDGE ( 'NONE', *, *, #6112, .T. ) ;
#319 = DIRECTION ( 'NONE',  ( -1.000000000000000000, -0.0000000000000000000, 0.0000000000000000000 ) ) ;
#320 = PRESENTATION_STYLE_ASSIGNMENT (( #3742 ) ) ;
#321 = DIRECTION ( 'NONE',  ( 0.0000000000000000000, 0.0000000000000000000, 1.000000000000000000 ) ) ;
#322 = EDGE_LOOP ( 'NONE', ( #5556, #5841, #6304, #4221 ) ) ;
#323 = ADVANCED_FACE ( 'NONE', ( #2419 ), #5621, .T. ) ;
#324 = ORIENTED_EDGE ( 'NONE', *, *, #2983, .F. ) ;
#325 = DIRECTION ( 'NONE',  ( -1.000000000000000000, -0.0000000000000000000, 0.0000000000000000000 ) ) ;
#326 = VERTEX_POINT ( 'NONE', #5418 ) ;
#327 = SURFACE_STYLE_FILL_AREA ( #2096 ) ;
#328 = VERTEX_POINT ( 'NONE', #414 ) ;
#329 = EDGE_CURVE ( 'NONE', #849, #6261, #2815, .T. ) ;
#330 = ADVANCED_FACE ( 'NONE', ( #847 ), #1419, .T. ) ;
#331 = ORIENTED_EDGE ( 'NONE', *, *, #1912, .F. ) ;
#332 = SURFACE_STYLE_USAGE ( .BOTH. , #4915 ) ;
#333 = AXIS2_PLACEMENT_3D ( 'NONE', #1261, #2207, #4223 ) ;
#334 = CARTESIAN_POINT ( 'NONE',  ( 1.070000000000000100, -0.7380982035536775000, 3.933043775715700600 ) ) ;
#335 = CARTESIAN_POINT ( 'NONE',  ( -1.070000000000000300, -0.7844885823794622800, -3.979434154541485700 ) ) ;
#336 = ORIENTED_EDGE ( 'NONE', *, *, #1034, .T. ) ;
#337 = SURFACE_SIDE_STYLE ('',( #201 ) ) ;
#338 = AXIS2_PLACEMENT_3D ( 'NONE', #2390, #509, #2148 ) ;
#339 = CARTESIAN_POINT ( 'NONE',  ( 1.024695076595959900, -2.500000000000000000, 1.600000000000000300 ) ) ;
#340 = UNCERTAINTY_MEASURE_WITH_UNIT (LENGTH_MEASURE( 1.000000000000000100E-005 ), #6212, 'distance_accuracy_value', 'NONE');
#341 = CARTESIAN_POINT ( 'NONE',  ( -1.470000000000000200, -0.7844885823794624000, -3.979434154541485700 ) ) ;
#342 = DIRECTION ( 'NONE',  ( -0.06975647374412545500, -0.9975640502598242000, -4.840327704211765800E-016 ) ) ;
#343 =( GEOMETRIC_REPRESENTATION_CONTEXT ( 3 ) GLOBAL_UNCERTAINTY_ASSIGNED_CONTEXT ( ( #4557 ) ) GLOBAL_UNIT_ASSIGNED_CONTEXT ( ( #3024, #2497, #623 ) ) REPRESENTATION_CONTEXT ( 'NONE', 'WORKASPACE' ) );
#344 = CLOSED_SHELL ( 'NONE', ( #842, #6506, #797, #5407, #668, #5210, #139, #368, #3382, #3716, #4800, #2112, #4412, #1242 ) ) ;
#345 = VECTOR ( 'NONE', #6123, 1000.000000000000000 ) ;
#346 = CARTESIAN_POINT ( 'NONE',  ( 1.470000000000000000, -0.7555373219897065800, 3.683652763150745200 ) ) ;
#347 = LINE ( 'NONE', #6011, #5379 ) ;
#348 = EDGE_CURVE ( 'NONE', #5537, #6499, #6339, .T. ) ;
#349 = ORIENTED_EDGE ( 'NONE', *, *, #2919, .T. ) ;
#350 = ORIENTED_EDGE ( 'NONE', *, *, #1385, .T. ) ;
#351 = FACE_OUTER_BOUND ( 'NONE', #1125, .T. ) ;
#352 = DIRECTION ( 'NONE',  ( 0.0000000000000000000, 9.009844664146523100E-017, -1.000000000000000000 ) ) ;
#353 = PRESENTATION_LAYER_ASSIGNMENT (  '', '', ( #5613 ) ) ;
#354 = VERTEX_POINT ( 'NONE', #3460 ) ;
#355 = DIRECTION ( 'NONE',  ( 0.0000000000000000000, 1.000000000000000000, 0.0000000000000000000 ) ) ;
#356 = ORIENTED_EDGE ( 'NONE', *, *, #6130, .T. ) ;
#357 = DIRECTION ( 'NONE',  ( 0.0000000000000000000, 0.0000000000000000000, -1.000000000000000000 ) ) ;
#358 = AXIS2_PLACEMENT_3D ( 'NONE', #4089, #72, #1551 ) ;
#359 = DIRECTION ( 'NONE',  ( -0.0000000000000000000, -1.000000000000000000, -0.0000000000000000000 ) ) ;
#360 = EDGE_CURVE ( 'NONE', #5035, #5795, #3367, .T. ) ;
#361 = LINE ( 'NONE', #630, #3989 ) ;
#362 = FILL_AREA_STYLE ('',( #5799 ) ) ;
#363 = ORIENTED_EDGE ( 'NONE', *, *, #2365, .T. ) ;
#364 = VECTOR ( 'NONE', #5847, 1000.000000000000000 ) ;
#365 = EDGE_LOOP ( 'NONE', ( #6459, #281, #2712, #3829 ) ) ;
#366 = DIRECTION ( 'NONE',  ( 0.0000000000000000000, 0.0000000000000000000, 1.000000000000000000 ) ) ;
#367 = FILL_AREA_STYLE ('',( #5288 ) ) ;
#368 = ADVANCED_FACE ( 'NONE', ( #5238 ), #4984, .F. ) ;
#369 = CIRCLE ( 'NONE', #2581, 0.2999999999999999300 ) ;
#370 = DIRECTION ( 'NONE',  ( 0.0000000000000000000, 0.0000000000000000000, 1.000000000000000000 ) ) ;
#371 = EDGE_LOOP ( 'NONE', ( #3881, #5513, #4128, #4085 ) ) ;
#372 = AXIS2_PLACEMENT_3D ( 'NONE', #5700, #2165, #1146 ) ;
#373 = DIRECTION ( 'NONE',  ( 0.0000000000000000000, 0.0000000000000000000, 1.000000000000000000 ) ) ;
#374 = LINE ( 'NONE', #3681, #1094 ) ;
#375 =( GEOMETRIC_REPRESENTATION_CONTEXT ( 3 ) GLOBAL_UNCERTAINTY_ASSIGNED_CONTEXT ( ( #3303 ) ) GLOBAL_UNIT_ASSIGNED_CONTEXT ( ( #933, #3924, #3966 ) ) REPRESENTATION_CONTEXT ( 'NONE', 'WORKASPACE' ) );
#376 =( NAMED_UNIT ( * ) SI_UNIT ( $, .STERADIAN. ) SOLID_ANGLE_UNIT ( ) );
#377 = CYLINDRICAL_SURFACE ( 'NONE', #3864, 0.3499999999999996400 ) ;
#378 = CARTESIAN_POINT ( 'NONE',  ( 1.807951184059714000, -0.9000000000000000200, 2.082951184059715000 ) ) ;
#379 = EDGE_CURVE ( 'NONE', #6138, #4996, #5074, .T. ) ;
#380 = LINE ( 'NONE', #1492, #5639 ) ;
#381 = DIRECTION ( 'NONE',  ( 0.0000000000000000000, 0.0000000000000000000, 1.000000000000000000 ) ) ;
#382 = VECTOR ( 'NONE', #216, 1000.000000000000000 ) ;
#383 = DIRECTION ( 'NONE',  ( 0.0000000000000000000, 1.000000000000000000, 0.0000000000000000000 ) ) ;
#384 = CARTESIAN_POINT ( 'NONE',  ( 1.499999999999997300, -6.220119046564577500, 2.700000000000000200 ) ) ;
#385 = PRESENTATION_LAYER_ASSIGNMENT (  '', '', ( #3219 ) ) ;
#386 = ORIENTED_EDGE ( 'NONE', *, *, #5291, .T. ) ;
#387 = DIRECTION ( 'NONE',  ( -0.0000000000000000000, -1.000000000000000000, -0.0000000000000000000 ) ) ;
#388 =( NAMED_UNIT ( * ) SI_UNIT ( $, .STERADIAN. ) SOLID_ANGLE_UNIT ( ) );
#389 = DIRECTION ( 'NONE',  ( 0.0000000000000000000, 0.0000000000000000000, 1.000000000000000000 ) ) ;
#390 = EDGE_CURVE ( 'NONE', #662, #3677, #2579, .T. ) ;
#391 = DIRECTION ( 'NONE',  ( 0.0000000000000000000, 0.0000000000000000000, -1.000000000000000000 ) ) ;
#392 = DIRECTION ( 'NONE',  ( -0.0000000000000000000, -1.000000000000000000, -0.0000000000000000000 ) ) ;
#393 = AXIS2_PLACEMENT_3D ( 'NONE', #5270, #4794, #3271 ) ;
#394 = ORIENTED_EDGE ( 'NONE', *, *, #5922, .F. ) ;
#395 = CARTESIAN_POINT ( 'NONE',  ( 1.807951184059714000, -0.9000000000000000200, 2.432951184059714700 ) ) ;
#396 = DIRECTION ( 'NONE',  ( 0.0000000000000000000, 0.0000000000000000000, -1.000000000000000000 ) ) ;
#397 = ORIENTED_EDGE ( 'NONE', *, *, #2625, .F. ) ;
#398 = EDGE_CURVE ( 'NONE', #2222, #992, #5000, .T. ) ;
#399 = CIRCLE ( 'NONE', #573, 1.900000000000000100 ) ;
#400 = ORIENTED_EDGE ( 'NONE', *, *, #4660, .T. ) ;
#401 = CARTESIAN_POINT ( 'NONE',  ( -1.499999999999995800, 0.5000000000000000000, -2.750000000000000400 ) ) ;
#402 = CARTESIAN_POINT ( 'NONE',  ( 0.0000000000000000000, -7.249999999999999100, -0.3100000000000000000 ) ) ;
#403 = FILL_AREA_STYLE ('',( #4403 ) ) ;
#404 = CIRCLE ( 'NONE', #2554, 0.3499999999999996400 ) ;
#405 = VERTEX_POINT ( 'NONE', #2037 ) ;
#406 = SURFACE_SIDE_STYLE ('',( #1652 ) ) ;
#407 = ORIENTED_EDGE ( 'NONE', *, *, #2857, .F. ) ;
#408 = DIRECTION ( 'NONE',  ( 0.0000000000000000000, 0.0000000000000000000, -1.000000000000000000 ) ) ;
#409 = CARTESIAN_POINT ( 'NONE',  ( -1.499999999999999100, 0.5000000000000000000, 2.750000000000000400 ) ) ;
#410 = LINE ( 'NONE', #998, #6384 ) ;
#411 = CARTESIAN_POINT ( 'NONE',  ( 1.874999999999995600, 0.0000000000000000000, -3.000000000000000900 ) ) ;
#412 = ORIENTED_EDGE ( 'NONE', *, *, #6010, .F. ) ;
#413 = EDGE_LOOP ( 'NONE', ( #444, #4756, #235, #4512 ) ) ;
#414 = CARTESIAN_POINT ( 'NONE',  ( -2.311578084468706600, -0.9069756473744127200, 2.499999999999996400 ) ) ;
#415 = PLANE ( 'NONE',  #848 ) ;
#416 = EDGE_LOOP ( 'NONE', ( #4325, #6166, #1007, #5531 ) ) ;
#417 = SURFACE_SIDE_STYLE ('',( #3133 ) ) ;
#418 = EDGE_CURVE ( 'NONE', #6275, #2222, #3680, .T. ) ;
#419 = DIRECTION ( 'NONE',  ( 0.0000000000000000000, 0.0000000000000000000, 1.000000000000000000 ) ) ;
#420 = EDGE_LOOP ( 'NONE', ( #5592, #1389, #5065, #2686 ) ) ;
#421 =( NAMED_UNIT ( * ) SI_UNIT ( $, .STERADIAN. ) SOLID_ANGLE_UNIT ( ) );
#422 = PRESENTATION_LAYER_ASSIGNMENT (  '', '', ( #5978 ) ) ;
#423 = DIRECTION ( 'NONE',  ( -0.0000000000000000000, 0.06975647374412663500, 0.9975640502598242000 ) ) ;
#424 = UNCERTAINTY_MEASURE_WITH_UNIT (LENGTH_MEASURE( 1.000000000000000100E-005 ), #3998, 'distance_accuracy_value', 'NONE');
#425 = CIRCLE ( 'NONE', #6210, 0.09999999999999982500 ) ;
#426 = CARTESIAN_POINT ( 'NONE',  ( 2.050000000000001200, 0.5000000000000000000, 0.5000000000000000000 ) ) ;
#427 = EDGE_LOOP ( 'NONE', ( #6466, #3949, #4761, #6248 ) ) ;
#428 = VERTEX_POINT ( 'NONE', #3615 ) ;
#429 = AXIS2_PLACEMENT_3D ( 'NONE', #3701, #3722, #1212 ) ;
#430 = CIRCLE ( 'NONE', #1985, 0.3499999999999996400 ) ;
#431 =( LENGTH_UNIT ( ) NAMED_UNIT ( * ) SI_UNIT ( .MILLI., .METRE. ) );
#432 = DIRECTION ( 'NONE',  ( 0.0000000000000000000, 0.0000000000000000000, 1.000000000000000000 ) ) ;
#433 = LINE ( 'NONE', #6505, #5615 ) ;
#434 = CIRCLE ( 'NONE', #1466, 0.04999999999999969700 ) ;
#435 = FILL_AREA_STYLE_COLOUR ( '', #124 ) ;
#436 = CARTESIAN_POINT ( 'NONE',  ( -1.174827221408426300, -0.9000000000000000200, -1.962921966769066500 ) ) ;
#437 = FACE_OUTER_BOUND ( 'NONE', #160, .T. ) ;
#438 = EDGE_CURVE ( 'NONE', #4826, #2414, #604, .T. ) ;
#439 = ORIENTED_EDGE ( 'NONE', *, *, #3679, .T. ) ;
#440 =( NAMED_UNIT ( * ) PLANE_ANGLE_UNIT ( ) SI_UNIT ( $, .RADIAN. ) );
#441 = EDGE_LOOP ( 'NONE', ( #4363, #5243, #2870, #892 ) ) ;
#442 = CARTESIAN_POINT ( 'NONE',  ( -1.807951184059714000, -1.000000000000000000, -2.082951184059715000 ) ) ;
#443 = LINE ( 'NONE', #4074, #2254 ) ;
#444 = ORIENTED_EDGE ( 'NONE', *, *, #6276, .T. ) ;
#445 = VECTOR ( 'NONE', #6230, 1000.000000000000000 ) ;
#446 = VERTEX_POINT ( 'NONE', #4120 ) ;
#447 = AXIS2_PLACEMENT_3D ( 'NONE', #6056, #108, #3627 ) ;
#448 = DIRECTION ( 'NONE',  ( 0.0000000000000000000, 0.0000000000000000000, 1.000000000000000000 ) ) ;
#449 = VERTEX_POINT ( 'NONE', #1085 ) ;
#450 = PLANE ( 'NONE',  #3694 ) ;
#451 = CONICAL_SURFACE ( 'NONE', #3836, 0.9000000000000011300, 0.5235987755982963700 ) ;
#452 = EDGE_LOOP ( 'NONE', ( #5038, #4427 ) ) ;
#453 = VECTOR ( 'NONE', #5521, 1000.000000000000000 ) ;
#454 = ORIENTED_EDGE ( 'NONE', *, *, #5329, .F. ) ;
#455 =( LENGTH_UNIT ( ) NAMED_UNIT ( * ) SI_UNIT ( .MILLI., .METRE. ) );
#456 = VECTOR ( 'NONE', #3518, 1000.000000000000000 ) ;
#457 =( NAMED_UNIT ( * ) SI_UNIT ( $, .STERADIAN. ) SOLID_ANGLE_UNIT ( ) );
#458 =( NAMED_UNIT ( * ) PLANE_ANGLE_UNIT ( ) SI_UNIT ( $, .RADIAN. ) );
#459 = DIRECTION ( 'NONE',  ( 0.0000000000000000000, 0.0000000000000000000, -1.000000000000000000 ) ) ;
#460 = EDGE_CURVE ( 'NONE', #4196, #4492, #4473, .T. ) ;
#461 = AXIS2_PLACEMENT_3D ( 'NONE', #2703, #4184, #2145 ) ;
#462 = ORIENTED_EDGE ( 'NONE', *, *, #3560, .F. ) ;
#463 = PRESENTATION_LAYER_ASSIGNMENT (  '', '', ( #4614 ) ) ;
#464 = DIRECTION ( 'NONE',  ( -8.694797469520809300E-015, -0.0000000000000000000, -1.000000000000000000 ) ) ;
#465 = UNCERTAINTY_MEASURE_WITH_UNIT (LENGTH_MEASURE( 1.000000000000000100E-005 ), #233, 'distance_accuracy_value', 'NONE');
#466 = LINE ( 'NONE', #253, #4259 ) ;
#467 = EDGE_CURVE ( 'NONE', #3169, #1663, #3762, .T. ) ;
#468 =( NAMED_UNIT ( * ) PLANE_ANGLE_UNIT ( ) SI_UNIT ( $, .RADIAN. ) );
#469 = VECTOR ( 'NONE', #5205, 1000.000000000000000 ) ;
#470 = CARTESIAN_POINT ( 'NONE',  ( 2.050000000000001200, 1.000000000000000000, 2.199999999999996600 ) ) ;
#471 = AXIS2_PLACEMENT_3D ( 'NONE', #4727, #5713, #5737 ) ;
#472 = VERTEX_POINT ( 'NONE', #4542 ) ;
#473 = CIRCLE ( 'NONE', #3151, 0.3099999999999999400 ) ;
#474 = CARTESIAN_POINT ( 'NONE',  ( 1.070000000000000100, -0.7346103798664689300, 3.982921978228692900 ) ) ;
#475 = ORIENTED_EDGE ( 'NONE', *, *, #3975, .F. ) ;
#476 = ORIENTED_EDGE ( 'NONE', *, *, #3502, .T. ) ;
#477 = EDGE_CURVE ( 'NONE', #2091, #3441, #443, .T. ) ;
#478 = ORIENTED_EDGE ( 'NONE', *, *, #6450, .T. ) ;
#479 = UNCERTAINTY_MEASURE_WITH_UNIT (LENGTH_MEASURE( 1.000000000000000100E-005 ), #6266, 'distance_accuracy_value', 'NONE');
#480 = SURFACE_SIDE_STYLE ('',( #1370 ) ) ;
#481 = CARTESIAN_POINT ( 'NONE',  ( 0.1999999999999998700, -0.2790730578767624000, -3.900945610676608900 ) ) ;
#482 = VERTEX_POINT ( 'NONE', #1021 ) ;
#483 = AXIS2_PLACEMENT_3D ( 'NONE', #4, #1425, #5427 ) ;
#484 = PRESENTATION_STYLE_ASSIGNMENT (( #3100 ) ) ;
#485 = DIRECTION ( 'NONE',  ( 0.0000000000000000000, 0.0000000000000000000, 1.000000000000000000 ) ) ;
#486 = ORIENTED_EDGE ( 'NONE', *, *, #2434, .T. ) ;
#487 = CARTESIAN_POINT ( 'NONE',  ( -1.070000000000000300, -0.8506089874350454300, -4.924999999999999800 ) ) ;
#488 = MECHANICAL_DESIGN_GEOMETRIC_PRESENTATION_REPRESENTATION (  '', ( #2167 ), #1590 ) ;
#489 = EDGE_CURVE ( 'NONE', #206, #5919, #1005, .T. ) ;
#490 = VECTOR ( 'NONE', #1650, 999.9999999999998900 ) ;
#491 = ORIENTED_EDGE ( 'NONE', *, *, #5999, .T. ) ;
#492 = ORIENTED_EDGE ( 'NONE', *, *, #5305, .F. ) ;
#493 = CARTESIAN_POINT ( 'NONE',  ( -1.807951184059714000, -0.9000000000000000200, -2.082951184059715000 ) ) ;
#494 = ORIENTED_EDGE ( 'NONE', *, *, #3233, .F. ) ;
#495 = CARTESIAN_POINT ( 'NONE',  ( 1.470000000000000000, -0.2500000000000001100, 2.982518297014122000 ) ) ;
#496 =( LENGTH_UNIT ( ) NAMED_UNIT ( * ) SI_UNIT ( .MILLI., .METRE. ) );
#497 = CARTESIAN_POINT ( 'NONE',  ( -1.470000000000000200, -0.7555373219897065800, -3.683652763150745600 ) ) ;
#498 = ORIENTED_EDGE ( 'NONE', *, *, #3737, .F. ) ;
#499 = CARTESIAN_POINT ( 'NONE',  ( -0.2000000000000000900, -0.7555373219897065800, 3.683652763150745200 ) ) ;
#500 = STYLED_ITEM ( 'NONE', ( #3928 ), #5910 ) ;
#501 = CARTESIAN_POINT ( 'NONE',  ( 1.807951184059714000, -1.000000000000000000, 2.782951184059714300 ) ) ;
#502 = CARTESIAN_POINT ( 'NONE',  ( -1.807951184059714000, -0.9000000000000000200, 2.782951184059714300 ) ) ;
#503 = PRESENTATION_LAYER_ASSIGNMENT (  '', '', ( #4359 ) ) ;
#504 = CARTESIAN_POINT ( 'NONE',  ( 2.374999999999999100, 0.0000000000000000000, -2.499999999999999600 ) ) ;
#505 = ORIENTED_EDGE ( 'NONE', *, *, #671, .T. ) ;
#506 = EDGE_CURVE ( 'NONE', #4768, #769, #5798, .T. ) ;
#507 = CARTESIAN_POINT ( 'NONE',  ( 1.807951184059714000, -0.9000000000000000200, 2.782951184059714300 ) ) ;
#508 = ORIENTED_EDGE ( 'NONE', *, *, #2035, .F. ) ;
#509 = DIRECTION ( 'NONE',  ( -1.000000000000000000, -0.0000000000000000000, 0.0000000000000000000 ) ) ;
#510 = VECTOR ( 'NONE', #3580, 1000.000000000000000 ) ;
#511 = CARTESIAN_POINT ( 'NONE',  ( -1.499999999999995300, 0.4999999999999995600, -2.700000000000000200 ) ) ;
#512 = AXIS2_PLACEMENT_3D ( 'NONE', #5455, #1434, #4999 ) ;
#513 = ORIENTED_EDGE ( 'NONE', *, *, #5836, .T. ) ;
#514 = CARTESIAN_POINT ( 'NONE',  ( 1.500000000000000900, -6.220119046564577500, 2.200000000000000200 ) ) ;
#515 =( NAMED_UNIT ( * ) SI_UNIT ( $, .STERADIAN. ) SOLID_ANGLE_UNIT ( ) );
#516 = FACE_OUTER_BOUND ( 'NONE', #4868, .T. ) ;
#517 = CARTESIAN_POINT ( 'NONE',  ( -1.874999999999999100, 0.9069756473744125000, 2.936578084468705700 ) ) ;
#518 = ORIENTED_EDGE ( 'NONE', *, *, #919, .F. ) ;
#519 = EDGE_CURVE ( 'NONE', #5107, #155, #3607, .T. ) ;
#520 = EDGE_LOOP ( 'NONE', ( #3257, #3213, #4666, #1033 ) ) ;
#521 = DIRECTION ( 'NONE',  ( 1.000000000000000000, 0.0000000000000000000, -6.521098102140606900E-015 ) ) ;
#522 = CIRCLE ( 'NONE', #775, 0.3099999999999999400 ) ;
#523 = CARTESIAN_POINT ( 'NONE',  ( 1.874999999999996000, 0.9069756473744127200, 2.936578084468705300 ) ) ;
#524 = AXIS2_PLACEMENT_3D ( 'NONE', #2849, #1415, #366 ) ;
#525 = ORIENTED_EDGE ( 'NONE', *, *, #3818, .F. ) ;
#526 = VECTOR ( 'NONE', #3215, 1000.000000000000000 ) ;
#527 = DIRECTION ( 'NONE',  ( 0.0000000000000000000, 0.9975640502598242000, -0.06975647374412520500 ) ) ;
#528 = CARTESIAN_POINT ( 'NONE',  ( 0.0000000000000000000, -2.500000000000000000, 0.0000000000000000000 ) ) ;
#529 = SURFACE_STYLE_USAGE ( .BOTH. , #4588 ) ;
#530 = VERTEX_POINT ( 'NONE', #502 ) ;
#531 = EDGE_CURVE ( 'NONE', #2725, #5176, #762, .T. ) ;
#532 = VECTOR ( 'NONE', #821, 1000.000000000000000 ) ;
#533 = DIRECTION ( 'NONE',  ( 0.0000000000000000000, -1.000000000000000000, 0.0000000000000000000 ) ) ;
#534 = DIRECTION ( 'NONE',  ( -0.0000000000000000000, 1.000000000000000000, -0.0000000000000000000 ) ) ;
#535 = DIRECTION ( 'NONE',  ( 0.0000000000000000000, 0.0000000000000000000, -1.000000000000000000 ) ) ;
#536 = ORIENTED_EDGE ( 'NONE', *, *, #985, .F. ) ;
#537 = SURFACE_STYLE_FILL_AREA ( #4326 ) ;
#538 = FACE_OUTER_BOUND ( 'NONE', #3107, .T. ) ;
#539 = FILL_AREA_STYLE_COLOUR ( '', #1575 ) ;
#540 =( GEOMETRIC_REPRESENTATION_CONTEXT ( 3 ) GLOBAL_UNCERTAINTY_ASSIGNED_CONTEXT ( ( #4690 ) ) GLOBAL_UNIT_ASSIGNED_CONTEXT ( ( #5419, #4013, #2976 ) ) REPRESENTATION_CONTEXT ( 'NONE', 'WORKASPACE' ) );
#541 = ORIENTED_EDGE ( 'NONE', *, *, #2345, .T. ) ;
#542 = LINE ( 'NONE', #1376, #3861 ) ;
#543 = SURFACE_SIDE_STYLE ('',( #3587 ) ) ;
#544 = CARTESIAN_POINT ( 'NONE',  ( -1.499999999999995600, 1.000000000000000000, 2.700000000000000200 ) ) ;
#545 = CIRCLE ( 'NONE', #1946, 0.5000000000000000000 ) ;
#546 = CARTESIAN_POINT ( 'NONE',  ( -1.070000000000000300, -0.7380982035536775000, -3.933043775715700600 ) ) ;
#547 = AXIS2_PLACEMENT_3D ( 'NONE', #1720, #1201, #4687 ) ;
#548 = CARTESIAN_POINT ( 'NONE',  ( 5.702345871682348400E-016, -1.000000000000000000, 2.320000000000000300 ) ) ;
#549 =( LENGTH_UNIT ( ) NAMED_UNIT ( * ) SI_UNIT ( .MILLI., .METRE. ) );
#550 = CARTESIAN_POINT ( 'NONE',  ( -1.174827221408426300, -1.000000000000000000, -1.962921966769066500 ) ) ;
#551 = EDGE_CURVE ( 'NONE', #3774, #2051, #6180, .T. ) ;
#552 = LINE ( 'NONE', #2665, #5494 ) ;
#553 = DIRECTION ( 'NONE',  ( 0.0000000000000000000, 0.0000000000000000000, 1.000000000000000000 ) ) ;
#554 = CARTESIAN_POINT ( 'NONE',  ( -1.499999999999995600, 1.000000000000000000, 2.700000000000000200 ) ) ;
#555 = STYLED_ITEM ( 'NONE', ( #4548 ), #5174 ) ;
#556 = DIRECTION ( 'NONE',  ( 1.000000000000000000, 2.828075491732776700E-029, -6.521098102140606200E-015 ) ) ;
#557 = CYLINDRICAL_SURFACE ( 'NONE', #6141, 0.2999999999999999300 ) ;
#558 = ORIENTED_EDGE ( 'NONE', *, *, #4590, .T. ) ;
#559 = MECHANICAL_DESIGN_GEOMETRIC_PRESENTATION_REPRESENTATION (  '', ( #3473 ), #1332 ) ;
#560 = CARTESIAN_POINT ( 'NONE',  ( 1.874999999999999100, 0.0000000000000000000, 2.499999999999999600 ) ) ;
#561 = PLANE ( 'NONE',  #358 ) ;
#562 = VECTOR ( 'NONE', #2119, 1000.000000000000000 ) ;
#563 = VERTEX_POINT ( 'NONE', #161 ) ;
#564 = AXIS2_PLACEMENT_3D ( 'NONE', #1944, #1901, #3919 ) ;
#565 = EDGE_LOOP ( 'NONE', ( #4681, #5424, #6252, #2654, #937 ) ) ;
#566 = CARTESIAN_POINT ( 'NONE',  ( 2.211821679442722600, 1.000000000000000000, -2.499999999999997800 ) ) ;
#567 = EDGE_LOOP ( 'NONE', ( #1064, #2608, #394, #5204 ) ) ;
#568 = EDGE_CURVE ( 'NONE', #569, #563, #5950, .T. ) ;
#569 = VERTEX_POINT ( 'NONE', #6167 ) ;
#570 =( NAMED_UNIT ( * ) SI_UNIT ( $, .STERADIAN. ) SOLID_ANGLE_UNIT ( ) );
#571 = FILL_AREA_STYLE_COLOUR ( '', #1900 ) ;
#572 = CARTESIAN_POINT ( 'NONE',  ( -1.470000000000000200, -0.2790730578767624000, -3.900945610676609400 ) ) ;
#573 = AXIS2_PLACEMENT_3D ( 'NONE', #3899, #2410, #4343 ) ;
#574 = SURFACE_STYLE_FILL_AREA ( #3947 ) ;
#575 = VERTEX_POINT ( 'NONE', #657 ) ;
#576 = DIRECTION ( 'NONE',  ( -0.0000000000000000000, 1.000000000000000000, -0.0000000000000000000 ) ) ;
#577 = CARTESIAN_POINT ( 'NONE',  ( 0.1999999999999998700, -0.8506089874350454300, -4.924999999999999800 ) ) ;
#578 = CIRCLE ( 'NONE', #142, 0.3000000000000003800 ) ;
#579 = VERTEX_POINT ( 'NONE', #5629 ) ;
#580 = FILL_AREA_STYLE ('',( #3577 ) ) ;
#581 = AXIS2_PLACEMENT_3D ( 'NONE', #4490, #967, #1012 ) ;
#582 = CARTESIAN_POINT ( 'NONE',  ( 1.470000000000000000, -0.7844885823794622800, -3.979434154541485700 ) ) ;
#583 = CARTESIAN_POINT ( 'NONE',  ( -0.2000000000000000900, -0.2790730578767624000, 3.900945610676608900 ) ) ;
#584 = CARTESIAN_POINT ( 'NONE',  ( 1.470000000000000000, -0.2500000000000001100, -2.982518297014122000 ) ) ;
#585 = CARTESIAN_POINT ( 'NONE',  ( 0.1999999999999998700, -0.7555373219897065800, -3.683652763150745200 ) ) ;
#586 = EDGE_LOOP ( 'NONE', ( #462, #722, #400, #4526 ) ) ;
#587 = ORIENTED_EDGE ( 'NONE', *, *, #3950, .T. ) ;
#588 = DIRECTION ( 'NONE',  ( 0.0000000000000000000, 0.0000000000000000000, 1.000000000000000000 ) ) ;
#589 = DIRECTION ( 'NONE',  ( 0.0000000000000000000, 1.000000000000000000, 0.0000000000000000000 ) ) ;
#590 = AXIS2_PLACEMENT_3D ( 'NONE', #2913, #4474, #890 ) ;
#591 =( LENGTH_UNIT ( ) NAMED_UNIT ( * ) SI_UNIT ( .MILLI., .METRE. ) );
#592 = CYLINDRICAL_SURFACE ( 'NONE', #4576, 0.09999999999999982500 ) ;
#593 = VERTEX_POINT ( 'NONE', #3119 ) ;
#594 = CIRCLE ( 'NONE', #3, 0.04999999999999969700 ) ;
#595 = CARTESIAN_POINT ( 'NONE',  ( 5.322705363946669100E-016, -0.9000000000000000200, 2.010000000000000700 ) ) ;
#596 = VECTOR ( 'NONE', #802, 1000.000000000000000 ) ;
#597 = EDGE_CURVE ( 'NONE', #4165, #6297, #6109, .T. ) ;
#598 = CYLINDRICAL_SURFACE ( 'NONE', #2106, 0.2999999999999999300 ) ;
#599 = AXIS2_PLACEMENT_3D ( 'NONE', #4014, #1051, #3022 ) ;
#600 = EDGE_LOOP ( 'NONE', ( #2854, #3651, #3576, #2430 ) ) ;
#601 = LINE ( 'NONE', #409, #3602 ) ;
#602 = ORIENTED_EDGE ( 'NONE', *, *, #3653, .F. ) ;
#603 = CARTESIAN_POINT ( 'NONE',  ( -0.2000000000000000900, -0.2500000000000002200, -3.601676395598661700 ) ) ;
#604 = LINE ( 'NONE', #22, #1249 ) ;
#605 = EDGE_CURVE ( 'NONE', #1506, #4837, #1936, .T. ) ;
#606 = LINE ( 'NONE', #4822, #5802 ) ;
#607 = VERTEX_POINT ( 'NONE', #4181 ) ;
#608 = DIRECTION ( 'NONE',  ( -1.000000000000000000, -0.0000000000000000000, 1.156482317317873700E-016 ) ) ;
#609 =( NAMED_UNIT ( * ) SI_UNIT ( $, .STERADIAN. ) SOLID_ANGLE_UNIT ( ) );
#610 = AXIS2_PLACEMENT_3D ( 'NONE', #1226, #6245, #2791 ) ;
#611 = SURFACE_STYLE_USAGE ( .BOTH. , #4099 ) ;
#612 = EDGE_LOOP ( 'NONE', ( #2341, #2500, #2550, #1564 ) ) ;
#613 = SURFACE_SIDE_STYLE ('',( #6067 ) ) ;
#614 = FACE_OUTER_BOUND ( 'NONE', #2174, .T. ) ;
#615 = ORIENTED_EDGE ( 'NONE', *, *, #3102, .F. ) ;
#616 = EDGE_CURVE ( 'NONE', #4193, #4055, #3124, .T. ) ;
#617 = DIRECTION ( 'NONE',  ( -1.000000000000000000, -0.0000000000000000000, -0.0000000000000000000 ) ) ;
#618 = VECTOR ( 'NONE', #3125, 1000.000000000000100 ) ;
#619 = LINE ( 'NONE', #3582, #2437 ) ;
#620 = FACE_OUTER_BOUND ( 'NONE', #5782, .T. ) ;
#621 = DIRECTION ( 'NONE',  ( -0.0000000000000000000, -1.000000000000000000, -0.0000000000000000000 ) ) ;
#622 = CARTESIAN_POINT ( 'NONE',  ( -1.874999999999997600, 0.0000000000000000000, 3.000000000000000000 ) ) ;
#623 =( NAMED_UNIT ( * ) SI_UNIT ( $, .STERADIAN. ) SOLID_ANGLE_UNIT ( ) );
#624 = CIRCLE ( 'NONE', #3029, 0.3499999999999996400 ) ;
#625 = DIRECTION ( 'NONE',  ( 0.0000000000000000000, 0.0000000000000000000, 1.000000000000000000 ) ) ;
#626 = CYLINDRICAL_SURFACE ( 'NONE', #867, 0.3099999999999999400 ) ;
#627 = PRESENTATION_LAYER_ASSIGNMENT (  '', '', ( #2917 ) ) ;
#628 = CARTESIAN_POINT ( 'NONE',  ( -1.470000000000000200, -0.7346103798664711500, -3.982921978228692000 ) ) ;
#629 = UNCERTAINTY_MEASURE_WITH_UNIT (LENGTH_MEASURE( 1.000000000000000100E-005 ), #1257, 'distance_accuracy_value', 'NONE');
#630 = CARTESIAN_POINT ( 'NONE',  ( 1.499999999999997300, -6.220119046564577500, -2.700000000000000200 ) ) ;
#631 =( NAMED_UNIT ( * ) SI_UNIT ( $, .STERADIAN. ) SOLID_ANGLE_UNIT ( ) );
#632 =( NAMED_UNIT ( * ) SI_UNIT ( $, .STERADIAN. ) SOLID_ANGLE_UNIT ( ) );
#633 = EDGE_CURVE ( 'NONE', #593, #4506, #1782, .T. ) ;
#634 = ORIENTED_EDGE ( 'NONE', *, *, #4131, .T. ) ;
#635 = CIRCLE ( 'NONE', #3488, 0.3099999999999999400 ) ;
#636 = CARTESIAN_POINT ( 'NONE',  ( -1.070000000000000300, -0.2965121763127938100, -3.651554598111653100 ) ) ;
#637 = ORIENTED_EDGE ( 'NONE', *, *, #3994, .F. ) ;
#638 = DIRECTION ( 'NONE',  ( 0.0000000000000000000, -1.000000000000000000, 0.0000000000000000000 ) ) ;
#639 = ADVANCED_FACE ( 'NONE', ( #5466 ), #5214, .F. ) ;
#640 = AXIS2_PLACEMENT_3D ( 'NONE', #6336, #3810, #3343 ) ;
#641 = VECTOR ( 'NONE', #2520, 1000.000000000000000 ) ;
#642 = ORIENTED_EDGE ( 'NONE', *, *, #1730, .T. ) ;
#643 = EDGE_LOOP ( 'NONE', ( #5108, #508, #3571, #3485 ) ) ;
#644 = AXIS2_PLACEMENT_3D ( 'NONE', #3374, #5327, #6148 ) ;
#645 = CARTESIAN_POINT ( 'NONE',  ( 1.070000000000000100, -0.7844885823794622800, -3.979434154541485700 ) ) ;
#646 = FILL_AREA_STYLE_COLOUR ( '', #1062 ) ;
#647 = DIRECTION ( 'NONE',  ( 0.0000000000000000000, 0.0000000000000000000, 1.000000000000000000 ) ) ;
#648 = DIRECTION ( 'NONE',  ( -0.0000000000000000000, 1.000000000000000000, -0.0000000000000000000 ) ) ;
#649 = CIRCLE ( 'NONE', #5492, 0.5000000000000000000 ) ;
#650 = ORIENTED_EDGE ( 'NONE', *, *, #4652, .F. ) ;
#651 = AXIS2_PLACEMENT_3D ( 'NONE', #3880, #3901, #4386 ) ;
#652 = ORIENTED_EDGE ( 'NONE', *, *, #348, .F. ) ;
#653 = CARTESIAN_POINT ( 'NONE',  ( -1.470000000000000200, -0.2500000000000001100, -3.601676395598662200 ) ) ;
#654 =( LENGTH_UNIT ( ) NAMED_UNIT ( * ) SI_UNIT ( .MILLI., .METRE. ) );
#655 = EDGE_CURVE ( 'NONE', #1356, #5011, #4391, .T. ) ;
#656 = VERTEX_POINT ( 'NONE', #3189 ) ;
#657 = CARTESIAN_POINT ( 'NONE',  ( -1.470000000000000200, -1.100000000000000100, 4.907560881563969500 ) ) ;
#658 = PLANE ( 'NONE',  #2121 ) ;
#659 = FILL_AREA_STYLE_COLOUR ( '', #1098 ) ;
#660 = DIRECTION ( 'NONE',  ( -1.000000000000000000, 0.0000000000000000000, 0.0000000000000000000 ) ) ;
#661 = AXIS2_PLACEMENT_3D ( 'NONE', #1742, #2766, #2560 ) ;
#662 = VERTEX_POINT ( 'NONE', #119 ) ;
#663 = CARTESIAN_POINT ( 'NONE',  ( -1.874999999999999100, -0.9000000000000000200, -2.836821679442723000 ) ) ;
#664 = LINE ( 'NONE', #3051, #3743 ) ;
#665 = CARTESIAN_POINT ( 'NONE',  ( 0.1999999999999998700, -0.7346103798664711500, 3.982921978228692000 ) ) ;
#666 = ORIENTED_EDGE ( 'NONE', *, *, #1044, .F. ) ;
#667 = LINE ( 'NONE', #3448, #4135 ) ;
#668 = ADVANCED_FACE ( 'NONE', ( #437 ), #4927, .F. ) ;
#669 = CYLINDRICAL_SURFACE ( 'NONE', #3536, 0.2999999999999994900 ) ;
#670 = DIRECTION ( 'NONE',  ( 0.06975647374412545500, -0.9975640502598242000, -0.0000000000000000000 ) ) ;
#671 = EDGE_CURVE ( 'NONE', #5858, #155, #2084, .T. ) ;
#672 = CARTESIAN_POINT ( 'NONE',  ( 1.874999999999999100, -1.000000000000000000, 2.499999999999999600 ) ) ;
#673 = EDGE_LOOP ( 'NONE', ( #4155, #276, #5740, #3662 ) ) ;
#674 = VECTOR ( 'NONE', #4327, 1000.000000000000100 ) ;
#675 = DIRECTION ( 'NONE',  ( -0.0000000000000000000, 1.000000000000000000, 0.0000000000000000000 ) ) ;
#676 = DIRECTION ( 'NONE',  ( 0.0000000000000000000, 0.0000000000000000000, -1.000000000000000000 ) ) ;
#677 = AXIS2_PLACEMENT_3D ( 'NONE', #907, #359, #4452 ) ;
#678 = DIRECTION ( 'NONE',  ( 1.000000000000000000, -0.0000000000000000000, 0.0000000000000000000 ) ) ;
#679 = ORIENTED_EDGE ( 'NONE', *, *, #4458, .F. ) ;
#680 = VECTOR ( 'NONE', #1580, 1000.000000000000000 ) ;
#681 = DIRECTION ( 'NONE',  ( 0.0000000000000000000, 0.06975647374412440000, 0.9975640502598243100 ) ) ;
#682 = CARTESIAN_POINT ( 'NONE',  ( 1.470000000000000000, -0.2790730578767624000, -3.900945610676608900 ) ) ;
#683 = ORIENTED_EDGE ( 'NONE', *, *, #691, .T. ) ;
#684 = LINE ( 'NONE', #2286, #3843 ) ;
#685 = AXIS2_PLACEMENT_3D ( 'NONE', #5826, #1327, #3481 ) ;
#686 =( LENGTH_UNIT ( ) NAMED_UNIT ( * ) SI_UNIT ( .MILLI., .METRE. ) );
#687 = PRESENTATION_LAYER_ASSIGNMENT (  '', '', ( #3392 ) ) ;
#688 = DIRECTION ( 'NONE',  ( -1.000000000000000000, -0.0000000000000000000, -0.0000000000000000000 ) ) ;
#689 = VERTEX_POINT ( 'NONE', #5698 ) ;
#690 = CARTESIAN_POINT ( 'NONE',  ( -1.875000000000000900, -1.000000000000000000, 2.500000000000000000 ) ) ;
#691 = EDGE_CURVE ( 'NONE', #4837, #3692, #361, .T. ) ;
#692 = CYLINDRICAL_SURFACE ( 'NONE', #5709, 0.04999999999999969700 ) ;
#693 = DIRECTION ( 'NONE',  ( -1.000000000000000000, -0.0000000000000000000, 0.0000000000000000000 ) ) ;
#694 = CIRCLE ( 'NONE', #338, 0.04999999999999969700 ) ;
#695 = ADVANCED_FACE ( 'NONE', ( #3116 ), #754, .T. ) ;
#696 = DIRECTION ( 'NONE',  ( 0.0000000000000000000, 0.0000000000000000000, -1.000000000000000000 ) ) ;
#697 = STYLED_ITEM ( 'NONE', ( #5200 ), #3217 ) ;
#698 = LINE ( 'NONE', #43, #4254 ) ;
#699 = CARTESIAN_POINT ( 'NONE',  ( -1.070000000000000300, -0.7346103798664711500, -3.982921978228692000 ) ) ;
#700 = EDGE_CURVE ( 'NONE', #1203, #3733, #5945, .T. ) ;
#701 =( LENGTH_UNIT ( ) NAMED_UNIT ( * ) SI_UNIT ( .MILLI., .METRE. ) );
#702 = LINE ( 'NONE', #583, #3938 ) ;
#703 = AXIS2_PLACEMENT_3D ( 'NONE', #1061, #2047, #6134 ) ;
#704 = LINE ( 'NONE', #4307, #5728 ) ;
#705 = EDGE_CURVE ( 'NONE', #5061, #3908, #522, .T. ) ;
#706 = DIRECTION ( 'NONE',  ( 0.0000000000000000000, -1.000000000000000000, 0.0000000000000000000 ) ) ;
#707 = CARTESIAN_POINT ( 'NONE',  ( 0.1999999999999998700, -0.2965121763127938100, 3.651554598111652600 ) ) ;
#708 = ADVANCED_FACE ( 'NONE', ( #6101 ), #2188, .T. ) ;
#709 = DIRECTION ( 'NONE',  ( 0.0000000000000000000, -0.06975647374412441400, 0.9975640502598243100 ) ) ;
#710 = ORIENTED_EDGE ( 'NONE', *, *, #2453, .T. ) ;
#711 = DIRECTION ( 'NONE',  ( 0.0000000000000000000, -1.000000000000000000, 0.0000000000000000000 ) ) ;
#712 = SURFACE_SIDE_STYLE ('',( #225 ) ) ;
#713 = DIRECTION ( 'NONE',  ( 0.0000000000000000000, 0.0000000000000000000, 1.000000000000000000 ) ) ;
#714 = MECHANICAL_DESIGN_GEOMETRIC_PRESENTATION_REPRESENTATION (  '', ( #4891 ), #4653 ) ;
#715 = EDGE_LOOP ( 'NONE', ( #5268, #1737, #1167, #1793 ) ) ;
#716 = DIRECTION ( 'NONE',  ( -6.505213034913037600E-015, 0.0000000000000000000, -1.000000000000000000 ) ) ;
#717 = PRESENTATION_LAYER_ASSIGNMENT (  '', '', ( #4100 ) ) ;
#718 = VECTOR ( 'NONE', #3835, 1000.000000000000000 ) ;
#719 = SURFACE_STYLE_USAGE ( .BOTH. , #1208 ) ;
#720 = VERTEX_POINT ( 'NONE', #2752 ) ;
#721 = FACE_OUTER_BOUND ( 'NONE', #365, .T. ) ;
#722 = ORIENTED_EDGE ( 'NONE', *, *, #127, .T. ) ;
#723 = CARTESIAN_POINT ( 'NONE',  ( 2.050000000000001200, 0.5000000000000000000, -0.5000000000000000000 ) ) ;
#724 = EDGE_CURVE ( 'NONE', #326, #3723, #5540, .T. ) ;
#725 = FACE_OUTER_BOUND ( 'NONE', #5931, .T. ) ;
#726 = ORIENTED_EDGE ( 'NONE', *, *, #3223, .F. ) ;
#727 = CIRCLE ( 'NONE', #4630, 0.04999999999999969700 ) ;
#728 = DIRECTION ( 'NONE',  ( 0.0000000000000000000, 0.0000000000000000000, 1.000000000000000000 ) ) ;
#729 = PRESENTATION_LAYER_ASSIGNMENT (  '', '', ( #3087 ) ) ;
#730 = ORIENTED_EDGE ( 'NONE', *, *, #1940, .T. ) ;
#731 = ADVANCED_FACE ( 'NONE', ( #1702 ), #598, .T. ) ;
#732 = EDGE_LOOP ( 'NONE', ( #349, #3545, #4553, #1198 ) ) ;
#733 = EDGE_CURVE ( 'NONE', #1324, #354, #1398, .T. ) ;
#734 = CARTESIAN_POINT ( 'NONE',  ( -2.211821679442723900, -1.000000000000000000, 2.499999999999996400 ) ) ;
#735 = VERTEX_POINT ( 'NONE', #1196 ) ;
#736 = DIRECTION ( 'NONE',  ( 0.0000000000000000000, -1.000000000000000000, 0.0000000000000000000 ) ) ;
#737 = DIRECTION ( 'NONE',  ( 0.0000000000000000000, 0.0000000000000000000, 1.000000000000000000 ) ) ;
#738 = STYLED_ITEM ( 'NONE', ( #4093 ), #2747 ) ;
#739 = ADVANCED_FACE ( 'NONE', ( #2731 ), #2290, .T. ) ;
#740 = PLANE ( 'NONE',  #3508 ) ;
#741 = EDGE_CURVE ( 'NONE', #1052, #6138, #193, .T. ) ;
#742 =( NAMED_UNIT ( * ) PLANE_ANGLE_UNIT ( ) SI_UNIT ( $, .RADIAN. ) );
#743 =( NAMED_UNIT ( * ) PLANE_ANGLE_UNIT ( ) SI_UNIT ( $, .RADIAN. ) );
#744 = DIRECTION ( 'NONE',  ( -0.0000000000000000000, -1.000000000000000000, -0.0000000000000000000 ) ) ;
#745 = CARTESIAN_POINT ( 'NONE',  ( 1.470000000000000000, -0.2500000000000001100, -3.601676395598661700 ) ) ;
#746 = SURFACE_STYLE_USAGE ( .BOTH. , #2217 ) ;
#747 = ORIENTED_EDGE ( 'NONE', *, *, #1156, .F. ) ;
#748 = COLOUR_RGB ( '',1.000000000000000000, 1.000000000000000000, 1.000000000000000000 ) ;
#749 =( NAMED_UNIT ( * ) PLANE_ANGLE_UNIT ( ) SI_UNIT ( $, .RADIAN. ) );
#750 = UNCERTAINTY_MEASURE_WITH_UNIT (LENGTH_MEASURE( 1.000000000000000100E-005 ), #4312, 'distance_accuracy_value', 'NONE');
#751 = ORIENTED_EDGE ( 'NONE', *, *, #2659, .F. ) ;
#752 = DIRECTION ( 'NONE',  ( -0.0000000000000000000, -0.0000000000000000000, 1.000000000000000000 ) ) ;
#753 = AXIS2_PLACEMENT_3D ( 'NONE', #6221, #2151, #1661 ) ;
#754 = TOROIDAL_SURFACE ( 'NONE', #6284, 0.3368216794427232900, 0.1000000000000000100 ) ;
#755 = FILL_AREA_STYLE_COLOUR ( '', #2909 ) ;
#756 = ORIENTED_EDGE ( 'NONE', *, *, #4879, .T. ) ;
#757 = DIRECTION ( 'NONE',  ( -0.0000000000000000000, 1.000000000000000000, -0.0000000000000000000 ) ) ;
#758 = ADVANCED_FACE ( 'NONE', ( #4069 ), #2220, .T. ) ;
#759 = ORIENTED_EDGE ( 'NONE', *, *, #6457, .T. ) ;
#760 = EDGE_CURVE ( 'NONE', #4331, #2298, #3918, .T. ) ;
#761 = DIRECTION ( 'NONE',  ( -0.0000000000000000000, 0.0000000000000000000, -1.000000000000000000 ) ) ;
#762 = CIRCLE ( 'NONE', #2801, 0.09999999999999982500 ) ;
#763 = CARTESIAN_POINT ( 'NONE',  ( -0.2000000000000000900, -1.100000000000000100, -4.907560881563969500 ) ) ;
#764 = COLOUR_RGB ( '',1.000000000000000000, 1.000000000000000000, 1.000000000000000000 ) ;
#765 = AXIS2_PLACEMENT_3D ( 'NONE', #1304, #2252, #3275 ) ;
#766 = DIRECTION ( 'NONE',  ( 0.0000000000000000000, 0.0000000000000000000, 1.000000000000000000 ) ) ;
#767 = FACE_OUTER_BOUND ( 'NONE', #2874, .T. ) ;
#768 = EDGE_LOOP ( 'NONE', ( #4603, #3752 ) ) ;
#769 = VERTEX_POINT ( 'NONE', #2196 ) ;
#770 =( LENGTH_UNIT ( ) NAMED_UNIT ( * ) SI_UNIT ( .MILLI., .METRE. ) );
#771 = VECTOR ( 'NONE', #4228, 1000.000000000000000 ) ;
#773 = ADVANCED_FACE ( 'NONE', ( #5788 ), #4724, .F. ) ;
#772 = FACE_OUTER_BOUND ( 'NONE', #2382, .T. ) ;
#774 = DIRECTION ( 'NONE',  ( 0.0000000000000000000, 0.06975647374412140300, -0.9975640502598245300 ) ) ;
#775 = AXIS2_PLACEMENT_3D ( 'NONE', #3763, #5749, #202 ) ;
#776 = ORIENTED_EDGE ( 'NONE', *, *, #2857, .T. ) ;
#777 = LINE ( 'NONE', #5041, #134 ) ;
#778 = DIRECTION ( 'NONE',  ( 0.06975647374412545500, -0.9975640502598242000, 4.840327704211765800E-016 ) ) ;
#779 = ORIENTED_EDGE ( 'NONE', *, *, #6066, .T. ) ;
#780 = MECHANICAL_DESIGN_GEOMETRIC_PRESENTATION_REPRESENTATION (  '', ( #5026 ), #2932 ) ;
#781 = CONICAL_SURFACE ( 'NONE', #1151, 0.5000000000000000000, 0.06981317007977333500 ) ;
#782 = PLANE ( 'NONE',  #6298 ) ;
#783 = FACE_OUTER_BOUND ( 'NONE', #6455, .T. ) ;
#784 = VECTOR ( 'NONE', #1331, 1000.000000000000000 ) ;
#785 = DIRECTION ( 'NONE',  ( -0.0000000000000000000, -1.000000000000000000, -0.0000000000000000000 ) ) ;
#786 = EDGE_CURVE ( 'NONE', #5375, #5983, #5935, .T. ) ;
#787 = CIRCLE ( 'NONE', #4749, 0.3099999999999999400 ) ;
#788 = DIRECTION ( 'NONE',  ( -0.0000000000000000000, -1.000000000000000000, -0.0000000000000000000 ) ) ;
#789 = LINE ( 'NONE', #426, #1029 ) ;
#790 = DIRECTION ( 'NONE',  ( -8.694797469520807700E-015, -3.770767322310368500E-029, 1.000000000000000000 ) ) ;
#791 = LINE ( 'NONE', #1427, #2526 ) ;
#792 = AXIS2_PLACEMENT_3D ( 'NONE', #2835, #259, #3270 ) ;
#793 = LINE ( 'NONE', #5559, #1572 ) ;
#794 = DIRECTION ( 'NONE',  ( 0.0000000000000000000, 0.06975647374412502500, -0.9975640502598243100 ) ) ;
#795 = CARTESIAN_POINT ( 'NONE',  ( 1.874999999999995600, 0.0000000000000000000, 2.999999999999999600 ) ) ;
#796 = CARTESIAN_POINT ( 'NONE',  ( 0.1999999999999998700, 0.0000000000000000000, 2.999999999999999600 ) ) ;
#797 = ADVANCED_FACE ( 'NONE', ( #516 ), #2328, .T. ) ;
#798 = CARTESIAN_POINT ( 'NONE',  ( 1.070000000000000100, -0.2790730578767624000, 3.900945610676608900 ) ) ;
#799 = ORIENTED_EDGE ( 'NONE', *, *, #6373, .F. ) ;
#800 = ORIENTED_EDGE ( 'NONE', *, *, #3737, .T. ) ;
#801 = VERTEX_POINT ( 'NONE', #2763 ) ;
#802 = DIRECTION ( 'NONE',  ( -1.000000000000000000, -0.0000000000000000000, -0.0000000000000000000 ) ) ;
#803 = EDGE_CURVE ( 'NONE', #6368, #7, #5223, .T. ) ;
#804 = FILL_AREA_STYLE_COLOUR ( '', #5249 ) ;
#805 = AXIS2_PLACEMENT_3D ( 'NONE', #1729, #3306, #6234 ) ;
#806 = COLOUR_RGB ( '',0.7921568627450980000, 0.8196078431372548800, 0.9333333333333333500 ) ;
#807 = ORIENTED_EDGE ( 'NONE', *, *, #1200, .T. ) ;
#808 = VECTOR ( 'NONE', #4737, 1000.000000000000000 ) ;
#809 = ADVANCED_FACE ( 'NONE', ( #2402 ), #4771, .F. ) ;
#810 = EDGE_LOOP ( 'NONE', ( #5265, #5388 ) ) ;
#811 =( NAMED_UNIT ( * ) SI_UNIT ( $, .STERADIAN. ) SOLID_ANGLE_UNIT ( ) );
#812 =( GEOMETRIC_REPRESENTATION_CONTEXT ( 3 ) GLOBAL_UNCERTAINTY_ASSIGNED_CONTEXT ( ( #3717 ) ) GLOBAL_UNIT_ASSIGNED_CONTEXT ( ( #5859, #3876, #2322 ) ) REPRESENTATION_CONTEXT ( 'NONE', 'WORKASPACE' ) );
#813 = ORIENTED_EDGE ( 'NONE', *, *, #2227, .F. ) ;
#814 = DIRECTION ( 'NONE',  ( 0.0000000000000000000, 0.0000000000000000000, -1.000000000000000000 ) ) ;
#815 = ORIENTED_EDGE ( 'NONE', *, *, #2303, .T. ) ;
#816 = EDGE_LOOP ( 'NONE', ( #5383, #6012, #2810, #5510, #4484, #5759, #4802, #182 ) ) ;
#817 = CARTESIAN_POINT ( 'NONE',  ( 2.374999999999999100, 0.0000000000000000000, -2.499999999999997300 ) ) ;
#818 = APPLICATION_PROTOCOL_DEFINITION ( 'draft international standard', 'automotive_design', 1998, #3765 ) ;
#819 = EDGE_LOOP ( 'NONE', ( #5855, #4388, #4439, #5837 ) ) ;
#820 = EDGE_CURVE ( 'NONE', #4601, #1909, #4859, .T. ) ;
#821 = DIRECTION ( 'NONE',  ( 0.0000000000000000000, -0.06975647374412440000, -0.9975640502598243100 ) ) ;
#822 = DIRECTION ( 'NONE',  ( 0.0000000000000000000, 0.0000000000000000000, 1.000000000000000000 ) ) ;
#823 =( NAMED_UNIT ( * ) SI_UNIT ( $, .STERADIAN. ) SOLID_ANGLE_UNIT ( ) );
#824 = VERTEX_POINT ( 'NONE', #1924 ) ;
#825 = EDGE_CURVE ( 'NONE', #1291, #5359, #6332, .T. ) ;
#826 =( LENGTH_UNIT ( ) NAMED_UNIT ( * ) SI_UNIT ( .MILLI., .METRE. ) );
#827 = CARTESIAN_POINT ( 'NONE',  ( 1.470000000000000000, -0.2500000000000001100, 2.982518297014122000 ) ) ;
#828 = AXIS2_PLACEMENT_3D ( 'NONE', #5068, #556, #5572 ) ;
#829 = DIRECTION ( 'NONE',  ( -0.0000000000000000000, 0.06975647374412663500, 0.9975640502598242000 ) ) ;
#830 = ADVANCED_FACE ( 'NONE', ( #351 ), #592, .T. ) ;
#831 =( NAMED_UNIT ( * ) SI_UNIT ( $, .STERADIAN. ) SOLID_ANGLE_UNIT ( ) );
#832 = PRESENTATION_LAYER_ASSIGNMENT (  '', '', ( #4550 ) ) ;
#833 = PLANE ( 'NONE',  #2024 ) ;
#834 = EDGE_CURVE ( 'NONE', #720, #5185, #1230, .T. ) ;
#835 = DIRECTION ( 'NONE',  ( 0.0000000000000000000, 0.0000000000000000000, -1.000000000000000000 ) ) ;
#836 = FACE_OUTER_BOUND ( 'NONE', #1958, .T. ) ;
#837 = VERTEX_POINT ( 'NONE', #1519 ) ;
#838 = VECTOR ( 'NONE', #4495, 1000.000000000000000 ) ;
#839 =( LENGTH_UNIT ( ) NAMED_UNIT ( * ) SI_UNIT ( .MILLI., .METRE. ) );
#840 = MANIFOLD_SOLID_BREP ( 'Mirror1[1]', #344 ) ;
#841 = FILL_AREA_STYLE ('',( #3820 ) ) ;
#842 = ADVANCED_FACE ( 'NONE', ( #2159 ), #931, .F. ) ;
#843 = CARTESIAN_POINT ( 'NONE',  ( -2.375000000000000900, 0.0000000000000000000, 2.499999999999996400 ) ) ;
#844 = ORIENTED_EDGE ( 'NONE', *, *, #1810, .T. ) ;
#845 = CARTESIAN_POINT ( 'NONE',  ( 1.470000000000000000, -1.100000000000000100, 4.907560881563969500 ) ) ;
#846 = VERTEX_POINT ( 'NONE', #5498 ) ;
#847 = FACE_OUTER_BOUND ( 'NONE', #2637, .T. ) ;
#848 = AXIS2_PLACEMENT_3D ( 'NONE', #5611, #2021, #3591 ) ;
#849 = VERTEX_POINT ( 'NONE', #499 ) ;
#850 = CONICAL_SURFACE ( 'NONE', #333, 0.9000000000000011300, 0.5235987755982963700 ) ;
#851 = SURFACE_SIDE_STYLE ('',( #4699 ) ) ;
#852 = ORIENTED_EDGE ( 'NONE', *, *, #5146, .F. ) ;
#853 = MECHANICAL_DESIGN_GEOMETRIC_PRESENTATION_REPRESENTATION (  '', ( #4359 ), #2534 ) ;
#854 = EDGE_LOOP ( 'NONE', ( #852, #1614, #3253, #5538 ) ) ;
#855 = PLANE ( 'NONE',  #4339 ) ;
#856 = VECTOR ( 'NONE', #6319, 1000.000000000000000 ) ;
#857 = CARTESIAN_POINT ( 'NONE',  ( 1.500000000000000900, 0.5000000000000000000, -2.200000000000000200 ) ) ;
#858 = PRESENTATION_STYLE_ASSIGNMENT (( #3421 ) ) ;
#859 = ORIENTED_EDGE ( 'NONE', *, *, #3932, .T. ) ;
#860 = COLOUR_RGB ( '',0.7921568627450980000, 0.8196078431372548800, 0.9333333333333333500 ) ;
#861 = EDGE_CURVE ( 'NONE', #3093, #6499, #2078, .T. ) ;
#862 = VERTEX_POINT ( 'NONE', #3522 ) ;
#863 = DIRECTION ( 'NONE',  ( 1.000000000000000000, -0.0000000000000000000, 0.0000000000000000000 ) ) ;
#864 = DIRECTION ( 'NONE',  ( 0.0000000000000000000, 0.06975647374412502500, 0.9975640502598243100 ) ) ;
#865 = FACE_OUTER_BOUND ( 'NONE', #5325, .T. ) ;
#866 = CARTESIAN_POINT ( 'NONE',  ( -1.807951184059714000, -0.9000000000000000200, 2.432951184059714700 ) ) ;
#867 = AXIS2_PLACEMENT_3D ( 'NONE', #4364, #2811, #1748 ) ;
#868 = CIRCLE ( 'NONE', #1934, 0.3000000000000003800 ) ;
#869 = DIRECTION ( 'NONE',  ( 0.0000000000000000000, 0.0000000000000000000, -1.000000000000000000 ) ) ;
#870 = EDGE_CURVE ( 'NONE', #6275, #4040, #4989, .T. ) ;
#871 = CIRCLE ( 'NONE', #2149, 1.900000000000000100 ) ;
#872 = DIRECTION ( 'NONE',  ( -0.0000000000000000000, -1.000000000000000000, -0.0000000000000000000 ) ) ;
#873 = MECHANICAL_DESIGN_GEOMETRIC_PRESENTATION_REPRESENTATION (  '', ( #1160 ), #1538 ) ;
#874 = CARTESIAN_POINT ( 'NONE',  ( 1.874999999999995600, 0.0000000000000000000, 2.999999999999999600 ) ) ;
#875 = CYLINDRICAL_SURFACE ( 'NONE', #987, 0.3099999999999999400 ) ;
#876 = LINE ( 'NONE', #5642, #4735 ) ;
#877 = CARTESIAN_POINT ( 'NONE',  ( 0.1999999999999998700, -1.033879594944416400, 3.961995036105455000 ) ) ;
#878 = EDGE_CURVE ( 'NONE', #1356, #4442, #1461, .T. ) ;
#879 = ADVANCED_FACE ( 'NONE', ( #5612 ), #4472, .F. ) ;
#880 = DIRECTION ( 'NONE',  ( -0.0000000000000000000, -1.000000000000000000, -0.0000000000000000000 ) ) ;
#881 = CARTESIAN_POINT ( 'NONE',  ( -1.470000000000000200, -1.100000000000000100, -4.907560881563969500 ) ) ;
#882 = ORIENTED_EDGE ( 'NONE', *, *, #1998, .F. ) ;
#883 = FILL_AREA_STYLE_COLOUR ( '', #6186 ) ;
#884 = VERTEX_POINT ( 'NONE', #5972 ) ;
#885 = AXIS2_PLACEMENT_3D ( 'NONE', #5109, #4633, #6171 ) ;
#886 = VECTOR ( 'NONE', #2326, 1000.000000000000000 ) ;
#887 = EDGE_LOOP ( 'NONE', ( #962, #2855, #5273, #2669 ) ) ;
#888 = CARTESIAN_POINT ( 'NONE',  ( 0.0000000000000000000, -0.1231875913286816200, 0.0000000000000000000 ) ) ;
#889 = VECTOR ( 'NONE', #1816, 1000.000000000000000 ) ;
#890 = DIRECTION ( 'NONE',  ( 0.0000000000000000000, 0.0000000000000000000, 1.000000000000000000 ) ) ;
#891 = ORIENTED_EDGE ( 'NONE', *, *, #4189, .F. ) ;
#892 = ORIENTED_EDGE ( 'NONE', *, *, #4071, .T. ) ;
#893 = DIRECTION ( 'NONE',  ( 0.0000000000000000000, 0.0000000000000000000, 1.000000000000000000 ) ) ;
#894 =( GEOMETRIC_REPRESENTATION_CONTEXT ( 3 ) GLOBAL_UNCERTAINTY_ASSIGNED_CONTEXT ( ( #2285 ) ) GLOBAL_UNIT_ASSIGNED_CONTEXT ( ( #2713, #6199, #107 ) ) REPRESENTATION_CONTEXT ( 'NONE', 'WORKASPACE' ) );
#895 = LINE ( 'NONE', #4121, #2869 ) ;
#896 = VERTEX_POINT ( 'NONE', #6042 ) ;
#897 = VECTOR ( 'NONE', #1501, 1000.000000000000000 ) ;
#898 = VERTEX_POINT ( 'NONE', #4132 ) ;
#899 = DIRECTION ( 'NONE',  ( 0.0000000000000000000, 0.0000000000000000000, -1.000000000000000000 ) ) ;
#900 = EDGE_CURVE ( 'NONE', #3733, #1279, #994, .T. ) ;
#901 = LINE ( 'NONE', #1930, #4123 ) ;
#902 = ORIENTED_EDGE ( 'NONE', *, *, #2116, .F. ) ;
#903 = DIRECTION ( 'NONE',  ( -0.0000000000000000000, 1.000000000000000000, -0.0000000000000000000 ) ) ;
#904 = AXIS2_PLACEMENT_3D ( 'NONE', #5439, #6403, #1925 ) ;
#905 = ORIENTED_EDGE ( 'NONE', *, *, #87, .T. ) ;
#906 = DIRECTION ( 'NONE',  ( -0.0000000000000000000, 1.000000000000000000, 0.0000000000000000000 ) ) ;
#907 = CARTESIAN_POINT ( 'NONE',  ( -1.174827221408426300, -0.9000000000000000200, -1.962921966769066500 ) ) ;
#908 = SURFACE_SIDE_STYLE ('',( #1959 ) ) ;
#909 =( GEOMETRIC_REPRESENTATION_CONTEXT ( 3 ) GLOBAL_UNCERTAINTY_ASSIGNED_CONTEXT ( ( #5021 ) ) GLOBAL_UNIT_ASSIGNED_CONTEXT ( ( #4050, #3032, #570 ) ) REPRESENTATION_CONTEXT ( 'NONE', 'WORKASPACE' ) );
#910 = CARTESIAN_POINT ( 'NONE',  ( 1.500000000000000900, 1.000000000000000000, 2.200000000000000200 ) ) ;
#911 = DIRECTION ( 'NONE',  ( -0.0000000000000000000, 1.000000000000000000, -0.0000000000000000000 ) ) ;
#912 = ADVANCED_FACE ( 'NONE', ( #3110 ), #5688, .F. ) ;
#913 = PLANE ( 'NONE',  #1237 ) ;
#914 = AXIS2_PLACEMENT_3D ( 'NONE', #1966, #2412, #2031 ) ;
#915 = VERTEX_POINT ( 'NONE', #34 ) ;
#916 = LINE ( 'NONE', #2250, #2399 ) ;
#917 = DIRECTION ( 'NONE',  ( 0.0000000000000000000, 0.0000000000000000000, 1.000000000000000000 ) ) ;
#918 = VECTOR ( 'NONE', #4579, 1000.000000000000000 ) ;
#919 = EDGE_CURVE ( 'NONE', #6039, #5422, #2802, .T. ) ;
#920 = DIRECTION ( 'NONE',  ( 0.0000000000000000000, 0.0000000000000000000, 1.000000000000000000 ) ) ;
#921 = DIRECTION ( 'NONE',  ( -1.000000000000000000, 0.0000000000000000000, 8.673617379884051200E-015 ) ) ;
#922 = PRESENTATION_LAYER_ASSIGNMENT (  '', '', ( #4076 ) ) ;
#923 = ORIENTED_EDGE ( 'NONE', *, *, #4158, .F. ) ;
#924 = FACE_OUTER_BOUND ( 'NONE', #413, .T. ) ;
#925 = CARTESIAN_POINT ( 'NONE',  ( -1.070000000000000300, -0.7555373219897065800, -3.683652763150745600 ) ) ;
#926 = CARTESIAN_POINT ( 'NONE',  ( -1.070000000000000300, -0.7555373219897065800, -3.683652763150745600 ) ) ;
#927 = PRESENTATION_LAYER_ASSIGNMENT (  '', '', ( #230 ) ) ;
#928 = UNCERTAINTY_MEASURE_WITH_UNIT (LENGTH_MEASURE( 1.000000000000000100E-005 ), #309, 'distance_accuracy_value', 'NONE');
#929 = DIRECTION ( 'NONE',  ( -0.0000000000000000000, 0.9975640502598243100, 0.06975647374412503900 ) ) ;
#930 = ORIENTED_EDGE ( 'NONE', *, *, #2880, .T. ) ;
#931 = PLANE ( 'NONE',  #5683 ) ;
#932 = VECTOR ( 'NONE', #3527, 1000.000000000000000 ) ;
#933 =( LENGTH_UNIT ( ) NAMED_UNIT ( * ) SI_UNIT ( .MILLI., .METRE. ) );
#934 = CYLINDRICAL_SURFACE ( 'NONE', #5514, 0.5000000000000000000 ) ;
#935 = PRESENTATION_STYLE_ASSIGNMENT (( #1232 ) ) ;
#936 = CARTESIAN_POINT ( 'NONE',  ( 0.1999999999999998700, -0.3000000000000001000, 3.601676395598661700 ) ) ;
#937 = ORIENTED_EDGE ( 'NONE', *, *, #6338, .F. ) ;
#938 = ORIENTED_EDGE ( 'NONE', *, *, #3293, .F. ) ;
#939 = VECTOR ( 'NONE', #2539, 1000.000000000000100 ) ;
#940 = LINE ( 'NONE', #5994, #5886 ) ;
#941 = VECTOR ( 'NONE', #5499, 1000.000000000000000 ) ;
#942 = CARTESIAN_POINT ( 'NONE',  ( 1.470000000000000000, -0.8506089874350454300, -4.924999999999999800 ) ) ;
#943 = VERTEX_POINT ( 'NONE', #3097 ) ;
#944 = LINE ( 'NONE', #1565, #68 ) ;
#945 = PLANE ( 'NONE',  #4904 ) ;
#946 = AXIS2_PLACEMENT_3D ( 'NONE', #1887, #3314, #5397 ) ;
#947 = VECTOR ( 'NONE', #6037, 1000.000000000000100 ) ;
#948 = PLANE ( 'NONE',  #3279 ) ;
#949 = FILL_AREA_STYLE_COLOUR ( '', #5023 ) ;
#950 = STYLED_ITEM ( 'NONE', ( #5481 ), #1844 ) ;
#951 = VERTEX_POINT ( 'NONE', #546 ) ;
#952 = FACE_OUTER_BOUND ( 'NONE', #5158, .T. ) ;
#953 = VECTOR ( 'NONE', #4238, 1000.000000000000100 ) ;
#954 = FILL_AREA_STYLE ('',( #1471 ) ) ;
#955 = DIRECTION ( 'NONE',  ( 1.000000000000000000, -0.0000000000000000000, 0.0000000000000000000 ) ) ;
#956 = EDGE_CURVE ( 'NONE', #2781, #4520, #2959, .T. ) ;
#957 = CYLINDRICAL_SURFACE ( 'NONE', #1076, 0.09999999999999982500 ) ;
#958 = DIRECTION ( 'NONE',  ( 0.0000000000000000000, 0.0000000000000000000, 1.000000000000000000 ) ) ;
#959 = AXIS2_PLACEMENT_3D ( 'NONE', #3693, #175, #625 ) ;
#960 = CARTESIAN_POINT ( 'NONE',  ( 1.807951184059714000, -0.9000000000000000200, -2.432951184059714700 ) ) ;
#961 = CARTESIAN_POINT ( 'NONE',  ( 1.470000000000000000, -5.421010862427522200E-017, -3.601676395598662200 ) ) ;
#962 = ORIENTED_EDGE ( 'NONE', *, *, #5226, .F. ) ;
#963 = EDGE_CURVE ( 'NONE', #5061, #4910, #6327, .T. ) ;
#964 = VERTEX_POINT ( 'NONE', #3630 ) ;
#965 = DIRECTION ( 'NONE',  ( 0.0000000000000000000, -0.06975647374412440000, -0.9975640502598243100 ) ) ;
#966 = CARTESIAN_POINT ( 'NONE',  ( 1.470000000000000000, -0.3000000000000001000, 3.601676395598661700 ) ) ;
#967 = DIRECTION ( 'NONE',  ( 1.000000000000000000, 0.0000000000000000000, -0.0000000000000000000 ) ) ;
#968 = CIRCLE ( 'NONE', #4986, 0.09999999999999982500 ) ;
#969 = EDGE_LOOP ( 'NONE', ( #135, #196, #2785, #2962 ) ) ;
#970 = CARTESIAN_POINT ( 'NONE',  ( 1.470000000000000000, -0.2500000000000001100, -2.982518297014122000 ) ) ;
#971 = EDGE_LOOP ( 'NONE', ( #5, #2822, #4000, #2760 ) ) ;
#972 = EDGE_LOOP ( 'NONE', ( #6218, #4932, #3042, #5692 ) ) ;
#973 = SURFACE_SIDE_STYLE ('',( #3509 ) ) ;
#974 = SURFACE_STYLE_FILL_AREA ( #5636 ) ;
#975 = ORIENTED_EDGE ( 'NONE', *, *, #1200, .F. ) ;
#976 = FACE_OUTER_BOUND ( 'NONE', #3515, .T. ) ;
#977 = UNCERTAINTY_MEASURE_WITH_UNIT (LENGTH_MEASURE( 1.000000000000000100E-005 ), #1883, 'distance_accuracy_value', 'NONE');
#978 = ORIENTED_EDGE ( 'NONE', *, *, #1408, .F. ) ;
#979 = DIRECTION ( 'NONE',  ( 0.0000000000000000000, -0.0000000000000000000, -1.000000000000000000 ) ) ;
#980 = CARTESIAN_POINT ( 'NONE',  ( 1.874999999999995600, 1.000000000000000000, -2.836821679442723900 ) ) ;
#981 = AXIS2_PLACEMENT_3D ( 'NONE', #2780, #774, #4286 ) ;
#982 = DIRECTION ( 'NONE',  ( 0.0000000000000000000, 0.0000000000000000000, -1.000000000000000000 ) ) ;
#983 = ORIENTED_EDGE ( 'NONE', *, *, #1189, .T. ) ;
#984 = CARTESIAN_POINT ( 'NONE',  ( 5.322705363946669100E-016, -0.9000000000000000200, 2.010000000000000700 ) ) ;
#985 = EDGE_CURVE ( 'NONE', #4111, #2405, #5216, .T. ) ;
#986 = DIRECTION ( 'NONE',  ( -1.000000000000000000, -0.0000000000000000000, 0.0000000000000000000 ) ) ;
#987 = AXIS2_PLACEMENT_3D ( 'NONE', #1813, #2864, #1345 ) ;
#988 = DIRECTION ( 'NONE',  ( 0.0000000000000000000, 0.0000000000000000000, 1.000000000000000000 ) ) ;
#989 = PLANE ( 'NONE',  #6093 ) ;
#990 = DIRECTION ( 'NONE',  ( -1.000000000000000000, -0.0000000000000000000, -0.0000000000000000000 ) ) ;
#991 = VERTEX_POINT ( 'NONE', #2012 ) ;
#992 = VERTEX_POINT ( 'NONE', #4094 ) ;
#993 =( GEOMETRIC_REPRESENTATION_CONTEXT ( 3 ) GLOBAL_UNCERTAINTY_ASSIGNED_CONTEXT ( ( #4440 ) ) GLOBAL_UNIT_ASSIGNED_CONTEXT ( ( #6145, #3149, #2163 ) ) REPRESENTATION_CONTEXT ( 'NONE', 'WORKASPACE' ) );
#994 = LINE ( 'NONE', #2071, #2152 ) ;
#995 = DIRECTION ( 'NONE',  ( -1.000000000000000000, -0.0000000000000000000, -0.0000000000000000000 ) ) ;
#996 = AXIS2_PLACEMENT_3D ( 'NONE', #3862, #1328, #3390 ) ;
#997 = LINE ( 'NONE', #2243, #1308 ) ;
#998 = CARTESIAN_POINT ( 'NONE',  ( -1.070000000000000300, -1.100000000000000100, 4.907560881563969500 ) ) ;
#999 = EDGE_CURVE ( 'NONE', #1758, #5684, #3669, .T. ) ;
#1000 = CARTESIAN_POINT ( 'NONE',  ( 1.470000000000000000, -0.8506089874350454300, 4.924999999999999800 ) ) ;
#1001 = VERTEX_POINT ( 'NONE', #4113 ) ;
#1002 = PRESENTATION_STYLE_ASSIGNMENT (( #4866 ) ) ;
#1003 = ORIENTED_EDGE ( 'NONE', *, *, #3572, .T. ) ;
#1004 = CARTESIAN_POINT ( 'NONE',  ( -2.211821679442724300, -0.9000000000000000200, -2.499999999999997800 ) ) ;
#1005 = CIRCLE ( 'NONE', #1111, 0.04999999999999969700 ) ;
#1006 = DIRECTION ( 'NONE',  ( 0.0000000000000000000, 0.9975640502598242000, -0.06975647374412520500 ) ) ;
#1007 = ORIENTED_EDGE ( 'NONE', *, *, #308, .F. ) ;
#1008 = VECTOR ( 'NONE', #6214, 1000.000000000000000 ) ;
#1009 = ORIENTED_EDGE ( 'NONE', *, *, #2730, .F. ) ;
#1010 = DIRECTION ( 'NONE',  ( -1.000000000000000000, -0.0000000000000000000, 0.0000000000000000000 ) ) ;
#1011 =( GEOMETRIC_REPRESENTATION_CONTEXT ( 3 ) GLOBAL_UNCERTAINTY_ASSIGNED_CONTEXT ( ( #2545 ) ) GLOBAL_UNIT_ASSIGNED_CONTEXT ( ( #1543, #2058, #2617 ) ) REPRESENTATION_CONTEXT ( 'NONE', 'WORKASPACE' ) );
#1012 = DIRECTION ( 'NONE',  ( 0.0000000000000000000, 0.0000000000000000000, 1.000000000000000000 ) ) ;
#1013 = CARTESIAN_POINT ( 'NONE',  ( 1.070000000000000100, -0.7844885823794624000, -3.979434154541485700 ) ) ;
#1014 = PRESENTATION_STYLE_ASSIGNMENT (( #1457 ) ) ;
#1015 = CYLINDRICAL_SURFACE ( 'NONE', #2616, 0.04999999999999969700 ) ;
#1016 = ORIENTED_EDGE ( 'NONE', *, *, #80, .T. ) ;
#1017 =( NAMED_UNIT ( * ) SI_UNIT ( $, .STERADIAN. ) SOLID_ANGLE_UNIT ( ) );
#1018 = SURFACE_STYLE_USAGE ( .BOTH. , #4028 ) ;
#1019 = CIRCLE ( 'NONE', #2376, 0.04999999999999969700 ) ;
#1020 = LINE ( 'NONE', #220, #4797 ) ;
#1021 = CARTESIAN_POINT ( 'NONE',  ( -1.174827221408426300, -0.9000000000000000200, 2.272921966769066300 ) ) ;
#1022 = DIRECTION ( 'NONE',  ( 1.000000000000000000, -0.0000000000000000000, 0.0000000000000000000 ) ) ;
#1023 = DIRECTION ( 'NONE',  ( -1.000000000000000000, -0.0000000000000000000, -0.0000000000000000000 ) ) ;
#1024 = LINE ( 'NONE', #796, #1802 ) ;
#1025 = EDGE_CURVE ( 'NONE', #3337, #3268, #5454, .T. ) ;
#1026 = DIRECTION ( 'NONE',  ( 0.06975647374412545500, 0.9975640502598242000, 0.0000000000000000000 ) ) ;
#1027 = CARTESIAN_POINT ( 'NONE',  ( -1.174827221408426300, -0.9000000000000000200, 1.962921966769066500 ) ) ;
#1028 =( GEOMETRIC_REPRESENTATION_CONTEXT ( 3 ) GLOBAL_UNCERTAINTY_ASSIGNED_CONTEXT ( ( #6046 ) ) GLOBAL_UNIT_ASSIGNED_CONTEXT ( ( #2394, #4902, #4977 ) ) REPRESENTATION_CONTEXT ( 'NONE', 'WORKASPACE' ) );
#1029 = VECTOR ( 'NONE', #4453, 1000.000000000000000 ) ;
#1030 = DIRECTION ( 'NONE',  ( -1.000000000000000000, -0.0000000000000000000, -0.0000000000000000000 ) ) ;
#1031 = LINE ( 'NONE', #4831, #6200 ) ;
#1032 = DIRECTION ( 'NONE',  ( -0.0000000000000000000, -1.000000000000000000, -0.0000000000000000000 ) ) ;
#1033 = ORIENTED_EDGE ( 'NONE', *, *, #6329, .T. ) ;
#1034 = EDGE_CURVE ( 'NONE', #5443, #4973, #1222, .T. ) ;
#1035 = VECTOR ( 'NONE', #3874, 1000.000000000000000 ) ;
#1036 =( NAMED_UNIT ( * ) SI_UNIT ( $, .STERADIAN. ) SOLID_ANGLE_UNIT ( ) );
#1037 = CIRCLE ( 'NONE', #3804, 0.09999999999999982500 ) ;
#1038 = DIRECTION ( 'NONE',  ( 0.0000000000000000000, 0.9975640502598242000, 0.06975647374412664900 ) ) ;
#1039 = AXIS2_PLACEMENT_3D ( 'NONE', #1545, #5527, #3552 ) ;
#1040 = DIRECTION ( 'NONE',  ( 0.0000000000000000000, 0.9975640502598242000, 0.06975647374412664900 ) ) ;
#1041 = PRESENTATION_STYLE_ASSIGNMENT (( #1512 ) ) ;
#1042 = CARTESIAN_POINT ( 'NONE',  ( -1.174827221408426300, -0.9000000000000000200, 1.962921966769066500 ) ) ;
#1043 = VERTEX_POINT ( 'NONE', #5039 ) ;
#1044 = EDGE_CURVE ( 'NONE', #4615, #5006, #664, .T. ) ;
#1045 = CARTESIAN_POINT ( 'NONE',  ( 0.1999999999999998700, -0.2500000000000002200, 3.601676395598661700 ) ) ;
#1046 = DIRECTION ( 'NONE',  ( 0.0000000000000000000, 0.0000000000000000000, -1.000000000000000000 ) ) ;
#1047 = CARTESIAN_POINT ( 'NONE',  ( 0.1999999999999998700, -0.2500000000000001100, -3.601676395598661700 ) ) ;
#1048 = VERTEX_POINT ( 'NONE', #5565 ) ;
#1049 = UNCERTAINTY_MEASURE_WITH_UNIT (LENGTH_MEASURE( 1.000000000000000100E-005 ), #839, 'distance_accuracy_value', 'NONE');
#1050 = AXIS2_PLACEMENT_3D ( 'NONE', #5262, #4714, #1688 ) ;
#1051 = DIRECTION ( 'NONE',  ( -1.000000000000000000, -0.0000000000000000000, -0.0000000000000000000 ) ) ;
#1052 = VERTEX_POINT ( 'NONE', #6084 ) ;
#1053 = CARTESIAN_POINT ( 'NONE',  ( 0.0000000000000000000, -6.557179676972444900, 1.300000000000000900 ) ) ;
#1054 =( GEOMETRIC_REPRESENTATION_CONTEXT ( 3 ) GLOBAL_UNCERTAINTY_ASSIGNED_CONTEXT ( ( #1380 ) ) GLOBAL_UNIT_ASSIGNED_CONTEXT ( ( #2088, #3090, #3605 ) ) REPRESENTATION_CONTEXT ( 'NONE', 'WORKASPACE' ) );
#1055 = EDGE_CURVE ( 'NONE', #482, #1725, #5529, .T. ) ;
#1056 = VECTOR ( 'NONE', #5030, 1000.000000000000000 ) ;
#1057 = ORIENTED_EDGE ( 'NONE', *, *, #390, .F. ) ;
#1058 = LINE ( 'NONE', #3548, #897 ) ;
#1059 = ORIENTED_EDGE ( 'NONE', *, *, #2551, .F. ) ;
#1060 = CARTESIAN_POINT ( 'NONE',  ( -1.070000000000000300, -0.7380982035536775000, 3.933043775715700600 ) ) ;
#1061 = CARTESIAN_POINT ( 'NONE',  ( 5.322705363946669100E-016, -1.000000000000000000, 2.010000000000000700 ) ) ;
#1062 = COLOUR_RGB ( '',1.000000000000000000, 1.000000000000000000, 1.000000000000000000 ) ;
#1063 = ORIENTED_EDGE ( 'NONE', *, *, #1417, .F. ) ;
#1064 = ORIENTED_EDGE ( 'NONE', *, *, #4381, .T. ) ;
#1065 = DIRECTION ( 'NONE',  ( 0.0000000000000000000, 0.0000000000000000000, -1.000000000000000000 ) ) ;
#1066 =( GEOMETRIC_REPRESENTATION_CONTEXT ( 3 ) GLOBAL_UNCERTAINTY_ASSIGNED_CONTEXT ( ( #1175 ) ) GLOBAL_UNIT_ASSIGNED_CONTEXT ( ( #2775, #3791, #1757 ) ) REPRESENTATION_CONTEXT ( 'NONE', 'WORKASPACE' ) );
#1067 = DIRECTION ( 'NONE',  ( -0.0000000000000000000, -1.000000000000000000, -0.0000000000000000000 ) ) ;
#1068 = CARTESIAN_POINT ( 'NONE',  ( 1.070000000000000100, -0.2500000000000001100, 3.601676395598661700 ) ) ;
#1069 = PLANE ( 'NONE',  #6090 ) ;
#1070 = AXIS2_PLACEMENT_3D ( 'NONE', #1951, #6468, #3498 ) ;
#1071 = FILL_AREA_STYLE ('',( #4570 ) ) ;
#1072 = DIRECTION ( 'NONE',  ( -0.0000000000000000000, -1.000000000000000000, -0.0000000000000000000 ) ) ;
#1073 = FACE_OUTER_BOUND ( 'NONE', #5664, .T. ) ;
#1074 = EDGE_CURVE ( 'NONE', #5676, #6445, #1691, .T. ) ;
#1075 = ORIENTED_EDGE ( 'NONE', *, *, #3613, .F. ) ;
#1076 = AXIS2_PLACEMENT_3D ( 'NONE', #245, #6274, #3831 ) ;
#1077 = SURFACE_SIDE_STYLE ('',( #1190 ) ) ;
#1078 = DIRECTION ( 'NONE',  ( 0.0000000000000000000, -0.06975647374412440000, -0.9975640502598243100 ) ) ;
#1079 = ORIENTED_EDGE ( 'NONE', *, *, #3572, .F. ) ;
#1080 = EDGE_CURVE ( 'NONE', #4434, #2135, #430, .T. ) ;
#1081 = VECTOR ( 'NONE', #5224, 1000.000000000000000 ) ;
#1082 = AXIS2_PLACEMENT_3D ( 'NONE', #5767, #3228, #737 ) ;
#1083 = ORIENTED_EDGE ( 'NONE', *, *, #329, .F. ) ;
#1084 = LINE ( 'NONE', #273, #1632 ) ;
#1085 = CARTESIAN_POINT ( 'NONE',  ( 1.499999999999997300, 0.4999999999999995600, 2.700000000000000200 ) ) ;
#1086 = DIRECTION ( 'NONE',  ( 0.0000000000000000000, -0.06975647374412503900, -0.9975640502598243100 ) ) ;
#1087 = ORIENTED_EDGE ( 'NONE', *, *, #3877, .F. ) ;
#1088 = EDGE_CURVE ( 'NONE', #21, #3083, #5299, .T. ) ;
#1089 = PLANE ( 'NONE',  #5519 ) ;
#1090 = LINE ( 'NONE', #2893, #6497 ) ;
#1091 = ORIENTED_EDGE ( 'NONE', *, *, #3653, .T. ) ;
#1092 = PRESENTATION_STYLE_ASSIGNMENT (( #2921 ) ) ;
#1093 = SURFACE_STYLE_USAGE ( .BOTH. , #1077 ) ;
#1094 = VECTOR ( 'NONE', #2170, 1000.000000000000100 ) ;
#1095 = CIRCLE ( 'NONE', #1185, 0.2999999999999999300 ) ;
#1096 = CARTESIAN_POINT ( 'NONE',  ( -1.874999999999999100, -1.000000000000000000, -2.836821679442723000 ) ) ;
#1097 = ORIENTED_EDGE ( 'NONE', *, *, #467, .F. ) ;
#1098 = COLOUR_RGB ( '',1.000000000000000000, 1.000000000000000000, 1.000000000000000000 ) ;
#1099 = VECTOR ( 'NONE', #1078, 1000.000000000000000 ) ;
#1100 = DIRECTION ( 'NONE',  ( -1.000000000000000000, -0.0000000000000000000, 0.0000000000000000000 ) ) ;
#1101 = LINE ( 'NONE', #843, #2837 ) ;
#1102 = VERTEX_POINT ( 'NONE', #584 ) ;
#1103 = DIRECTION ( 'NONE',  ( 1.000000000000000000, 0.0000000000000000000, 0.0000000000000000000 ) ) ;
#1104 = EDGE_CURVE ( 'NONE', #5871, #6483, #1386, .T. ) ;
#1105 = DIRECTION ( 'NONE',  ( 0.0000000000000000000, -1.000000000000000000, 0.0000000000000000000 ) ) ;
#1106 = CARTESIAN_POINT ( 'NONE',  ( 0.1999999999999998700, -0.2500000000000001100, 3.601676395598661700 ) ) ;
#1107 = ADVANCED_FACE ( 'NONE', ( #2879 ), #1535, .F. ) ;
#1108 = AXIS2_PLACEMENT_3D ( 'NONE', #1367, #6357, #3407 ) ;
#1109 = ORIENTED_EDGE ( 'NONE', *, *, #3971, .T. ) ;
#1110 = VERTEX_POINT ( 'NONE', #2671 ) ;
#1111 = AXIS2_PLACEMENT_3D ( 'NONE', #3589, #2598, #2095 ) ;
#1112 = CARTESIAN_POINT ( 'NONE',  ( 1.874999999999995600, 0.0000000000000000000, -3.000000000000000900 ) ) ;
#1113 = VERTEX_POINT ( 'NONE', #5125 ) ;
#1114 = LINE ( 'NONE', #4205, #3082 ) ;
#1115 = FILL_AREA_STYLE_COLOUR ( '', #5564 ) ;
#1116 = AXIS2_PLACEMENT_3D ( 'NONE', #3387, #4827, #1799 ) ;
#1117 = ORIENTED_EDGE ( 'NONE', *, *, #1832, .F. ) ;
#1118 = ORIENTED_EDGE ( 'NONE', *, *, #2022, .T. ) ;
#1119 = LINE ( 'NONE', #6279, #718 ) ;
#1120 = VECTOR ( 'NONE', #1568, 1000.000000000000000 ) ;
#1121 = ORIENTED_EDGE ( 'NONE', *, *, #5562, .T. ) ;
#1122 = UNCERTAINTY_MEASURE_WITH_UNIT (LENGTH_MEASURE( 1.000000000000000100E-005 ), #2795, 'distance_accuracy_value', 'NONE');
#1123 = EDGE_CURVE ( 'NONE', #4520, #3162, #181, .T. ) ;
#1124 = PRESENTATION_STYLE_ASSIGNMENT (( #4657 ) ) ;
#1125 = EDGE_LOOP ( 'NONE', ( #747, #5660, #1509, #5073 ) ) ;
#1126 = CARTESIAN_POINT ( 'NONE',  ( 0.1999999999999998700, -0.3000000000000000400, 3.601676395598662200 ) ) ;
#1127 = STYLED_ITEM ( 'NONE', ( #3338 ), #3283 ) ;
#1128 = CARTESIAN_POINT ( 'NONE',  ( -1.070000000000000300, -0.8506089874350454300, -4.924999999999999800 ) ) ;
#1129 = ORIENTED_EDGE ( 'NONE', *, *, #115, .T. ) ;
#1130 = CARTESIAN_POINT ( 'NONE',  ( 1.070000000000000100, -0.3000000000000000400, -3.601676395598662200 ) ) ;
#1131 = PRESENTATION_STYLE_ASSIGNMENT (( #6052 ) ) ;
#1132 = EDGE_LOOP ( 'NONE', ( #4314, #4928, #5662, #291 ) ) ;
#1133 =( GEOMETRIC_REPRESENTATION_CONTEXT ( 3 ) GLOBAL_UNCERTAINTY_ASSIGNED_CONTEXT ( ( #186 ) ) GLOBAL_UNIT_ASSIGNED_CONTEXT ( ( #3340, #4309, #4816 ) ) REPRESENTATION_CONTEXT ( 'NONE', 'WORKASPACE' ) );
#1134 = ORIENTED_EDGE ( 'NONE', *, *, #2139, .F. ) ;
#1135 = DIRECTION ( 'NONE',  ( -6.505213034913037600E-015, 0.0000000000000000000, 1.000000000000000000 ) ) ;
#1136 = CARTESIAN_POINT ( 'NONE',  ( -1.807951184059714000, -0.9000000000000000200, 2.432951184059714700 ) ) ;
#1137 = CARTESIAN_POINT ( 'NONE',  ( 1.470000000000000000, -0.7555373219897065800, 3.683652763150745200 ) ) ;
#1138 = ADVANCED_FACE ( 'NONE', ( #3356 ), #3982, .F. ) ;
#1139 = CARTESIAN_POINT ( 'NONE',  ( 1.174827221408426300, -0.9000000000000000200, 1.962921966769066500 ) ) ;
#1140 = EDGE_CURVE ( 'NONE', #1225, #57, #4138, .T. ) ;
#1141 = STYLED_ITEM ( 'NONE', ( #2675 ), #5354 ) ;
#1142 = DIRECTION ( 'NONE',  ( 0.0000000000000000000, 0.8660254037844398200, 0.4999999999999977800 ) ) ;
#1143 = ORIENTED_EDGE ( 'NONE', *, *, #5329, .T. ) ;
#1144 = CARTESIAN_POINT ( 'NONE',  ( -1.470000000000000200, -0.3000000000000000400, -3.601676395598662600 ) ) ;
#1145 = AXIS2_PLACEMENT_3D ( 'NONE', #5328, #6397, #1898 ) ;
#1146 = DIRECTION ( 'NONE',  ( 0.0000000000000000000, 0.0000000000000000000, 1.000000000000000000 ) ) ;
#1147 = LINE ( 'NONE', #653, #1312 ) ;
#1148 =( LENGTH_UNIT ( ) NAMED_UNIT ( * ) SI_UNIT ( .MILLI., .METRE. ) );
#1149 = EDGE_CURVE ( 'NONE', #57, #662, #2714, .T. ) ;
#1150 = SURFACE_STYLE_FILL_AREA ( #2783 ) ;
#1151 = AXIS2_PLACEMENT_3D ( 'NONE', #2493, #2517, #2996 ) ;
#1152 = ORIENTED_EDGE ( 'NONE', *, *, #46, .T. ) ;
#1153 = COLOUR_RGB ( '',1.000000000000000000, 1.000000000000000000, 1.000000000000000000 ) ;
#1154 = SURFACE_STYLE_USAGE ( .BOTH. , #712 ) ;
#1155 = DIRECTION ( 'NONE',  ( -1.000000000000000000, -0.0000000000000000000, -0.0000000000000000000 ) ) ;
#1156 = EDGE_CURVE ( 'NONE', #2455, #4779, #266, .T. ) ;
#1157 = EDGE_LOOP ( 'NONE', ( #4839, #4358, #1298, #6399 ) ) ;
#1158 = DIRECTION ( 'NONE',  ( 0.0000000000000000000, 0.06975647374412502500, -0.9975640502598243100 ) ) ;
#1159 = VERTEX_POINT ( 'NONE', #1228 ) ;
#1160 = STYLED_ITEM ( 'NONE', ( #1131 ), #3178 ) ;
#1161 = FACE_OUTER_BOUND ( 'NONE', #600, .T. ) ;
#1162 = CARTESIAN_POINT ( 'NONE',  ( 1.470000000000000000, -0.2500000000000001100, 3.601676395598661700 ) ) ;
#1163 = DIRECTION ( 'NONE',  ( -1.000000000000000000, -0.0000000000000000000, -0.0000000000000000000 ) ) ;
#1164 = VECTOR ( 'NONE', #1808, 1000.000000000000100 ) ;
#1165 = ORIENTED_EDGE ( 'NONE', *, *, #2794, .T. ) ;
#1166 =( NAMED_UNIT ( * ) PLANE_ANGLE_UNIT ( ) SI_UNIT ( $, .RADIAN. ) );
#1167 = ORIENTED_EDGE ( 'NONE', *, *, #5741, .T. ) ;
#1168 = AXIS2_PLACEMENT_3D ( 'NONE', #2439, #5433, #2007 ) ;
#1169 = EDGE_CURVE ( 'NONE', #1048, #1192, #6474, .T. ) ;
#1170 = CARTESIAN_POINT ( 'NONE',  ( 1.807951184059714000, -0.9000000000000000200, 2.432951184059714700 ) ) ;
#1171 = DIRECTION ( 'NONE',  ( 0.0000000000000000000, 0.0000000000000000000, 1.000000000000000000 ) ) ;
#1172 = LINE ( 'NONE', #6131, #138 ) ;
#1173 = ADVANCED_FACE ( 'NONE', ( #3907 ), #198, .F. ) ;
#1174 = CARTESIAN_POINT ( 'NONE',  ( 1.499999999999997300, 0.5000000000000000000, 2.750000000000000400 ) ) ;
#1175 = UNCERTAINTY_MEASURE_WITH_UNIT (LENGTH_MEASURE( 1.000000000000000100E-005 ), #2775, 'distance_accuracy_value', 'NONE');
#1176 = FACE_OUTER_BOUND ( 'NONE', #4251, .T. ) ;
#1177 = CARTESIAN_POINT ( 'NONE',  ( -1.024695076595960400, -2.500000000000000000, -1.599999999999999900 ) ) ;
#1178 = DIRECTION ( 'NONE',  ( 0.0000000000000000000, 0.0000000000000000000, 1.000000000000000000 ) ) ;
#1179 = COLOUR_RGB ( '',1.000000000000000000, 1.000000000000000000, 1.000000000000000000 ) ;
#1180 = DIRECTION ( 'NONE',  ( 0.0000000000000000000, 0.0000000000000000000, 1.000000000000000000 ) ) ;
#1181 = PRESENTATION_LAYER_ASSIGNMENT (  '', '', ( #500 ) ) ;
#1182 = VERTEX_POINT ( 'NONE', #113 ) ;
#1183 = PRESENTATION_STYLE_ASSIGNMENT (( #1318 ) ) ;
#1184 = CARTESIAN_POINT ( 'NONE',  ( 0.1999999999999998700, -0.7555373219897065800, 3.683652763150745200 ) ) ;
#1185 = AXIS2_PLACEMENT_3D ( 'NONE', #98, #3698, #2141 ) ;
#1186 = PRESENTATION_STYLE_ASSIGNMENT (( #1154 ) ) ;
#1187 = CARTESIAN_POINT ( 'NONE',  ( -1.070000000000000300, -0.7380982035536775000, 3.933043775715700600 ) ) ;
#1188 = DIRECTION ( 'NONE',  ( 0.0000000000000000000, -0.06975647374412521900, -0.9975640502598243100 ) ) ;
#1189 = EDGE_CURVE ( 'NONE', #2725, #884, #3832, .T. ) ;
#1190 = SURFACE_STYLE_FILL_AREA ( #5576 ) ;
#1191 = DIRECTION ( 'NONE',  ( 0.0000000000000000000, 0.0000000000000000000, 1.000000000000000000 ) ) ;
#1192 = VERTEX_POINT ( 'NONE', #2138 ) ;
#1193 = CARTESIAN_POINT ( 'NONE',  ( -1.070000000000000300, -0.2790730578767624000, -3.900945610676609400 ) ) ;
#1194 =( GEOMETRIC_REPRESENTATION_CONTEXT ( 3 ) GLOBAL_UNCERTAINTY_ASSIGNED_CONTEXT ( ( #1248 ) ) GLOBAL_UNIT_ASSIGNED_CONTEXT ( ( #6417, #2407, #421 ) ) REPRESENTATION_CONTEXT ( 'NONE', 'WORKASPACE' ) );
#1195 = ADVANCED_FACE ( 'NONE', ( #4536 ), #5857, .F. ) ;
#1196 = CARTESIAN_POINT ( 'NONE',  ( 0.1999999999999998700, -1.100000000000000100, -4.907560881563969500 ) ) ;
#1197 = VECTOR ( 'NONE', #5632, 1000.000000000000100 ) ;
#1198 = ORIENTED_EDGE ( 'NONE', *, *, #438, .T. ) ;
#1199 = ORIENTED_EDGE ( 'NONE', *, *, #1855, .F. ) ;
#1200 = EDGE_CURVE ( 'NONE', #5795, #5779, #1147, .T. ) ;
#1201 = DIRECTION ( 'NONE',  ( -0.0000000000000000000, -1.000000000000000000, -0.0000000000000000000 ) ) ;
#1202 = DIRECTION ( 'NONE',  ( 0.0000000000000000000, 0.0000000000000000000, -1.000000000000000000 ) ) ;
#1203 = VERTEX_POINT ( 'NONE', #3164 ) ;
#1204 = PRESENTATION_LAYER_ASSIGNMENT (  '', '', ( #738 ) ) ;
#1205 = ADVANCED_FACE ( 'NONE', ( #2486 ), #4177, .T. ) ;
#1206 = ORIENTED_EDGE ( 'NONE', *, *, #3537, .F. ) ;
#1207 = DIRECTION ( 'NONE',  ( -1.000000000000000000, 0.0000000000000000000, -0.0000000000000000000 ) ) ;
#1208 = SURFACE_SIDE_STYLE ('',( #56 ) ) ;
#1209 = EDGE_CURVE ( 'NONE', #4779, #5561, #916, .T. ) ;
#1210 = PRESENTATION_STYLE_ASSIGNMENT (( #1608 ) ) ;
#1211 = ORIENTED_EDGE ( 'NONE', *, *, #1651, .F. ) ;
#1212 = DIRECTION ( 'NONE',  ( 0.0000000000000000000, 0.0000000000000000000, -1.000000000000000000 ) ) ;
#1213 = FILL_AREA_STYLE ('',( #5215 ) ) ;
#1214 = FILL_AREA_STYLE ('',( #1759 ) ) ;
#1215 = DIRECTION ( 'NONE',  ( 0.0000000000000000000, 0.9975640502598242000, 0.06975647374412664900 ) ) ;
#1216 = CARTESIAN_POINT ( 'NONE',  ( 0.1999999999999998700, -0.3000000000000000400, -3.601676395598662200 ) ) ;
#1217 = AXIS2_PLACEMENT_3D ( 'NONE', #1611, #4079, #1776 ) ;
#1218 = FILL_AREA_STYLE ('',( #1727 ) ) ;
#1219 = ORIENTED_EDGE ( 'NONE', *, *, #3326, .F. ) ;
#1220 =( NAMED_UNIT ( * ) SI_UNIT ( $, .STERADIAN. ) SOLID_ANGLE_UNIT ( ) );
#1221 = DIRECTION ( 'NONE',  ( 0.0000000000000000000, 0.0000000000000000000, 1.000000000000000000 ) ) ;
#1222 = LINE ( 'NONE', #5520, #3028 ) ;
#1223 =( NAMED_UNIT ( * ) PLANE_ANGLE_UNIT ( ) SI_UNIT ( $, .RADIAN. ) );
#1224 = AXIS2_PLACEMENT_3D ( 'NONE', #9, #5053, #5534 ) ;
#1225 = VERTEX_POINT ( 'NONE', #2770 ) ;
#1226 = CARTESIAN_POINT ( 'NONE',  ( 1.470000000000000000, -0.3000000000000000400, -3.601676395598662200 ) ) ;
#1227 = EDGE_LOOP ( 'NONE', ( #1290, #6062, #4106, #2211 ) ) ;
#1228 = CARTESIAN_POINT ( 'NONE',  ( -1.874999999999999100, 1.000000000000000000, 2.836821679442723000 ) ) ;
#1229 = ADVANCED_FACE ( 'NONE', ( #2231 ), #957, .T. ) ;
#1230 = LINE ( 'NONE', #4455, #4618 ) ;
#1231 = EDGE_CURVE ( 'NONE', #1048, #5949, #4916, .T. ) ;
#1232 = SURFACE_STYLE_USAGE ( .BOTH. , #2278 ) ;
#1233 = ORIENTED_EDGE ( 'NONE', *, *, #3867, .T. ) ;
#1234 = PRESENTATION_STYLE_ASSIGNMENT (( #4384 ) ) ;
#1235 = DIRECTION ( 'NONE',  ( -0.06975647374412545500, -0.9975640502598242000, 0.0000000000000000000 ) ) ;
#1236 = DIRECTION ( 'NONE',  ( -1.000000000000000000, -0.0000000000000000000, -0.0000000000000000000 ) ) ;
#1237 = AXIS2_PLACEMENT_3D ( 'NONE', #3145, #761, #32 ) ;
#1238 = SURFACE_STYLE_USAGE ( .BOTH. , #5284 ) ;
#1239 = VECTOR ( 'NONE', #1648, 1000.000000000000000 ) ;
#1240 =( LENGTH_UNIT ( ) NAMED_UNIT ( * ) SI_UNIT ( .MILLI., .METRE. ) );
#1241 = DIRECTION ( 'NONE',  ( 0.0000000000000000000, 0.0000000000000000000, 1.000000000000000000 ) ) ;
#1242 = ADVANCED_FACE ( 'NONE', ( #1073 ), #4777, .F. ) ;
#1243 = DIRECTION ( 'NONE',  ( 0.0000000000000000000, -1.000000000000000000, 0.0000000000000000000 ) ) ;
#1244 = ORIENTED_EDGE ( 'NONE', *, *, #956, .T. ) ;
#1245 = SURFACE_STYLE_FILL_AREA ( #841 ) ;
#1246 = AXIS2_PLACEMENT_3D ( 'NONE', #3986, #2935, #6002 ) ;
#1247 = VERTEX_POINT ( 'NONE', #6249 ) ;
#1248 = UNCERTAINTY_MEASURE_WITH_UNIT (LENGTH_MEASURE( 1.000000000000000100E-005 ), #6417, 'distance_accuracy_value', 'NONE');
#1249 = VECTOR ( 'NONE', #6017, 1000.000000000000000 ) ;
#1250 = AXIS2_PLACEMENT_3D ( 'NONE', #3046, #1988, #4513 ) ;
#1251 = CARTESIAN_POINT ( 'NONE',  ( -1.024695076595960400, -2.500000000000000000, -1.599999999999999900 ) ) ;
#1252 = LINE ( 'NONE', #5277, #1555 ) ;
#1253 = DIRECTION ( 'NONE',  ( 1.153665184517485500E-016, 0.06975647374412546900, 0.9975640502598243100 ) ) ;
#1254 = ORIENTED_EDGE ( 'NONE', *, *, #3315, .F. ) ;
#1255 = EDGE_CURVE ( 'NONE', #6053, #4601, #6360, .T. ) ;
#1256 = VECTOR ( 'NONE', #3023, 1000.000000000000100 ) ;
#1257 =( LENGTH_UNIT ( ) NAMED_UNIT ( * ) SI_UNIT ( .MILLI., .METRE. ) );
#1258 = ORIENTED_EDGE ( 'NONE', *, *, #460, .F. ) ;
#1259 = CIRCLE ( 'NONE', #6107, 0.3100000000000000000 ) ;
#1260 = EDGE_LOOP ( 'NONE', ( #4037, #439, #5608, #6305, #1165, #2049, #4110, #2660 ) ) ;
#1261 = CARTESIAN_POINT ( 'NONE',  ( 0.0000000000000000000, -7.249999999999999100, 0.0000000000000000000 ) ) ;
#1262 =( GEOMETRIC_REPRESENTATION_CONTEXT ( 3 ) GLOBAL_UNCERTAINTY_ASSIGNED_CONTEXT ( ( #3948 ) ) GLOBAL_UNIT_ASSIGNED_CONTEXT ( ( #549, #458, #4011 ) ) REPRESENTATION_CONTEXT ( 'NONE', 'WORKASPACE' ) );
#1263 = VECTOR ( 'NONE', #5614, 1000.000000000000000 ) ;
#1264 = FILL_AREA_STYLE_COLOUR ( '', #4362 ) ;
#1265 = APPLICATION_CONTEXT ( 'automotive_design' ) ;
#1266 = CIRCLE ( 'NONE', #6082, 1.400000000000000600 ) ;
#1267 =( GEOMETRIC_REPRESENTATION_CONTEXT ( 3 ) GLOBAL_UNCERTAINTY_ASSIGNED_CONTEXT ( ( #5143 ) ) GLOBAL_UNIT_ASSIGNED_CONTEXT ( ( #151, #2666, #4726 ) ) REPRESENTATION_CONTEXT ( 'NONE', 'WORKASPACE' ) );
#1268 = LINE ( 'NONE', #4815, #5566 ) ;
#1269 = DIRECTION ( 'NONE',  ( 0.0000000000000000000, -0.9975640502598243100, 0.06975647374412440000 ) ) ;
#1270 = CARTESIAN_POINT ( 'NONE',  ( -1.807951184059714000, -0.9000000000000000200, 2.432951184059714700 ) ) ;
#1271 =( NAMED_UNIT ( * ) PLANE_ANGLE_UNIT ( ) SI_UNIT ( $, .RADIAN. ) );
#1272 = DIRECTION ( 'NONE',  ( 0.0000000000000000000, -1.000000000000000000, -9.009844664146523100E-017 ) ) ;
#1273 = MECHANICAL_DESIGN_GEOMETRIC_PRESENTATION_REPRESENTATION (  '', ( #116 ), #3756 ) ;
#1274 = ORIENTED_EDGE ( 'NONE', *, *, #3859, .F. ) ;
#1275 = ADVANCED_FACE ( 'NONE', ( #4577 ), #4798, .F. ) ;
#1276 = FILL_AREA_STYLE_COLOUR ( '', #6244 ) ;
#1277 = PRESENTATION_LAYER_ASSIGNMENT (  '', '', ( #4658 ) ) ;
#1278 =( NAMED_UNIT ( * ) PLANE_ANGLE_UNIT ( ) SI_UNIT ( $, .RADIAN. ) );
#1279 = VERTEX_POINT ( 'NONE', #5794 ) ;
#1280 = FACE_OUTER_BOUND ( 'NONE', #6165, .T. ) ;
#1281 = ORIENTED_EDGE ( 'NONE', *, *, #4377, .T. ) ;
#1282 = DIRECTION ( 'NONE',  ( -0.0000000000000000000, -1.000000000000000000, -0.0000000000000000000 ) ) ;
#1283 = ORIENTED_EDGE ( 'NONE', *, *, #741, .F. ) ;
#1284 = DIRECTION ( 'NONE',  ( 0.0000000000000000000, 1.000000000000000000, 0.0000000000000000000 ) ) ;
#1285 = FACE_OUTER_BOUND ( 'NONE', #816, .T. ) ;
#1286 = FACE_OUTER_BOUND ( 'NONE', #5115, .T. ) ;
#1287 = VERTEX_POINT ( 'NONE', #5743 ) ;
#1288 = CARTESIAN_POINT ( 'NONE',  ( -0.2000000000000000900, -0.7555373219897065800, -3.683652763150745200 ) ) ;
#1289 = AXIS2_PLACEMENT_3D ( 'NONE', #5593, #5172, #4186 ) ;
#1290 = ORIENTED_EDGE ( 'NONE', *, *, #5985, .F. ) ;
#1291 = VERTEX_POINT ( 'NONE', #5259 ) ;
#1292 =( NAMED_UNIT ( * ) PLANE_ANGLE_UNIT ( ) SI_UNIT ( $, .RADIAN. ) );
#1293 = SURFACE_STYLE_FILL_AREA ( #1365 ) ;
#1294 = ORIENTED_EDGE ( 'NONE', *, *, #1940, .F. ) ;
#1295 = EDGE_CURVE ( 'NONE', #6499, #3093, #1880, .T. ) ;
#1296 = VECTOR ( 'NONE', #5319, 1000.000000000000000 ) ;
#1297 = CARTESIAN_POINT ( 'NONE',  ( 5.702345871682348400E-016, -0.9000000000000000200, -1.700000000000000600 ) ) ;
#1298 = ORIENTED_EDGE ( 'NONE', *, *, #4272, .F. ) ;
#1299 = CARTESIAN_POINT ( 'NONE',  ( 1.470000000000000000, -1.100000000000000100, 4.907560881563969500 ) ) ;
#1300 = AXIS2_PLACEMENT_3D ( 'NONE', #4754, #194, #5292 ) ;
#1301 = ORIENTED_EDGE ( 'NONE', *, *, #2698, .F. ) ;
#1302 = DIRECTION ( 'NONE',  ( 0.0000000000000000000, -1.000000000000000000, 0.0000000000000000000 ) ) ;
#1303 = ADVANCED_FACE ( 'NONE', ( #1963 ), #2276, .F. ) ;
#1304 = CARTESIAN_POINT ( 'NONE',  ( 0.0000000000000000000, -6.557179676972444900, 0.0000000000000000000 ) ) ;
#1305 = EDGE_CURVE ( 'NONE', #5093, #2223, #149, .T. ) ;
#1306 = DIRECTION ( 'NONE',  ( 0.0000000000000000000, 0.0000000000000000000, -1.000000000000000000 ) ) ;
#1307 = DIRECTION ( 'NONE',  ( -0.06975647374412546900, 0.9975640502598242000, -0.0000000000000000000 ) ) ;
#1308 = VECTOR ( 'NONE', #2858, 1000.000000000000000 ) ;
#1309 = ADVANCED_FACE ( 'NONE', ( #6513 ), #626, .F. ) ;
#1310 = SURFACE_STYLE_USAGE ( .BOTH. , #3334 ) ;
#1311 = VERTEX_POINT ( 'NONE', #2318 ) ;
#1312 = VECTOR ( 'NONE', #5186, 1000.000000000000000 ) ;
#1313 = DIRECTION ( 'NONE',  ( 0.0000000000000000000, 1.000000000000000000, 0.0000000000000000000 ) ) ;
#1314 = FACE_OUTER_BOUND ( 'NONE', #2050, .T. ) ;
#1315 = FILL_AREA_STYLE_COLOUR ( '', #4468 ) ;
#1316 =( GEOMETRIC_REPRESENTATION_CONTEXT ( 3 ) GLOBAL_UNCERTAINTY_ASSIGNED_CONTEXT ( ( #5790 ) ) GLOBAL_UNIT_ASSIGNED_CONTEXT ( ( #2066, #6115, #3071 ) ) REPRESENTATION_CONTEXT ( 'NONE', 'WORKASPACE' ) );
#1317 = ORIENTED_EDGE ( 'NONE', *, *, #6202, .F. ) ;
#1318 = SURFACE_STYLE_USAGE ( .BOTH. , #265 ) ;
#1319 = EDGE_CURVE ( 'NONE', #2248, #2137, #5896, .T. ) ;
#1320 = CARTESIAN_POINT ( 'NONE',  ( 5.322705363946669100E-016, -0.9000000000000000200, -2.320000000000000300 ) ) ;
#1321 = PRODUCT_DEFINITION_CONTEXT ( 'detailed design', #1265, 'design' ) ;
#1322 = MECHANICAL_DESIGN_GEOMETRIC_PRESENTATION_REPRESENTATION (  '', ( #2458 ), #1449 ) ;
#1323 = VECTOR ( 'NONE', #1692, 1000.000000000000000 ) ;
#1324 = VERTEX_POINT ( 'NONE', #4819 ) ;
#1325 = EDGE_LOOP ( 'NONE', ( #3636, #505, #6419, #3761 ) ) ;
#1326 = EDGE_LOOP ( 'NONE', ( #1244, #2127, #1747, #3505 ) ) ;
#1327 = DIRECTION ( 'NONE',  ( 0.0000000000000000000, 1.000000000000000000, 0.0000000000000000000 ) ) ;
#1328 = DIRECTION ( 'NONE',  ( 0.0000000000000000000, 1.000000000000000000, 0.0000000000000000000 ) ) ;
#1329 = PLANE ( 'NONE',  #5050 ) ;
#1330 = LINE ( 'NONE', #3507, #6495 ) ;
#1331 = DIRECTION ( 'NONE',  ( 1.000000000000000000, -0.0000000000000000000, -2.312964634635747400E-016 ) ) ;
#1332 =( GEOMETRIC_REPRESENTATION_CONTEXT ( 3 ) GLOBAL_UNCERTAINTY_ASSIGNED_CONTEXT ( ( #3581 ) ) GLOBAL_UNIT_ASSIGNED_CONTEXT ( ( #6490, #5482, #2446 ) ) REPRESENTATION_CONTEXT ( 'NONE', 'WORKASPACE' ) );
#1333 = ORIENTED_EDGE ( 'NONE', *, *, #1426, .F. ) ;
#1334 = ORIENTED_EDGE ( 'NONE', *, *, #6475, .F. ) ;
#1335 = ADVANCED_FACE ( 'NONE', ( #3869 ), #875, .F. ) ;
#1336 = CARTESIAN_POINT ( 'NONE',  ( 1.874999999999999100, -0.9069756473744125000, 2.499999999999999600 ) ) ;
#1337 = VERTEX_POINT ( 'NONE', #5409 ) ;
#1338 = AXIS2_PLACEMENT_3D ( 'NONE', #866, #1282, #1371 ) ;
#1339 = PRESENTATION_STYLE_ASSIGNMENT (( #5245 ) ) ;
#1340 = CYLINDRICAL_SURFACE ( 'NONE', #3098, 0.04999999999999969700 ) ;
#1341 = DIRECTION ( 'NONE',  ( 0.0000000000000000000, -0.9975640502598243100, -0.06975647374412442800 ) ) ;
#1342 = EDGE_CURVE ( 'NONE', #5676, #1633, #5028, .T. ) ;
#1343 = ADVANCED_FACE ( 'NONE', ( #5490 ), #2113, .F. ) ;
#1344 = LINE ( 'NONE', #4992, #5413 ) ;
#1345 = DIRECTION ( 'NONE',  ( 0.0000000000000000000, 0.0000000000000000000, -1.000000000000000000 ) ) ;
#1346 = PLANE ( 'NONE',  #2314 ) ;
#1347 =( NAMED_UNIT ( * ) PLANE_ANGLE_UNIT ( ) SI_UNIT ( $, .RADIAN. ) );
#1348 = SURFACE_SIDE_STYLE ('',( #4712 ) ) ;
#1349 = VECTOR ( 'NONE', #688, 1000.000000000000000 ) ;
#1350 = SURFACE_STYLE_USAGE ( .BOTH. , #5306 ) ;
#1351 = DIRECTION ( 'NONE',  ( 0.0000000000000000000, 0.06975647374412502500, -0.9975640502598243100 ) ) ;
#1352 = DIRECTION ( 'NONE',  ( -1.000000000000000000, 0.0000000000000000000, 0.0000000000000000000 ) ) ;
#1353 = ORIENTED_EDGE ( 'NONE', *, *, #1025, .T. ) ;
#1354 = DIRECTION ( 'NONE',  ( 0.0000000000000000000, 0.0000000000000000000, 1.000000000000000000 ) ) ;
#1355 = ORIENTED_EDGE ( 'NONE', *, *, #3068, .F. ) ;
#1356 = VERTEX_POINT ( 'NONE', #4423 ) ;
#1357 = ORIENTED_EDGE ( 'NONE', *, *, #803, .T. ) ;
#1358 = CARTESIAN_POINT ( 'NONE',  ( -0.2000000000000000900, -0.2500000000000001100, 3.601676395598661700 ) ) ;
#1359 = EDGE_CURVE ( 'NONE', #2373, #6483, #3318, .T. ) ;
#1360 = SURFACE_STYLE_USAGE ( .BOTH. , #6391 ) ;
#1361 = VECTOR ( 'NONE', #4206, 999.9999999999998900 ) ;
#1362 = ORIENTED_EDGE ( 'NONE', *, *, #1752, .F. ) ;
#1363 = COLOUR_RGB ( '',1.000000000000000000, 1.000000000000000000, 1.000000000000000000 ) ;
#1364 = ORIENTED_EDGE ( 'NONE', *, *, #4084, .T. ) ;
#1365 = FILL_AREA_STYLE ('',( #646 ) ) ;
#1366 = MECHANICAL_DESIGN_GEOMETRIC_PRESENTATION_REPRESENTATION (  '', ( #3172 ), #812 ) ;
#1367 = CARTESIAN_POINT ( 'NONE',  ( 0.1999999999999998700, -0.3000000000000000400, 3.601676395598662200 ) ) ;
#1368 = CIRCLE ( 'NONE', #4218, 0.04999999999999969700 ) ;
#1369 = ORIENTED_EDGE ( 'NONE', *, *, #786, .T. ) ;
#1370 = SURFACE_STYLE_FILL_AREA ( #5005 ) ;
#1371 = DIRECTION ( 'NONE',  ( 0.0000000000000000000, 0.0000000000000000000, -1.000000000000000000 ) ) ;
#1372 = VERTEX_POINT ( 'NONE', #401 ) ;
#1373 = EDGE_CURVE ( 'NONE', #3139, #5850, #5824, .T. ) ;
#1374 = CARTESIAN_POINT ( 'NONE',  ( 1.174827221408426300, -0.9000000000000000200, 1.652921966769066700 ) ) ;
#1375 = ADVANCED_FACE ( 'NONE', ( #4419 ), #2036, .T. ) ;
#1376 = CARTESIAN_POINT ( 'NONE',  ( -1.070000000000000300, -0.2500000000000001100, 2.982518297014122400 ) ) ;
#1377 = ORIENTED_EDGE ( 'NONE', *, *, #2998, .F. ) ;
#1378 = DIRECTION ( 'NONE',  ( -0.0000000000000000000, -1.000000000000000000, -0.0000000000000000000 ) ) ;
#1379 = EDGE_CURVE ( 'NONE', #6136, #5792, #791, .T. ) ;
#1380 = UNCERTAINTY_MEASURE_WITH_UNIT (LENGTH_MEASURE( 1.000000000000000100E-005 ), #2088, 'distance_accuracy_value', 'NONE');
#1381 = DIRECTION ( 'NONE',  ( 0.0000000000000000000, -1.000000000000000000, -9.009844664146523100E-017 ) ) ;
#1382 = MECHANICAL_DESIGN_GEOMETRIC_PRESENTATION_REPRESENTATION (  '', ( #1127 ), #1584 ) ;
#1383 = EDGE_LOOP ( 'NONE', ( #1634, #1355, #3009, #3001 ) ) ;
#1384 = DIRECTION ( 'NONE',  ( 0.0000000000000000000, 0.0000000000000000000, 1.000000000000000000 ) ) ;
#1385 = EDGE_CURVE ( 'NONE', #482, #862, #3070, .T. ) ;
#1386 = LINE ( 'NONE', #6163, #109 ) ;
#1387 = CARTESIAN_POINT ( 'NONE',  ( -0.2000000000000000900, -0.2500000000000002200, 3.601676395598661700 ) ) ;
#1388 = AXIS2_PLACEMENT_3D ( 'NONE', #3198, #5229, #217 ) ;
#1389 = ORIENTED_EDGE ( 'NONE', *, *, #2540, .T. ) ;
#1390 = SURFACE_STYLE_USAGE ( .BOTH. , #2844 ) ;
#1391 = EDGE_CURVE ( 'NONE', #896, #2925, #3156, .T. ) ;
#1392 = FACE_OUTER_BOUND ( 'NONE', #3298, .T. ) ;
#1393 = DIRECTION ( 'NONE',  ( -0.0000000000000000000, 1.000000000000000000, -0.0000000000000000000 ) ) ;
#1394 = SURFACE_STYLE_USAGE ( .BOTH. , #4411 ) ;
#1395 = DIRECTION ( 'NONE',  ( 0.0000000000000000000, 0.9975640502598242000, 0.06975647374412520500 ) ) ;
#1396 = ORIENTED_EDGE ( 'NONE', *, *, #878, .F. ) ;
#1397 = DIRECTION ( 'NONE',  ( -0.0000000000000000000, 0.0000000000000000000, 1.000000000000000000 ) ) ;
#1398 = LINE ( 'NONE', #5289, #5460 ) ;
#1399 = EDGE_LOOP ( 'NONE', ( #2546, #1134, #1396, #3606 ) ) ;
#1400 = LINE ( 'NONE', #2850, #364 ) ;
#1401 = DIRECTION ( 'NONE',  ( 0.0000000000000000000, -0.9975640502598243100, -0.06975647374412440000 ) ) ;
#1402 = PRESENTATION_LAYER_ASSIGNMENT (  '', '', ( #41 ) ) ;
#1403 = DIRECTION ( 'NONE',  ( 0.0000000000000000000, -0.06975647374412521900, 0.9975640502598243100 ) ) ;
#1404 = CYLINDRICAL_SURFACE ( 'NONE', #5141, 0.3100000000000000000 ) ;
#1405 = ADVANCED_FACE ( 'NONE', ( #4497 ), #945, .T. ) ;
#1406 = CARTESIAN_POINT ( 'NONE',  ( 0.0000000000000000000, -7.249999999999999100, 0.0000000000000000000 ) ) ;
#1407 = FACE_OUTER_BOUND ( 'NONE', #2457, .T. ) ;
#1408 = EDGE_CURVE ( 'NONE', #4930, #2208, #6054, .T. ) ;
#1409 = ORIENTED_EDGE ( 'NONE', *, *, #1789, .T. ) ;
#1410 = UNCERTAINTY_MEASURE_WITH_UNIT (LENGTH_MEASURE( 1.000000000000000100E-005 ), #3495, 'distance_accuracy_value', 'NONE');
#1411 = CARTESIAN_POINT ( 'NONE',  ( 0.1999999999999998700, 0.0000000000000000000, -2.999999999999999600 ) ) ;
#1412 = AXIS2_PLACEMENT_3D ( 'NONE', #2722, #4249, #2697 ) ;
#1413 = COLOUR_RGB ( '',1.000000000000000000, 1.000000000000000000, 1.000000000000000000 ) ;
#1414 = VERTEX_POINT ( 'NONE', #925 ) ;
#1415 = DIRECTION ( 'NONE',  ( 0.0000000000000000000, 1.000000000000000000, 0.0000000000000000000 ) ) ;
#1416 = DIRECTION ( 'NONE',  ( -1.000000000000000000, -0.0000000000000000000, -0.0000000000000000000 ) ) ;
#1417 = EDGE_CURVE ( 'NONE', #1279, #4895, #2847, .T. ) ;
#1418 = COLOUR_RGB ( '',1.000000000000000000, 1.000000000000000000, 1.000000000000000000 ) ;
#1419 = PLANE ( 'NONE',  #3044 ) ;
#1420 = DIRECTION ( 'NONE',  ( -0.0000000000000000000, -1.000000000000000000, -0.0000000000000000000 ) ) ;
#1421 =( GEOMETRIC_REPRESENTATION_CONTEXT ( 3 ) GLOBAL_UNCERTAINTY_ASSIGNED_CONTEXT ( ( #5212 ) ) GLOBAL_UNIT_ASSIGNED_CONTEXT ( ( #5382, #6350, #376 ) ) REPRESENTATION_CONTEXT ( 'NONE', 'WORKASPACE' ) );
#1422 = CARTESIAN_POINT ( 'NONE',  ( -1.070000000000000300, 0.0000000000000000000, 3.000000000000000000 ) ) ;
#1423 = VECTOR ( 'NONE', #5620, 1000.000000000000000 ) ;
#1424 = PRESENTATION_STYLE_ASSIGNMENT (( #5412 ) ) ;
#1425 = DIRECTION ( 'NONE',  ( -0.0000000000000000000, 1.000000000000000000, -0.0000000000000000000 ) ) ;
#1426 = EDGE_CURVE ( 'NONE', #951, #2105, #2670, .T. ) ;
#1427 = CARTESIAN_POINT ( 'NONE',  ( 0.1999999999999998700, -0.7380982035536775000, -3.933043775715700600 ) ) ;
#1428 = DIRECTION ( 'NONE',  ( 0.0000000000000000000, 0.06975647374412663500, -0.9975640502598242000 ) ) ;
#1429 = CARTESIAN_POINT ( 'NONE',  ( -1.070000000000000300, -0.2500000000000001100, -2.982518297014122400 ) ) ;
#1430 = ORIENTED_EDGE ( 'NONE', *, *, #4324, .F. ) ;
#1431 = FILL_AREA_STYLE_COLOUR ( '', #2519 ) ;
#1432 = ORIENTED_EDGE ( 'NONE', *, *, #4975, .F. ) ;
#1433 = ORIENTED_EDGE ( 'NONE', *, *, #6242, .F. ) ;
#1434 = DIRECTION ( 'NONE',  ( 0.0000000000000000000, -1.000000000000000000, 0.0000000000000000000 ) ) ;
#1435 = CARTESIAN_POINT ( 'NONE',  ( 1.470000000000000000, -0.7346103798664689300, 3.982921978228692900 ) ) ;
#1436 = ORIENTED_EDGE ( 'NONE', *, *, #700, .F. ) ;
#1437 = MECHANICAL_DESIGN_GEOMETRIC_PRESENTATION_REPRESENTATION (  '', ( #2917 ), #894 ) ;
#1438 = DIRECTION ( 'NONE',  ( -1.000000000000000000, 0.0000000000000000000, 1.156482317317873700E-016 ) ) ;
#1439 = CIRCLE ( 'NONE', #5371, 0.2999999999999999300 ) ;
#1440 = LINE ( 'NONE', #961, #5272 ) ;
#1441 = ORIENTED_EDGE ( 'NONE', *, *, #4551, .T. ) ;
#1442 = CIRCLE ( 'NONE', #1709, 0.5000000000000000000 ) ;
#1443 = ORIENTED_EDGE ( 'NONE', *, *, #900, .T. ) ;
#1444 = EDGE_CURVE ( 'NONE', #7, #3202, #3546, .T. ) ;
#1445 = FACE_OUTER_BOUND ( 'NONE', #4203, .T. ) ;
#1446 = ORIENTED_EDGE ( 'NONE', *, *, #2954, .T. ) ;
#1447 = VECTOR ( 'NONE', #1030, 1000.000000000000000 ) ;
#1448 = DIRECTION ( 'NONE',  ( -1.000000000000000000, -0.0000000000000000000, 0.0000000000000000000 ) ) ;
#1449 =( GEOMETRIC_REPRESENTATION_CONTEXT ( 3 ) GLOBAL_UNCERTAINTY_ASSIGNED_CONTEXT ( ( #3091 ) ) GLOBAL_UNIT_ASSIGNED_CONTEXT ( ( #455, #3497, #1017 ) ) REPRESENTATION_CONTEXT ( 'NONE', 'WORKASPACE' ) );
#1450 = ORIENTED_EDGE ( 'NONE', *, *, #5305, .T. ) ;
#1451 = CARTESIAN_POINT ( 'NONE',  ( 2.340036594028243900, 0.5000000000000000000, 0.5000000000000000000 ) ) ;
#1452 = CARTESIAN_POINT ( 'NONE',  ( 1.874999999999999100, 0.0000000000000000000, -2.500000000000000900 ) ) ;
#1453 = CARTESIAN_POINT ( 'NONE',  ( -0.2000000000000000900, -0.2965121763127938100, -3.651554598111652600 ) ) ;
#1454 = STYLED_ITEM ( 'NONE', ( #6409 ), #773 ) ;
#1455 = CARTESIAN_POINT ( 'NONE',  ( -1.807951184059714000, -1.000000000000000000, -2.432951184059714700 ) ) ;
#1456 = MECHANICAL_DESIGN_GEOMETRIC_PRESENTATION_REPRESENTATION (  '', ( #5362 ), #2804 ) ;
#1457 = SURFACE_STYLE_USAGE ( .BOTH. , #3438 ) ;
#1458 = DIRECTION ( 'NONE',  ( 0.0000000000000000000, 0.0000000000000000000, 1.000000000000000000 ) ) ;
#1459 = FACE_OUTER_BOUND ( 'NONE', #612, .T. ) ;
#1460 = EDGE_CURVE ( 'NONE', #3652, #3093, #4731, .T. ) ;
#1461 = CIRCLE ( 'NONE', #512, 1.900000000000000100 ) ;
#1462 = DIRECTION ( 'NONE',  ( 0.0000000000000000000, -0.9975640502598245300, 0.06975647374412140300 ) ) ;
#1463 = FACE_OUTER_BOUND ( 'NONE', #5441, .T. ) ;
#1464 = FACE_OUTER_BOUND ( 'NONE', #441, .T. ) ;
#1465 = SURFACE_SIDE_STYLE ('',( #6137 ) ) ;
#1466 = AXIS2_PLACEMENT_3D ( 'NONE', #2741, #172, #1202 ) ;
#1467 = CARTESIAN_POINT ( 'NONE',  ( -1.070000000000000300, -0.7380982035536775000, -3.933043775715700600 ) ) ;
#1468 = PLANE ( 'NONE',  #914 ) ;
#1469 = EDGE_LOOP ( 'NONE', ( #5517, #4785, #2203, #4960 ) ) ;
#1470 = SURFACE_STYLE_FILL_AREA ( #3434 ) ;
#1471 = FILL_AREA_STYLE_COLOUR ( '', #748 ) ;
#1472 = SURFACE_STYLE_USAGE ( .BOTH. , #2488 ) ;
#1473 = LINE ( 'NONE', #5704, #4554 ) ;
#1474 = FILL_AREA_STYLE_COLOUR ( '', #764 ) ;
#1475 = ORIENTED_EDGE ( 'NONE', *, *, #2919, .F. ) ;
#1476 = SURFACE_SIDE_STYLE ('',( #574 ) ) ;
#1477 = EDGE_CURVE ( 'NONE', #446, #862, #3700, .T. ) ;
#1478 = VERTEX_POINT ( 'NONE', #2109 ) ;
#1479 = MECHANICAL_DESIGN_GEOMETRIC_PRESENTATION_REPRESENTATION (  '', ( #1141 ), #3166 ) ;
#1480 = TOROIDAL_SURFACE ( 'NONE', #2876, 0.3368216794427232900, 0.1000000000000000100 ) ;
#1481 = DIRECTION ( 'NONE',  ( 0.0000000000000000000, 0.0000000000000000000, -1.000000000000000000 ) ) ;
#1482 = ORIENTED_EDGE ( 'NONE', *, *, #4139, .T. ) ;
#1483 = STYLED_ITEM ( 'NONE', ( #6477 ), #5275 ) ;
#1484 = ORIENTED_EDGE ( 'NONE', *, *, #633, .F. ) ;
#1485 = FACE_OUTER_BOUND ( 'NONE', #6316, .T. ) ;
#1486 = DIRECTION ( 'NONE',  ( 0.0000000000000000000, 0.0000000000000000000, 1.000000000000000000 ) ) ;
#1487 = EDGE_CURVE ( 'NONE', #6081, #2716, #4348, .T. ) ;
#1488 = FACE_OUTER_BOUND ( 'NONE', #452, .T. ) ;
#1489 = PLANE ( 'NONE',  #6268 ) ;
#1490 = VECTOR ( 'NONE', #5930, 1000.000000000000000 ) ;
#1491 = SURFACE_STYLE_USAGE ( .BOTH. , #6482 ) ;
#1492 = CARTESIAN_POINT ( 'NONE',  ( -0.2000000000000000900, -0.2500000000000001100, -2.982518297014122000 ) ) ;
#1493 = MECHANICAL_DESIGN_GEOMETRIC_PRESENTATION_REPRESENTATION (  '', ( #950 ), #1828 ) ;
#1494 = PRESENTATION_STYLE_ASSIGNMENT (( #3691 ) ) ;
#1495 = DIRECTION ( 'NONE',  ( 0.0000000000000000000, 0.0000000000000000000, -1.000000000000000000 ) ) ;
#1496 =( LENGTH_UNIT ( ) NAMED_UNIT ( * ) SI_UNIT ( .MILLI., .METRE. ) );
#1497 = CARTESIAN_POINT ( 'NONE',  ( -1.470000000000000200, -0.7555373219897065800, 3.683652763150745600 ) ) ;
#1498 = EDGE_CURVE ( 'NONE', #5285, #5443, #1344, .T. ) ;
#1499 = VECTOR ( 'NONE', #2346, 1000.000000000000000 ) ;
#1500 = CARTESIAN_POINT ( 'NONE',  ( -1.999999999999999100, 0.4999999999999995600, -2.199999999999996600 ) ) ;
#1501 = DIRECTION ( 'NONE',  ( -1.000000000000000000, -0.0000000000000000000, 0.0000000000000000000 ) ) ;
#1502 = CARTESIAN_POINT ( 'NONE',  ( -1.499999999999999100, 0.4999999999999995600, 2.200000000000000200 ) ) ;
#1503 = AXIS2_PLACEMENT_3D ( 'NONE', #1893, #3380, #4421 ) ;
#1504 = DIRECTION ( 'NONE',  ( 0.0000000000000000000, 0.0000000000000000000, 1.000000000000000000 ) ) ;
#1505 = DIRECTION ( 'NONE',  ( 0.0000000000000000000, 0.0000000000000000000, 1.000000000000000000 ) ) ;
#1506 = VERTEX_POINT ( 'NONE', #511 ) ;
#1507 = AXIS2_PLACEMENT_3D ( 'NONE', #2690, #736, #2646 ) ;
#1508 = EDGE_CURVE ( 'NONE', #4910, #2700, #3865, .T. ) ;
#1509 = ORIENTED_EDGE ( 'NONE', *, *, #4788, .T. ) ;
#1510 = ORIENTED_EDGE ( 'NONE', *, *, #1319, .T. ) ;
#1511 = ORIENTED_EDGE ( 'NONE', *, *, #597, .F. ) ;
#1512 = SURFACE_STYLE_USAGE ( .BOTH. , #4531 ) ;
#1513 = SURFACE_STYLE_USAGE ( .BOTH. , #4532 ) ;
#1514 = COLOUR_RGB ( '',1.000000000000000000, 1.000000000000000000, 1.000000000000000000 ) ;
#1515 = ORIENTED_EDGE ( 'NONE', *, *, #1444, .T. ) ;
#1516 = DIRECTION ( 'NONE',  ( 0.0000000000000000000, -0.9975640502598243100, 0.06975647374412442800 ) ) ;
#1517 = ORIENTED_EDGE ( 'NONE', *, *, #6288, .F. ) ;
#1518 = SURFACE_STYLE_USAGE ( .BOTH. , #3055 ) ;
#1519 = CARTESIAN_POINT ( 'NONE',  ( -2.311578084468706600, 0.9069756473744127200, 2.499999999999996900 ) ) ;
#1520 = AXIS2_PLACEMENT_3D ( 'NONE', #3398, #2898, #3377 ) ;
#1521 = SURFACE_STYLE_FILL_AREA ( #3080 ) ;
#1522 = ORIENTED_EDGE ( 'NONE', *, *, #2868, .T. ) ;
#1523 = ORIENTED_EDGE ( 'NONE', *, *, #5347, .T. ) ;
#1524 = DIRECTION ( 'NONE',  ( 0.0000000000000000000, 0.9975640502598243100, -0.06975647374412503900 ) ) ;
#1525 = DIRECTION ( 'NONE',  ( 0.0000000000000000000, 1.000000000000000000, 0.0000000000000000000 ) ) ;
#1526 = AXIS2_PLACEMENT_3D ( 'NONE', #2115, #6185, #3207 ) ;
#1527 = UNCERTAINTY_MEASURE_WITH_UNIT (LENGTH_MEASURE( 1.000000000000000100E-005 ), #686, 'distance_accuracy_value', 'NONE');
#1528 = EDGE_LOOP ( 'NONE', ( #3285, #518, #2947, #38 ) ) ;
#1529 =( LENGTH_UNIT ( ) NAMED_UNIT ( * ) SI_UNIT ( .MILLI., .METRE. ) );
#1530 = EDGE_CURVE ( 'NONE', #2980, #2204, #5970, .T. ) ;
#1531 = CARTESIAN_POINT ( 'NONE',  ( 1.174827221408426300, -1.000000000000000000, -2.272921966769066300 ) ) ;
#1532 = AXIS2_PLACEMENT_3D ( 'NONE', #5876, #355, #1384 ) ;
#1533 = ORIENTED_EDGE ( 'NONE', *, *, #252, .F. ) ;
#1534 = EDGE_CURVE ( 'NONE', #5051, #5390, #2275, .T. ) ;
#1535 = CYLINDRICAL_SURFACE ( 'NONE', #4487, 0.3099999999999999400 ) ;
#1536 = DIRECTION ( 'NONE',  ( 0.0000000000000000000, 0.0000000000000000000, -1.000000000000000000 ) ) ;
#1537 = ORIENTED_EDGE ( 'NONE', *, *, #6038, .T. ) ;
#1538 =( GEOMETRIC_REPRESENTATION_CONTEXT ( 3 ) GLOBAL_UNCERTAINTY_ASSIGNED_CONTEXT ( ( #3262 ) ) GLOBAL_UNIT_ASSIGNED_CONTEXT ( ( #4575, #2582, #29 ) ) REPRESENTATION_CONTEXT ( 'NONE', 'WORKASPACE' ) );
#1539 = LINE ( 'NONE', #2502, #3430 ) ;
#1540 = ORIENTED_EDGE ( 'NONE', *, *, #3524, .T. ) ;
#1541 = DIRECTION ( 'NONE',  ( 0.0000000000000000000, 9.009844664146523100E-017, -1.000000000000000000 ) ) ;
#1542 = ORIENTED_EDGE ( 'NONE', *, *, #1952, .F. ) ;
#1543 =( LENGTH_UNIT ( ) NAMED_UNIT ( * ) SI_UNIT ( .MILLI., .METRE. ) );
#1544 = EDGE_CURVE ( 'NONE', #3413, #6175, #1571, .T. ) ;
#1545 = CARTESIAN_POINT ( 'NONE',  ( 5.322705363946669100E-016, -1.000000000000000000, -2.010000000000000700 ) ) ;
#1546 = ORIENTED_EDGE ( 'NONE', *, *, #4237, .T. ) ;
#1547 = DIRECTION ( 'NONE',  ( 4.537807222698532000E-016, -0.9975640502598242000, -0.06975647374412545500 ) ) ;
#1548 = VERTEX_POINT ( 'NONE', #3512 ) ;
#1549 = VECTOR ( 'NONE', #5253, 1000.000000000000000 ) ;
#1550 = DIRECTION ( 'NONE',  ( 0.0000000000000000000, 0.0000000000000000000, 1.000000000000000000 ) ) ;
#1551 = DIRECTION ( 'NONE',  ( 0.0000000000000000000, -0.0000000000000000000, 1.000000000000000000 ) ) ;
#1552 = COLOUR_RGB ( '',1.000000000000000000, 1.000000000000000000, 1.000000000000000000 ) ;
#1553 = DIRECTION ( 'NONE',  ( -1.000000000000000000, -0.0000000000000000000, -0.0000000000000000000 ) ) ;
#1554 = FACE_OUTER_BOUND ( 'NONE', #5378, .T. ) ;
#1555 = VECTOR ( 'NONE', #5745, 1000.000000000000000 ) ;
#1556 = VERTEX_POINT ( 'NONE', #6 ) ;
#1557 = AXIS2_PLACEMENT_3D ( 'NONE', #5290, #3316, #4265 ) ;
#1558 = LINE ( 'NONE', #6282, #5016 ) ;
#1559 = FACE_OUTER_BOUND ( 'NONE', #6220, .T. ) ;
#1560 = DIRECTION ( 'NONE',  ( 0.06975647374412545500, 0.9975640502598242000, -4.840327704211765800E-016 ) ) ;
#1561 = CONICAL_SURFACE ( 'NONE', #685, 0.5000000000000000000, 0.06981317007977333500 ) ;
#1562 = CARTESIAN_POINT ( 'NONE',  ( 1.070000000000000100, -0.3000000000000000400, -3.601676395598662200 ) ) ;
#1563 = EDGE_CURVE ( 'NONE', #3139, #1758, #3312, .T. ) ;
#1564 = ORIENTED_EDGE ( 'NONE', *, *, #1752, .T. ) ;
#1565 = CARTESIAN_POINT ( 'NONE',  ( -1.470000000000000200, -0.2500000000000001100, 3.601676395598662200 ) ) ;
#1566 = TOROIDAL_SURFACE ( 'NONE', #4784, 0.3368216794427232900, 0.1000000000000000100 ) ;
#1567 = AXIS2_PLACEMENT_3D ( 'NONE', #267, #4319, #3812 ) ;
#1568 = DIRECTION ( 'NONE',  ( -0.0000000000000000000, -1.000000000000000000, -0.0000000000000000000 ) ) ;
#1569 = LINE ( 'NONE', #3802, #382 ) ;
#1570 = ORIENTED_EDGE ( 'NONE', *, *, #5679, .F. ) ;
#1571 = CIRCLE ( 'NONE', #4875, 0.04999999999999969700 ) ;
#1572 = VECTOR ( 'NONE', #5600, 1000.000000000000000 ) ;
#1573 = CARTESIAN_POINT ( 'NONE',  ( 2.311578084468704800, 0.9069756473744125000, -0.5000000000000000000 ) ) ;
#1574 = AXIS2_PLACEMENT_3D ( 'NONE', #2111, #3671, #1597 ) ;
#1575 = COLOUR_RGB ( '',1.000000000000000000, 1.000000000000000000, 1.000000000000000000 ) ;
#1576 = DIRECTION ( 'NONE',  ( 0.0000000000000000000, 0.9975640502598242000, 0.06975647374412520500 ) ) ;
#1577 = ORIENTED_EDGE ( 'NONE', *, *, #2838, .F. ) ;
#1578 = ORIENTED_EDGE ( 'NONE', *, *, #1055, .T. ) ;
#1579 = EDGE_CURVE ( 'NONE', #354, #4826, #5166, .T. ) ;
#1580 = DIRECTION ( 'NONE',  ( -1.000000000000000000, -0.0000000000000000000, -0.0000000000000000000 ) ) ;
#1581 =( NAMED_UNIT ( * ) PLANE_ANGLE_UNIT ( ) SI_UNIT ( $, .RADIAN. ) );
#1582 = DIRECTION ( 'NONE',  ( -0.0000000000000000000, 0.0000000000000000000, 1.000000000000000000 ) ) ;
#1583 = ORIENTED_EDGE ( 'NONE', *, *, #87, .F. ) ;
#1584 =( GEOMETRIC_REPRESENTATION_CONTEXT ( 3 ) GLOBAL_UNCERTAINTY_ASSIGNED_CONTEXT ( ( #5293 ) ) GLOBAL_UNIT_ASSIGNED_CONTEXT ( ( #2076, #4182, #631 ) ) REPRESENTATION_CONTEXT ( 'NONE', 'WORKASPACE' ) );
#1585 = VECTOR ( 'NONE', #5368, 1000.000000000000000 ) ;
#1586 = DIRECTION ( 'NONE',  ( 0.0000000000000000000, 1.000000000000000000, 0.0000000000000000000 ) ) ;
#1587 = ORIENTED_EDGE ( 'NONE', *, *, #4860, .T. ) ;
#1588 =( NAMED_UNIT ( * ) SI_UNIT ( $, .STERADIAN. ) SOLID_ANGLE_UNIT ( ) );
#1589 = ORIENTED_EDGE ( 'NONE', *, *, #568, .F. ) ;
#1590 =( GEOMETRIC_REPRESENTATION_CONTEXT ( 3 ) GLOBAL_UNCERTAINTY_ASSIGNED_CONTEXT ( ( #3995 ) ) GLOBAL_UNIT_ASSIGNED_CONTEXT ( ( #826, #307, #5831 ) ) REPRESENTATION_CONTEXT ( 'NONE', 'WORKASPACE' ) );
#1591 = CIRCLE ( 'NONE', #2895, 0.3099999999999999400 ) ;
#1592 = ORIENTED_EDGE ( 'NONE', *, *, #5936, .T. ) ;
#1593 = LINE ( 'NONE', #228, #808 ) ;
#1594 = ORIENTED_EDGE ( 'NONE', *, *, #1696, .F. ) ;
#1595 = CARTESIAN_POINT ( 'NONE',  ( -1.499999999999995800, 1.000000000000000000, -2.750000000000000400 ) ) ;
#1596 = DIRECTION ( 'NONE',  ( -1.000000000000000000, 0.0000000000000000000, -6.521098102140636100E-015 ) ) ;
#1597 = DIRECTION ( 'NONE',  ( 0.0000000000000000000, 0.0000000000000000000, -1.000000000000000000 ) ) ;
#1598 = ORIENTED_EDGE ( 'NONE', *, *, #5464, .F. ) ;
#1599 = CIRCLE ( 'NONE', #5320, 0.3100000000000000000 ) ;
#1600 = ADVANCED_FACE ( 'NONE', ( #3148 ), #144, .T. ) ;
#1601 = EDGE_LOOP ( 'NONE', ( #1837, #1625 ) ) ;
#1602 = DIRECTION ( 'NONE',  ( 0.0000000000000000000, 0.9975640502598242000, 0.06975647374412520500 ) ) ;
#1603 = AXIS2_PLACEMENT_3D ( 'NONE', #1047, #2190, #5169 ) ;
#1604 = SURFACE_STYLE_USAGE ( .BOTH. , #2655 ) ;
#1605 = CARTESIAN_POINT ( 'NONE',  ( 1.470000000000000000, -0.7555373219897065800, -3.683652763150745200 ) ) ;
#1606 = DIRECTION ( 'NONE',  ( 0.0000000000000000000, 0.06975647374412663500, -0.9975640502598242000 ) ) ;
#1607 =( GEOMETRIC_REPRESENTATION_CONTEXT ( 3 ) GLOBAL_UNCERTAINTY_ASSIGNED_CONTEXT ( ( #1840 ) ) GLOBAL_UNIT_ASSIGNED_CONTEXT ( ( #654, #5098, #3167 ) ) REPRESENTATION_CONTEXT ( 'NONE', 'WORKASPACE' ) );
#1608 = SURFACE_STYLE_USAGE ( .BOTH. , #1476 ) ;
#1609 =( NAMED_UNIT ( * ) SI_UNIT ( $, .STERADIAN. ) SOLID_ANGLE_UNIT ( ) );
#1610 = ORIENTED_EDGE ( 'NONE', *, *, #3906, .T. ) ;
#1611 = CARTESIAN_POINT ( 'NONE',  ( 2.211821679442722600, -0.9000000000000000200, 2.499999999999997300 ) ) ;
#1612 = EDGE_CURVE ( 'NONE', #4895, #2306, #4494, .T. ) ;
#1613 = VERTEX_POINT ( 'NONE', #2667 ) ;
#1614 = ORIENTED_EDGE ( 'NONE', *, *, #143, .T. ) ;
#1615 = DIRECTION ( 'NONE',  ( 0.0000000000000000000, 0.0000000000000000000, 1.000000000000000000 ) ) ;
#1616 = DIRECTION ( 'NONE',  ( 0.0000000000000000000, 0.0000000000000000000, -1.000000000000000000 ) ) ;
#1617 = VECTOR ( 'NONE', #4048, 1000.000000000000000 ) ;
#1618 = DIRECTION ( 'NONE',  ( -1.000000000000000000, 0.0000000000000000000, 0.0000000000000000000 ) ) ;
#1619 = PRESENTATION_STYLE_ASSIGNMENT (( #1513 ) ) ;
#1620 = EDGE_CURVE ( 'NONE', #472, #1613, #4098, .T. ) ;
#1621 = VECTOR ( 'NONE', #191, 1000.000000000000000 ) ;
#1622 = DIRECTION ( 'NONE',  ( -0.0000000000000000000, -1.000000000000000000, -0.0000000000000000000 ) ) ;
#1623 = CARTESIAN_POINT ( 'NONE',  ( 1.470000000000000000, -0.7346103798664711500, -3.982921978228692000 ) ) ;
#1624 = MECHANICAL_DESIGN_GEOMETRIC_PRESENTATION_REPRESENTATION (  '', ( #2073 ), #5651 ) ;
#1625 = ORIENTED_EDGE ( 'NONE', *, *, #3877, .T. ) ;
#1626 = PRESENTATION_STYLE_ASSIGNMENT (( #300 ) ) ;
#1627 = EDGE_CURVE ( 'NONE', #1225, #849, #2761, .T. ) ;
#1628 = CARTESIAN_POINT ( 'NONE',  ( -1.499999999999995600, 0.4999999999999995600, 2.700000000000000200 ) ) ;
#1629 = FILL_AREA_STYLE_COLOUR ( '', #3813 ) ;
#1630 = ADVANCED_FACE ( 'NONE', ( #1807 ), #3712, .F. ) ;
#1631 = VERTEX_POINT ( 'NONE', #3003 ) ;
#1632 = VECTOR ( 'NONE', #822, 1000.000000000000000 ) ;
#1633 = VERTEX_POINT ( 'NONE', #3670 ) ;
#1634 = ORIENTED_EDGE ( 'NONE', *, *, #5819, .T. ) ;
#1635 = SURFACE_STYLE_FILL_AREA ( #6402 ) ;
#1636 = VECTOR ( 'NONE', #28, 1000.000000000000000 ) ;
#1637 = ORIENTED_EDGE ( 'NONE', *, *, #1627, .F. ) ;
#1638 = SURFACE_STYLE_FILL_AREA ( #5650 ) ;
#1639 = DIRECTION ( 'NONE',  ( 0.0000000000000000000, 1.000000000000000000, 0.0000000000000000000 ) ) ;
#1640 = DIRECTION ( 'NONE',  ( 0.0000000000000000000, 0.0000000000000000000, -1.000000000000000000 ) ) ;
#1641 = ORIENTED_EDGE ( 'NONE', *, *, #5647, .F. ) ;
#1642 = DIRECTION ( 'NONE',  ( 0.0000000000000000000, 0.0000000000000000000, 1.000000000000000000 ) ) ;
#1643 = SURFACE_STYLE_FILL_AREA ( #4632 ) ;
#1644 = FACE_BOUND ( 'NONE', #16, .T. ) ;
#1645 = CARTESIAN_POINT ( 'NONE',  ( 2.374999999999999100, 0.0000000000000000000, 2.499999999999996000 ) ) ;
#1646 = AXIS2_PLACEMENT_3D ( 'NONE', #3604, #2108, #3556 ) ;
#1647 = FILL_AREA_STYLE_COLOUR ( '', #2431 ) ;
#1648 = DIRECTION ( 'NONE',  ( 0.0000000000000000000, 1.000000000000000000, 0.0000000000000000000 ) ) ;
#1649 = PLANE ( 'NONE',  #5526 ) ;
#1650 = DIRECTION ( 'NONE',  ( 0.06975647374412546900, -0.9975640502598243100, -0.0000000000000000000 ) ) ;
#1651 = EDGE_CURVE ( 'NONE', #3490, #4615, #5818, .T. ) ;
#1652 = SURFACE_STYLE_FILL_AREA ( #5387 ) ;
#1653 = VECTOR ( 'NONE', #1735, 1000.000000000000000 ) ;
#1654 = CARTESIAN_POINT ( 'NONE',  ( 0.1999999999999998700, -0.2965121763127938100, 3.651554598111652600 ) ) ;
#1655 = CARTESIAN_POINT ( 'NONE',  ( 5.322705363946669100E-016, -1.000000000000000000, 1.700000000000000600 ) ) ;
#1656 = DIRECTION ( 'NONE',  ( -1.000000000000000000, -0.0000000000000000000, 0.0000000000000000000 ) ) ;
#1657 = DIRECTION ( 'NONE',  ( 0.0000000000000000000, 1.000000000000000000, 0.0000000000000000000 ) ) ;
#1658 =( GEOMETRIC_REPRESENTATION_CONTEXT ( 3 ) GLOBAL_UNCERTAINTY_ASSIGNED_CONTEXT ( ( #629 ) ) GLOBAL_UNIT_ASSIGNED_CONTEXT ( ( #1257, #5234, #811 ) ) REPRESENTATION_CONTEXT ( 'NONE', 'WORKASPACE' ) );
#1659 = UNCERTAINTY_MEASURE_WITH_UNIT (LENGTH_MEASURE( 1.000000000000000100E-005 ), #3347, 'distance_accuracy_value', 'NONE');
#1660 = AXIS2_PLACEMENT_3D ( 'NONE', #5546, #2555, #5082 ) ;
#1661 = DIRECTION ( 'NONE',  ( 0.0000000000000000000, 0.0000000000000000000, -1.000000000000000000 ) ) ;
#1662 = DIRECTION ( 'NONE',  ( 0.0000000000000000000, -0.0000000000000000000, 1.000000000000000000 ) ) ;
#1663 = VERTEX_POINT ( 'NONE', #3199 ) ;
#1664 = CIRCLE ( 'NONE', #2478, 0.4365780844687058800 ) ;
#1665 = SURFACE_SIDE_STYLE ('',( #6431 ) ) ;
#1666 = AXIS2_PLACEMENT_3D ( 'NONE', #4920, #5648, #3674 ) ;
#1667 = ORIENTED_EDGE ( 'NONE', *, *, #5955, .T. ) ;
#1668 = ADVANCED_FACE ( 'NONE', ( #4955 ), #2153, .F. ) ;
#1669 = CARTESIAN_POINT ( 'NONE',  ( -1.499999999999995600, -6.220119046564577500, 2.700000000000000200 ) ) ;
#1670 = ORIENTED_EDGE ( 'NONE', *, *, #2868, .F. ) ;
#1671 = EDGE_CURVE ( 'NONE', #898, #6181, #787, .T. ) ;
#1672 = FACE_OUTER_BOUND ( 'NONE', #4298, .T. ) ;
#1673 = ORIENTED_EDGE ( 'NONE', *, *, #3273, .T. ) ;
#1674 = SURFACE_STYLE_USAGE ( .BOTH. , #179 ) ;
#1675 = CARTESIAN_POINT ( 'NONE',  ( 1.874999999999995600, -0.9069756473744127200, 2.936578084468705300 ) ) ;
#1676 = COLOUR_RGB ( '',1.000000000000000000, 1.000000000000000000, 1.000000000000000000 ) ;
#1677 = ORIENTED_EDGE ( 'NONE', *, *, #671, .F. ) ;
#1678 = DIRECTION ( 'NONE',  ( 0.0000000000000000000, 0.0000000000000000000, 1.000000000000000000 ) ) ;
#1679 = PRESENTATION_STYLE_ASSIGNMENT (( #2020 ) ) ;
#1680 = ORIENTED_EDGE ( 'NONE', *, *, #4131, .F. ) ;
#1681 = AXIS2_PLACEMENT_3D ( 'NONE', #1562, #5063, #3570 ) ;
#1682 = ORIENTED_EDGE ( 'NONE', *, *, #99, .T. ) ;
#1683 = CARTESIAN_POINT ( 'NONE',  ( -1.874999999999999100, 1.203706215242022400E-032, 3.000000000000000000 ) ) ;
#1684 = DIRECTION ( 'NONE',  ( 1.000000000000000000, 0.0000000000000000000, 0.0000000000000000000 ) ) ;
#1685 = DIRECTION ( 'NONE',  ( 0.0000000000000000000, -0.9975640502598242000, 0.06975647374412663500 ) ) ;
#1686 = DIRECTION ( 'NONE',  ( 0.0000000000000000000, 0.0000000000000000000, 1.000000000000000000 ) ) ;
#1687 = EDGE_CURVE ( 'NONE', #3375, #287, #5258, .T. ) ;
#1688 = DIRECTION ( 'NONE',  ( 0.0000000000000000000, 0.0000000000000000000, -1.000000000000000000 ) ) ;
#1689 =( GEOMETRIC_REPRESENTATION_CONTEXT ( 3 ) GLOBAL_UNCERTAINTY_ASSIGNED_CONTEXT ( ( #465 ) ) GLOBAL_UNIT_ASSIGNED_CONTEXT ( ( #233, #3263, #2706 ) ) REPRESENTATION_CONTEXT ( 'NONE', 'WORKASPACE' ) );
#1690 = CARTESIAN_POINT ( 'NONE',  ( -0.2000000000000000900, -0.7346103798664711500, -3.982921978228692000 ) ) ;
#1691 = CIRCLE ( 'NONE', #2102, 0.09999999999999982500 ) ;
#1692 = DIRECTION ( 'NONE',  ( -1.000000000000000000, -0.0000000000000000000, -0.0000000000000000000 ) ) ;
#1693 = ADVANCED_FACE ( 'NONE', ( #952 ), #4804, .F. ) ;
#1694 = CARTESIAN_POINT ( 'NONE',  ( -1.999999999999999100, -6.220119046564577500, -2.199999999999996600 ) ) ;
#1695 = ORIENTED_EDGE ( 'NONE', *, *, #3131, .T. ) ;
#1696 = EDGE_CURVE ( 'NONE', #4547, #1733, #2435, .T. ) ;
#1697 =( NAMED_UNIT ( * ) SI_UNIT ( $, .STERADIAN. ) SOLID_ANGLE_UNIT ( ) );
#1698 = AXIS2_PLACEMENT_3D ( 'NONE', #3281, #231, #5754 ) ;
#1699 = EDGE_LOOP ( 'NONE', ( #4475, #169, #1583, #1083, #6077, #882, #5470, #4899, #902, #397, #4863, #3893 ) ) ;
#1700 =( NAMED_UNIT ( * ) PLANE_ANGLE_UNIT ( ) SI_UNIT ( $, .RADIAN. ) );
#1701 = DIRECTION ( 'NONE',  ( -1.613442568070592200E-017, 0.9975640502598242000, -0.06975647374412546900 ) ) ;
#1702 = FACE_OUTER_BOUND ( 'NONE', #2856, .T. ) ;
#1703 = SURFACE_STYLE_USAGE ( .BOTH. , #2245 ) ;
#1704 = EDGE_CURVE ( 'NONE', #2327, #2781, #6121, .T. ) ;
#1705 = ORIENTED_EDGE ( 'NONE', *, *, #1696, .T. ) ;
#1706 = DIRECTION ( 'NONE',  ( 0.0000000000000000000, 0.0000000000000000000, 1.000000000000000000 ) ) ;
#1707 = ORIENTED_EDGE ( 'NONE', *, *, #5104, .F. ) ;
#1708 = FILL_AREA_STYLE_COLOUR ( '', #3129 ) ;
#1709 = AXIS2_PLACEMENT_3D ( 'NONE', #6146, #5129, #6128 ) ;
#1710 = CARTESIAN_POINT ( 'NONE',  ( 1.499999999999997300, 0.5000000000000000000, 2.750000000000000400 ) ) ;
#1711 = ORIENTED_EDGE ( 'NONE', *, *, #1104, .T. ) ;
#1712 = VERTEX_POINT ( 'NONE', #4078 ) ;
#1713 = EDGE_CURVE ( 'NONE', #4905, #1909, #5563, .T. ) ;
#1714 = CARTESIAN_POINT ( 'NONE',  ( 1.874999999999999100, 1.000000000000000000, 2.499999999999999600 ) ) ;
#1715 = DIRECTION ( 'NONE',  ( 0.0000000000000000000, 0.0000000000000000000, 1.000000000000000000 ) ) ;
#1716 = LINE ( 'NONE', #4612, #5720 ) ;
#1717 = ADVANCED_FACE ( 'NONE', ( #3623 ), #4611, .T. ) ;
#1718 = SURFACE_SIDE_STYLE ('',( #5231 ) ) ;
#1719 = CIRCLE ( 'NONE', #5992, 0.3099999999999999400 ) ;
#1720 = CARTESIAN_POINT ( 'NONE',  ( -1.499999999999999100, 0.4999999999999995600, -2.200000000000000200 ) ) ;
#1721 = FILL_AREA_STYLE ('',( #2647 ) ) ;
#1722 = CIRCLE ( 'NONE', #1557, 0.3099999999999999400 ) ;
#1723 = DIRECTION ( 'NONE',  ( 0.0000000000000000000, 0.0000000000000000000, -1.000000000000000000 ) ) ;
#1724 = ADVANCED_FACE ( 'NONE', ( #2033 ), #1089, .T. ) ;
#1725 = VERTEX_POINT ( 'NONE', #6007 ) ;
#1726 = AXIS2_PLACEMENT_3D ( 'NONE', #2931, #3457, #2398 ) ;
#1727 = FILL_AREA_STYLE_COLOUR ( '', #2644 ) ;
#1728 = FILL_AREA_STYLE ('',( #1264 ) ) ;
#1729 = CARTESIAN_POINT ( 'NONE',  ( -1.875000000000000900, 1.000000000000000000, -2.500000000000000000 ) ) ;
#1730 = EDGE_CURVE ( 'NONE', #5919, #2543, #944, .T. ) ;
#1731 = LINE ( 'NONE', #1987, #4739 ) ;
#1732 = CARTESIAN_POINT ( 'NONE',  ( -1.807951184059714000, -0.9000000000000000200, -2.432951184059714700 ) ) ;
#1733 = VERTEX_POINT ( 'NONE', #2060 ) ;
#1734 = DIRECTION ( 'NONE',  ( 0.0000000000000000000, 0.9975640502598242000, -0.06975647374412520500 ) ) ;
#1735 = DIRECTION ( 'NONE',  ( 0.0000000000000000000, -9.009844664146523100E-017, 1.000000000000000000 ) ) ;
#1736 = CARTESIAN_POINT ( 'NONE',  ( 2.374999999999999100, 0.0000000000000000000, -2.499999999999997300 ) ) ;
#1737 = ORIENTED_EDGE ( 'NONE', *, *, #170, .F. ) ;
#1738 = VECTOR ( 'NONE', #5725, 1000.000000000000000 ) ;
#1739 = ORIENTED_EDGE ( 'NONE', *, *, #4365, .F. ) ;
#1740 = EDGE_CURVE ( 'NONE', #689, #6411, #698, .T. ) ;
#1741 = DIRECTION ( 'NONE',  ( 0.0000000000000000000, -9.009844664146523100E-017, -1.000000000000000000 ) ) ;
#1742 = CARTESIAN_POINT ( 'NONE',  ( 1.874999999999999100, -1.000000000000000000, 2.499999999999999600 ) ) ;
#1743 = DIRECTION ( 'NONE',  ( -0.0000000000000000000, -1.000000000000000000, -0.0000000000000000000 ) ) ;
#1744 = LINE ( 'NONE', #4956, #5585 ) ;
#1745 = ORIENTED_EDGE ( 'NONE', *, *, #4860, .F. ) ;
#1746 = PRESENTATION_LAYER_ASSIGNMENT (  '', '', ( #3440 ) ) ;
#1747 = ORIENTED_EDGE ( 'NONE', *, *, #5625, .F. ) ;
#1748 = DIRECTION ( 'NONE',  ( 0.0000000000000000000, 0.0000000000000000000, -1.000000000000000000 ) ) ;
#1749 = ADVANCED_FACE ( 'NONE', ( #5963 ), #3458, .T. ) ;
#1750 = EDGE_LOOP ( 'NONE', ( #3261, #3173, #3889, #5070 ) ) ;
#1751 = FILL_AREA_STYLE ('',( #1708 ) ) ;
#1752 = EDGE_CURVE ( 'NONE', #1733, #4547, #1719, .T. ) ;
#1753 = VECTOR ( 'NONE', #1458, 1000.000000000000000 ) ;
#1754 = EDGE_LOOP ( 'NONE', ( #1274, #4708, #6372, #2626 ) ) ;
#1755 = LINE ( 'NONE', #5979, #2945 ) ;
#1756 = DIRECTION ( 'NONE',  ( 0.0000000000000000000, -1.000000000000000000, 0.0000000000000000000 ) ) ;
#1757 =( NAMED_UNIT ( * ) SI_UNIT ( $, .STERADIAN. ) SOLID_ANGLE_UNIT ( ) );
#1758 = VERTEX_POINT ( 'NONE', #1999 ) ;
#1759 = FILL_AREA_STYLE_COLOUR ( '', #3449 ) ;
#1760 = CARTESIAN_POINT ( 'NONE',  ( 1.470000000000000000, -5.421010862427522200E-017, 3.601676395598662200 ) ) ;
#1761 = ADVANCED_FACE ( 'NONE', ( #2833 ), #781, .T. ) ;
#1762 = DIRECTION ( 'NONE',  ( 0.0000000000000000000, 0.0000000000000000000, 1.000000000000000000 ) ) ;
#1763 = SURFACE_STYLE_USAGE ( .BOTH. , #1718 ) ;
#1764 = ORIENTED_EDGE ( 'NONE', *, *, #3094, .F. ) ;
#1765 = DIRECTION ( 'NONE',  ( -1.000000000000000000, -0.0000000000000000000, -0.0000000000000000000 ) ) ;
#1766 = STYLED_ITEM ( 'NONE', ( #5255 ), #4142 ) ;
#1767 = SURFACE_STYLE_USAGE ( .BOTH. , #3805 ) ;
#1768 = EDGE_LOOP ( 'NONE', ( #5748, #2645, #3953, #6442 ) ) ;
#1769 = VECTOR ( 'NONE', #1040, 1000.000000000000100 ) ;
#1770 = EDGE_CURVE ( 'NONE', #2130, #3328, #4647, .T. ) ;
#1771 =( NAMED_UNIT ( * ) SI_UNIT ( $, .STERADIAN. ) SOLID_ANGLE_UNIT ( ) );
#1772 = EDGE_LOOP ( 'NONE', ( #4105, #4318, #2885, #634 ) ) ;
#1773 = PLANE ( 'NONE',  #1993 ) ;
#1774 = FILL_AREA_STYLE_COLOUR ( '', #806 ) ;
#1775 = FILL_AREA_STYLE_COLOUR ( '', #6501 ) ;
#1776 = DIRECTION ( 'NONE',  ( 0.0000000000000000000, 1.000000000000000000, 8.673617379884030700E-015 ) ) ;
#1777 = PLANE ( 'NONE',  #4317 ) ;
#1778 = ORIENTED_EDGE ( 'NONE', *, *, #861, .F. ) ;
#1779 = STYLED_ITEM ( 'NONE', ( #1014 ), #288 ) ;
#1780 = ADVANCED_FACE ( 'NONE', ( #5812 ), #3780, .T. ) ;
#1781 =( NAMED_UNIT ( * ) SI_UNIT ( $, .STERADIAN. ) SOLID_ANGLE_UNIT ( ) );
#1782 = CIRCLE ( 'NONE', #429, 0.3000000000000003800 ) ;
#1783 = MECHANICAL_DESIGN_GEOMETRIC_PRESENTATION_REPRESENTATION (  '', ( #6405 ), #5690 ) ;
#1784 = ORIENTED_EDGE ( 'NONE', *, *, #1149, .F. ) ;
#1785 = FACE_BOUND ( 'NONE', #313, .T. ) ;
#1786 = SURFACE_STYLE_USAGE ( .BOTH. , #5787 ) ;
#1787 = VERTEX_POINT ( 'NONE', #3035 ) ;
#1788 = DIRECTION ( 'NONE',  ( 0.0000000000000000000, -0.9975640502598242000, 0.06975647374412520500 ) ) ;
#1789 = EDGE_CURVE ( 'NONE', #283, #4111, #5891, .T. ) ;
#1791 = ADVANCED_FACE ( 'NONE', ( #3304 ), #2101, .F. ) ;
#1790 = FACE_OUTER_BOUND ( 'NONE', #2821, .T. ) ;
#1792 = DIRECTION ( 'NONE',  ( 0.0000000000000000000, -0.0000000000000000000, -1.000000000000000000 ) ) ;
#1793 = ORIENTED_EDGE ( 'NONE', *, *, #870, .T. ) ;
#1794 = FACE_OUTER_BOUND ( 'NONE', #4979, .T. ) ;
#1795 = ORIENTED_EDGE ( 'NONE', *, *, #2596, .T. ) ;
#1796 = DIRECTION ( 'NONE',  ( 0.06975647374412545500, 0.9975640502598242000, 0.0000000000000000000 ) ) ;
#1797 =( GEOMETRIC_REPRESENTATION_CONTEXT ( 3 ) GLOBAL_UNCERTAINTY_ASSIGNED_CONTEXT ( ( #1804 ) ) GLOBAL_UNIT_ASSIGNED_CONTEXT ( ( #5568, #120, #2575 ) ) REPRESENTATION_CONTEXT ( 'NONE', 'WORKASPACE' ) );
#1798 = FACE_OUTER_BOUND ( 'NONE', #2928, .T. ) ;
#1799 = DIRECTION ( 'NONE',  ( 0.0000000000000000000, 0.0000000000000000000, -1.000000000000000000 ) ) ;
#1800 = LINE ( 'NONE', #3074, #3625 ) ;
#1801 = STYLED_ITEM ( 'NONE', ( #270 ), #5742 ) ;
#1802 = VECTOR ( 'NONE', #2799, 1000.000000000000000 ) ;
#1803 = CARTESIAN_POINT ( 'NONE',  ( 0.1999999999999998700, -0.2500000000000001100, -2.982518297014122000 ) ) ;
#1804 = UNCERTAINTY_MEASURE_WITH_UNIT (LENGTH_MEASURE( 1.000000000000000100E-005 ), #5568, 'distance_accuracy_value', 'NONE');
#1805 = CARTESIAN_POINT ( 'NONE',  ( -1.070000000000000300, -1.033879594944416400, -3.961995036105455000 ) ) ;
#1806 = ORIENTED_EDGE ( 'NONE', *, *, #5882, .T. ) ;
#1807 = FACE_OUTER_BOUND ( 'NONE', #1601, .T. ) ;
#1808 = DIRECTION ( 'NONE',  ( 0.0000000000000000000, -0.9975640502598243100, -0.06975647374412442800 ) ) ;
#1809 = FILL_AREA_STYLE_COLOUR ( '', #6016 ) ;
#1810 = EDGE_CURVE ( 'NONE', #4492, #2298, #5723, .T. ) ;
#1811 = LINE ( 'NONE', #2547, #2994 ) ;
#1812 = MECHANICAL_DESIGN_GEOMETRIC_PRESENTATION_REPRESENTATION (  '', ( #4179 ), #1066 ) ;
#1813 = CARTESIAN_POINT ( 'NONE',  ( 5.322705363946669100E-016, -0.9000000000000000200, -2.010000000000000700 ) ) ;
#1814 = ADVANCED_FACE ( 'NONE', ( #3224 ), #1566, .T. ) ;
#1815 = AXIS2_PLACEMENT_3D ( 'NONE', #1714, #5775, #1241 ) ;
#1816 = DIRECTION ( 'NONE',  ( -0.0000000000000000000, -0.0000000000000000000, 1.000000000000000000 ) ) ;
#1817 = ORIENTED_EDGE ( 'NONE', *, *, #398, .T. ) ;
#1818 = LINE ( 'NONE', #4848, #889 ) ;
#1819 = ORIENTED_EDGE ( 'NONE', *, *, #4652, .T. ) ;
#1820 = CARTESIAN_POINT ( 'NONE',  ( 0.1999999999999998700, -0.2500000000000001100, -2.982518297014122000 ) ) ;
#1821 = CARTESIAN_POINT ( 'NONE',  ( -0.2000000000000000900, -5.421010862427522200E-017, 3.601676395598662200 ) ) ;
#1822 = AXIS2_PLACEMENT_3D ( 'NONE', #298, #272, #5752 ) ;
#1823 = ORIENTED_EDGE ( 'NONE', *, *, #6050, .F. ) ;
#1824 = DIRECTION ( 'NONE',  ( 0.0000000000000000000, 0.06975647374412502500, 0.9975640502598243100 ) ) ;
#1825 = CYLINDRICAL_SURFACE ( 'NONE', #5873, 0.2999999999999999300 ) ;
#1826 = ADVANCED_FACE ( 'NONE', ( #1953 ), #4948, .T. ) ;
#1827 = DIRECTION ( 'NONE',  ( 1.000000000000000000, 0.0000000000000000000, -1.156482317317873700E-016 ) ) ;
#1828 =( GEOMETRIC_REPRESENTATION_CONTEXT ( 3 ) GLOBAL_UNCERTAINTY_ASSIGNED_CONTEXT ( ( #4145 ) ) GLOBAL_UNIT_ASSIGNED_CONTEXT ( ( #2641, #6150, #1609 ) ) REPRESENTATION_CONTEXT ( 'NONE', 'WORKASPACE' ) );
#1829 = VERTEX_POINT ( 'NONE', #4698 ) ;
#1830 = EDGE_LOOP ( 'NONE', ( #1097, #2409 ) ) ;
#1831 = ORIENTED_EDGE ( 'NONE', *, *, #4952, .T. ) ;
#1832 = EDGE_CURVE ( 'NONE', #5900, #846, #4572, .T. ) ;
#1833 = ORIENTED_EDGE ( 'NONE', *, *, #1508, .F. ) ;
#1834 = CARTESIAN_POINT ( 'NONE',  ( 0.1999999999999998700, 0.0000000000000000000, 2.999999999999999600 ) ) ;
#1835 = FILL_AREA_STYLE ('',( #2859 ) ) ;
#1836 = AXIS2_PLACEMENT_3D ( 'NONE', #3066, #6073, #5530 ) ;
#1837 = ORIENTED_EDGE ( 'NONE', *, *, #4178, .T. ) ;
#1838 = DIRECTION ( 'NONE',  ( 0.0000000000000000000, 1.000000000000000000, 0.0000000000000000000 ) ) ;
#1839 = AXIS2_PLACEMENT_3D ( 'NONE', #5072, #2548, #5034 ) ;
#1840 = UNCERTAINTY_MEASURE_WITH_UNIT (LENGTH_MEASURE( 1.000000000000000100E-005 ), #654, 'distance_accuracy_value', 'NONE');
#1841 = EDGE_CURVE ( 'NONE', #6297, #3081, #3065, .T. ) ;
#1842 = CARTESIAN_POINT ( 'NONE',  ( -0.2000000000000000900, -0.7844885823794624000, 3.979434154541485700 ) ) ;
#1843 = CARTESIAN_POINT ( 'NONE',  ( -0.2000000000000000900, 0.0000000000000000000, -2.999999999999999600 ) ) ;
#1844 = ADVANCED_FACE ( 'NONE', ( #1798 ), #3103, .F. ) ;
#1845 = ORIENTED_EDGE ( 'NONE', *, *, #3165, .T. ) ;
#1846 =( GEOMETRIC_REPRESENTATION_CONTEXT ( 3 ) GLOBAL_UNCERTAINTY_ASSIGNED_CONTEXT ( ( #4201 ) ) GLOBAL_UNIT_ASSIGNED_CONTEXT ( ( #2877, #5364, #4418 ) ) REPRESENTATION_CONTEXT ( 'NONE', 'WORKASPACE' ) );
#1847 = LINE ( 'NONE', #33, #918 ) ;
#1848 = UNCERTAINTY_MEASURE_WITH_UNIT (LENGTH_MEASURE( 1.000000000000000100E-005 ), #770, 'distance_accuracy_value', 'NONE');
#1849 = CARTESIAN_POINT ( 'NONE',  ( 1.470000000000000000, -0.7346103798664711500, 3.982921978228692000 ) ) ;
#1850 = ORIENTED_EDGE ( 'NONE', *, *, #1563, .F. ) ;
#1851 = AXIS2_PLACEMENT_3D ( 'NONE', #3353, #4375, #3310 ) ;
#1852 = CARTESIAN_POINT ( 'NONE',  ( 0.1999999999999998700, -0.2790730578767624000, -3.900945610676608900 ) ) ;
#1853 = ADVANCED_FACE ( 'NONE', ( #1485 ), #377, .F. ) ;
#1854 = EDGE_LOOP ( 'NONE', ( #3455, #3557, #1003, #1118 ) ) ;
#1855 = EDGE_CURVE ( 'NONE', #5011, #579, #871, .T. ) ;
#1856 = ORIENTED_EDGE ( 'NONE', *, *, #2070, .T. ) ;
#1857 = DIRECTION ( 'NONE',  ( 0.0000000000000000000, 0.0000000000000000000, 1.000000000000000000 ) ) ;
#1858 = FILL_AREA_STYLE ('',( #3917 ) ) ;
#1859 = DIRECTION ( 'NONE',  ( 0.0000000000000000000, 0.0000000000000000000, 1.000000000000000000 ) ) ;
#1860 = AXIS2_PLACEMENT_3D ( 'NONE', #5077, #5583, #2552 ) ;
#1861 = ORIENTED_EDGE ( 'NONE', *, *, #3094, .T. ) ;
#1862 = DIRECTION ( 'NONE',  ( 0.0000000000000000000, 1.000000000000000000, 0.0000000000000000000 ) ) ;
#1863 = CARTESIAN_POINT ( 'NONE',  ( -1.874999999999998000, 0.9069756473744127200, -2.936578084468705700 ) ) ;
#1864 = LINE ( 'NONE', #339, #2504 ) ;
#1865 = PLANE ( 'NONE',  #3549 ) ;
#1866 = EDGE_CURVE ( 'NONE', #607, #249, #5408, .T. ) ;
#1867 = CARTESIAN_POINT ( 'NONE',  ( -1.470000000000000200, -0.7844885823794622800, 3.979434154541485700 ) ) ;
#1868 = ORIENTED_EDGE ( 'NONE', *, *, #1740, .F. ) ;
#1869 = VECTOR ( 'NONE', #3064, 1000.000000000000000 ) ;
#1870 =( NAMED_UNIT ( * ) SI_UNIT ( $, .STERADIAN. ) SOLID_ANGLE_UNIT ( ) );
#1871 = CIRCLE ( 'NONE', #1503, 0.5000000000000000000 ) ;
#1872 = ORIENTED_EDGE ( 'NONE', *, *, #5366, .T. ) ;
#1873 = FACE_OUTER_BOUND ( 'NONE', #3000, .T. ) ;
#1874 =( NAMED_UNIT ( * ) SI_UNIT ( $, .STERADIAN. ) SOLID_ANGLE_UNIT ( ) );
#1875 = EDGE_CURVE ( 'NONE', #5616, #2091, #4092, .T. ) ;
#1876 = FILL_AREA_STYLE_COLOUR ( '', #2282 ) ;
#1877 = CIRCLE ( 'NONE', #1250, 0.3499999999999996400 ) ;
#1878 = CARTESIAN_POINT ( 'NONE',  ( 1.070000000000000100, -0.7346103798664711500, 3.982921978228692000 ) ) ;
#1879 = CARTESIAN_POINT ( 'NONE',  ( 0.1999999999999998700, -5.421010862427522200E-017, 3.601676395598662200 ) ) ;
#1880 = CIRCLE ( 'NONE', #3816, 0.3499999999999996400 ) ;
#1881 = AXIS2_PLACEMENT_3D ( 'NONE', #6021, #1438, #1911 ) ;
#1882 = CIRCLE ( 'NONE', #2790, 0.5500000000000001600 ) ;
#1883 =( LENGTH_UNIT ( ) NAMED_UNIT ( * ) SI_UNIT ( .MILLI., .METRE. ) );
#1884 = ADVANCED_FACE ( 'NONE', ( #2592 ), #5680, .T. ) ;
#1885 = CARTESIAN_POINT ( 'NONE',  ( 1.024695076595959900, -2.500000000000000000, 1.600000000000000300 ) ) ;
#1886 = FILL_AREA_STYLE_COLOUR ( '', #1413 ) ;
#1887 = CARTESIAN_POINT ( 'NONE',  ( -2.211821679442723500, 0.9000000000000000200, 2.499999999999997800 ) ) ;
#1888 = PRESENTATION_LAYER_ASSIGNMENT (  '', '', ( #1766 ) ) ;
#1889 = SURFACE_STYLE_FILL_AREA ( #4469 ) ;
#1890 = ORIENTED_EDGE ( 'NONE', *, *, #2294, .T. ) ;
#1891 = CARTESIAN_POINT ( 'NONE',  ( -1.070000000000000300, -0.2790730578767624000, 3.900945610676609400 ) ) ;
#1892 = EDGE_CURVE ( 'NONE', #449, #4124, #2751, .T. ) ;
#1893 = CARTESIAN_POINT ( 'NONE',  ( -1.875000000000000900, 0.0000000000000000000, -2.500000000000000000 ) ) ;
#1894 = CIRCLE ( 'NONE', #805, 0.3368216794427231800 ) ;
#1895 = EDGE_LOOP ( 'NONE', ( #4673, #1432, #6396, #492, #2180, #6098, #5507, #6343, #6149, #4021, #5100, #6414 ) ) ;
#1896 = EDGE_LOOP ( 'NONE', ( #1570, #4001, #4367, #1129 ) ) ;
#1897 = DIRECTION ( 'NONE',  ( -1.000000000000000000, -0.0000000000000000000, 0.0000000000000000000 ) ) ;
#1898 = DIRECTION ( 'NONE',  ( 0.0000000000000000000, 0.0000000000000000000, -1.000000000000000000 ) ) ;
#1899 = ORIENTED_EDGE ( 'NONE', *, *, #1025, .F. ) ;
#1900 = COLOUR_RGB ( '',1.000000000000000000, 1.000000000000000000, 1.000000000000000000 ) ;
#1901 = DIRECTION ( 'NONE',  ( -1.000000000000000000, -0.0000000000000000000, 0.0000000000000000000 ) ) ;
#1902 = ORIENTED_EDGE ( 'NONE', *, *, #6475, .T. ) ;
#1903 = DIRECTION ( 'NONE',  ( -1.000000000000000000, 0.0000000000000000000, 0.0000000000000000000 ) ) ;
#1904 = SURFACE_STYLE_USAGE ( .BOTH. , #2444 ) ;
#1905 = DIRECTION ( 'NONE',  ( -1.613442568070592200E-017, -0.9975640502598242000, -0.06975647374412546900 ) ) ;
#1906 = ORIENTED_EDGE ( 'NONE', *, *, #4482, .F. ) ;
#1907 = AXIS2_PLACEMENT_3D ( 'NONE', #2134, #5646, #3650 ) ;
#1908 = LINE ( 'NONE', #507, #1120 ) ;
#1909 = VERTEX_POINT ( 'NONE', #1655 ) ;
#1910 = DIRECTION ( 'NONE',  ( -1.000000000000000000, -0.0000000000000000000, -0.0000000000000000000 ) ) ;
#1911 = DIRECTION ( 'NONE',  ( 0.0000000000000000000, 0.0000000000000000000, 1.000000000000000000 ) ) ;
#1912 = EDGE_CURVE ( 'NONE', #769, #2508, #545, .T. ) ;
#1913 = DIRECTION ( 'NONE',  ( 0.0000000000000000000, -1.000000000000000000, 0.0000000000000000000 ) ) ;
#1914 = CARTESIAN_POINT ( 'NONE',  ( 1.070000000000000100, -0.2965121763127938100, 3.651554598111652600 ) ) ;
#1915 = UNCERTAINTY_MEASURE_WITH_UNIT (LENGTH_MEASURE( 1.000000000000000100E-005 ), #2907, 'distance_accuracy_value', 'NONE');
#1916 = STYLED_ITEM ( 'NONE', ( #2773 ), #3683 ) ;
#1917 = DIRECTION ( 'NONE',  ( 0.0000000000000000000, 1.000000000000000000, 0.0000000000000000000 ) ) ;
#1918 = CARTESIAN_POINT ( 'NONE',  ( -0.2000000000000000900, -0.7380982035536775000, 3.933043775715700600 ) ) ;
#1919 = CIRCLE ( 'NONE', #1507, 0.3499999999999996400 ) ;
#1920 = DIRECTION ( 'NONE',  ( 0.0000000000000000000, 0.9975640502598242000, 0.06975647374412664900 ) ) ;
#1921 = ORIENTED_EDGE ( 'NONE', *, *, #5696, .T. ) ;
#1922 = ORIENTED_EDGE ( 'NONE', *, *, #1563, .T. ) ;
#1923 = SURFACE_STYLE_FILL_AREA ( #3433 ) ;
#1924 = CARTESIAN_POINT ( 'NONE',  ( 1.070000000000000100, -0.7555373219897065800, 3.683652763150745200 ) ) ;
#1925 = DIRECTION ( 'NONE',  ( 0.0000000000000000000, 0.0000000000000000000, 1.000000000000000000 ) ) ;
#1926 = DIRECTION ( 'NONE',  ( 0.0000000000000000000, 0.0000000000000000000, -1.000000000000000000 ) ) ;
#1927 = ORIENTED_EDGE ( 'NONE', *, *, #4272, .T. ) ;
#1928 = SURFACE_STYLE_FILL_AREA ( #403 ) ;
#1929 = DIRECTION ( 'NONE',  ( -0.0000000000000000000, -1.000000000000000000, -0.0000000000000000000 ) ) ;
#1930 = CARTESIAN_POINT ( 'NONE',  ( -1.070000000000000300, -1.033879594944416400, 3.961995036105455000 ) ) ;
#1931 = PRODUCT_DEFINITION ( 'UNKNOWN', '', #4862, #1321 ) ;
#1932 = VERTEX_POINT ( 'NONE', #636 ) ;
#1933 = LINE ( 'NONE', #795, #674 ) ;
#1934 = AXIS2_PLACEMENT_3D ( 'NONE', #3418, #2991, #389 ) ;
#1935 = EDGE_LOOP ( 'NONE', ( #1219, #3814, #844, #6001 ) ) ;
#1936 = LINE ( 'NONE', #4674, #3287 ) ;
#1937 = CARTESIAN_POINT ( 'NONE',  ( 2.050000000000001200, 0.5000000000000000000, 2.199999999999996600 ) ) ;
#1938 = CYLINDRICAL_SURFACE ( 'NONE', #4870, 0.09999999999999982500 ) ;
#1939 = LINE ( 'NONE', #2750, #445 ) ;
#1940 = EDGE_CURVE ( 'NONE', #6181, #3169, #1172, .T. ) ;
#1941 = EDGE_LOOP ( 'NONE', ( #5055, #2244, #3942, #3410 ) ) ;
#1942 = CARTESIAN_POINT ( 'NONE',  ( 1.470000000000000000, -0.7844885823794622800, -3.979434154541485700 ) ) ;
#1943 = CARTESIAN_POINT ( 'NONE',  ( 2.000000000000000900, 1.000000000000000000, -2.199999999999996600 ) ) ;
#1944 = CARTESIAN_POINT ( 'NONE',  ( 0.1999999999999998700, -0.7346103798664689300, -3.982921978228692900 ) ) ;
#1945 = CIRCLE ( 'NONE', #2820, 0.3000000000000003800 ) ;
#1946 = AXIS2_PLACEMENT_3D ( 'NONE', #5150, #3174, #2146 ) ;
#1947 = ORIENTED_EDGE ( 'NONE', *, *, #5314, .F. ) ;
#1948 = LINE ( 'NONE', #3983, #4942 ) ;
#1949 = ORIENTED_EDGE ( 'NONE', *, *, #6338, .T. ) ;
#1950 = FILL_AREA_STYLE ('',( #1968 ) ) ;
#1951 = CARTESIAN_POINT ( 'NONE',  ( 0.1999999999999998700, -1.100000000000000100, 4.907560881563969500 ) ) ;
#1952 = EDGE_CURVE ( 'NONE', #6081, #4903, #4796, .T. ) ;
#1953 = FACE_OUTER_BOUND ( 'NONE', #5917, .T. ) ;
#1954 = LINE ( 'NONE', #6057, #4414 ) ;
#1955 = DIRECTION ( 'NONE',  ( 0.0000000000000000000, 0.9975640502598242000, -0.06975647374412664900 ) ) ;
#1956 = PLANE ( 'NONE',  #3834 ) ;
#1957 = AXIS2_PLACEMENT_3D ( 'NONE', #5789, #4729, #2767 ) ;
#1958 = EDGE_LOOP ( 'NONE', ( #1921, #6283, #6277, #5938 ) ) ;
#1959 = SURFACE_STYLE_FILL_AREA ( #3941 ) ;
#1960 = DIRECTION ( 'NONE',  ( 0.0000000000000000000, -1.000000000000000000, 0.0000000000000000000 ) ) ;
#1961 = EDGE_CURVE ( 'NONE', #1556, #2494, #2263, .T. ) ;
#1962 = FILL_AREA_STYLE_COLOUR ( '', #224 ) ;
#1963 = FACE_OUTER_BOUND ( 'NONE', #4679, .T. ) ;
#1964 = DIRECTION ( 'NONE',  ( 0.0000000000000000000, -0.9975640502598242000, -0.06975647374412663500 ) ) ;
#1965 = DIRECTION ( 'NONE',  ( -1.000000000000000000, -0.0000000000000000000, 0.0000000000000000000 ) ) ;
#1966 = CARTESIAN_POINT ( 'NONE',  ( 0.1999999999999998700, -0.2500000000000001100, 2.982518297014122000 ) ) ;
#1967 = ORIENTED_EDGE ( 'NONE', *, *, #5274, .T. ) ;
#1968 = FILL_AREA_STYLE_COLOUR ( '', #4855 ) ;
#1969 = VECTOR ( 'NONE', #5880, 1000.000000000000000 ) ;
#1970 = ORIENTED_EDGE ( 'NONE', *, *, #1770, .F. ) ;
#1971 = ORIENTED_EDGE ( 'NONE', *, *, #5555, .T. ) ;
#1972 = DIRECTION ( 'NONE',  ( 0.0000000000000000000, -1.000000000000000000, 0.0000000000000000000 ) ) ;
#1973 = CARTESIAN_POINT ( 'NONE',  ( 0.1999999999999998700, -0.7555373219897065800, -3.683652763150745200 ) ) ;
#1974 = AXIS2_PLACEMENT_3D ( 'NONE', #1216, #5731, #1762 ) ;
#1975 = CARTESIAN_POINT ( 'NONE',  ( 1.874999999999999100, -0.9000000000000000200, -2.500000000000000900 ) ) ;
#1976 = VECTOR ( 'NONE', #4338, 1000.000000000000100 ) ;
#1977 = ORIENTED_EDGE ( 'NONE', *, *, #178, .T. ) ;
#1978 = VECTOR ( 'NONE', #6106, 1000.000000000000000 ) ;
#1979 = ORIENTED_EDGE ( 'NONE', *, *, #4991, .F. ) ;
#1980 = DIRECTION ( 'NONE',  ( 0.0000000000000000000, -1.000000000000000000, 0.0000000000000000000 ) ) ;
#1981 = EDGE_CURVE ( 'NONE', #354, #943, #4247, .T. ) ;
#1982 = FACE_OUTER_BOUND ( 'NONE', #2380, .T. ) ;
#1983 = ORIENTED_EDGE ( 'NONE', *, *, #4983, .F. ) ;
#1984 = DIRECTION ( 'NONE',  ( 0.0000000000000000000, 0.0000000000000000000, -1.000000000000000000 ) ) ;
#1985 = AXIS2_PLACEMENT_3D ( 'NONE', #177, #2158, #4691 ) ;
#1986 = EDGE_LOOP ( 'NONE', ( #2026, #1637, #5803, #168 ) ) ;
#1987 = CARTESIAN_POINT ( 'NONE',  ( -1.499999999999995300, 1.000000000000000000, 2.750000000000000400 ) ) ;
#1988 = DIRECTION ( 'NONE',  ( 0.0000000000000000000, -1.000000000000000000, 0.0000000000000000000 ) ) ;
#1989 = VERTEX_POINT ( 'NONE', #2733 ) ;
#1990 = MECHANICAL_DESIGN_GEOMETRIC_PRESENTATION_REPRESENTATION (  '', ( #2664 ), #993 ) ;
#1991 =( NAMED_UNIT ( * ) PLANE_ANGLE_UNIT ( ) SI_UNIT ( $, .RADIAN. ) );
#1992 = DIRECTION ( 'NONE',  ( 2.125036258071588700E-014, 0.0000000000000000000, 1.000000000000000000 ) ) ;
#1993 = AXIS2_PLACEMENT_3D ( 'NONE', #4346, #4849, #2305 ) ;
#1994 = FILL_AREA_STYLE ('',( #1474 ) ) ;
#1995 = DIRECTION ( 'NONE',  ( 0.0000000000000000000, 0.9975640502598245300, -0.06975647374412140300 ) ) ;
#1996 = MANIFOLD_SOLID_BREP ( 'Boss-Extrude3', #4562 ) ;
#1997 = ADVANCED_FACE ( 'NONE', ( #4404 ), #3237, .T. ) ;
#1998 = EDGE_CURVE ( 'NONE', #2210, #2536, #59, .T. ) ;
#1999 = CARTESIAN_POINT ( 'NONE',  ( 0.1999999999999998700, -0.8506089874350454300, -4.924999999999999800 ) ) ;
#2000 = DIRECTION ( 'NONE',  ( -1.000000000000000000, -0.0000000000000000000, -0.0000000000000000000 ) ) ;
#2001 = PRESENTATION_STYLE_ASSIGNMENT (( #6486 ) ) ;
#2002 = CIRCLE ( 'NONE', #1388, 0.2999999999999994900 ) ;
#2003 = DIRECTION ( 'NONE',  ( -0.0000000000000000000, -1.000000000000000000, -0.0000000000000000000 ) ) ;
#2004 = ORIENTED_EDGE ( 'NONE', *, *, #1391, .F. ) ;
#2005 =( NAMED_UNIT ( * ) PLANE_ANGLE_UNIT ( ) SI_UNIT ( $, .RADIAN. ) );
#2006 = AXIS2_PLACEMENT_3D ( 'NONE', #1975, #4437, #5975 ) ;
#2007 = DIRECTION ( 'NONE',  ( 0.0000000000000000000, 0.06975647374412440000, -0.9975640502598243100 ) ) ;
#2008 = CARTESIAN_POINT ( 'NONE',  ( -1.470000000000000200, -0.2500000000000001100, 2.982518297014122400 ) ) ;
#2009 = ORIENTED_EDGE ( 'NONE', *, *, #5131, .F. ) ;
#2010 = FACE_OUTER_BOUND ( 'NONE', #2193, .T. ) ;
#2011 = ORIENTED_EDGE ( 'NONE', *, *, #2156, .T. ) ;
#2012 = CARTESIAN_POINT ( 'NONE',  ( -1.470000000000000200, -0.7555373219897065800, -3.683652763150745600 ) ) ;
#2013 = EDGE_CURVE ( 'NONE', #1829, #5011, #1558, .T. ) ;
#2014 =( GEOMETRIC_REPRESENTATION_CONTEXT ( 3 ) GLOBAL_UNCERTAINTY_ASSIGNED_CONTEXT ( ( #256 ) ) GLOBAL_UNIT_ASSIGNED_CONTEXT ( ( #208, #5757, #4230 ) ) REPRESENTATION_CONTEXT ( 'NONE', 'WORKASPACE' ) );
#2015 = VECTOR ( 'NONE', #2472, 1000.000000000000000 ) ;
#2016 = DIRECTION ( 'NONE',  ( 0.0000000000000000000, -1.000000000000000000, 0.0000000000000000000 ) ) ;
#2017 = ORIENTED_EDGE ( 'NONE', *, *, #3745, .F. ) ;
#2018 = CIRCLE ( 'NONE', #1815, 0.3368216794427231800 ) ;
#2019 = DIRECTION ( 'NONE',  ( 0.0000000000000000000, 1.000000000000000000, 0.0000000000000000000 ) ) ;
#2020 = SURFACE_STYLE_USAGE ( .BOTH. , #4543 ) ;
#2021 = DIRECTION ( 'NONE',  ( -0.0000000000000000000, 1.000000000000000000, 0.0000000000000000000 ) ) ;
#2022 = EDGE_CURVE ( 'NONE', #2135, #4434, #5080, .T. ) ;
#2023 = CARTESIAN_POINT ( 'NONE',  ( -0.2000000000000000900, -5.421010862427522200E-017, -3.601676395598662200 ) ) ;
#2024 = AXIS2_PLACEMENT_3D ( 'NONE', #4883, #2370, #6376 ) ;
#2025 = CARTESIAN_POINT ( 'NONE',  ( -0.2000000000000000900, -0.3000000000000001000, -3.601676395598661700 ) ) ;
#2026 = ORIENTED_EDGE ( 'NONE', *, *, #5260, .T. ) ;
#2027 = AXIS2_PLACEMENT_3D ( 'NONE', #845, #2361, #5004 ) ;
#2028 = DIRECTION ( 'NONE',  ( -1.000000000000000000, 0.0000000000000000000, 2.312964634635747400E-016 ) ) ;
#2029 = LINE ( 'NONE', #4329, #784 ) ;
#2030 = FILL_AREA_STYLE ('',( #3109 ) ) ;
#2031 = DIRECTION ( 'NONE',  ( 0.0000000000000000000, -0.9975640502598242000, -0.06975647374412520500 ) ) ;
#2032 = AXIS2_PLACEMENT_3D ( 'NONE', #2284, #744, #4284 ) ;
#2033 = FACE_OUTER_BOUND ( 'NONE', #810, .T. ) ;
#2034 = VECTOR ( 'NONE', #1618, 1000.000000000000000 ) ;
#2035 = EDGE_CURVE ( 'NONE', #5537, #3652, #2511, .T. ) ;
#2036 = TOROIDAL_SURFACE ( 'NONE', #2544, 0.3368216794427232900, 0.1000000000000000100 ) ;
#2037 = CARTESIAN_POINT ( 'NONE',  ( 1.470000000000000000, -5.421010862427522200E-017, -3.601676395598662200 ) ) ;
#2038 = CARTESIAN_POINT ( 'NONE',  ( -1.174827221408426300, -0.9000000000000000200, -1.962921966769066500 ) ) ;
#2039 = AXIS2_PLACEMENT_3D ( 'NONE', #1973, #6018, #3987 ) ;
#2040 = CARTESIAN_POINT ( 'NONE',  ( 0.0000000000000000000, -7.249999999999999100, 0.0000000000000000000 ) ) ;
#2041 = PRODUCT_DEFINITION_SHAPE ( 'NONE', 'NONE',  #1931 ) ;
#2042 = AXIS2_PLACEMENT_3D ( 'NONE', #5666, #5687, #4242 ) ;
#2043 = EDGE_CURVE ( 'NONE', #896, #2210, #2353, .T. ) ;
#2044 = ORIENTED_EDGE ( 'NONE', *, *, #5031, .T. ) ;
#2045 = EDGE_LOOP ( 'NONE', ( #2944, #779, #1705, #5567 ) ) ;
#2046 = PLANE ( 'NONE',  #2993 ) ;
#2047 = DIRECTION ( 'NONE',  ( 0.0000000000000000000, -1.000000000000000000, 0.0000000000000000000 ) ) ;
#2048 = VECTOR ( 'NONE', #5654, 1000.000000000000100 ) ;
#2049 = ORIENTED_EDGE ( 'NONE', *, *, #5060, .T. ) ;
#2050 = EDGE_LOOP ( 'NONE', ( #1711, #4962, #6142, #1522 ) ) ;
#2051 = VERTEX_POINT ( 'NONE', #5219 ) ;
#2052 = PRESENTATION_LAYER_ASSIGNMENT (  '', '', ( #3503 ) ) ;
#2053 = FACE_OUTER_BOUND ( 'NONE', #2800, .T. ) ;
#2054 = ORIENTED_EDGE ( 'NONE', *, *, #956, .F. ) ;
#2055 = ORIENTED_EDGE ( 'NONE', *, *, #4581, .F. ) ;
#2056 = FILL_AREA_STYLE ('',( #5062 ) ) ;
#2057 = AXIS2_PLACEMENT_3D ( 'NONE', #5058, #3076, #77 ) ;
#2058 =( NAMED_UNIT ( * ) PLANE_ANGLE_UNIT ( ) SI_UNIT ( $, .RADIAN. ) );
#2059 = EDGE_LOOP ( 'NONE', ( #5982, #3019, #2894, #536, #3757, #5623, #1823, #1850, #3920, #6472, #891, #3017 ) ) ;
#2060 = CARTESIAN_POINT ( 'NONE',  ( 5.322705363946669100E-016, -1.000000000000000000, -2.320000000000000300 ) ) ;
#2061 = DIRECTION ( 'NONE',  ( -0.0000000000000000000, -1.000000000000000000, -0.0000000000000000000 ) ) ;
#2062 = ORIENTED_EDGE ( 'NONE', *, *, #5237, .T. ) ;
#2063 = EDGE_CURVE ( 'NONE', #6160, #5121, #3695, .T. ) ;
#2064 = DIRECTION ( 'NONE',  ( -1.000000000000000000, -0.0000000000000000000, -0.0000000000000000000 ) ) ;
#2065 = AXIS2_PLACEMENT_3D ( 'NONE', #5467, #4644, #4529 ) ;
#2066 =( LENGTH_UNIT ( ) NAMED_UNIT ( * ) SI_UNIT ( .MILLI., .METRE. ) );
#2067 = DIRECTION ( 'NONE',  ( 0.0000000000000000000, 0.9975640502598245300, -0.06975647374412140300 ) ) ;
#2068 = DIRECTION ( 'NONE',  ( -1.000000000000000000, -0.0000000000000000000, -0.0000000000000000000 ) ) ;
#2069 = ORIENTED_EDGE ( 'NONE', *, *, #4253, .F. ) ;
#2070 = EDGE_CURVE ( 'NONE', #4376, #428, #1019, .T. ) ;
#2071 = CARTESIAN_POINT ( 'NONE',  ( 1.470000000000000000, -0.2500000000000001100, 2.982518297014122000 ) ) ;
#2072 = UNCERTAINTY_MEASURE_WITH_UNIT (LENGTH_MEASURE( 1.000000000000000100E-005 ), #145, 'distance_accuracy_value', 'NONE');
#2073 = STYLED_ITEM ( 'NONE', ( #5718 ), #2792 ) ;
#2074 = EDGE_LOOP ( 'NONE', ( #1971, #1592 ) ) ;
#2075 = SURFACE_SIDE_STYLE ('',( #2496 ) ) ;
#2076 =( LENGTH_UNIT ( ) NAMED_UNIT ( * ) SI_UNIT ( .MILLI., .METRE. ) );
#2077 = CARTESIAN_POINT ( 'NONE',  ( 0.1999999999999998700, -0.2790730578767624000, 3.900945610676608900 ) ) ;
#2078 = CIRCLE ( 'NONE', #5134, 0.3499999999999996400 ) ;
#2079 = EDGE_CURVE ( 'NONE', #5561, #3268, #2183, .T. ) ;
#2080 = CARTESIAN_POINT ( 'NONE',  ( 5.322705363946669100E-016, -1.000000000000000000, -2.010000000000000700 ) ) ;
#2081 = ORIENTED_EDGE ( 'NONE', *, *, #2227, .T. ) ;
#2082 = LINE ( 'NONE', #3360, #596 ) ;
#2083 = DIRECTION ( 'NONE',  ( 0.0000000000000000000, 0.0000000000000000000, -1.000000000000000000 ) ) ;
#2084 = LINE ( 'NONE', #4160, #1239 ) ;
#2085 = ORIENTED_EDGE ( 'NONE', *, *, #5936, .F. ) ;
#2086 = DIRECTION ( 'NONE',  ( 0.0000000000000000000, -0.06975647374412440000, 0.9975640502598243100 ) ) ;
#2087 = ORIENTED_EDGE ( 'NONE', *, *, #4844, .T. ) ;
#2088 =( LENGTH_UNIT ( ) NAMED_UNIT ( * ) SI_UNIT ( .MILLI., .METRE. ) );
#2089 = CARTESIAN_POINT ( 'NONE',  ( -1.070000000000000300, -0.7555373219897065800, 3.683652763150745600 ) ) ;
#2090 = LINE ( 'NONE', #1187, #2903 ) ;
#2091 = VERTEX_POINT ( 'NONE', #1803 ) ;
#2092 = MECHANICAL_DESIGN_GEOMETRIC_PRESENTATION_REPRESENTATION (  '', ( #1766 ), #2014 ) ;
#2093 = ORIENTED_EDGE ( 'NONE', *, *, #222, .T. ) ;
#2094 = VECTOR ( 'NONE', #4463, 1000.000000000000000 ) ;
#2095 = DIRECTION ( 'NONE',  ( 0.0000000000000000000, 0.0000000000000000000, 1.000000000000000000 ) ) ;
#2096 = FILL_AREA_STYLE ('',( #571 ) ) ;
#2097 = FACE_OUTER_BOUND ( 'NONE', #854, .T. ) ;
#2098 = DIRECTION ( 'NONE',  ( 0.0000000000000000000, 0.0000000000000000000, -1.000000000000000000 ) ) ;
#2099 = EDGE_CURVE ( 'NONE', #1337, #2317, #6044, .T. ) ;
#2100 = ORIENTED_EDGE ( 'NONE', *, *, #4524, .T. ) ;
#2101 = CYLINDRICAL_SURFACE ( 'NONE', #5867, 0.5500000000000001600 ) ;
#2102 = AXIS2_PLACEMENT_3D ( 'NONE', #3541, #521, #716 ) ;
#2103 = FACE_OUTER_BOUND ( 'NONE', #1157, .T. ) ;
#2104 = PRESENTATION_STYLE_ASSIGNMENT (( #1310 ) ) ;
#2105 = VERTEX_POINT ( 'NONE', #2329 ) ;
#2106 = AXIS2_PLACEMENT_3D ( 'NONE', #4786, #4814, #5251 ) ;
#2107 = SURFACE_STYLE_FILL_AREA ( #1721 ) ;
#2108 = DIRECTION ( 'NONE',  ( -0.0000000000000000000, 1.000000000000000000, -0.0000000000000000000 ) ) ;
#2109 = CARTESIAN_POINT ( 'NONE',  ( 1.499999999999997300, 1.000000000000000000, 2.700000000000000200 ) ) ;
#2110 = UNCERTAINTY_MEASURE_WITH_UNIT (LENGTH_MEASURE( 1.000000000000000100E-005 ), #5025, 'distance_accuracy_value', 'NONE');
#2111 = CARTESIAN_POINT ( 'NONE',  ( 2.050000000000001200, 0.5000000000000000000, -0.5000000000000000000 ) ) ;
#2112 = ADVANCED_FACE ( 'NONE', ( #865 ), #2307, .F. ) ;
#2113 = CYLINDRICAL_SURFACE ( 'NONE', #2884, 0.04999999999999969700 ) ;
#2114 = SURFACE_STYLE_FILL_AREA ( #5227 ) ;
#2115 = CARTESIAN_POINT ( 'NONE',  ( 1.807951184059714000, -0.9000000000000000200, 2.432951184059714700 ) ) ;
#2116 = EDGE_CURVE ( 'NONE', #5351, #2142, #4637, .T. ) ;
#2117 = DIRECTION ( 'NONE',  ( -0.0000000000000000000, 1.000000000000000000, -0.0000000000000000000 ) ) ;
#2118 = DIRECTION ( 'NONE',  ( 0.0000000000000000000, 0.0000000000000000000, 1.000000000000000000 ) ) ;
#2119 = DIRECTION ( 'NONE',  ( -0.0000000000000000000, -1.000000000000000000, -0.0000000000000000000 ) ) ;
#2120 = ORIENTED_EDGE ( 'NONE', *, *, #4844, .F. ) ;
#2121 = AXIS2_PLACEMENT_3D ( 'NONE', #4161, #5102, #1086 ) ;
#2122 = FACE_BOUND ( 'NONE', #4235, .T. ) ;
#2123 = DIRECTION ( 'NONE',  ( 0.0000000000000000000, 0.0000000000000000000, -1.000000000000000000 ) ) ;
#2124 = ORIENTED_EDGE ( 'NONE', *, *, #2434, .F. ) ;
#2125 = CARTESIAN_POINT ( 'NONE',  ( -1.874999999999998700, 1.000000000000000000, -2.836821679442723900 ) ) ;
#2126 = UNCERTAINTY_MEASURE_WITH_UNIT (LENGTH_MEASURE( 1.000000000000000100E-005 ), #701, 'distance_accuracy_value', 'NONE');
#2127 = ORIENTED_EDGE ( 'NONE', *, *, #5721, .F. ) ;
#2128 = VECTOR ( 'NONE', #6333, 1000.000000000000000 ) ;
#2129 = VERTEX_POINT ( 'NONE', #4872 ) ;
#2130 = VERTEX_POINT ( 'NONE', #3350 ) ;
#2131 = FILL_AREA_STYLE_COLOUR ( '', #5825 ) ;
#2132 = CARTESIAN_POINT ( 'NONE',  ( -1.807951184059714000, -0.9000000000000000200, -2.782951184059714300 ) ) ;
#2133 = DIRECTION ( 'NONE',  ( 1.000000000000000000, 0.0000000000000000000, 0.0000000000000000000 ) ) ;
#2134 = CARTESIAN_POINT ( 'NONE',  ( -0.2000000000000000900, -0.3000000000000000400, -3.601676395598662200 ) ) ;
#2135 = VERTEX_POINT ( 'NONE', #5864 ) ;
#2136 = FACE_OUTER_BOUND ( 'NONE', #371, .T. ) ;
#2137 = VERTEX_POINT ( 'NONE', #3903 ) ;
#2138 = CARTESIAN_POINT ( 'NONE',  ( 1.714505518806295400E-016, -2.500000000000000400, -1.400000000000000600 ) ) ;
#2139 = EDGE_CURVE ( 'NONE', #4442, #579, #1864, .T. ) ;
#2140 = PRODUCT_RELATED_PRODUCT_CATEGORY ( 'part', '', ( #5971 ) ) ;
#2141 = DIRECTION ( 'NONE',  ( 0.0000000000000000000, 0.0000000000000000000, -1.000000000000000000 ) ) ;
#2142 = VERTEX_POINT ( 'NONE', #1842 ) ;
#2143 = CARTESIAN_POINT ( 'NONE',  ( -0.2000000000000000900, -1.100000000000000100, 4.907560881563969500 ) ) ;
#2144 =( GEOMETRIC_REPRESENTATION_CONTEXT ( 3 ) GLOBAL_UNCERTAINTY_ASSIGNED_CONTEXT ( ( #1848 ) ) GLOBAL_UNIT_ASSIGNED_CONTEXT ( ( #770, #3309, #4374 ) ) REPRESENTATION_CONTEXT ( 'NONE', 'WORKASPACE' ) );
#2145 = DIRECTION ( 'NONE',  ( 0.0000000000000000000, -0.0000000000000000000, 1.000000000000000000 ) ) ;
#2146 = DIRECTION ( 'NONE',  ( 0.0000000000000000000, 0.0000000000000000000, 1.000000000000000000 ) ) ;
#2147 = EDGE_CURVE ( 'NONE', #3413, #5351, #5393, .T. ) ;
#2148 = DIRECTION ( 'NONE',  ( 0.0000000000000000000, 0.0000000000000000000, 1.000000000000000000 ) ) ;
#2149 = AXIS2_PLACEMENT_3D ( 'NONE', #3153, #1105, #3682 ) ;
#2150 = ORIENTED_EDGE ( 'NONE', *, *, #2939, .F. ) ;
#2151 = DIRECTION ( 'NONE',  ( -1.000000000000000000, -0.0000000000000000000, 0.0000000000000000000 ) ) ;
#2152 = VECTOR ( 'NONE', #1602, 1000.000000000000100 ) ;
#2153 = PLANE ( 'NONE',  #4534 ) ;
#2154 =( NAMED_UNIT ( * ) SI_UNIT ( $, .STERADIAN. ) SOLID_ANGLE_UNIT ( ) );
#2155 = CIRCLE ( 'NONE', #2260, 0.3100000000000000000 ) ;
#2156 = EDGE_CURVE ( 'NONE', #2405, #2317, #5874, .T. ) ;
#2157 = ORIENTED_EDGE ( 'NONE', *, *, #1373, .F. ) ;
#2158 = DIRECTION ( 'NONE',  ( 0.0000000000000000000, -1.000000000000000000, 0.0000000000000000000 ) ) ;
#2159 = FACE_OUTER_BOUND ( 'NONE', #2891, .T. ) ;
#2160 = PRESENTATION_LAYER_ASSIGNMENT (  '', '', ( #1160 ) ) ;
#2161 = EDGE_LOOP ( 'NONE', ( #1362, #1594 ) ) ;
#2162 = SURFACE_STYLE_FILL_AREA ( #367 ) ;
#2163 =( NAMED_UNIT ( * ) SI_UNIT ( $, .STERADIAN. ) SOLID_ANGLE_UNIT ( ) );
#2164 = DIRECTION ( 'NONE',  ( -2.307330369034971100E-016, 0.06975647374412546900, -0.9975640502598243100 ) ) ;
#2165 = DIRECTION ( 'NONE',  ( -0.0000000000000000000, -1.000000000000000000, -0.0000000000000000000 ) ) ;
#2166 = ORIENTED_EDGE ( 'NONE', *, *, #4053, .T. ) ;
#2167 = STYLED_ITEM ( 'NONE', ( #6471 ), #5693 ) ;
#2168 = EDGE_CURVE ( 'NONE', #2105, #1787, #5321, .T. ) ;
#2169 = CYLINDRICAL_SURFACE ( 'NONE', #2584, 0.04999999999999969700 ) ;
#2170 = DIRECTION ( 'NONE',  ( 0.0000000000000000000, 0.9975640502598242000, -0.06975647374412664900 ) ) ;
#2171 = DIRECTION ( 'NONE',  ( -0.0000000000000000000, -1.000000000000000000, -0.0000000000000000000 ) ) ;
#2172 = CARTESIAN_POINT ( 'NONE',  ( 1.470000000000000000, -0.3000000000000000400, 3.601676395598662200 ) ) ;
#2173 = CARTESIAN_POINT ( 'NONE',  ( -1.174827221408426300, -0.9000000000000000200, 1.962921966769066500 ) ) ;
#2174 = EDGE_LOOP ( 'NONE', ( #3647, #5914, #3118, #5758 ) ) ;
#2175 = ORIENTED_EDGE ( 'NONE', *, *, #4879, .F. ) ;
#2176 = FILL_AREA_STYLE ('',( #2131 ) ) ;
#2177 = SURFACE_STYLE_FILL_AREA ( #1994 ) ;
#2178 = FACE_BOUND ( 'NONE', #3992, .T. ) ;
#2179 = CARTESIAN_POINT ( 'NONE',  ( -1.874999999999999100, 2.407412430484044800E-032, -3.000000000000000000 ) ) ;
#2180 = ORIENTED_EDGE ( 'NONE', *, *, #418, .F. ) ;
#2181 = CARTESIAN_POINT ( 'NONE',  ( 0.0000000000000000000, -2.500000000000000400, 0.0000000000000000000 ) ) ;
#2182 = STYLED_ITEM ( 'NONE', ( #5271 ), #6291 ) ;
#2183 = CIRCLE ( 'NONE', #524, 0.3368216794427231800 ) ;
#2184 = ADVANCED_FACE ( 'NONE', ( #5473 ), #1404, .F. ) ;
#2185 = MECHANICAL_DESIGN_GEOMETRIC_PRESENTATION_REPRESENTATION (  '', ( #41 ), #4692 ) ;
#2186 = FACE_OUTER_BOUND ( 'NONE', #4589, .T. ) ;
#2187 = CARTESIAN_POINT ( 'NONE',  ( 2.050000000000001200, 0.5000000000000000000, -0.5000000000000000000 ) ) ;
#2188 = PLANE ( 'NONE',  #3010 ) ;
#2189 = CARTESIAN_POINT ( 'NONE',  ( 1.874999999999996000, 1.000000000000000000, 2.836821679442723000 ) ) ;
#2190 = DIRECTION ( 'NONE',  ( 0.0000000000000000000, 1.000000000000000000, 0.0000000000000000000 ) ) ;
#2191 = EDGE_CURVE ( 'NONE', #1478, #1291, #4002, .T. ) ;
#2192 = FACE_OUTER_BOUND ( 'NONE', #4449, .T. ) ;
#2193 = EDGE_LOOP ( 'NONE', ( #2124, #3715, #6063, #1523 ) ) ;
#2194 = VECTOR ( 'NONE', #1032, 1000.000000000000000 ) ;
#2195 = LINE ( 'NONE', #4725, #4263 ) ;
#2196 = CARTESIAN_POINT ( 'NONE',  ( -1.999999999999999100, 1.000000000000000000, 2.199999999999996600 ) ) ;
#2197 = MANIFOLD_SOLID_BREP ( 'Cut-Extrude3', #4620 ) ;
#2198 = EDGE_CURVE ( 'NONE', #1613, #951, #2901, .T. ) ;
#2199 = DIRECTION ( 'NONE',  ( 1.000000000000000000, 0.0000000000000000000, 0.0000000000000000000 ) ) ;
#2200 = DIRECTION ( 'NONE',  ( -0.0000000000000000000, 1.000000000000000000, 0.0000000000000000000 ) ) ;
#2201 =( NAMED_UNIT ( * ) SI_UNIT ( $, .STERADIAN. ) SOLID_ANGLE_UNIT ( ) );
#2202 = MECHANICAL_DESIGN_GEOMETRIC_PRESENTATION_REPRESENTATION (  '', ( #4619 ), #4117 ) ;
#2203 = ORIENTED_EDGE ( 'NONE', *, *, #1487, .F. ) ;
#2204 = VERTEX_POINT ( 'NONE', #2929 ) ;
#2205 = DIRECTION ( 'NONE',  ( -0.0000000000000000000, -1.000000000000000000, -0.0000000000000000000 ) ) ;
#2206 = ADVANCED_FACE ( 'NONE', ( #284 ), #3414, .F. ) ;
#2207 = DIRECTION ( 'NONE',  ( -0.0000000000000000000, 1.000000000000000000, -0.0000000000000000000 ) ) ;
#2208 = VERTEX_POINT ( 'NONE', #4430 ) ;
#2209 = EDGE_CURVE ( 'NONE', #5989, #6411, #3208, .T. ) ;
#2210 = VERTEX_POINT ( 'NONE', #2143 ) ;
#2211 = ORIENTED_EDGE ( 'NONE', *, *, #3466, .T. ) ;
#2212 =( NAMED_UNIT ( * ) SI_UNIT ( $, .STERADIAN. ) SOLID_ANGLE_UNIT ( ) );
#2213 = COLOUR_RGB ( '',1.000000000000000000, 1.000000000000000000, 1.000000000000000000 ) ;
#2214 = VERTEX_POINT ( 'NONE', #1320 ) ;
#2215 = SURFACE_SIDE_STYLE ('',( #2498 ) ) ;
#2216 = ADVANCED_FACE ( 'NONE', ( #1161 ), #5301, .F. ) ;
#2217 = SURFACE_SIDE_STYLE ('',( #4095 ) ) ;
#2218 = ORIENTED_EDGE ( 'NONE', *, *, #1866, .F. ) ;
#2219 =( GEOMETRIC_REPRESENTATION_CONTEXT ( 3 ) GLOBAL_UNCERTAINTY_ASSIGNED_CONTEXT ( ( #3230 ) ) GLOBAL_UNIT_ASSIGNED_CONTEXT ( ( #591, #42, #5525 ) ) REPRESENTATION_CONTEXT ( 'NONE', 'WORKASPACE' ) );
#2220 = PLANE ( 'NONE',  #3355 ) ;
#2221 = VECTOR ( 'NONE', #3127, 1000.000000000000000 ) ;
#2222 = VERTEX_POINT ( 'NONE', #3348 ) ;
#2223 = VERTEX_POINT ( 'NONE', #2883 ) ;
#2224 = SURFACE_SIDE_STYLE ('',( #6126 ) ) ;
#2225 = PLANE ( 'NONE',  #2978 ) ;
#2226 = CARTESIAN_POINT ( 'NONE',  ( 1.807951184059714000, -0.9000000000000000200, -2.432951184059714700 ) ) ;
#2227 = EDGE_CURVE ( 'NONE', #6232, #5795, #3533, .T. ) ;
#2228 = DIRECTION ( 'NONE',  ( 0.0000000000000000000, 0.06975647374412140300, -0.9975640502598245300 ) ) ;
#2229 = CARTESIAN_POINT ( 'NONE',  ( 1.470000000000000000, -0.2500000000000001100, 3.601676395598661700 ) ) ;
#2230 = AXIS2_PLACEMENT_3D ( 'NONE', #528, #4744, #3648 ) ;
#2231 = FACE_OUTER_BOUND ( 'NONE', #4067, .T. ) ;
#2232 = VERTEX_POINT ( 'NONE', #5822 ) ;
#2233 = LINE ( 'NONE', #4151, #6094 ) ;
#2234 = CARTESIAN_POINT ( 'NONE',  ( 1.070000000000000100, -0.2965121763127938100, -3.651554598111652600 ) ) ;
#2235 = DIRECTION ( 'NONE',  ( 0.0000000000000000000, 0.0000000000000000000, 1.000000000000000000 ) ) ;
#2236 = PRESENTATION_LAYER_ASSIGNMENT (  '', '', ( #2927 ) ) ;
#2237 = ADVANCED_FACE ( 'NONE', ( #4558 ), #1773, .T. ) ;
#2238 = SURFACE_STYLE_USAGE ( .BOTH. , #3777 ) ;
#2239 = AXIS2_PLACEMENT_3D ( 'NONE', #3200, #3184, #1642 ) ;
#2240 = ORIENTED_EDGE ( 'NONE', *, *, #4965, .T. ) ;
#2241 = CARTESIAN_POINT ( 'NONE',  ( -1.070000000000000300, -5.421010862427522200E-017, 3.601676395598662600 ) ) ;
#2242 = LINE ( 'NONE', #3225, #3978 ) ;
#2243 = CARTESIAN_POINT ( 'NONE',  ( 1.470000000000000000, -1.100000000000000100, -4.907560881563969500 ) ) ;
#2244 = ORIENTED_EDGE ( 'NONE', *, *, #834, .F. ) ;
#2245 = SURFACE_SIDE_STYLE ('',( #2915 ) ) ;
#2246 = EDGE_CURVE ( 'NONE', #720, #5670, #5551, .T. ) ;
#2247 = ADVANCED_FACE ( 'NONE', ( #6036 ), #2825, .F. ) ;
#2248 = VERTEX_POINT ( 'NONE', #4805 ) ;
#2249 = COLOUR_RGB ( '',1.000000000000000000, 1.000000000000000000, 1.000000000000000000 ) ;
#2250 = CARTESIAN_POINT ( 'NONE',  ( 2.211821679442722600, 1.000000000000000000, -2.499999999999997800 ) ) ;
#2251 = ORIENTED_EDGE ( 'NONE', *, *, #5902, .T. ) ;
#2252 = DIRECTION ( 'NONE',  ( -0.0000000000000000000, 1.000000000000000000, -0.0000000000000000000 ) ) ;
#2253 = PRESENTATION_LAYER_ASSIGNMENT (  '', '', ( #1916 ) ) ;
#2254 = VECTOR ( 'NONE', #527, 1000.000000000000100 ) ;
#2255 = DIRECTION ( 'NONE',  ( 1.000000000000000000, 0.0000000000000000000, 0.0000000000000000000 ) ) ;
#2256 = CIRCLE ( 'NONE', #4530, 0.3368216794427231800 ) ;
#2257 = DIRECTION ( 'NONE',  ( 0.0000000000000000000, 0.0000000000000000000, 1.000000000000000000 ) ) ;
#2258 = CYLINDRICAL_SURFACE ( 'NONE', #6349, 0.3499999999999996400 ) ;
#2259 = ORIENTED_EDGE ( 'NONE', *, *, #1088, .T. ) ;
#2260 = AXIS2_PLACEMENT_3D ( 'NONE', #4643, #5117, #1616 ) ;
#2261 = DIRECTION ( 'NONE',  ( 1.000000000000000000, 0.0000000000000000000, 0.0000000000000000000 ) ) ;
#2262 = PLANE ( 'NONE',  #3038 ) ;
#2263 = LINE ( 'NONE', #4209, #771 ) ;
#2264 = LINE ( 'NONE', #3037, #939 ) ;
#2265 = FILL_AREA_STYLE ('',( #2707 ) ) ;
#2266 = VECTOR ( 'NONE', #4680, 1000.000000000000000 ) ;
#2267 = PRESENTATION_STYLE_ASSIGNMENT (( #1018 ) ) ;
#2268 = ORIENTED_EDGE ( 'NONE', *, *, #6390, .F. ) ;
#2269 = VECTOR ( 'NONE', #1072, 1000.000000000000000 ) ;
#2270 = DIRECTION ( 'NONE',  ( -1.000000000000000000, -0.0000000000000000000, 2.312964634635747400E-016 ) ) ;
#2271 = SURFACE_STYLE_USAGE ( .BOTH. , #3803 ) ;
#2272 = PRESENTATION_STYLE_ASSIGNMENT (( #92 ) ) ;
#2273 = DIRECTION ( 'NONE',  ( -1.000000000000000000, -0.0000000000000000000, -0.0000000000000000000 ) ) ;
#2274 = ORIENTED_EDGE ( 'NONE', *, *, #5882, .F. ) ;
#2275 = CIRCLE ( 'NONE', #3772, 0.04999999999999969700 ) ;
#2276 = PLANE ( 'NONE',  #4144 ) ;
#2277 = STYLED_ITEM ( 'NONE', ( #4005 ), #4707 ) ;
#2278 = SURFACE_SIDE_STYLE ('',( #6189 ) ) ;
#2279 =( NAMED_UNIT ( * ) SI_UNIT ( $, .STERADIAN. ) SOLID_ANGLE_UNIT ( ) );
#2280 = PRODUCT_CONTEXT ( 'NONE', #3765, 'mechanical' ) ;
#2281 = EDGE_CURVE ( 'NONE', #2091, #5634, #5627, .T. ) ;
#2282 = COLOUR_RGB ( '',1.000000000000000000, 1.000000000000000000, 1.000000000000000000 ) ;
#2283 = COLOUR_RGB ( '',1.000000000000000000, 1.000000000000000000, 1.000000000000000000 ) ;
#2284 = CARTESIAN_POINT ( 'NONE',  ( -1.875000000000000900, 0.9069756473744125000, -2.500000000000000000 ) ) ;
#2285 = UNCERTAINTY_MEASURE_WITH_UNIT (LENGTH_MEASURE( 1.000000000000000100E-005 ), #2713, 'distance_accuracy_value', 'NONE');
#2286 = CARTESIAN_POINT ( 'NONE',  ( 1.470000000000000000, -0.2965121763127938100, 3.651554598111652600 ) ) ;
#2287 = ADVANCED_FACE ( 'NONE', ( #4328 ), #5370, .F. ) ;
#2288 = CARTESIAN_POINT ( 'NONE',  ( -1.807951184059714000, -0.9000000000000000200, -2.432951184059714700 ) ) ;
#2289 = STYLED_ITEM ( 'NONE', ( #5557 ), #1996 ) ;
#2290 = PLANE ( 'NONE',  #5599 ) ;
#2291 = ORIENTED_EDGE ( 'NONE', *, *, #5360, .T. ) ;
#2292 = COLOUR_RGB ( '',1.000000000000000000, 1.000000000000000000, 1.000000000000000000 ) ;
#2293 = ORIENTED_EDGE ( 'NONE', *, *, #4482, .T. ) ;
#2294 = EDGE_CURVE ( 'NONE', #3652, #5537, #2914, .T. ) ;
#2295 = DIRECTION ( 'NONE',  ( -0.0000000000000000000, 1.000000000000000000, -0.0000000000000000000 ) ) ;
#2296 = CARTESIAN_POINT ( 'NONE',  ( -1.070000000000000300, -0.3000000000000000400, 3.601676395598662600 ) ) ;
#2297 = DIRECTION ( 'NONE',  ( -1.000000000000000000, -0.0000000000000000000, 0.0000000000000000000 ) ) ;
#2298 = VERTEX_POINT ( 'NONE', #817 ) ;
#2299 = PRESENTATION_LAYER_ASSIGNMENT (  '', '', ( #5918 ) ) ;
#2300 = FACE_OUTER_BOUND ( 'NONE', #3529, .T. ) ;
#2301 = ORIENTED_EDGE ( 'NONE', *, *, #438, .F. ) ;
#2302 = DIRECTION ( 'NONE',  ( 0.0000000000000000000, 0.9975640502598245300, 0.06975647374412140300 ) ) ;
#2303 = EDGE_CURVE ( 'NONE', #992, #4943, #5170, .T. ) ;
#2304 = EDGE_LOOP ( 'NONE', ( #324, #6428, #6030, #2704 ) ) ;
#2305 = DIRECTION ( 'NONE',  ( -0.06975647374412545500, 0.9975640502598242000, 0.0000000000000000000 ) ) ;
#2306 = VERTEX_POINT ( 'NONE', #6340 ) ;
#2307 = PLANE ( 'NONE',  #996 ) ;
#2308 = DIRECTION ( 'NONE',  ( 0.0000000000000000000, 0.0000000000000000000, 1.000000000000000000 ) ) ;
#2309 = CARTESIAN_POINT ( 'NONE',  ( 2.311578084468704800, 0.9069756473744127200, -2.499999999999997800 ) ) ;
#2310 = EDGE_LOOP ( 'NONE', ( #6324, #2680, #4447, #983, #4043, #3096, #3822, #1949 ) ) ;
#2311 = ADVANCED_FACE ( 'NONE', ( #2600 ), #2965, .F. ) ;
#2312 = DIRECTION ( 'NONE',  ( 0.0000000000000000000, 0.0000000000000000000, -1.000000000000000000 ) ) ;
#2313 = DIRECTION ( 'NONE',  ( 1.000000000000000000, -0.0000000000000000000, 0.0000000000000000000 ) ) ;
#2314 = AXIS2_PLACEMENT_3D ( 'NONE', #3385, #5020, #4507 ) ;
#2315 = CARTESIAN_POINT ( 'NONE',  ( 1.499999999999996900, 1.000000000000000000, -2.750000000000000400 ) ) ;
#2316 = ADVANCED_FACE ( 'NONE', ( #6509 ), #2762, .F. ) ;
#2317 = VERTEX_POINT ( 'NONE', #1453 ) ;
#2318 = CARTESIAN_POINT ( 'NONE',  ( -1.874999999999997300, 0.0000000000000000000, -3.000000000000000000 ) ) ;
#2319 = VECTOR ( 'NONE', #5624, 1000.000000000000100 ) ;
#2320 = EDGE_CURVE ( 'NONE', #449, #1478, #6355, .T. ) ;
#2321 = CARTESIAN_POINT ( 'NONE',  ( 1.807951184059714000, -0.9000000000000000200, -2.782951184059714300 ) ) ;
#2322 =( NAMED_UNIT ( * ) SI_UNIT ( $, .STERADIAN. ) SOLID_ANGLE_UNIT ( ) );
#2323 = COLOUR_RGB ( '',1.000000000000000000, 1.000000000000000000, 1.000000000000000000 ) ;
#2324 = CYLINDRICAL_SURFACE ( 'NONE', #2042, 0.3099999999999999400 ) ;
#2325 = STYLED_ITEM ( 'NONE', ( #4022 ), #1343 ) ;
#2326 = DIRECTION ( 'NONE',  ( -1.000000000000000000, -0.0000000000000000000, -0.0000000000000000000 ) ) ;
#2327 = VERTEX_POINT ( 'NONE', #2440 ) ;
#2328 = CYLINDRICAL_SURFACE ( 'NONE', #2708, 0.2999999999999994900 ) ;
#2329 = CARTESIAN_POINT ( 'NONE',  ( -1.070000000000000300, -0.7844885823794624000, -3.979434154541485700 ) ) ;
#2330 = CARTESIAN_POINT ( 'NONE',  ( -1.874999999999998700, -1.000000000000000000, 2.836821679442723500 ) ) ;
#2331 = DIRECTION ( 'NONE',  ( 1.000000000000000000, 0.0000000000000000000, 0.0000000000000000000 ) ) ;
#2332 = ORIENTED_EDGE ( 'NONE', *, *, #2198, .T. ) ;
#2333 = SURFACE_STYLE_FILL_AREA ( #1858 ) ;
#2334 = ORIENTED_EDGE ( 'NONE', *, *, #5976, .T. ) ;
#2335 = CARTESIAN_POINT ( 'NONE',  ( -1.499999999999999100, -6.220119046564577500, -2.200000000000000200 ) ) ;
#2336 = VECTOR ( 'NONE', #5523, 1000.000000000000000 ) ;
#2337 = STYLED_ITEM ( 'NONE', ( #1424 ), #2348 ) ;
#2338 = UNCERTAINTY_MEASURE_WITH_UNIT (LENGTH_MEASURE( 1.000000000000000100E-005 ), #5726, 'distance_accuracy_value', 'NONE');
#2339 = EDGE_LOOP ( 'NONE', ( #800, #2832, #165, #5762 ) ) ;
#2340 = CYLINDRICAL_SURFACE ( 'NONE', #2230, 1.900000000000000100 ) ;
#2341 = ORIENTED_EDGE ( 'NONE', *, *, #6066, .F. ) ;
#2342 = ORIENTED_EDGE ( 'NONE', *, *, #3984, .F. ) ;
#2343 = CARTESIAN_POINT ( 'NONE',  ( -1.070000000000000300, 0.0000000000000000000, 3.000000000000000000 ) ) ;
#2344 = ORIENTED_EDGE ( 'NONE', *, *, #4416, .F. ) ;
#2345 = EDGE_CURVE ( 'NONE', #2716, #1052, #789, .T. ) ;
#2346 = DIRECTION ( 'NONE',  ( -1.000000000000000000, -0.0000000000000000000, -0.0000000000000000000 ) ) ;
#2347 = SURFACE_STYLE_FILL_AREA ( #2916 ) ;
#2348 = ADVANCED_FACE ( 'NONE', ( #2442 ), #73, .T. ) ;
#2349 = CYLINDRICAL_SURFACE ( 'NONE', #1567, 0.04999999999999969700 ) ;
#2350 = ORIENTED_EDGE ( 'NONE', *, *, #418, .T. ) ;
#2351 = CARTESIAN_POINT ( 'NONE',  ( 0.0000000000000000000, -2.500000000000000000, 0.0000000000000000000 ) ) ;
#2352 = DIRECTION ( 'NONE',  ( 1.000000000000000000, -0.0000000000000000000, 0.0000000000000000000 ) ) ;
#2353 = LINE ( 'NONE', #4809, #3770 ) ;
#2354 = SURFACE_STYLE_USAGE ( .BOTH. , #337 ) ;
#2355 = AXIS2_PLACEMENT_3D ( 'NONE', #5425, #2429, #5895 ) ;
#2356 = DIRECTION ( 'NONE',  ( 0.0000000000000000000, -0.9975640502598243100, -0.06975647374412442800 ) ) ;
#2357 = CARTESIAN_POINT ( 'NONE',  ( 0.1999999999999998700, -0.2790730578767624000, 3.900945610676608900 ) ) ;
#2358 = ADVANCED_FACE ( 'NONE', ( #2842 ), #450, .F. ) ;
#2359 = DIRECTION ( 'NONE',  ( -0.0000000000000000000, -0.0000000000000000000, -1.000000000000000000 ) ) ;
#2360 = PRESENTATION_STYLE_ASSIGNMENT (( #4491 ) ) ;
#2361 = DIRECTION ( 'NONE',  ( -0.0000000000000000000, 0.9975640502598243100, 0.06975647374412503900 ) ) ;
#2362 = VECTOR ( 'NONE', #4789, 1000.000000000000000 ) ;
#2363 = CARTESIAN_POINT ( 'NONE',  ( -1.470000000000000200, -0.2500000000000002200, -3.601676395598662200 ) ) ;
#2364 = VECTOR ( 'NONE', #6375, 1000.000000000000000 ) ;
#2365 = EDGE_CURVE ( 'NONE', #3441, #5746, #2989, .T. ) ;
#2366 = CYLINDRICAL_SURFACE ( 'NONE', #282, 0.5000000000000000000 ) ;
#2367 =( NAMED_UNIT ( * ) SI_UNIT ( $, .STERADIAN. ) SOLID_ANGLE_UNIT ( ) );
#2368 = PRESENTATION_LAYER_ASSIGNMENT (  '', '', ( #5509 ) ) ;
#2369 = CARTESIAN_POINT ( 'NONE',  ( 1.470000000000000000, 0.0000000000000000000, 2.999999999999999600 ) ) ;
#2370 = DIRECTION ( 'NONE',  ( 0.0000000000000000000, 0.06975647374412140300, -0.9975640502598245300 ) ) ;
#2371 = EDGE_LOOP ( 'NONE', ( #4972, #1546, #3667, #3036 ) ) ;
#2372 =( GEOMETRIC_REPRESENTATION_CONTEXT ( 3 ) GLOBAL_UNCERTAINTY_ASSIGNED_CONTEXT ( ( #4275 ) ) GLOBAL_UNIT_ASSIGNED_CONTEXT ( ( #2739, #1271, #1781 ) ) REPRESENTATION_CONTEXT ( 'NONE', 'WORKASPACE' ) );
#2373 = VERTEX_POINT ( 'NONE', #1879 ) ;
#2374 = DIRECTION ( 'NONE',  ( 0.0000000000000000000, 0.0000000000000000000, 1.000000000000000000 ) ) ;
#2375 = DIRECTION ( 'NONE',  ( -1.000000000000000000, -0.0000000000000000000, -0.0000000000000000000 ) ) ;
#2376 = AXIS2_PLACEMENT_3D ( 'NONE', #3793, #2757, #6255 ) ;
#2377 = VERTEX_POINT ( 'NONE', #4918 ) ;
#2378 = DIRECTION ( 'NONE',  ( -1.000000000000000000, -0.0000000000000000000, 0.0000000000000000000 ) ) ;
#2379 = ORIENTED_EDGE ( 'NONE', *, *, #4573, .T. ) ;
#2380 = EDGE_LOOP ( 'NONE', ( #5472, #4199, #3639, #6454 ) ) ;
#2381 = EDGE_CURVE ( 'NONE', #4903, #1052, #303, .T. ) ;
#2382 = EDGE_LOOP ( 'NONE', ( #3778, #1510, #3991, #3342 ) ) ;
#2383 = DIRECTION ( 'NONE',  ( -1.000000000000000000, -0.0000000000000000000, -0.0000000000000000000 ) ) ;
#2384 = ORIENTED_EDGE ( 'NONE', *, *, #4200, .F. ) ;
#2385 = DIRECTION ( 'NONE',  ( 0.0000000000000000000, 0.0000000000000000000, 1.000000000000000000 ) ) ;
#2386 = PRESENTATION_LAYER_ASSIGNMENT (  '', '', ( #1127 ) ) ;
#2387 = ADVANCED_FACE ( 'NONE', ( #6438 ), #1468, .F. ) ;
#2388 = LINE ( 'NONE', #4682, #2221 ) ;
#2389 = ORIENTED_EDGE ( 'NONE', *, *, #5442, .F. ) ;
#2390 = CARTESIAN_POINT ( 'NONE',  ( -0.2000000000000000900, -0.3000000000000001000, 3.601676395598661700 ) ) ;
#2391 = CARTESIAN_POINT ( 'NONE',  ( -1.875000000000000900, -0.9000000000000000200, -2.500000000000000000 ) ) ;
#2392 = ORIENTED_EDGE ( 'NONE', *, *, #2043, .T. ) ;
#2393 = AXIS2_PLACEMENT_3D ( 'NONE', #5316, #2313, #2789 ) ;
#2394 =( LENGTH_UNIT ( ) NAMED_UNIT ( * ) SI_UNIT ( .MILLI., .METRE. ) );
#2395 = EDGE_CURVE ( 'NONE', #2208, #4193, #146, .T. ) ;
#2396 = CARTESIAN_POINT ( 'NONE',  ( -1.070000000000000300, -0.7844885823794622800, -3.979434154541485700 ) ) ;
#2397 =( NAMED_UNIT ( * ) SI_UNIT ( $, .STERADIAN. ) SOLID_ANGLE_UNIT ( ) );
#2398 = DIRECTION ( 'NONE',  ( 0.0000000000000000000, 0.0000000000000000000, -1.000000000000000000 ) ) ;
#2399 = VECTOR ( 'NONE', #1792, 1000.000000000000000 ) ;
#2400 = ORIENTED_EDGE ( 'NONE', *, *, #1034, .F. ) ;
#2401 = VECTOR ( 'NONE', #3072, 1000.000000000000000 ) ;
#2402 = FACE_OUTER_BOUND ( 'NONE', #1469, .T. ) ;
#2403 = FILL_AREA_STYLE ('',( #755 ) ) ;
#2404 = UNCERTAINTY_MEASURE_WITH_UNIT (LENGTH_MEASURE( 1.000000000000000100E-005 ), #4264, 'distance_accuracy_value', 'NONE');
#2405 = VERTEX_POINT ( 'NONE', #53 ) ;
#2406 = CIRCLE ( 'NONE', #1145, 0.3000000000000003800 ) ;
#2407 =( NAMED_UNIT ( * ) PLANE_ANGLE_UNIT ( ) SI_UNIT ( $, .RADIAN. ) );
#2408 = PRESENTATION_LAYER_ASSIGNMENT (  '', '', ( #5177 ) ) ;
#2409 = ORIENTED_EDGE ( 'NONE', *, *, #6120, .F. ) ;
#2410 = DIRECTION ( 'NONE',  ( 0.0000000000000000000, -1.000000000000000000, 0.0000000000000000000 ) ) ;
#2411 = DIRECTION ( 'NONE',  ( 0.0000000000000000000, 0.0000000000000000000, 1.000000000000000000 ) ) ;
#2412 = DIRECTION ( 'NONE',  ( 0.0000000000000000000, -0.06975647374412521900, 0.9975640502598243100 ) ) ;
#2413 = AXIS2_PLACEMENT_3D ( 'NONE', #97, #6100, #1065 ) ;
#2414 = VERTEX_POINT ( 'NONE', #4091 ) ;
#2415 = FACE_OUTER_BOUND ( 'NONE', #520, .T. ) ;
#2416 = VERTEX_POINT ( 'NONE', #5536 ) ;
#2417 = ORIENTED_EDGE ( 'NONE', *, *, #4189, .T. ) ;
#2418 = DIRECTION ( 'NONE',  ( 0.0000000000000000000, -0.9975640502598242000, 0.06975647374412520500 ) ) ;
#2419 = FACE_OUTER_BOUND ( 'NONE', #3396, .T. ) ;
#2420 = EDGE_CURVE ( 'NONE', #5390, #4294, #4813, .T. ) ;
#2421 = VECTOR ( 'NONE', #3824, 1000.000000000000100 ) ;
#2422 = FILL_AREA_STYLE_COLOUR ( '', #3048 ) ;
#2423 = ORIENTED_EDGE ( 'NONE', *, *, #3661, .T. ) ;
#2424 = DIRECTION ( 'NONE',  ( 0.0000000000000000000, 0.9975640502598242000, -0.06975647374412664900 ) ) ;
#2425 = ORIENTED_EDGE ( 'NONE', *, *, #2099, .F. ) ;
#2426 =( GEOMETRIC_REPRESENTATION_CONTEXT ( 3 ) GLOBAL_UNCERTAINTY_ASSIGNED_CONTEXT ( ( #221 ) ) GLOBAL_UNIT_ASSIGNED_CONTEXT ( ( #5365, #4842, #2367 ) ) REPRESENTATION_CONTEXT ( 'NONE', 'WORKASPACE' ) );
#2427 = LINE ( 'NONE', #645, #469 ) ;
#2428 = LINE ( 'NONE', #1358, #2094 ) ;
#2429 = DIRECTION ( 'NONE',  ( -1.000000000000000000, -0.0000000000000000000, 0.0000000000000000000 ) ) ;
#2430 = ORIENTED_EDGE ( 'NONE', *, *, #3223, .T. ) ;
#2431 = COLOUR_RGB ( '',1.000000000000000000, 1.000000000000000000, 1.000000000000000000 ) ;
#2432 = DIRECTION ( 'NONE',  ( 0.0000000000000000000, 0.0000000000000000000, -1.000000000000000000 ) ) ;
#2433 = ORIENTED_EDGE ( 'NONE', *, *, #5449, .T. ) ;
#2434 = EDGE_CURVE ( 'NONE', #5099, #1001, #3142, .T. ) ;
#2435 = CIRCLE ( 'NONE', #1039, 0.3099999999999999400 ) ;
#2436 = DIRECTION ( 'NONE',  ( -1.000000000000000000, -0.0000000000000000000, 0.0000000000000000000 ) ) ;
#2437 = VECTOR ( 'NONE', #4046, 1000.000000000000100 ) ;
#2438 = CYLINDRICAL_SURFACE ( 'NONE', #6229, 0.09999999999999982500 ) ;
#2439 = CARTESIAN_POINT ( 'NONE',  ( -1.070000000000000300, -0.7844885823794622800, 3.979434154541485700 ) ) ;
#2440 = CARTESIAN_POINT ( 'NONE',  ( 1.470000000000000000, -0.8506089874350454300, 4.924999999999999800 ) ) ;
#2441 = ORIENTED_EDGE ( 'NONE', *, *, #5485, .T. ) ;
#2442 = FACE_OUTER_BOUND ( 'NONE', #6491, .T. ) ;
#2443 = CARTESIAN_POINT ( 'NONE',  ( -1.070000000000000300, -0.2500000000000001100, -2.982518297014122400 ) ) ;
#2444 = SURFACE_SIDE_STYLE ('',( #2162 ) ) ;
#2445 = CARTESIAN_POINT ( 'NONE',  ( 1.470000000000000000, -0.7346103798664711500, -3.982921978228692000 ) ) ;
#2446 =( NAMED_UNIT ( * ) SI_UNIT ( $, .STERADIAN. ) SOLID_ANGLE_UNIT ( ) );
#2447 = AXIS2_PLACEMENT_3D ( 'NONE', #966, #2459, #3517 ) ;
#2448 = PLANE ( 'NONE',  #4508 ) ;
#2449 = PRESENTATION_STYLE_ASSIGNMENT (( #4451 ) ) ;
#2450 = EDGE_LOOP ( 'NONE', ( #1117, #6178, #4569, #4026 ) ) ;
#2451 = ORIENTED_EDGE ( 'NONE', *, *, #5237, .F. ) ;
#2452 = CARTESIAN_POINT ( 'NONE',  ( -0.2000000000000000900, -0.7380982035536775000, -3.933043775715700600 ) ) ;
#2453 = EDGE_CURVE ( 'NONE', #1102, #5989, #296, .T. ) ;
#2454 = CARTESIAN_POINT ( 'NONE',  ( -1.807951184059714000, -1.000000000000000000, 2.082951184059715000 ) ) ;
#2455 = VERTEX_POINT ( 'NONE', #1573 ) ;
#2456 = CYLINDRICAL_SURFACE ( 'NONE', #1050, 0.2999999999999999300 ) ;
#2457 = EDGE_LOOP ( 'NONE', ( #2473, #40, #5661, #6241 ) ) ;
#2458 = STYLED_ITEM ( 'NONE', ( #3592 ), #842 ) ;
#2459 = DIRECTION ( 'NONE',  ( -1.000000000000000000, -0.0000000000000000000, 0.0000000000000000000 ) ) ;
#2460 = CARTESIAN_POINT ( 'NONE',  ( 1.470000000000000000, -0.2790730578767624000, -3.900945610676608900 ) ) ;
#2461 = FACE_OUTER_BOUND ( 'NONE', #2636, .T. ) ;
#2462 = LINE ( 'NONE', #4503, #6453 ) ;
#2463 = ORIENTED_EDGE ( 'NONE', *, *, #4551, .F. ) ;
#2464 = LINE ( 'NONE', #5630, #3884 ) ;
#2465 = EDGE_LOOP ( 'NONE', ( #2100, #90, #4457, #5048 ) ) ;
#2466 = PRESENTATION_LAYER_ASSIGNMENT (  '', '', ( #3943 ) ) ;
#2467 = DIRECTION ( 'NONE',  ( 0.0000000000000000000, 0.0000000000000000000, 1.000000000000000000 ) ) ;
#2468 = ORIENTED_EDGE ( 'NONE', *, *, #3642, .T. ) ;
#2469 =( GEOMETRIC_REPRESENTATION_CONTEXT ( 3 ) GLOBAL_UNCERTAINTY_ASSIGNED_CONTEXT ( ( #5415 ) ) GLOBAL_UNIT_ASSIGNED_CONTEXT ( ( #3332, #2887, #6381 ) ) REPRESENTATION_CONTEXT ( 'NONE', 'WORKASPACE' ) );
#2470 = FACE_OUTER_BOUND ( 'NONE', #1772, .T. ) ;
#2471 = VERTEX_POINT ( 'NONE', #1013 ) ;
#2472 = DIRECTION ( 'NONE',  ( -1.000000000000000000, -0.0000000000000000000, 0.0000000000000000000 ) ) ;
#2473 = ORIENTED_EDGE ( 'NONE', *, *, #1123, .T. ) ;
#2474 = EDGE_CURVE ( 'NONE', #236, #915, #140, .T. ) ;
#2475 = ORIENTED_EDGE ( 'NONE', *, *, #3444, .F. ) ;
#2476 = DIRECTION ( 'NONE',  ( -0.0000000000000000000, -1.000000000000000000, -0.0000000000000000000 ) ) ;
#2477 = DIRECTION ( 'NONE',  ( -1.000000000000000000, -0.0000000000000000000, 0.0000000000000000000 ) ) ;
#2478 = AXIS2_PLACEMENT_3D ( 'NONE', #3916, #1838, #1857 ) ;
#2479 = SURFACE_STYLE_USAGE ( .BOTH. , #110 ) ;
#2480 = FILL_AREA_STYLE_COLOUR ( '', #2292 ) ;
#2481 = AXIS2_PLACEMENT_3D ( 'NONE', #550, #6065, #2098 ) ;
#2482 = DIRECTION ( 'NONE',  ( -0.0000000000000000000, -1.000000000000000000, -0.0000000000000000000 ) ) ;
#2483 = FACE_OUTER_BOUND ( 'NONE', #420, .T. ) ;
#2484 =( NAMED_UNIT ( * ) SI_UNIT ( $, .STERADIAN. ) SOLID_ANGLE_UNIT ( ) );
#2485 = EDGE_LOOP ( 'NONE', ( #3088, #3914, #3132, #5655 ) ) ;
#2486 = FACE_OUTER_BOUND ( 'NONE', #3402, .T. ) ;
#2487 = DIRECTION ( 'NONE',  ( -1.000000000000000000, -0.0000000000000000000, 0.0000000000000000000 ) ) ;
#2488 = SURFACE_SIDE_STYLE ('',( #5332 ) ) ;
#2489 = VERTEX_POINT ( 'NONE', #5054 ) ;
#2490 = CARTESIAN_POINT ( 'NONE',  ( 0.1999999999999998700, -0.7844885823794624000, 3.979434154541485700 ) ) ;
#2491 = EDGE_CURVE ( 'NONE', #287, #5792, #619, .T. ) ;
#2492 = UNCERTAINTY_MEASURE_WITH_UNIT (LENGTH_MEASURE( 1.000000000000000100E-005 ), #3428, 'distance_accuracy_value', 'NONE');
#2493 = CARTESIAN_POINT ( 'NONE',  ( -1.875000000000000900, 0.0000000000000000000, -2.500000000000000000 ) ) ;
#2494 = VERTEX_POINT ( 'NONE', #6507 ) ;
#2495 = CARTESIAN_POINT ( 'NONE',  ( 0.1999999999999998700, -0.7844885823794622800, 3.979434154541485700 ) ) ;
#2496 = SURFACE_STYLE_FILL_AREA ( #4567 ) ;
#2497 =( NAMED_UNIT ( * ) PLANE_ANGLE_UNIT ( ) SI_UNIT ( $, .RADIAN. ) );
#2498 = SURFACE_STYLE_FILL_AREA ( #4261 ) ;
#2499 = EDGE_CURVE ( 'NONE', #3202, #4596, #1877, .T. ) ;
#2500 = ORIENTED_EDGE ( 'NONE', *, *, #3502, .F. ) ;
#2501 = CARTESIAN_POINT ( 'NONE',  ( -2.049999999999999400, 1.000000000000000000, -2.199999999999996200 ) ) ;
#2502 = CARTESIAN_POINT ( 'NONE',  ( 1.174827221408426300, -0.9000000000000000200, -1.652921966769066700 ) ) ;
#2503 = ORIENTED_EDGE ( 'NONE', *, *, #1841, .T. ) ;
#2504 = VECTOR ( 'NONE', #1393, 1000.000000000000000 ) ;
#2505 = DIRECTION ( 'NONE',  ( 0.0000000000000000000, 0.9975640502598242000, -0.06975647374412520500 ) ) ;
#2506 = AXIS2_PLACEMENT_3D ( 'NONE', #2559, #2537, #553 ) ;
#2507 = FACE_OUTER_BOUND ( 'NONE', #3525, .T. ) ;
#2508 = VERTEX_POINT ( 'NONE', #544 ) ;
#2509 = DIRECTION ( 'NONE',  ( 0.0000000000000000000, 0.0000000000000000000, 1.000000000000000000 ) ) ;
#2510 = EDGE_CURVE ( 'NONE', #5989, #405, #6280, .T. ) ;
#2511 = CIRCLE ( 'NONE', #3979, 0.3499999999999996400 ) ;
#2512 = LINE ( 'NONE', #2899, #3056 ) ;
#2513 = DIRECTION ( 'NONE',  ( 1.000000000000000000, 4.336808689942025600E-015, 0.0000000000000000000 ) ) ;
#2514 = CARTESIAN_POINT ( 'NONE',  ( 1.470000000000000000, -0.8506089874350454300, -4.924999999999999800 ) ) ;
#2515 = CARTESIAN_POINT ( 'NONE',  ( -1.807951184059714000, -0.9000000000000000200, -2.432951184059714700 ) ) ;
#2516 = LINE ( 'NONE', #2951, #1490 ) ;
#2517 = DIRECTION ( 'NONE',  ( 0.0000000000000000000, 1.000000000000000000, 0.0000000000000000000 ) ) ;
#2518 = FILL_AREA_STYLE ('',( #2 ) ) ;
#2519 = COLOUR_RGB ( '',1.000000000000000000, 1.000000000000000000, 1.000000000000000000 ) ;
#2520 = DIRECTION ( 'NONE',  ( -1.000000000000000000, -0.0000000000000000000, -0.0000000000000000000 ) ) ;
#2521 = MECHANICAL_DESIGN_GEOMETRIC_PRESENTATION_REPRESENTATION (  '', ( #4550 ), #5195 ) ;
#2522 = LINE ( 'NONE', #682, #3227 ) ;
#2523 = EDGE_CURVE ( 'NONE', #5670, #1356, #5892, .T. ) ;
#2524 = DIRECTION ( 'NONE',  ( 0.0000000000000000000, 0.0000000000000000000, 1.000000000000000000 ) ) ;
#2525 = ORIENTED_EDGE ( 'NONE', *, *, #3466, .F. ) ;
#2526 = VECTOR ( 'NONE', #4933, 1000.000000000000000 ) ;
#2527 = DIRECTION ( 'NONE',  ( 1.000000000000000000, 0.0000000000000000000, 0.0000000000000000000 ) ) ;
#2528 = LINE ( 'NONE', #4129, #3073 ) ;
#2529 = DIRECTION ( 'NONE',  ( 1.000000000000000000, 0.0000000000000000000, 0.0000000000000000000 ) ) ;
#2530 = FACE_OUTER_BOUND ( 'NONE', #3324, .T. ) ;
#2531 = PRESENTATION_LAYER_ASSIGNMENT (  '', '', ( #154 ) ) ;
#2532 = DIRECTION ( 'NONE',  ( -0.0000000000000000000, -0.0000000000000000000, 1.000000000000000000 ) ) ;
#2533 = ORIENTED_EDGE ( 'NONE', *, *, #5022, .T. ) ;
#2534 =( GEOMETRIC_REPRESENTATION_CONTEXT ( 3 ) GLOBAL_UNCERTAINTY_ASSIGNED_CONTEXT ( ( #6307 ) ) GLOBAL_UNIT_ASSIGNED_CONTEXT ( ( #5261, #3740, #3302 ) ) REPRESENTATION_CONTEXT ( 'NONE', 'WORKASPACE' ) );
#2535 = DIRECTION ( 'NONE',  ( 0.0000000000000000000, -0.9975640502598242000, -0.06975647374412545500 ) ) ;
#2536 = VERTEX_POINT ( 'NONE', #5075 ) ;
#2537 = DIRECTION ( 'NONE',  ( -0.0000000000000000000, 1.000000000000000000, -0.0000000000000000000 ) ) ;
#2538 = ORIENTED_EDGE ( 'NONE', *, *, #2970, .T. ) ;
#2539 = DIRECTION ( 'NONE',  ( 0.0000000000000000000, -0.9975640502598243100, 0.06975647374412442800 ) ) ;
#2540 = EDGE_CURVE ( 'NONE', #4517, #2129, #4807, .T. ) ;
#2541 = ORIENTED_EDGE ( 'NONE', *, *, #2764, .T. ) ;
#2542 = CARTESIAN_POINT ( 'NONE',  ( -1.070000000000000300, -0.7346103798664689300, -3.982921978228692900 ) ) ;
#2543 = VERTEX_POINT ( 'NONE', #2008 ) ;
#2544 = AXIS2_PLACEMENT_3D ( 'NONE', #2391, #3936, #5901 ) ;
#2545 = UNCERTAINTY_MEASURE_WITH_UNIT (LENGTH_MEASURE( 1.000000000000000100E-005 ), #1543, 'distance_accuracy_value', 'NONE');
#2546 = ORIENTED_EDGE ( 'NONE', *, *, #1855, .T. ) ;
#2547 = CARTESIAN_POINT ( 'NONE',  ( 1.070000000000000100, 0.0000000000000000000, -2.999999999999999600 ) ) ;
#2548 = DIRECTION ( 'NONE',  ( 0.0000000000000000000, 0.0000000000000000000, 1.000000000000000000 ) ) ;
#2549 = FACE_OUTER_BOUND ( 'NONE', #4626, .T. ) ;
#2550 = ORIENTED_EDGE ( 'NONE', *, *, #6365, .T. ) ;
#2551 = EDGE_CURVE ( 'NONE', #991, #6232, #3226, .T. ) ;
#2552 = DIRECTION ( 'NONE',  ( 0.0000000000000000000, 0.0000000000000000000, -1.000000000000000000 ) ) ;
#2553 = DIRECTION ( 'NONE',  ( 0.0000000000000000000, 0.0000000000000000000, -1.000000000000000000 ) ) ;
#2554 = AXIS2_PLACEMENT_3D ( 'NONE', #3993, #4464, #2942 ) ;
#2555 = DIRECTION ( 'NONE',  ( 0.0000000000000000000, -1.000000000000000000, 0.0000000000000000000 ) ) ;
#2556 = DIRECTION ( 'NONE',  ( 0.0000000000000000000, -0.06975647374412441400, -0.9975640502598243100 ) ) ;
#2557 = DIRECTION ( 'NONE',  ( 0.0000000000000000000, 0.0000000000000000000, -1.000000000000000000 ) ) ;
#2558 = EDGE_CURVE ( 'NONE', #2105, #5099, #4949, .T. ) ;
#2559 = CARTESIAN_POINT ( 'NONE',  ( 0.0000000000000000000, -2.500000000000000000, 0.0000000000000000000 ) ) ;
#2560 = DIRECTION ( 'NONE',  ( 3.283298800020595200E-014, 0.0000000000000000000, 1.000000000000000000 ) ) ;
#2561 = ORIENTED_EDGE ( 'NONE', *, *, #147, .F. ) ;
#2562 = LINE ( 'NONE', #5601, #2401 ) ;
#2563 = ORIENTED_EDGE ( 'NONE', *, *, #5089, .F. ) ;
#2564 = CARTESIAN_POINT ( 'NONE',  ( 1.874999999999995600, 0.0000000000000000000, 2.999999999999999600 ) ) ;
#2565 =( GEOMETRIC_REPRESENTATION_CONTEXT ( 3 ) GLOBAL_UNCERTAINTY_ASSIGNED_CONTEXT ( ( #4407 ) ) GLOBAL_UNIT_ASSIGNED_CONTEXT ( ( #1148, #3175, #1588 ) ) REPRESENTATION_CONTEXT ( 'NONE', 'WORKASPACE' ) );
#2566 = CARTESIAN_POINT ( 'NONE',  ( -1.499999999999995300, 0.5000000000000000000, 2.750000000000000400 ) ) ;
#2567 = ORIENTED_EDGE ( 'NONE', *, *, #46, .F. ) ;
#2568 = DIRECTION ( 'NONE',  ( -1.000000000000000000, -0.0000000000000000000, 0.0000000000000000000 ) ) ;
#2569 = STYLED_ITEM ( 'NONE', ( #2449 ), #3739 ) ;
#2570 = VECTOR ( 'NONE', #778, 1000.000000000000100 ) ;
#2571 = CARTESIAN_POINT ( 'NONE',  ( -1.070000000000000300, -0.7346103798664711500, 3.982921978228692000 ) ) ;
#2572 = UNCERTAINTY_MEASURE_WITH_UNIT (LENGTH_MEASURE( 1.000000000000000100E-005 ), #173, 'distance_accuracy_value', 'NONE');
#2573 = ORIENTED_EDGE ( 'NONE', *, *, #4625, .T. ) ;
#2574 = VECTOR ( 'NONE', #3372, 1000.000000000000000 ) ;
#2575 =( NAMED_UNIT ( * ) SI_UNIT ( $, .STERADIAN. ) SOLID_ANGLE_UNIT ( ) );
#2576 = PLANE ( 'NONE',  #6380 ) ;
#2577 = EDGE_CURVE ( 'NONE', #4584, #2223, #1954, .T. ) ;
#2578 = ORIENTED_EDGE ( 'NONE', *, *, #5381, .T. ) ;
#2579 = LINE ( 'NONE', #1045, #680 ) ;
#2580 = DIRECTION ( 'NONE',  ( 0.0000000000000000000, -1.000000000000000000, 9.009844664146523100E-017 ) ) ;
#2581 = AXIS2_PLACEMENT_3D ( 'NONE', #5722, #2723, #3232 ) ;
#2582 =( NAMED_UNIT ( * ) PLANE_ANGLE_UNIT ( ) SI_UNIT ( $, .RADIAN. ) );
#2583 = ORIENTED_EDGE ( 'NONE', *, *, #137, .T. ) ;
#2584 = AXIS2_PLACEMENT_3D ( 'NONE', #936, #1910, #2973 ) ;
#2585 = DIRECTION ( 'NONE',  ( 0.0000000000000000000, 0.06975647374412440000, 0.9975640502598243100 ) ) ;
#2586 = PRESENTATION_STYLE_ASSIGNMENT (( #1518 ) ) ;
#2587 = LINE ( 'NONE', #36, #4801 ) ;
#2588 = SURFACE_STYLE_USAGE ( .BOTH. , #543 ) ;
#2589 = ORIENTED_EDGE ( 'NONE', *, *, #4237, .F. ) ;
#2590 = CARTESIAN_POINT ( 'NONE',  ( -1.174827221408426300, -0.9000000000000000200, -1.652921966769066700 ) ) ;
#2591 = PRESENTATION_LAYER_ASSIGNMENT (  '', '', ( #94 ) ) ;
#2592 = FACE_OUTER_BOUND ( 'NONE', #50, .T. ) ;
#2593 = VECTOR ( 'NONE', #4602, 1000.000000000000000 ) ;
#2594 = VECTOR ( 'NONE', #2295, 1000.000000000000000 ) ;
#2595 = CARTESIAN_POINT ( 'NONE',  ( 0.0000000000000000000, -7.249999999999999100, 0.9000000000000011300 ) ) ;
#2596 = EDGE_CURVE ( 'NONE', #5113, #5906, #2755, .T. ) ;
#2597 = EDGE_LOOP ( 'NONE', ( #2251, #1578 ) ) ;
#2598 = DIRECTION ( 'NONE',  ( -1.000000000000000000, -0.0000000000000000000, 0.0000000000000000000 ) ) ;
#2599 = PLANE ( 'NONE',  #4957 ) ;
#2600 = FACE_OUTER_BOUND ( 'NONE', #972, .T. ) ;
#2601 = AXIS2_PLACEMENT_3D ( 'NONE', #4628, #589, #4675 ) ;
#2602 = CARTESIAN_POINT ( 'NONE',  ( 2.340036594028243900, 0.5000000000000000000, -0.5000000000000000000 ) ) ;
#2603 = AXIS2_PLACEMENT_3D ( 'NONE', #5967, #3471, #448 ) ;
#2604 = ORIENTED_EDGE ( 'NONE', *, *, #1417, .T. ) ;
#2605 = DIRECTION ( 'NONE',  ( 0.0000000000000000000, 0.0000000000000000000, 1.000000000000000000 ) ) ;
#2606 = ORIENTED_EDGE ( 'NONE', *, *, #6026, .T. ) ;
#2607 = VECTOR ( 'NONE', #1236, 1000.000000000000000 ) ;
#2608 = ORIENTED_EDGE ( 'NONE', *, *, #5797, .F. ) ;
#2609 = CARTESIAN_POINT ( 'NONE',  ( 0.0000000000000000000, -0.1231875913286816200, 0.0000000000000000000 ) ) ;
#2610 = EDGE_CURVE ( 'NONE', #428, #5919, #1800, .T. ) ;
#2612 = VECTOR ( 'NONE', #3871, 1000.000000000000000 ) ;
#2611 = CARTESIAN_POINT ( 'NONE',  ( -1.999999999999999100, 0.4999999999999995600, 2.199999999999997500 ) ) ;
#2613 = ORIENTED_EDGE ( 'NONE', *, *, #2079, .F. ) ;
#2614 = VERTEX_POINT ( 'NONE', #74 ) ;
#2615 = DIRECTION ( 'NONE',  ( 0.0000000000000000000, -0.0000000000000000000, 1.000000000000000000 ) ) ;
#2616 = AXIS2_PLACEMENT_3D ( 'NONE', #1623, #4624, #3676 ) ;
#2617 =( NAMED_UNIT ( * ) SI_UNIT ( $, .STERADIAN. ) SOLID_ANGLE_UNIT ( ) );
#2618 = ORIENTED_EDGE ( 'NONE', *, *, #3898, .T. ) ;
#2619 = PRESENTATION_STYLE_ASSIGNMENT (( #5571 ) ) ;
#2620 = EDGE_LOOP ( 'NONE', ( #3487, #3086, #6041, #4858 ) ) ;
#2621 = DIRECTION ( 'NONE',  ( 1.000000000000000000, 0.0000000000000000000, 0.0000000000000000000 ) ) ;
#2622 = CARTESIAN_POINT ( 'NONE',  ( -1.499999999999999100, 1.000000000000000000, -2.200000000000000200 ) ) ;
#2623 = CYLINDRICAL_SURFACE ( 'NONE', #483, 0.5500000000000001600 ) ;
#2624 = ORIENTED_EDGE ( 'NONE', *, *, #290, .T. ) ;
#2625 = EDGE_CURVE ( 'NONE', #1043, #5351, #702, .T. ) ;
#2626 = ORIENTED_EDGE ( 'NONE', *, *, #1530, .T. ) ;
#2627 = MECHANICAL_DESIGN_GEOMETRIC_PRESENTATION_REPRESENTATION (  '', ( #2289 ), #2966 ) ;
#2628 = CARTESIAN_POINT ( 'NONE',  ( 0.1999999999999998700, -0.3000000000000000400, -3.601676395598662200 ) ) ;
#2629 = CARTESIAN_POINT ( 'NONE',  ( -1.874999999999998000, -0.9069756473744127200, 2.936578084468705700 ) ) ;
#2630 = CARTESIAN_POINT ( 'NONE',  ( -1.070000000000000300, -1.100000000000000100, -4.907560881563969500 ) ) ;
#2631 = FILL_AREA_STYLE ('',( #1115 ) ) ;
#2632 = EDGE_CURVE ( 'NONE', #5634, #5113, #380, .T. ) ;
#2633 = CARTESIAN_POINT ( 'NONE',  ( 0.0000000000000000000, -2.500000000000000400, 1.400000000000000600 ) ) ;
#2634 = AXIS2_PLACEMENT_3D ( 'NONE', #3250, #785, #1723 ) ;
#2635 = FACE_OUTER_BOUND ( 'NONE', #5088, .T. ) ;
#2636 = EDGE_LOOP ( 'NONE', ( #5809, #2400, #1587, #2865 ) ) ;
#2637 = EDGE_LOOP ( 'NONE', ( #513, #1357 ) ) ;
#2638 = DIRECTION ( 'NONE',  ( 0.0000000000000000000, 0.0000000000000000000, -1.000000000000000000 ) ) ;
#2639 = DIRECTION ( 'NONE',  ( 0.0000000000000000000, -0.9975640502598242000, 0.06975647374412520500 ) ) ;
#2640 = EDGE_CURVE ( 'NONE', #4224, #991, #5727, .T. ) ;
#2641 =( LENGTH_UNIT ( ) NAMED_UNIT ( * ) SI_UNIT ( .MILLI., .METRE. ) );
#2642 = VECTOR ( 'NONE', #864, 1000.000000000000000 ) ;
#2643 = VECTOR ( 'NONE', #4266, 1000.000000000000000 ) ;
#2644 = COLOUR_RGB ( '',1.000000000000000000, 1.000000000000000000, 1.000000000000000000 ) ;
#2645 = ORIENTED_EDGE ( 'NONE', *, *, #4581, .T. ) ;
#2646 = DIRECTION ( 'NONE',  ( 0.0000000000000000000, 0.0000000000000000000, 1.000000000000000000 ) ) ;
#2647 = FILL_AREA_STYLE_COLOUR ( '', #6436 ) ;
#2648 = FILL_AREA_STYLE_COLOUR ( '', #1418 ) ;
#2649 = ADVANCED_FACE ( 'NONE', ( #5814 ), #136, .F. ) ;
#2650 = LINE ( 'NONE', #745, #4869 ) ;
#2651 = ORIENTED_EDGE ( 'NONE', *, *, #1713, .F. ) ;
#2652 = CARTESIAN_POINT ( 'NONE',  ( 2.211821679442722600, 0.9000000000000000200, -0.5000000000000000000 ) ) ;
#2653 = AXIS2_PLACEMENT_3D ( 'NONE', #560, #51, #1615 ) ;
#2654 = ORIENTED_EDGE ( 'NONE', *, *, #6517, .F. ) ;
#2655 = SURFACE_SIDE_STYLE ('',( #1638 ) ) ;
#2656 = CARTESIAN_POINT ( 'NONE',  ( 1.024695076595960400, -2.500000000000000000, -1.599999999999999900 ) ) ;
#2657 = FILL_AREA_STYLE ('',( #4609 ) ) ;
#2658 = LINE ( 'NONE', #554, #2266 ) ;
#2659 = EDGE_CURVE ( 'NONE', #4700, #1192, #1266, .T. ) ;
#2660 = ORIENTED_EDGE ( 'NONE', *, *, #4324, .T. ) ;
#2661 = DIRECTION ( 'NONE',  ( 0.0000000000000000000, 0.0000000000000000000, 1.000000000000000000 ) ) ;
#2662 = PLANE ( 'NONE',  #2910 ) ;
#2663 = FACE_OUTER_BOUND ( 'NONE', #2819, .T. ) ;
#2664 = STYLED_ITEM ( 'NONE', ( #2964 ), #668 ) ;
#2665 = CARTESIAN_POINT ( 'NONE',  ( 1.070000000000000100, -0.7555373219897065800, 3.683652763150745200 ) ) ;
#2666 =( NAMED_UNIT ( * ) PLANE_ANGLE_UNIT ( ) SI_UNIT ( $, .RADIAN. ) );
#2667 = CARTESIAN_POINT ( 'NONE',  ( -1.070000000000000300, -0.2790730578767624000, -3.900945610676609400 ) ) ;
#2668 = MECHANICAL_DESIGN_GEOMETRIC_PRESENTATION_REPRESENTATION (  '', ( #2337 ), #176 ) ;
#2669 = ORIENTED_EDGE ( 'NONE', *, *, #919, .T. ) ;
#2670 = CIRCLE ( 'NONE', #5907, 0.04999999999999969700 ) ;
#2671 = CARTESIAN_POINT ( 'NONE',  ( -1.470000000000000200, -0.8506089874350454300, 4.924999999999999800 ) ) ;
#2672 = LINE ( 'NONE', #4702, #1349 ) ;
#2673 = EDGE_CURVE ( 'NONE', #5906, #287, #3459, .T. ) ;
#2674 = DIRECTION ( 'NONE',  ( 0.0000000000000000000, 0.0000000000000000000, -1.000000000000000000 ) ) ;
#2675 = PRESENTATION_STYLE_ASSIGNMENT (( #1238 ) ) ;
#2676 = ORIENTED_EDGE ( 'NONE', *, *, #5638, .T. ) ;
#2677 = ORIENTED_EDGE ( 'NONE', *, *, #5031, .F. ) ;
#2678 = ORIENTED_EDGE ( 'NONE', *, *, #4016, .F. ) ;
#2679 = DIRECTION ( 'NONE',  ( -0.0000000000000000000, 1.000000000000000000, -0.0000000000000000000 ) ) ;
#2680 = ORIENTED_EDGE ( 'NONE', *, *, #6373, .T. ) ;
#2681 = ADVANCED_FACE ( 'NONE', ( #2103 ), #4258, .T. ) ;
#2682 = CARTESIAN_POINT ( 'NONE',  ( -1.070000000000000300, 0.0000000000000000000, 3.000000000000000000 ) ) ;
#2683 = VERTEX_POINT ( 'NONE', #3111 ) ;
#2684 = AXIS2_PLACEMENT_3D ( 'NONE', #3973, #1401, #3929 ) ;
#2685 = SURFACE_STYLE_FILL_AREA ( #3330 ) ;
#2686 = ORIENTED_EDGE ( 'NONE', *, *, #5862, .T. ) ;
#2687 = UNCERTAINTY_MEASURE_WITH_UNIT (LENGTH_MEASURE( 1.000000000000000100E-005 ), #4243, 'distance_accuracy_value', 'NONE');
#2688 = ORIENTED_EDGE ( 'NONE', *, *, #6147, .T. ) ;
#2689 = DIRECTION ( 'NONE',  ( -1.000000000000000000, -0.0000000000000000000, 0.0000000000000000000 ) ) ;
#2690 = CARTESIAN_POINT ( 'NONE',  ( 1.807951184059714000, -0.9000000000000000200, -2.432951184059714700 ) ) ;
#2691 = AXIS2_PLACEMENT_3D ( 'NONE', #1694, #2759, #3797 ) ;
#2692 = DIRECTION ( 'NONE',  ( -1.000000000000000000, -0.0000000000000000000, -0.0000000000000000000 ) ) ;
#2693 = LINE ( 'NONE', #4163, #490 ) ;
#2694 = CLOSED_SHELL ( 'NONE', ( #6392, #1668, #3885, #6172, #288, #4896, #1844, #2216, #2348, #3217, #5174, #6334, #5308, #2747 ) ) ;
#2695 = COLOUR_RGB ( '',1.000000000000000000, 1.000000000000000000, 1.000000000000000000 ) ;
#2696 = VERTEX_POINT ( 'NONE', #4153 ) ;
#2697 = DIRECTION ( 'NONE',  ( 0.0000000000000000000, 0.0000000000000000000, -1.000000000000000000 ) ) ;
#2698 = EDGE_CURVE ( 'NONE', #1372, #4244, #2836, .T. ) ;
#2699 =( NAMED_UNIT ( * ) PLANE_ANGLE_UNIT ( ) SI_UNIT ( $, .RADIAN. ) );
#2700 = VERTEX_POINT ( 'NONE', #112 ) ;
#2701 = DIRECTION ( 'NONE',  ( 0.0000000000000000000, 0.0000000000000000000, 1.000000000000000000 ) ) ;
#2702 = CARTESIAN_POINT ( 'NONE',  ( 0.1999999999999998700, 0.0000000000000000000, -2.999999999999999600 ) ) ;
#2703 = CARTESIAN_POINT ( 'NONE',  ( -1.499999999999999100, 1.000000000000000000, 2.200000000000000200 ) ) ;
#2704 = ORIENTED_EDGE ( 'NONE', *, *, #3212, .F. ) ;
#2705 = DIRECTION ( 'NONE',  ( -0.0000000000000000000, 1.000000000000000000, -0.0000000000000000000 ) ) ;
#2706 =( NAMED_UNIT ( * ) SI_UNIT ( $, .STERADIAN. ) SOLID_ANGLE_UNIT ( ) );
#2707 = FILL_AREA_STYLE_COLOUR ( '', #3940 ) ;
#2708 = AXIS2_PLACEMENT_3D ( 'NONE', #4236, #4746, #3751 ) ;
#2709 = ADVANCED_FACE ( 'NONE', ( #783 ), #4689, .F. ) ;
#2710 = CARTESIAN_POINT ( 'NONE',  ( 1.470000000000000000, -0.2790730578767624000, -3.900945610676608900 ) ) ;
#2711 = PRESENTATION_LAYER_ASSIGNMENT (  '', '', ( #5436 ) ) ;
#2712 = ORIENTED_EDGE ( 'NONE', *, *, #878, .T. ) ;
#2713 =( LENGTH_UNIT ( ) NAMED_UNIT ( * ) SI_UNIT ( .MILLI., .METRE. ) );
#2714 = CIRCLE ( 'NONE', #5823, 0.04999999999999969700 ) ;
#2715 = CARTESIAN_POINT ( 'NONE',  ( 0.1999999999999998700, 0.0000000000000000000, -2.999999999999999600 ) ) ;
#2716 = VERTEX_POINT ( 'NONE', #4197 ) ;
#2717 = DIRECTION ( 'NONE',  ( -0.0000000000000000000, -1.000000000000000000, -0.0000000000000000000 ) ) ;
#2718 = FACE_OUTER_BOUND ( 'NONE', #4287, .T. ) ;
#2719 = EDGE_CURVE ( 'NONE', #3692, #5107, #4168, .T. ) ;
#2720 = ADVANCED_FACE ( 'NONE', ( #1644, #1488 ), #6201, .F. ) ;
#2721 = ORIENTED_EDGE ( 'NONE', *, *, #531, .T. ) ;
#2722 = CARTESIAN_POINT ( 'NONE',  ( 1.174827221408426300, -0.9000000000000000200, 1.962921966769066500 ) ) ;
#2723 = DIRECTION ( 'NONE',  ( 1.000000000000000000, 0.0000000000000000000, 0.0000000000000000000 ) ) ;
#2724 = AXIS2_PLACEMENT_3D ( 'NONE', #2514, #6064, #1995 ) ;
#2725 = VERTEX_POINT ( 'NONE', #4130 ) ;
#2726 = DIRECTION ( 'NONE',  ( 0.0000000000000000000, -1.000000000000000000, 0.0000000000000000000 ) ) ;
#2727 = DIRECTION ( 'NONE',  ( 0.0000000000000000000, 1.000000000000000000, 0.0000000000000000000 ) ) ;
#2728 = EDGE_LOOP ( 'NONE', ( #5317, #1680, #1436, #4641 ) ) ;
#2729 = MECHANICAL_DESIGN_GEOMETRIC_PRESENTATION_REPRESENTATION (  '', ( #5286 ), #3744 ) ;
#2730 = EDGE_CURVE ( 'NONE', #214, #824, #218, .T. ) ;
#2731 = FACE_OUTER_BOUND ( 'NONE', #5560, .T. ) ;
#2732 = DIRECTION ( 'NONE',  ( -0.0000000000000000000, -1.000000000000000000, -0.0000000000000000000 ) ) ;
#2733 = CARTESIAN_POINT ( 'NONE',  ( 2.050000000000001200, 1.000000000000000000, -0.5000000000000000000 ) ) ;
#2734 = CARTESIAN_POINT ( 'NONE',  ( 1.499999999999996900, 0.5000000000000000000, -2.750000000000000400 ) ) ;
#2735 = CARTESIAN_POINT ( 'NONE',  ( 2.311578084468704800, -0.9069756473744127200, 2.499999999999996400 ) ) ;
#2736 = ORIENTED_EDGE ( 'NONE', *, *, #4227, .F. ) ;
#2737 = VECTOR ( 'NONE', #6344, 1000.000000000000000 ) ;
#2738 = ORIENTED_EDGE ( 'NONE', *, *, #4931, .T. ) ;
#2739 =( LENGTH_UNIT ( ) NAMED_UNIT ( * ) SI_UNIT ( .MILLI., .METRE. ) );
#2740 = VECTOR ( 'NONE', #6366, 1000.000000000000000 ) ;
#2741 = CARTESIAN_POINT ( 'NONE',  ( -1.070000000000000300, -0.3000000000000001000, -3.601676395598662200 ) ) ;
#2742 = DIRECTION ( 'NONE',  ( -1.000000000000000000, -0.0000000000000000000, -0.0000000000000000000 ) ) ;
#2743 = ORIENTED_EDGE ( 'NONE', *, *, #2998, .T. ) ;
#2744 = CARTESIAN_POINT ( 'NONE',  ( 1.070000000000000100, -0.8506089874350454300, 4.924999999999999800 ) ) ;
#2745 = VECTOR ( 'NONE', #4782, 1000.000000000000000 ) ;
#2746 = FACE_OUTER_BOUND ( 'NONE', #1754, .T. ) ;
#2747 = ADVANCED_FACE ( 'NONE', ( #4010 ), #5689, .F. ) ;
#2748 = AXIS2_PLACEMENT_3D ( 'NONE', #2445, #955, #6404 ) ;
#2749 = ORIENTED_EDGE ( 'NONE', *, *, #5314, .T. ) ;
#2750 = CARTESIAN_POINT ( 'NONE',  ( 0.1999999999999998700, -1.033879594944416400, 3.961995036105455000 ) ) ;
#2751 = LINE ( 'NONE', #1628, #6430 ) ;
#2752 = CARTESIAN_POINT ( 'NONE',  ( -1.024695076595959900, -2.500000000000000000, 1.600000000000000300 ) ) ;
#2753 = DIRECTION ( 'NONE',  ( -0.0000000000000000000, -1.000000000000000000, -0.0000000000000000000 ) ) ;
#2754 = EDGE_CURVE ( 'NONE', #405, #5375, #4880, .T. ) ;
#2755 = LINE ( 'NONE', #5580, #456 ) ;
#2756 = VECTOR ( 'NONE', #3781, 1000.000000000000000 ) ;
#2757 = DIRECTION ( 'NONE',  ( -1.000000000000000000, -0.0000000000000000000, 0.0000000000000000000 ) ) ;
#2758 = ADVANCED_FACE ( 'NONE', ( #6502 ), #61, .F. ) ;
#2759 = DIRECTION ( 'NONE',  ( -1.000000000000000000, 0.0000000000000000000, 0.0000000000000000000 ) ) ;
#2760 = ORIENTED_EDGE ( 'NONE', *, *, #6450, .F. ) ;
#2761 = LINE ( 'NONE', #5207, #4171 ) ;
#2762 = CYLINDRICAL_SURFACE ( 'NONE', #6367, 0.3099999999999999400 ) ;
#2763 = CARTESIAN_POINT ( 'NONE',  ( 1.807951184059714000, -0.9000000000000000200, -2.082951184059715000 ) ) ;
#2764 = EDGE_CURVE ( 'NONE', #5390, #2327, #6195, .T. ) ;
#2765 = PLANE ( 'NONE',  #981 ) ;
#2766 = DIRECTION ( 'NONE',  ( -0.0000000000000000000, -1.000000000000000000, -0.0000000000000000000 ) ) ;
#2767 = DIRECTION ( 'NONE',  ( 0.06975647374412545500, -0.9975640502598242000, 0.0000000000000000000 ) ) ;
#2768 = ORIENTED_EDGE ( 'NONE', *, *, #1209, .T. ) ;
#2769 = VERTEX_POINT ( 'NONE', #241 ) ;
#2770 = CARTESIAN_POINT ( 'NONE',  ( 0.1999999999999998700, -0.7555373219897065800, 3.683652763150745200 ) ) ;
#2771 = ORIENTED_EDGE ( 'NONE', *, *, #2209, .T. ) ;
#2772 = EDGE_CURVE ( 'NONE', #1725, #446, #1020, .T. ) ;
#2773 = PRESENTATION_STYLE_ASSIGNMENT (( #4383 ) ) ;
#2774 = VERTEX_POINT ( 'NONE', #3294 ) ;
#2775 =( LENGTH_UNIT ( ) NAMED_UNIT ( * ) SI_UNIT ( .MILLI., .METRE. ) );
#2776 = FACE_OUTER_BOUND ( 'NONE', #6296, .T. ) ;
#2777 = ORIENTED_EDGE ( 'NONE', *, *, #3233, .T. ) ;
#2778 = UNCERTAINTY_MEASURE_WITH_UNIT (LENGTH_MEASURE( 1.000000000000000100E-005 ), #4976, 'distance_accuracy_value', 'NONE');
#2779 = CARTESIAN_POINT ( 'NONE',  ( 2.050000000000001200, 1.000000000000000000, 2.199999999999996600 ) ) ;
#2780 = CARTESIAN_POINT ( 'NONE',  ( -1.070000000000000300, -0.8506089874350454300, 4.924999999999999800 ) ) ;
#2781 = VERTEX_POINT ( 'NONE', #2744 ) ;
#2782 = ADVANCED_FACE ( 'NONE', ( #210 ), #3696, .F. ) ;
#2783 = FILL_AREA_STYLE ('',( #213 ) ) ;
#2784 = CIRCLE ( 'NONE', #6503, 0.3099999999999999400 ) ;
#2785 = ORIENTED_EDGE ( 'NONE', *, *, #6494, .T. ) ;
#2786 = LINE ( 'NONE', #3039, #1447 ) ;
#2787 = CARTESIAN_POINT ( 'NONE',  ( 1.070000000000000100, -1.033879594944416400, -3.961995036105455000 ) ) ;
#2788 = VERTEX_POINT ( 'NONE', #4268 ) ;
#2789 = DIRECTION ( 'NONE',  ( 0.0000000000000000000, 0.0000000000000000000, -1.000000000000000000 ) ) ;
#2790 = AXIS2_PLACEMENT_3D ( 'NONE', #4062, #6095, #1550 ) ;
#2791 = DIRECTION ( 'NONE',  ( 0.0000000000000000000, 0.0000000000000000000, 1.000000000000000000 ) ) ;
#2792 = ADVANCED_FACE ( 'NONE', ( #538 ), #2225, .F. ) ;
#2793 = DIRECTION ( 'NONE',  ( 0.0000000000000000000, 0.0000000000000000000, -1.000000000000000000 ) ) ;
#2794 = EDGE_CURVE ( 'NONE', #5006, #4066, #5401, .T. ) ;
#2795 =( LENGTH_UNIT ( ) NAMED_UNIT ( * ) SI_UNIT ( .MILLI., .METRE. ) );
#2796 = AXIS2_PLACEMENT_3D ( 'NONE', #3759, #757, #4847 ) ;
#2797 = APPLICATION_PROTOCOL_DEFINITION ( 'draft international standard', 'automotive_design', 1998, #1265 ) ;
#2798 = DIRECTION ( 'NONE',  ( -1.000000000000000000, -0.0000000000000000000, -0.0000000000000000000 ) ) ;
#2799 = DIRECTION ( 'NONE',  ( 0.0000000000000000000, -9.009844664146523100E-017, 1.000000000000000000 ) ) ;
#2800 = EDGE_LOOP ( 'NONE', ( #6190, #541, #5673, #5828, #799 ) ) ;
#2801 = AXIS2_PLACEMENT_3D ( 'NONE', #6127, #2701, #4713 ) ;
#2802 = LINE ( 'NONE', #5539, #6013 ) ;
#2803 = DIRECTION ( 'NONE',  ( 1.000000000000000000, -0.0000000000000000000, 0.0000000000000000000 ) ) ;
#2804 =( GEOMETRIC_REPRESENTATION_CONTEXT ( 3 ) GLOBAL_UNCERTAINTY_ASSIGNED_CONTEXT ( ( #6464 ) ) GLOBAL_UNIT_ASSIGNED_CONTEXT ( ( #4405, #4938, #3412 ) ) REPRESENTATION_CONTEXT ( 'NONE', 'WORKASPACE' ) );
#2805 = LINE ( 'NONE', #881, #2642 ) ;
#2806 = CARTESIAN_POINT ( 'NONE',  ( -1.499999999999995600, 0.4999999999999995600, 2.700000000000000200 ) ) ;
#2807 = FILL_AREA_STYLE_COLOUR ( '', #5941 ) ;
#2808 = COLOUR_RGB ( '',1.000000000000000000, 1.000000000000000000, 1.000000000000000000 ) ;
#2809 = EDGE_CURVE ( 'NONE', #5616, #5505, #4940, .T. ) ;
#2810 = ORIENTED_EDGE ( 'NONE', *, *, #2191, .T. ) ;
#2811 = DIRECTION ( 'NONE',  ( -0.0000000000000000000, -1.000000000000000000, -0.0000000000000000000 ) ) ;
#2812 = ADVANCED_FACE ( 'NONE', ( #2663 ), #5019, .F. ) ;
#2813 = CARTESIAN_POINT ( 'NONE',  ( 1.807951184059714000, -0.9000000000000000200, -2.432951184059714700 ) ) ;
#2814 = AXIS2_PLACEMENT_3D ( 'NONE', #5547, #2556, #6168 ) ;
#2815 = LINE ( 'NONE', #4950, #6487 ) ;
#2816 = CARTESIAN_POINT ( 'NONE',  ( -1.470000000000000200, -0.3000000000000001000, -3.601676395598662200 ) ) ;
#2817 =( LENGTH_UNIT ( ) NAMED_UNIT ( * ) SI_UNIT ( .MILLI., .METRE. ) );
#2818 = FACE_OUTER_BOUND ( 'NONE', #4466, .T. ) ;
#2819 = EDGE_LOOP ( 'NONE', ( #278, #4919, #978, #1902 ) ) ;
#2820 = AXIS2_PLACEMENT_3D ( 'NONE', #4038, #2000, #6473 ) ;
#2821 = EDGE_LOOP ( 'NONE', ( #1967, #129, #3588, #1482 ) ) ;
#2822 = ORIENTED_EDGE ( 'NONE', *, *, #2063, .F. ) ;
#2823 = FILL_AREA_STYLE_COLOUR ( '', #5883 ) ;
#2824 = CARTESIAN_POINT ( 'NONE',  ( 2.311578084468704800, 0.9069756473744127200, 0.5000000000000000000 ) ) ;
#2825 = CYLINDRICAL_SURFACE ( 'NONE', #1338, 0.3499999999999996400 ) ;
#2827 = ADVANCED_FACE ( 'NONE', ( #4721 ), #5739, .T. ) ;
#2826 = LINE ( 'NONE', #2495, #1636 ) ;
#2828 = DIRECTION ( 'NONE',  ( -0.0000000000000000000, -1.000000000000000000, -0.0000000000000000000 ) ) ;
#2829 = LINE ( 'NONE', #3638, #4481 ) ;
#2830 = VECTOR ( 'NONE', #4670, 1000.000000000000000 ) ;
#2831 = CARTESIAN_POINT ( 'NONE',  ( 1.174827221408426300, -0.9000000000000000200, -1.962921966769066500 ) ) ;
#2832 = ORIENTED_EDGE ( 'NONE', *, *, #616, .F. ) ;
#2833 = FACE_OUTER_BOUND ( 'NONE', #2940, .T. ) ;
#2834 = UNCERTAINTY_MEASURE_WITH_UNIT (LENGTH_MEASURE( 1.000000000000000100E-005 ), #5929, 'distance_accuracy_value', 'NONE');
#2835 = CARTESIAN_POINT ( 'NONE',  ( -1.807951184059714000, -0.9000000000000000200, -2.432951184059714700 ) ) ;
#2836 = CIRCLE ( 'NONE', #2239, 0.5500000000000001600 ) ;
#2837 = VECTOR ( 'NONE', #342, 1000.000000000000100 ) ;
#2838 = EDGE_CURVE ( 'NONE', #1311, #1556, #1871, .T. ) ;
#2839 = PRESENTATION_LAYER_ASSIGNMENT (  '', '', ( #4179 ) ) ;
#2840 = COLOUR_RGB ( '',1.000000000000000000, 1.000000000000000000, 1.000000000000000000 ) ;
#2841 = AXIS2_PLACEMENT_3D ( 'NONE', #4945, #2930, #3415 ) ;
#2842 = FACE_OUTER_BOUND ( 'NONE', #565, .T. ) ;
#2843 = FILL_AREA_STYLE ('',( #5839 ) ) ;
#2844 = SURFACE_SIDE_STYLE ('',( #1928 ) ) ;
#2845 = FILL_AREA_STYLE_COLOUR ( '', #5820 ) ;
#2846 = MECHANICAL_DESIGN_GEOMETRIC_PRESENTATION_REPRESENTATION (  '', ( #5177 ), #3177 ) ;
#2847 = LINE ( 'NONE', #4898, #5341 ) ;
#2848 = LINE ( 'NONE', #4108, #6518 ) ;
#2849 = CARTESIAN_POINT ( 'NONE',  ( 1.874999999999999100, 1.000000000000000000, -2.500000000000000900 ) ) ;
#2850 = CARTESIAN_POINT ( 'NONE',  ( -1.807951184059714000, -0.9000000000000000200, 2.082951184059715000 ) ) ;
#2851 = CARTESIAN_POINT ( 'NONE',  ( 0.0000000000000000000, -6.557179676972444900, 0.0000000000000000000 ) ) ;
#2852 = PRESENTATION_LAYER_ASSIGNMENT (  '', '', ( #2289 ) ) ;
#2853 = ADVANCED_FACE ( 'NONE', ( #6425 ), #1340, .F. ) ;
#2854 = ORIENTED_EDGE ( 'NONE', *, *, #3397, .F. ) ;
#2855 = ORIENTED_EDGE ( 'NONE', *, *, #6087, .F. ) ;
#2856 = EDGE_LOOP ( 'NONE', ( #3277, #4685, #938, #4671 ) ) ;
#2857 = EDGE_CURVE ( 'NONE', #837, #6160, #2512, .T. ) ;
#2858 = DIRECTION ( 'NONE',  ( 0.0000000000000000000, 0.06975647374412502500, 0.9975640502598243100 ) ) ;
#2859 = FILL_AREA_STYLE_COLOUR ( '', #5595 ) ;
#2860 = ORIENTED_EDGE ( 'NONE', *, *, #2610, .T. ) ;
#2861 = AXIS2_PLACEMENT_3D ( 'NONE', #162, #2753, #5240 ) ;
#2862 = ADVANCED_FACE ( 'NONE', ( #3930 ), #855, .F. ) ;
#2863 = ORIENTED_EDGE ( 'NONE', *, *, #5522, .T. ) ;
#2864 = DIRECTION ( 'NONE',  ( -0.0000000000000000000, -1.000000000000000000, -0.0000000000000000000 ) ) ;
#2865 = ORIENTED_EDGE ( 'NONE', *, *, #31, .T. ) ;
#2866 = DIRECTION ( 'NONE',  ( 0.0000000000000000000, -1.000000000000000000, 0.0000000000000000000 ) ) ;
#2867 = AXIS2_PLACEMENT_3D ( 'NONE', #1834, #1272, #4792 ) ;
#2868 = EDGE_CURVE ( 'NONE', #5811, #5871, #250, .T. ) ;
#2869 = VECTOR ( 'NONE', #3530, 1000.000000000000000 ) ;
#2870 = ORIENTED_EDGE ( 'NONE', *, *, #2523, .F. ) ;
#2871 = DIRECTION ( 'NONE',  ( 1.000000000000000000, -0.0000000000000000000, 0.0000000000000000000 ) ) ;
#2872 = ORIENTED_EDGE ( 'NONE', *, *, #1832, .T. ) ;
#2873 = CARTESIAN_POINT ( 'NONE',  ( -1.070000000000000300, -0.2500000000000002200, -3.601676395598662200 ) ) ;
#2874 = EDGE_LOOP ( 'NONE', ( #2085, #859, #4283, #1079 ) ) ;
#2875 = DIRECTION ( 'NONE',  ( 1.000000000000000000, 0.0000000000000000000, 0.0000000000000000000 ) ) ;
#2876 = AXIS2_PLACEMENT_3D ( 'NONE', #3951, #4443, #920 ) ;
#2877 =( LENGTH_UNIT ( ) NAMED_UNIT ( * ) SI_UNIT ( .MILLI., .METRE. ) );
#2878 = ORIENTED_EDGE ( 'NONE', *, *, #6517, .T. ) ;
#2879 = FACE_OUTER_BOUND ( 'NONE', #6449, .T. ) ;
#2880 = EDGE_CURVE ( 'NONE', #3375, #6136, #3806, .T. ) ;
#2881 = DIRECTION ( 'NONE',  ( 0.0000000000000000000, 0.0000000000000000000, 1.000000000000000000 ) ) ;
#2882 =( NAMED_UNIT ( * ) SI_UNIT ( $, .STERADIAN. ) SOLID_ANGLE_UNIT ( ) );
#2883 = CARTESIAN_POINT ( 'NONE',  ( -1.470000000000000200, -0.2790730578767624000, 3.900945610676609400 ) ) ;
#2884 = AXIS2_PLACEMENT_3D ( 'NONE', #2946, #5924, #3897 ) ;
#2885 = ORIENTED_EDGE ( 'NONE', *, *, #900, .F. ) ;
#2886 = PRESENTATION_STYLE_ASSIGNMENT (( #188 ) ) ;
#2887 =( NAMED_UNIT ( * ) PLANE_ANGLE_UNIT ( ) SI_UNIT ( $, .RADIAN. ) );
#2888 = DIRECTION ( 'NONE',  ( 0.0000000000000000000, 0.9975640502598243100, -0.06975647374412441400 ) ) ;
#2889 = ADVANCED_FACE ( 'NONE', ( #2776 ), #5899, .F. ) ;
#2890 = DIRECTION ( 'NONE',  ( 0.0000000000000000000, 0.0000000000000000000, -1.000000000000000000 ) ) ;
#2891 = EDGE_LOOP ( 'NONE', ( #4245, #602, #3617, #336 ) ) ;
#2892 = EDGE_CURVE ( 'NONE', #2614, #5461, #4127, .T. ) ;
#2893 = CARTESIAN_POINT ( 'NONE',  ( 1.470000000000000000, -1.100000000000000100, -4.907560881563969500 ) ) ;
#2894 = ORIENTED_EDGE ( 'NONE', *, *, #3273, .F. ) ;
#2895 = AXIS2_PLACEMENT_3D ( 'NONE', #4990, #1960, #3933 ) ;
#2896 = ORIENTED_EDGE ( 'NONE', *, *, #2764, .F. ) ;
#2897 = LINE ( 'NONE', #5326, #1549 ) ;
#2898 = DIRECTION ( 'NONE',  ( 0.0000000000000000000, -0.0000000000000000000, 1.000000000000000000 ) ) ;
#2899 = CARTESIAN_POINT ( 'NONE',  ( -2.311578084468706600, 0.9069756473744125000, -2.499999999999997800 ) ) ;
#2900 = EDGE_CURVE ( 'NONE', #563, #6374, #3643, .T. ) ;
#2901 = LINE ( 'NONE', #3838, #5956 ) ;
#2902 = LINE ( 'NONE', #5893, #5010 ) ;
#2903 = VECTOR ( 'NONE', #5605, 1000.000000000000000 ) ;
#2904 = ORIENTED_EDGE ( 'NONE', *, *, #985, .T. ) ;
#2905 = DIRECTION ( 'NONE',  ( 0.0000000000000000000, -0.0000000000000000000, -1.000000000000000000 ) ) ;
#2906 = PLANE ( 'NONE',  #121 ) ;
#2907 =( LENGTH_UNIT ( ) NAMED_UNIT ( * ) SI_UNIT ( .MILLI., .METRE. ) );
#2908 = LINE ( 'NONE', #6413, #6424 ) ;
#2909 = COLOUR_RGB ( '',1.000000000000000000, 1.000000000000000000, 1.000000000000000000 ) ;
#2910 = AXIS2_PLACEMENT_3D ( 'NONE', #4594, #2580, #3084 ) ;
#2911 = VECTOR ( 'NONE', #2083, 1000.000000000000000 ) ;
#2912 = EDGE_LOOP ( 'NONE', ( #5310, #5998, #2736, #3171 ) ) ;
#2913 = CARTESIAN_POINT ( 'NONE',  ( -1.070000000000000300, -0.3000000000000000400, -3.601676395598662600 ) ) ;
#2914 = CIRCLE ( 'NONE', #5480, 0.3499999999999996400 ) ;
#2915 = SURFACE_STYLE_FILL_AREA ( #2631 ) ;
#2916 = FILL_AREA_STYLE ('',( #2422 ) ) ;
#2917 = STYLED_ITEM ( 'NONE', ( #5977 ), #3913 ) ;
#2918 = LINE ( 'NONE', #2682, #1653 ) ;
#2919 = EDGE_CURVE ( 'NONE', #2414, #3848, #3484, .T. ) ;
#2920 = CYLINDRICAL_SURFACE ( 'NONE', #753, 0.2999999999999999300 ) ;
#2921 = SURFACE_STYLE_USAGE ( .BOTH. , #4397 ) ;
#2922 = ADVANCED_FACE ( 'NONE', ( #2470 ), #5832, .F. ) ;
#2923 = FILL_AREA_STYLE ('',( #1876 ) ) ;
#2924 = MECHANICAL_DESIGN_GEOMETRIC_PRESENTATION_REPRESENTATION (  '', ( #5509 ), #1689 ) ;
#2925 = VERTEX_POINT ( 'NONE', #877 ) ;
#2926 = DIRECTION ( 'NONE',  ( 0.0000000000000000000, 0.0000000000000000000, -1.000000000000000000 ) ) ;
#2927 = STYLED_ITEM ( 'NONE', ( #2886 ), #797 ) ;
#2928 = EDGE_LOOP ( 'NONE', ( #6359, #3112, #5553, #1016 ) ) ;
#2929 = CARTESIAN_POINT ( 'NONE',  ( -1.470000000000000200, -1.100000000000000100, -4.907560881563969500 ) ) ;
#2930 = DIRECTION ( 'NONE',  ( -1.000000000000000000, -0.0000000000000000000, 0.0000000000000000000 ) ) ;
#2931 = CARTESIAN_POINT ( 'NONE',  ( -1.875000000000000900, 0.0000000000000000000, 2.500000000000000000 ) ) ;
#2932 =( GEOMETRIC_REPRESENTATION_CONTEXT ( 3 ) GLOBAL_UNCERTAINTY_ASSIGNED_CONTEXT ( ( #1122 ) ) GLOBAL_UNIT_ASSIGNED_CONTEXT ( ( #2795, #5330, #269 ) ) REPRESENTATION_CONTEXT ( 'NONE', 'WORKASPACE' ) );
#2933 = ORIENTED_EDGE ( 'NONE', *, *, #3444, .T. ) ;
#2934 = ORIENTED_EDGE ( 'NONE', *, *, #19, .T. ) ;
#2935 = DIRECTION ( 'NONE',  ( -1.000000000000000000, -0.0000000000000000000, 0.0000000000000000000 ) ) ;
#2936 = CIRCLE ( 'NONE', #2481, 0.3099999999999999400 ) ;
#2937 = LINE ( 'NONE', #487, #5282 ) ;
#2938 = ORIENTED_EDGE ( 'NONE', *, *, #3192, .T. ) ;
#2939 = EDGE_CURVE ( 'NONE', #4596, #3202, #404, .T. ) ;
#2940 = EDGE_LOOP ( 'NONE', ( #4047, #4854, #2583, #1577 ) ) ;
#2941 = SURFACE_STYLE_USAGE ( .BOTH. , #417 ) ;
#2942 = DIRECTION ( 'NONE',  ( 0.0000000000000000000, 0.0000000000000000000, -1.000000000000000000 ) ) ;
#2943 = MECHANICAL_DESIGN_GEOMETRIC_PRESENTATION_REPRESENTATION (  '', ( #1916 ), #3620 ) ;
#2944 = ORIENTED_EDGE ( 'NONE', *, *, #3789, .F. ) ;
#2945 = VECTOR ( 'NONE', #5961, 1000.000000000000000 ) ;
#2946 = CARTESIAN_POINT ( 'NONE',  ( 1.470000000000000000, -0.3000000000000001000, -3.601676395598661700 ) ) ;
#2947 = ORIENTED_EDGE ( 'NONE', *, *, #4975, .T. ) ;
#2948 = CARTESIAN_POINT ( 'NONE',  ( 0.1999999999999998700, -0.7555373219897065800, 3.683652763150745200 ) ) ;
#2949 = STYLED_ITEM ( 'NONE', ( #1619 ), #5308 ) ;
#2950 = CARTESIAN_POINT ( 'NONE',  ( 2.211821679442722100, 1.000000000000000000, 2.499999999999996000 ) ) ;
#2951 = CARTESIAN_POINT ( 'NONE',  ( -0.2000000000000000900, -0.7844885823794622800, 3.979434154541485700 ) ) ;
#2952 = DIRECTION ( 'NONE',  ( 0.0000000000000000000, 0.0000000000000000000, -1.000000000000000000 ) ) ;
#2953 = CARTESIAN_POINT ( 'NONE',  ( -2.049999999999999400, 0.5000000000000000000, -2.199999999999996200 ) ) ;
#2954 = EDGE_CURVE ( 'NONE', #5850, #5684, #1755, .T. ) ;
#2955 = AXIS2_PLACEMENT_3D ( 'NONE', #4767, #2257, #5771 ) ;
#2956 = ORIENTED_EDGE ( 'NONE', *, *, #1189, .F. ) ;
#2957 = CARTESIAN_POINT ( 'NONE',  ( -1.470000000000000200, -0.2500000000000001100, -2.982518297014122400 ) ) ;
#2958 =( GEOMETRIC_REPRESENTATION_CONTEXT ( 3 ) GLOBAL_UNCERTAINTY_ASSIGNED_CONTEXT ( ( #4944 ) ) GLOBAL_UNIT_ASSIGNED_CONTEXT ( ( #3218, #3264, #185 ) ) REPRESENTATION_CONTEXT ( 'NONE', 'WORKASPACE' ) );
#2959 = LINE ( 'NONE', #5056, #345 ) ;
#2960 = SURFACE_STYLE_FILL_AREA ( #3782 ) ;
#2961 = EDGE_CURVE ( 'NONE', #1787, #2980, #2937, .T. ) ;
#2962 = ORIENTED_EDGE ( 'NONE', *, *, #1961, .F. ) ;
#2963 = PLANE ( 'NONE',  #4479 ) ;
#2964 = PRESENTATION_STYLE_ASSIGNMENT (( #1674 ) ) ;
#2965 = PLANE ( 'NONE',  #6162 ) ;
#2966 =( GEOMETRIC_REPRESENTATION_CONTEXT ( 3 ) GLOBAL_UNCERTAINTY_ASSIGNED_CONTEXT ( ( #340 ) ) GLOBAL_UNIT_ASSIGNED_CONTEXT ( ( #6212, #5264, #6301 ) ) REPRESENTATION_CONTEXT ( 'NONE', 'WORKASPACE' ) );
#2967 = ORIENTED_EDGE ( 'NONE', *, *, #2558, .T. ) ;
#2968 = DIRECTION ( 'NONE',  ( -0.0000000000000000000, 1.000000000000000000, -0.0000000000000000000 ) ) ;
#2969 = CIRCLE ( 'NONE', #6157, 0.3000000000000003800 ) ;
#2970 = EDGE_CURVE ( 'NONE', #405, #5900, #1440, .T. ) ;
#2971 = ORIENTED_EDGE ( 'NONE', *, *, #1305, .T. ) ;
#2972 = VECTOR ( 'NONE', #660, 1000.000000000000000 ) ;
#2973 = DIRECTION ( 'NONE',  ( 0.0000000000000000000, 0.0000000000000000000, 1.000000000000000000 ) ) ;
#2974 = CARTESIAN_POINT ( 'NONE',  ( -1.499999999999999100, -6.220119046564577500, 2.200000000000000200 ) ) ;
#2975 = ORIENTED_EDGE ( 'NONE', *, *, #700, .T. ) ;
#2976 =( NAMED_UNIT ( * ) SI_UNIT ( $, .STERADIAN. ) SOLID_ANGLE_UNIT ( ) );
#2977 = UNCERTAINTY_MEASURE_WITH_UNIT (LENGTH_MEASURE( 1.000000000000000100E-005 ), #1240, 'distance_accuracy_value', 'NONE');
#2978 = AXIS2_PLACEMENT_3D ( 'NONE', #4818, #3320, #1788 ) ;
#2979 = DIRECTION ( 'NONE',  ( 0.0000000000000000000, 0.0000000000000000000, 1.000000000000000000 ) ) ;
#2980 = VERTEX_POINT ( 'NONE', #3510 ) ;
#2981 = LINE ( 'NONE', #2595, #5403 ) ;
#2982 = ORIENTED_EDGE ( 'NONE', *, *, #616, .T. ) ;
#2983 = EDGE_CURVE ( 'NONE', #1712, #2489, #968, .T. ) ;
#2984 = DIRECTION ( 'NONE',  ( 0.0000000000000000000, 0.0000000000000000000, 1.000000000000000000 ) ) ;
#2985 = FILL_AREA_STYLE_COLOUR ( '', #3394 ) ;
#2986 = FILL_AREA_STYLE_COLOUR ( '', #262 ) ;
#2987 = SURFACE_STYLE_FILL_AREA ( #6478 ) ;
#2988 =( LENGTH_UNIT ( ) NAMED_UNIT ( * ) SI_UNIT ( .MILLI., .METRE. ) );
#2989 = LINE ( 'NONE', #1411, #3628 ) ;
#2990 = SURFACE_STYLE_USAGE ( .BOTH. , #5414 ) ;
#2991 = DIRECTION ( 'NONE',  ( -1.000000000000000000, -0.0000000000000000000, -0.0000000000000000000 ) ) ;
#2992 = DIRECTION ( 'NONE',  ( 0.0000000000000000000, 0.0000000000000000000, 1.000000000000000000 ) ) ;
#2993 = AXIS2_PLACEMENT_3D ( 'NONE', #3089, #4617, #3539 ) ;
#2994 = VECTOR ( 'NONE', #4640, 1000.000000000000000 ) ;
#2995 = ADVANCED_FACE ( 'NONE', ( #1286 ), #5112, .F. ) ;
#2996 = DIRECTION ( 'NONE',  ( 0.0000000000000000000, 0.0000000000000000000, 1.000000000000000000 ) ) ;
#2997 = CARTESIAN_POINT ( 'NONE',  ( 1.470000000000000000, -0.2790730578767624000, 3.900945610676608900 ) ) ;
#2998 = EDGE_CURVE ( 'NONE', #4506, #206, #1744, .T. ) ;
#2999 = ORIENTED_EDGE ( 'NONE', *, *, #2540, .F. ) ;
#3000 = EDGE_LOOP ( 'NONE', ( #3163, #3720, #2004, #2392 ) ) ;
#3001 = ORIENTED_EDGE ( 'NONE', *, *, #390, .T. ) ;
#3002 = EDGE_LOOP ( 'NONE', ( #756, #5701, #3601, #4072 ) ) ;
#3004 = ORIENTED_EDGE ( 'NONE', *, *, #1123, .F. ) ;
#3003 = CARTESIAN_POINT ( 'NONE',  ( 1.470000000000000000, -1.100000000000000100, 4.907560881563969500 ) ) ;
#3005 = MECHANICAL_DESIGN_GEOMETRIC_PRESENTATION_REPRESENTATION (  '', ( #2325 ), #1194 ) ;
#3006 =( NAMED_UNIT ( * ) SI_UNIT ( $, .STERADIAN. ) SOLID_ANGLE_UNIT ( ) );
#3007 = ORIENTED_EDGE ( 'NONE', *, *, #4711, .T. ) ;
#3008 = FACE_OUTER_BOUND ( 'NONE', #5162, .T. ) ;
#3009 = ORIENTED_EDGE ( 'NONE', *, *, #19, .F. ) ;
#3010 = AXIS2_PLACEMENT_3D ( 'NONE', #6253, #5239, #1235 ) ;
#3011 = FILL_AREA_STYLE_COLOUR ( '', #6250 ) ;
#3012 = SURFACE_STYLE_FILL_AREA ( #1071 ) ;
#3013 = FILL_AREA_STYLE ('',( #6102 ) ) ;
#3014 = ORIENTED_EDGE ( 'NONE', *, *, #3524, .F. ) ;
#3015 =( GEOMETRIC_REPRESENTATION_CONTEXT ( 3 ) GLOBAL_UNCERTAINTY_ASSIGNED_CONTEXT ( ( #65 ) ) GLOBAL_UNIT_ASSIGNED_CONTEXT ( ( #4885, #4369, #2279 ) ) REPRESENTATION_CONTEXT ( 'NONE', 'WORKASPACE' ) );
#3016 = FACE_OUTER_BOUND ( 'NONE', #768, .T. ) ;
#3017 = ORIENTED_EDGE ( 'NONE', *, *, #2365, .F. ) ;
#3018 = CARTESIAN_POINT ( 'NONE',  ( 1.470000000000000000, -0.7346103798664689300, -3.982921978228692900 ) ) ;
#3019 = ORIENTED_EDGE ( 'NONE', *, *, #1875, .F. ) ;
#3020 = EDGE_CURVE ( 'NONE', #5817, #2696, #5123, .T. ) ;
#3021 = ORIENTED_EDGE ( 'NONE', *, *, #3699, .T. ) ;
#3022 = DIRECTION ( 'NONE',  ( 0.0000000000000000000, 0.0000000000000000000, 1.000000000000000000 ) ) ;
#3023 = DIRECTION ( 'NONE',  ( 0.0000000000000000000, -0.9975640502598243100, 0.06975647374412442800 ) ) ;
#3024 =( LENGTH_UNIT ( ) NAMED_UNIT ( * ) SI_UNIT ( .MILLI., .METRE. ) );
#3025 = UNCERTAINTY_MEASURE_WITH_UNIT (LENGTH_MEASURE( 1.000000000000000100E-005 ), #5242, 'distance_accuracy_value', 'NONE');
#3026 = MECHANICAL_DESIGN_GEOMETRIC_PRESENTATION_REPRESENTATION (  '', ( #500 ), #4009 ) ;
#3027 = DIRECTION ( 'NONE',  ( 1.000000000000000000, 0.0000000000000000000, 0.0000000000000000000 ) ) ;
#3028 = VECTOR ( 'NONE', #1100, 1000.000000000000000 ) ;
#3029 = AXIS2_PLACEMENT_3D ( 'NONE', #1270, #1243, #728 ) ;
#3030 = DIRECTION ( 'NONE',  ( 0.0000000000000000000, 0.0000000000000000000, -1.000000000000000000 ) ) ;
#3031 = ORIENTED_EDGE ( 'NONE', *, *, #4345, .T. ) ;
#3032 =( NAMED_UNIT ( * ) PLANE_ANGLE_UNIT ( ) SI_UNIT ( $, .RADIAN. ) );
#3033 = FILL_AREA_STYLE_COLOUR ( '', #2213 ) ;
#3034 = EDGE_CURVE ( 'NONE', #1548, #3296, #5834, .T. ) ;
#3035 = CARTESIAN_POINT ( 'NONE',  ( -1.070000000000000300, -0.8506089874350454300, -4.924999999999999800 ) ) ;
#3036 = ORIENTED_EDGE ( 'NONE', *, *, #5862, .F. ) ;
#3037 = CARTESIAN_POINT ( 'NONE',  ( 0.1999999999999998700, -0.2790730578767624000, 3.900945610676608900 ) ) ;
#3038 = AXIS2_PLACEMENT_3D ( 'NONE', #207, #1269, #681 ) ;
#3039 = CARTESIAN_POINT ( 'NONE',  ( 1.470000000000000000, -0.2500000000000002200, 3.601676395598661700 ) ) ;
#3040 = PLANE ( 'NONE',  #3427 ) ;
#3041 = SURFACE_STYLE_FILL_AREA ( #6208 ) ;
#3042 = ORIENTED_EDGE ( 'NONE', *, *, #5590, .F. ) ;
#3043 = VECTOR ( 'NONE', #5307, 1000.000000000000100 ) ;
#3044 = AXIS2_PLACEMENT_3D ( 'NONE', #5953, #1972, #979 ) ;
#3045 = DIRECTION ( 'NONE',  ( 0.0000000000000000000, -0.9975640502598245300, 0.06975647374412140300 ) ) ;
#3046 = CARTESIAN_POINT ( 'NONE',  ( 1.807951184059714000, -1.000000000000000000, 2.432951184059714700 ) ) ;
#3047 = AXIS2_PLACEMENT_3D ( 'NONE', #1130, #617, #1678 ) ;
#3048 = COLOUR_RGB ( '',1.000000000000000000, 1.000000000000000000, 1.000000000000000000 ) ;
#3049 = FACE_OUTER_BOUND ( 'NONE', #732, .T. ) ;
#3050 = EDGE_LOOP ( 'NONE', ( #5356, #1890 ) ) ;
#3051 = CARTESIAN_POINT ( 'NONE',  ( -1.874999999999998200, -1.000000000000000000, 2.836821679442723500 ) ) ;
#3052 = CARTESIAN_POINT ( 'NONE',  ( 1.070000000000000100, -1.100000000000000100, 4.907560881563969500 ) ) ;
#3053 = EDGE_CURVE ( 'NONE', #1113, #3723, #1599, .T. ) ;
#3054 = VECTOR ( 'NONE', #3423, 1000.000000000000000 ) ;
#3055 = SURFACE_SIDE_STYLE ('',( #3931 ) ) ;
#3056 = VECTOR ( 'NONE', #3361, 1000.000000000000000 ) ;
#3057 = SURFACE_STYLE_USAGE ( .BOTH. , #2075 ) ;
#3058 =( NAMED_UNIT ( * ) SI_UNIT ( $, .STERADIAN. ) SOLID_ANGLE_UNIT ( ) );
#3059 = LINE ( 'NONE', #4104, #3136 ) ;
#3060 = CARTESIAN_POINT ( 'NONE',  ( 1.874999999999995600, 0.0000000000000000000, 2.999999999999999600 ) ) ;
#3061 = CIRCLE ( 'NONE', #5897, 0.4365780844687058800 ) ;
#3062 = STYLED_ITEM ( 'NONE', ( #1124 ), #3322 ) ;
#3063 = CARTESIAN_POINT ( 'NONE',  ( 1.174827221408426300, -0.9000000000000000200, 1.962921966769066500 ) ) ;
#3064 = DIRECTION ( 'NONE',  ( -1.000000000000000000, -0.0000000000000000000, 0.0000000000000000000 ) ) ;
#3065 = LINE ( 'NONE', #83, #618 ) ;
#3066 = CARTESIAN_POINT ( 'NONE',  ( 1.874999999999999100, 0.9000000000000000200, 2.836821679442723000 ) ) ;
#3067 = AXIS2_PLACEMENT_3D ( 'NONE', #4195, #4173, #1221 ) ;
#3068 = EDGE_CURVE ( 'NONE', #4518, #4417, #2462, .T. ) ;
#3069 = ORIENTED_EDGE ( 'NONE', *, *, #4253, .T. ) ;
#3070 = LINE ( 'NONE', #4398, #2364 ) ;
#3071 =( NAMED_UNIT ( * ) SI_UNIT ( $, .STERADIAN. ) SOLID_ANGLE_UNIT ( ) );
#3072 = DIRECTION ( 'NONE',  ( 0.0000000000000000000, -0.06975647374412440000, 0.9975640502598243100 ) ) ;
#3073 = VECTOR ( 'NONE', #3045, 1000.000000000000000 ) ;
#3074 = CARTESIAN_POINT ( 'NONE',  ( -1.070000000000000300, -0.2500000000000002200, 3.601676395598662200 ) ) ;
#3075 = LINE ( 'NONE', #3159, #3878 ) ;
#3076 = DIRECTION ( 'NONE',  ( -0.0000000000000000000, 1.000000000000000000, -0.0000000000000000000 ) ) ;
#3077 = ORIENTED_EDGE ( 'NONE', *, *, #4757, .F. ) ;
#3078 = CARTESIAN_POINT ( 'NONE',  ( 1.874999999999995600, 0.9069756473744127200, -2.936578084468706600 ) ) ;
#3079 = AXIS2_PLACEMENT_3D ( 'NONE', #4433, #2016, #2509 ) ;
#3080 = FILL_AREA_STYLE ('',( #3033 ) ) ;
#3081 = VERTEX_POINT ( 'NONE', #5448 ) ;
#3082 = VECTOR ( 'NONE', #6254, 1000.000000000000000 ) ;
#3083 = VERTEX_POINT ( 'NONE', #2454 ) ;
#3084 = DIRECTION ( 'NONE',  ( 0.0000000000000000000, 9.009844664146523100E-017, 1.000000000000000000 ) ) ;
#3085 = FILL_AREA_STYLE_COLOUR ( '', #3654 ) ;
#3086 = ORIENTED_EDGE ( 'NONE', *, *, #2281, .F. ) ;
#3087 = STYLED_ITEM ( 'NONE', ( #2001 ), #879 ) ;
#3088 = ORIENTED_EDGE ( 'NONE', *, *, #329, .T. ) ;
#3089 = CARTESIAN_POINT ( 'NONE',  ( 2.000000000000000900, -6.220119046564577500, 2.200000000000000200 ) ) ;
#3090 =( NAMED_UNIT ( * ) PLANE_ANGLE_UNIT ( ) SI_UNIT ( $, .RADIAN. ) );
#3091 = UNCERTAINTY_MEASURE_WITH_UNIT (LENGTH_MEASURE( 1.000000000000000100E-005 ), #455, 'distance_accuracy_value', 'NONE');
#3092 = CARTESIAN_POINT ( 'NONE',  ( 1.470000000000000000, -0.7844885823794624000, 3.979434154541485700 ) ) ;
#3093 = VERTEX_POINT ( 'NONE', #442 ) ;
#3094 = EDGE_CURVE ( 'NONE', #5461, #915, #1591, .T. ) ;
#3095 = FACE_OUTER_BOUND ( 'NONE', #5578, .T. ) ;
#3096 = ORIENTED_EDGE ( 'NONE', *, *, #760, .F. ) ;
#3097 = CARTESIAN_POINT ( 'NONE',  ( 2.050000000000001200, 1.000000000000000000, -2.199999999999996600 ) ) ;
#3098 = AXIS2_PLACEMENT_3D ( 'NONE', #3736, #2273, #2385 ) ;
#3099 = DIRECTION ( 'NONE',  ( -1.000000000000000000, -0.0000000000000000000, -0.0000000000000000000 ) ) ;
#3100 = SURFACE_STYLE_USAGE ( .BOTH. , #5083 ) ;
#3101 = PLANE ( 'NONE',  #1681 ) ;
#3102 = EDGE_CURVE ( 'NONE', #1102, #689, #4511, .T. ) ;
#3103 = PLANE ( 'NONE',  #1289 ) ;
#3104 = VERTEX_POINT ( 'NONE', #6027 ) ;
#3105 = DIRECTION ( 'NONE',  ( 0.0000000000000000000, -0.9975640502598245300, 0.06975647374412140300 ) ) ;
#3106 = SURFACE_STYLE_FILL_AREA ( #3182 ) ;
#3107 = EDGE_LOOP ( 'NONE', ( #1868, #615, #710, #2771 ) ) ;
#3108 = VERTEX_POINT ( 'NONE', #1914 ) ;
#3109 = FILL_AREA_STYLE_COLOUR ( '', #37 ) ;
#3110 = FACE_OUTER_BOUND ( 'NONE', #1750, .T. ) ;
#3111 = CARTESIAN_POINT ( 'NONE',  ( -1.070000000000000300, -5.421010862427522200E-017, 3.601676395598662600 ) ) ;
#3112 = ORIENTED_EDGE ( 'NONE', *, *, #999, .F. ) ;
#3113 = ADVANCED_FACE ( 'NONE', ( #5434 ), #2623, .F. ) ;
#3114 = LINE ( 'NONE', #1299, #3672 ) ;
#3115 =( GEOMETRIC_REPRESENTATION_CONTEXT ( 3 ) GLOBAL_UNCERTAINTY_ASSIGNED_CONTEXT ( ( #2778 ) ) GLOBAL_UNIT_ASSIGNED_CONTEXT ( ( #4976, #6441, #3006 ) ) REPRESENTATION_CONTEXT ( 'NONE', 'WORKASPACE' ) );
#3116 = FACE_OUTER_BOUND ( 'NONE', #6182, .T. ) ;
#3117 = DIRECTION ( 'NONE',  ( 0.0000000000000000000, 1.000000000000000000, 0.0000000000000000000 ) ) ;
#3118 = ORIENTED_EDGE ( 'NONE', *, *, #2772, .T. ) ;
#3119 = CARTESIAN_POINT ( 'NONE',  ( -1.470000000000000200, -1.033879594944416400, 3.961995036105455000 ) ) ;
#3120 = CARTESIAN_POINT ( 'NONE',  ( 1.070000000000000100, 0.0000000000000000000, 2.999999999999999600 ) ) ;
#3121 = CARTESIAN_POINT ( 'NONE',  ( 1.807951184059714000, -0.9000000000000000200, 2.782951184059714300 ) ) ;
#3122 = EDGE_CURVE ( 'NONE', #4244, #4930, #3168, .T. ) ;
#3123 = EDGE_CURVE ( 'NONE', #6368, #4596, #1908, .T. ) ;
#3124 = LINE ( 'NONE', #1710, #4631 ) ;
#3125 = DIRECTION ( 'NONE',  ( 0.0000000000000000000, -0.9975640502598243100, -0.06975647374412442800 ) ) ;
#3126 = CARTESIAN_POINT ( 'NONE',  ( 1.807951184059714000, -0.9000000000000000200, 2.082951184059715000 ) ) ;
#3127 = DIRECTION ( 'NONE',  ( -1.000000000000000000, -0.0000000000000000000, -0.0000000000000000000 ) ) ;
#3128 = ORIENTED_EDGE ( 'NONE', *, *, #1305, .F. ) ;
#3129 = COLOUR_RGB ( '',1.000000000000000000, 1.000000000000000000, 1.000000000000000000 ) ;
#3130 = ORIENTED_EDGE ( 'NONE', *, *, #4625, .F. ) ;
#3131 = EDGE_CURVE ( 'NONE', #2788, #1414, #578, .T. ) ;
#3132 = ORIENTED_EDGE ( 'NONE', *, *, #1140, .F. ) ;
#3133 = SURFACE_STYLE_FILL_AREA ( #5934 ) ;
#3134 = PRESENTATION_LAYER_ASSIGNMENT (  '', '', ( #1454 ) ) ;
#3135 = DIRECTION ( 'NONE',  ( -0.0000000000000000000, -1.000000000000000000, -0.0000000000000000000 ) ) ;
#3136 = VECTOR ( 'NONE', #6074, 1000.000000000000000 ) ;
#3137 = FACE_OUTER_BOUND ( 'NONE', #1896, .T. ) ;
#3138 = DIRECTION ( 'NONE',  ( -1.000000000000000000, -0.0000000000000000000, 0.0000000000000000000 ) ) ;
#3139 = VERTEX_POINT ( 'NONE', #47 ) ;
#3140 = AXIS2_PLACEMENT_3D ( 'NONE', #910, #1862, #5372 ) ;
#3141 = VECTOR ( 'NONE', #1026, 1000.000000000000100 ) ;
#3142 = LINE ( 'NONE', #4580, #1099 ) ;
#3143 = DIRECTION ( 'NONE',  ( 3.017551784929563000E-018, 0.9996963846679772800, -0.02464018023017330500 ) ) ;
#3144 = CIRCLE ( 'NONE', #3635, 0.4365780844687054400 ) ;
#3145 = CARTESIAN_POINT ( 'NONE',  ( 1.499999999999996900, 0.5000000000000000000, -2.750000000000000400 ) ) ;
#3146 = EDGE_CURVE ( 'NONE', #1203, #569, #2786, .T. ) ;
#3147 = ORIENTED_EDGE ( 'NONE', *, *, #4071, .F. ) ;
#3148 = FACE_OUTER_BOUND ( 'NONE', #6032, .T. ) ;
#3149 =( NAMED_UNIT ( * ) PLANE_ANGLE_UNIT ( ) SI_UNIT ( $, .RADIAN. ) );
#3150 = SURFACE_STYLE_FILL_AREA ( #5991 ) ;
#3151 = AXIS2_PLACEMENT_3D ( 'NONE', #4766, #1756, #1859 ) ;
#3152 = DIRECTION ( 'NONE',  ( -0.0000000000000000000, -0.0000000000000000000, 1.000000000000000000 ) ) ;
#3153 = CARTESIAN_POINT ( 'NONE',  ( 0.0000000000000000000, -1.000000000000000000, 0.0000000000000000000 ) ) ;
#3154 = CARTESIAN_POINT ( 'NONE',  ( 1.174827221408426300, -1.000000000000000000, -1.962921966769066500 ) ) ;
#3155 = ADVANCED_FACE ( 'NONE', ( #3815 ), #4041, .T. ) ;
#3156 = LINE ( 'NONE', #5940, #1035 ) ;
#3157 = STYLED_ITEM ( 'NONE', ( #2619 ), #6139 ) ;
#3158 = CYLINDRICAL_SURFACE ( 'NONE', #5715, 0.2999999999999999300 ) ;
#3159 = CARTESIAN_POINT ( 'NONE',  ( 0.1999999999999998700, -0.7844885823794624000, 3.979434154541485700 ) ) ;
#3160 = DIRECTION ( 'NONE',  ( 0.0000000000000000000, 1.000000000000000000, 0.0000000000000000000 ) ) ;
#3161 = DIRECTION ( 'NONE',  ( -1.000000000000000000, -0.0000000000000000000, -0.0000000000000000000 ) ) ;
#3162 = VERTEX_POINT ( 'NONE', #69 ) ;
#3163 = ORIENTED_EDGE ( 'NONE', *, *, #1998, .T. ) ;
#3164 = CARTESIAN_POINT ( 'NONE',  ( 1.470000000000000000, -0.2500000000000002200, 3.601676395598661700 ) ) ;
#3165 = EDGE_CURVE ( 'NONE', #5477, #5006, #95, .T. ) ;
#3166 =( GEOMETRIC_REPRESENTATION_CONTEXT ( 3 ) GLOBAL_UNCERTAINTY_ASSIGNED_CONTEXT ( ( #3025 ) ) GLOBAL_UNIT_ASSIGNED_CONTEXT ( ( #5242, #229, #5842 ) ) REPRESENTATION_CONTEXT ( 'NONE', 'WORKASPACE' ) );
#3168 = LINE ( 'NONE', #5937, #6299 ) ;
#3167 =( NAMED_UNIT ( * ) SI_UNIT ( $, .STERADIAN. ) SOLID_ANGLE_UNIT ( ) );
#3169 = VERTEX_POINT ( 'NONE', #1531 ) ;
#3170 = CYLINDRICAL_SURFACE ( 'NONE', #2601, 0.5000000000000000000 ) ;
#3171 = ORIENTED_EDGE ( 'NONE', *, *, #3020, .T. ) ;
#3172 = STYLED_ITEM ( 'NONE', ( #1234 ), #5235 ) ;
#3173 = ORIENTED_EDGE ( 'NONE', *, *, #3912, .T. ) ;
#3174 = DIRECTION ( 'NONE',  ( 0.0000000000000000000, 1.000000000000000000, 0.0000000000000000000 ) ) ;
#3175 =( NAMED_UNIT ( * ) PLANE_ANGLE_UNIT ( ) SI_UNIT ( $, .RADIAN. ) );
#3176 = ORIENTED_EDGE ( 'NONE', *, *, #2246, .F. ) ;
#3177 =( GEOMETRIC_REPRESENTATION_CONTEXT ( 3 ) GLOBAL_UNCERTAINTY_ASSIGNED_CONTEXT ( ( #6270 ) ) GLOBAL_UNIT_ASSIGNED_CONTEXT ( ( #2988, #743, #4220 ) ) REPRESENTATION_CONTEXT ( 'NONE', 'WORKASPACE' ) );
#3178 = MANIFOLD_SOLID_BREP ( 'Mirror1[2]', #2694 ) ;
#3179 = ORIENTED_EDGE ( 'NONE', *, *, #3345, .F. ) ;
#3180 =( GEOMETRIC_REPRESENTATION_CONTEXT ( 3 ) GLOBAL_UNCERTAINTY_ASSIGNED_CONTEXT ( ( #2572 ) ) GLOBAL_UNIT_ASSIGNED_CONTEXT ( ( #173, #3183, #152 ) ) REPRESENTATION_CONTEXT ( 'NONE', 'WORKASPACE' ) );
#3181 = CARTESIAN_POINT ( 'NONE',  ( -1.807951184059714000, -0.9000000000000000200, 2.432951184059714700 ) ) ;
#3182 = FILL_AREA_STYLE ('',( #5138 ) ) ;
#3183 =( NAMED_UNIT ( * ) PLANE_ANGLE_UNIT ( ) SI_UNIT ( $, .RADIAN. ) );
#3184 = DIRECTION ( 'NONE',  ( 0.0000000000000000000, 1.000000000000000000, 0.0000000000000000000 ) ) ;
#3185 = EDGE_CURVE ( 'NONE', #2317, #5505, #6310, .T. ) ;
#3186 = ADVANCED_FACE ( 'NONE', ( #3095 ), #6092, .F. ) ;
#3187 = PLANE ( 'NONE',  #5007 ) ;
#3188 = AXIS2_PLACEMENT_3D ( 'NONE', #2974, #5029, #5524 ) ;
#3189 = CARTESIAN_POINT ( 'NONE',  ( -1.470000000000000200, -0.7380982035536775000, 3.933043775715700600 ) ) ;
#3190 = FILL_AREA_STYLE ('',( #5678 ) ) ;
#3191 = STYLED_ITEM ( 'NONE', ( #5220 ), #5407 ) ;
#3192 = EDGE_CURVE ( 'NONE', #1548, #2232, #5756, .T. ) ;
#3193 = LINE ( 'NONE', #622, #3272 ) ;
#3194 = DIRECTION ( 'NONE',  ( 0.0000000000000000000, 0.0000000000000000000, 1.000000000000000000 ) ) ;
#3195 =( NAMED_UNIT ( * ) SI_UNIT ( $, .STERADIAN. ) SOLID_ANGLE_UNIT ( ) );
#3196 = ORIENTED_EDGE ( 'NONE', *, *, #360, .F. ) ;
#3197 = CYLINDRICAL_SURFACE ( 'NONE', #2841, 0.04999999999999969700 ) ;
#3198 = CARTESIAN_POINT ( 'NONE',  ( -1.070000000000000300, -0.3000000000000000400, 3.601676395598662600 ) ) ;
#3199 = CARTESIAN_POINT ( 'NONE',  ( 1.174827221408426300, -1.000000000000000000, -1.652921966769066700 ) ) ;
#3200 = CARTESIAN_POINT ( 'NONE',  ( -1.499999999999999100, 0.5000000000000000000, -2.200000000000000200 ) ) ;
#3201 = PRESENTATION_LAYER_ASSIGNMENT (  '', '', ( #3887 ) ) ;
#3202 = VERTEX_POINT ( 'NONE', #4568 ) ;
#3203 = LINE ( 'NONE', #1193, #1008 ) ;
#3204 = DIRECTION ( 'NONE',  ( 0.0000000000000000000, -1.000000000000000000, 0.0000000000000000000 ) ) ;
#3205 = ADVANCED_FACE ( 'NONE', ( #976 ), #4368, .T. ) ;
#3206 = AXIS2_PLACEMENT_3D ( 'NONE', #5127, #2228, #2302 ) ;
#3207 = DIRECTION ( 'NONE',  ( 0.0000000000000000000, 0.0000000000000000000, -1.000000000000000000 ) ) ;
#3208 = LINE ( 'NONE', #3709, #5806 ) ;
#3209 = DIRECTION ( 'NONE',  ( 0.0000000000000000000, 0.0000000000000000000, 1.000000000000000000 ) ) ;
#3210 =( NAMED_UNIT ( * ) SI_UNIT ( $, .STERADIAN. ) SOLID_ANGLE_UNIT ( ) );
#3211 = CARTESIAN_POINT ( 'NONE',  ( 1.070000000000000100, 0.0000000000000000000, 2.999999999999999600 ) ) ;
#3212 = EDGE_CURVE ( 'NONE', #2489, #328, #6153, .T. ) ;
#3213 = ORIENTED_EDGE ( 'NONE', *, *, #2147, .F. ) ;
#3214 =( NAMED_UNIT ( * ) PLANE_ANGLE_UNIT ( ) SI_UNIT ( $, .RADIAN. ) );
#3215 = DIRECTION ( 'NONE',  ( 0.0000000000000000000, 0.0000000000000000000, -1.000000000000000000 ) ) ;
#3217 = ADVANCED_FACE ( 'NONE', ( #5671 ), #4587, .F. ) ;
#3216 = LINE ( 'NONE', #4954, #3054 ) ;
#3218 =( LENGTH_UNIT ( ) NAMED_UNIT ( * ) SI_UNIT ( .MILLI., .METRE. ) );
#3219 = STYLED_ITEM ( 'NONE', ( #6401 ), #840 ) ;
#3220 = LINE ( 'NONE', #1106, #4162 ) ;
#3221 = FACE_OUTER_BOUND ( 'NONE', #118, .T. ) ;
#3222 = DIRECTION ( 'NONE',  ( 0.0000000000000000000, -0.9975640502598243100, -0.06975647374412442800 ) ) ;
#3223 = EDGE_CURVE ( 'NONE', #283, #153, #1058, .T. ) ;
#3224 = FACE_OUTER_BOUND ( 'NONE', #4846, .T. ) ;
#3225 = CARTESIAN_POINT ( 'NONE',  ( -1.070000000000000300, -1.100000000000000100, 4.907560881563969500 ) ) ;
#3226 = LINE ( 'NONE', #497, #3384 ) ;
#3227 = VECTOR ( 'NONE', #4262, 1000.000000000000000 ) ;
#3228 = DIRECTION ( 'NONE',  ( 1.000000000000000000, 0.0000000000000000000, -0.0000000000000000000 ) ) ;
#3229 = AXIS2_PLACEMENT_3D ( 'NONE', #2025, #4595, #535 ) ;
#3230 = UNCERTAINTY_MEASURE_WITH_UNIT (LENGTH_MEASURE( 1.000000000000000100E-005 ), #591, 'distance_accuracy_value', 'NONE');
#3231 = FACE_OUTER_BOUND ( 'NONE', #1768, .T. ) ;
#3232 = DIRECTION ( 'NONE',  ( 0.0000000000000000000, 0.0000000000000000000, -1.000000000000000000 ) ) ;
#3233 = EDGE_CURVE ( 'NONE', #4518, #5811, #3411, .T. ) ;
#3234 = DIRECTION ( 'NONE',  ( -0.0000000000000000000, -1.000000000000000000, -0.0000000000000000000 ) ) ;
#3235 = SURFACE_SIDE_STYLE ('',( #5114 ) ) ;
#3236 = PRESENTATION_STYLE_ASSIGNMENT (( #1093 ) ) ;
#3237 = PLANE ( 'NONE',  #4330 ) ;
#3238 = ORIENTED_EDGE ( 'NONE', *, *, #5570, .F. ) ;
#3239 = CARTESIAN_POINT ( 'NONE',  ( -2.049999999999999400, 0.5000000000000000000, -2.199999999999996200 ) ) ;
#3240 = MECHANICAL_DESIGN_GEOMETRIC_PRESENTATION_REPRESENTATION (  '', ( #5339 ), #1846 ) ;
#3241 = ADVANCED_FACE ( 'NONE', ( #4683 ), #1956, .F. ) ;
#3242 = CARTESIAN_POINT ( 'NONE',  ( 1.874999999999995600, 0.0000000000000000000, -3.000000000000000900 ) ) ;
#3243 = VECTOR ( 'NONE', #1307, 1000.000000000000100 ) ;
#3244 = ORIENTED_EDGE ( 'NONE', *, *, #3613, .T. ) ;
#3245 = LINE ( 'NONE', #5450, #4432 ) ;
#3246 = ORIENTED_EDGE ( 'NONE', *, *, #1579, .F. ) ;
#3247 = ORIENTED_EDGE ( 'NONE', *, *, #4112, .F. ) ;
#3248 = CARTESIAN_POINT ( 'NONE',  ( -0.2000000000000000900, -0.2500000000000001100, -2.982518297014122000 ) ) ;
#3249 = PRESENTATION_LAYER_ASSIGNMENT (  '', '', ( #5040 ) ) ;
#3250 = CARTESIAN_POINT ( 'NONE',  ( 1.807951184059714000, -0.9000000000000000200, -2.432951184059714700 ) ) ;
#3251 = ORIENTED_EDGE ( 'NONE', *, *, #1687, .F. ) ;
#3252 = ADVANCED_FACE ( 'NONE', ( #3016 ), #1069, .T. ) ;
#3253 = ORIENTED_EDGE ( 'NONE', *, *, #3326, .T. ) ;
#3254 = CARTESIAN_POINT ( 'NONE',  ( -1.470000000000000200, -0.3000000000000000400, -3.601676395598662600 ) ) ;
#3255 = EDGE_CURVE ( 'NONE', #2774, #1291, #4758, .T. ) ;
#3256 = CARTESIAN_POINT ( 'NONE',  ( 1.499999999999996900, 0.5000000000000000000, -2.750000000000000400 ) ) ;
#3257 = ORIENTED_EDGE ( 'NONE', *, *, #2625, .T. ) ;
#3258 = CARTESIAN_POINT ( 'NONE',  ( 0.0000000000000000000, -0.1231875913286816200, -0.3100000000000000000 ) ) ;
#3259 = CARTESIAN_POINT ( 'NONE',  ( 2.374999999999999100, 0.0000000000000000000, 2.499999999999996000 ) ) ;
#3260 = AXIS2_PLACEMENT_3D ( 'NONE', #3726, #1171, #5246 ) ;
#3261 = ORIENTED_EDGE ( 'NONE', *, *, #4573, .F. ) ;
#3262 = UNCERTAINTY_MEASURE_WITH_UNIT (LENGTH_MEASURE( 1.000000000000000100E-005 ), #4575, 'distance_accuracy_value', 'NONE');
#3263 =( NAMED_UNIT ( * ) PLANE_ANGLE_UNIT ( ) SI_UNIT ( $, .RADIAN. ) );
#3264 =( NAMED_UNIT ( * ) PLANE_ANGLE_UNIT ( ) SI_UNIT ( $, .RADIAN. ) );
#3265 = MECHANICAL_DESIGN_GEOMETRIC_PRESENTATION_REPRESENTATION (  '', ( #2927 ), #5137 ) ;
#3266 = FILL_AREA_STYLE_COLOUR ( '', #2808 ) ;
#3267 = PRESENTATION_LAYER_ASSIGNMENT (  '', '', ( #5026 ) ) ;
#3268 = VERTEX_POINT ( 'NONE', #980 ) ;
#3269 = CARTESIAN_POINT ( 'NONE',  ( 1.499999999999997300, 1.000000000000000000, 2.750000000000000400 ) ) ;
#3270 = DIRECTION ( 'NONE',  ( 0.0000000000000000000, 0.0000000000000000000, -1.000000000000000000 ) ) ;
#3271 = DIRECTION ( 'NONE',  ( 0.0000000000000000000, 0.0000000000000000000, 1.000000000000000000 ) ) ;
#3272 = VECTOR ( 'NONE', #5535, 1000.000000000000100 ) ;
#3273 = EDGE_CURVE ( 'NONE', #2405, #5616, #727, .T. ) ;
#3274 = ADVANCED_FACE ( 'NONE', ( #2136 ), #5045, .F. ) ;
#3275 = DIRECTION ( 'NONE',  ( 0.0000000000000000000, 0.0000000000000000000, 1.000000000000000000 ) ) ;
#3276 = PRESENTATION_LAYER_ASSIGNMENT (  '', '', ( #3062 ) ) ;
#3277 = ORIENTED_EDGE ( 'NONE', *, *, #4701, .T. ) ;
#3278 = DIRECTION ( 'NONE',  ( 0.0000000000000000000, 0.9975640502598242000, 0.06975647374412545500 ) ) ;
#3279 = AXIS2_PLACEMENT_3D ( 'NONE', #6034, #3027, #5493 ) ;
#3280 = PRESENTATION_STYLE_ASSIGNMENT (( #2238 ) ) ;
#3281 = CARTESIAN_POINT ( 'NONE',  ( 1.807951184059714000, -1.000000000000000000, -2.432951184059714700 ) ) ;
#3282 = CARTESIAN_POINT ( 'NONE',  ( 1.070000000000000100, -0.7380982035536775000, -3.933043775715700600 ) ) ;
#3283 = ADVANCED_FACE ( 'NONE', ( #4597 ), #658, .F. ) ;
#3284 = ORIENTED_EDGE ( 'NONE', *, *, #4395, .T. ) ;
#3285 = ORIENTED_EDGE ( 'NONE', *, *, #199, .F. ) ;
#3286 = SURFACE_SIDE_STYLE ('',( #1150 ) ) ;
#3287 = VECTOR ( 'NONE', #4656, 1000.000000000000000 ) ;
#3288 = FILL_AREA_STYLE ('',( #6263 ) ) ;
#3289 = LINE ( 'NONE', #1867, #2740 ) ;
#3290 = FACE_BOUND ( 'NONE', #1830, .T. ) ;
#3291 = DIRECTION ( 'NONE',  ( 0.0000000000000000000, -0.9975640502598242000, 0.06975647374412545500 ) ) ;
#3292 = ORIENTED_EDGE ( 'NONE', *, *, #4541, .F. ) ;
#3293 = EDGE_CURVE ( 'NONE', #2373, #1247, #159, .T. ) ;
#3294 = CARTESIAN_POINT ( 'NONE',  ( 2.000000000000000900, 0.4999999999999995600, 2.200000000000000200 ) ) ;
#3295 = AXIS2_PLACEMENT_3D ( 'NONE', #3660, #2727, #3724 ) ;
#3296 = VERTEX_POINT ( 'NONE', #5588 ) ;
#3297 = FACE_OUTER_BOUND ( 'NONE', #1132, .T. ) ;
#3298 = EDGE_LOOP ( 'NONE', ( #4277, #6156, #4372, #1206 ) ) ;
#3299 = AXIS2_PLACEMENT_3D ( 'NONE', #628, #4157, #4252 ) ;
#3300 = CIRCLE ( 'NONE', #5298, 0.5500000000000001600 ) ;
#3301 = ORIENTED_EDGE ( 'NONE', *, *, #4734, .T. ) ;
#3302 =( NAMED_UNIT ( * ) SI_UNIT ( $, .STERADIAN. ) SOLID_ANGLE_UNIT ( ) );
#3303 = UNCERTAINTY_MEASURE_WITH_UNIT (LENGTH_MEASURE( 1.000000000000000100E-005 ), #933, 'distance_accuracy_value', 'NONE');
#3304 = FACE_OUTER_BOUND ( 'NONE', #5575, .T. ) ;
#3305 = SURFACE_STYLE_USAGE ( .BOTH. , #1348 ) ;
#3306 = DIRECTION ( 'NONE',  ( 0.0000000000000000000, 1.000000000000000000, 0.0000000000000000000 ) ) ;
#3307 = EDGE_CURVE ( 'NONE', #6374, #2306, #3808, .T. ) ;
#3308 = DIRECTION ( 'NONE',  ( -0.0000000000000000000, -1.000000000000000000, -0.0000000000000000000 ) ) ;
#3309 =( NAMED_UNIT ( * ) PLANE_ANGLE_UNIT ( ) SI_UNIT ( $, .RADIAN. ) );
#3310 = DIRECTION ( 'NONE',  ( 6.505213034913023400E-015, -1.000000000000000000, 0.0000000000000000000 ) ) ;
#3311 = MECHANICAL_DESIGN_GEOMETRIC_PRESENTATION_REPRESENTATION (  '', ( #3392 ), #3646 ) ;
#3312 = LINE ( 'NONE', #6028, #4340 ) ;
#3313 = ADVANCED_FACE ( 'NONE', ( #4118 ), #3170, .T. ) ;
#3314 = DIRECTION ( 'NONE',  ( -8.694797469520735100E-015, 0.0000000000000000000, 1.000000000000000000 ) ) ;
#3315 = EDGE_CURVE ( 'NONE', #4837, #5197, #1442, .T. ) ;
#3316 = DIRECTION ( 'NONE',  ( 0.0000000000000000000, -1.000000000000000000, 0.0000000000000000000 ) ) ;
#3317 = DIRECTION ( 'NONE',  ( 0.0000000000000000000, 0.0000000000000000000, 1.000000000000000000 ) ) ;
#3318 = LINE ( 'NONE', #3426, #1499 ) ;
#3319 = VECTOR ( 'NONE', #4555, 1000.000000000000100 ) ;
#3320 = DIRECTION ( 'NONE',  ( 0.0000000000000000000, -0.06975647374412521900, -0.9975640502598243100 ) ) ;
#3321 = STYLED_ITEM ( 'NONE', ( #3860 ), #2862 ) ;
#3322 = ADVANCED_FACE ( 'NONE', ( #4035 ), #1825, .T. ) ;
#3323 = DIRECTION ( 'NONE',  ( 0.0000000000000000000, -0.9975640502598242000, 0.06975647374412663500 ) ) ;
#3324 = EDGE_LOOP ( 'NONE', ( #2678, #4717, #2578, #85 ) ) ;
#3325 = EDGE_LOOP ( 'NONE', ( #5402, #776, #2533, #4969 ) ) ;
#3326 = EDGE_CURVE ( 'NONE', #4196, #884, #2464, .T. ) ;
#3327 = LINE ( 'NONE', #5750, #2607 ) ;
#3328 = VERTEX_POINT ( 'NONE', #79 ) ;
#3329 = EDGE_LOOP ( 'NONE', ( #476, #3567 ) ) ;
#3330 = FILL_AREA_STYLE ('',( #5303 ) ) ;
#3331 = ORIENTED_EDGE ( 'NONE', *, *, #1460, .T. ) ;
#3332 =( LENGTH_UNIT ( ) NAMED_UNIT ( * ) SI_UNIT ( .MILLI., .METRE. ) );
#3333 = CARTESIAN_POINT ( 'NONE',  ( 0.0000000000000000000, -6.557179676972444900, 1.300000000000000900 ) ) ;
#3334 = SURFACE_SIDE_STYLE ('',( #6124 ) ) ;
#3335 = ORIENTED_EDGE ( 'NONE', *, *, #6440, .T. ) ;
#3336 = DIRECTION ( 'NONE',  ( 0.0000000000000000000, 0.0000000000000000000, -1.000000000000000000 ) ) ;
#3337 = VERTEX_POINT ( 'NONE', #3078 ) ;
#3338 = PRESENTATION_STYLE_ASSIGNMENT (( #611 ) ) ;
#3339 = ORIENTED_EDGE ( 'NONE', *, *, #2632, .T. ) ;
#3340 =( LENGTH_UNIT ( ) NAMED_UNIT ( * ) SI_UNIT ( .MILLI., .METRE. ) );
#3341 = CARTESIAN_POINT ( 'NONE',  ( 1.070000000000000100, -0.2500000000000001100, 2.982518297014122000 ) ) ;
#3342 = ORIENTED_EDGE ( 'NONE', *, *, #1231, .F. ) ;
#3343 = DIRECTION ( 'NONE',  ( 0.0000000000000000000, 0.0000000000000000000, -1.000000000000000000 ) ) ;
#3344 = ADVANCED_FACE ( 'NONE', ( #2300 ), #2599, .F. ) ;
#3345 = EDGE_CURVE ( 'NONE', #1110, #575, #1593, .T. ) ;
#3346 = SURFACE_SIDE_STYLE ('',( #3637 ) ) ;
#3347 =( LENGTH_UNIT ( ) NAMED_UNIT ( * ) SI_UNIT ( .MILLI., .METRE. ) );
#3348 = CARTESIAN_POINT ( 'NONE',  ( 1.470000000000000000, -0.7555373219897065800, -3.683652763150745200 ) ) ;
#3349 = AXIS2_PLACEMENT_3D ( 'NONE', #1669, #6317, #4316 ) ;
#3350 = CARTESIAN_POINT ( 'NONE',  ( -2.049999999999999400, 1.000000000000000000, 2.200000000000000200 ) ) ;
#3351 = CARTESIAN_POINT ( 'NONE',  ( 1.874999999999999100, 0.0000000000000000000, -2.500000000000000900 ) ) ;
#3352 = ADVANCED_FACE ( 'NONE', ( #3008 ), #1649, .T. ) ;
#3353 = CARTESIAN_POINT ( 'NONE',  ( 1.874999999999996700, 0.9000000000000000200, 2.836821679442723000 ) ) ;
#3354 = ORIENTED_EDGE ( 'NONE', *, *, #803, .F. ) ;
#3355 = AXIS2_PLACEMENT_3D ( 'NONE', #6285, #711, #5781 ) ;
#3356 = FACE_OUTER_BOUND ( 'NONE', #322, .T. ) ;
#3357 = CARTESIAN_POINT ( 'NONE',  ( -1.070000000000000300, -1.100000000000000100, 4.907560881563969500 ) ) ;
#3358 = COLOUR_RGB ( '',0.7921568627450980000, 0.8196078431372548800, 0.9333333333333333500 ) ;
#3359 = PRESENTATION_STYLE_ASSIGNMENT (( #5766 ) ) ;
#3360 = CARTESIAN_POINT ( 'NONE',  ( 1.470000000000000000, -0.2790730578767624000, 3.900945610676608900 ) ) ;
#3361 = DIRECTION ( 'NONE',  ( -0.0000000000000000000, 0.0000000000000000000, -1.000000000000000000 ) ) ;
#3362 = EDGE_CURVE ( 'NONE', #2129, #837, #5663, .T. ) ;
#3363 = ORIENTED_EDGE ( 'NONE', *, *, #2116, .T. ) ;
#3364 = DIRECTION ( 'NONE',  ( 0.0000000000000000000, 0.0000000000000000000, 1.000000000000000000 ) ) ;
#3365 = EDGE_LOOP ( 'NONE', ( #4941, #4538, #2044, #4710 ) ) ;
#3366 = CARTESIAN_POINT ( 'NONE',  ( 1.470000000000000000, -0.3000000000000001000, -3.601676395598661700 ) ) ;
#3367 = LINE ( 'NONE', #3970, #2015 ) ;
#3368 = ORIENTED_EDGE ( 'NONE', *, *, #2320, .T. ) ;
#3369 = PRESENTATION_STYLE_ASSIGNMENT (( #6238 ) ) ;
#3370 = PRESENTATION_LAYER_ASSIGNMENT (  '', '', ( #3157 ) ) ;
#3371 =( NAMED_UNIT ( * ) PLANE_ANGLE_UNIT ( ) SI_UNIT ( $, .RADIAN. ) );
#3372 = DIRECTION ( 'NONE',  ( -1.000000000000000000, -0.0000000000000000000, 0.0000000000000000000 ) ) ;
#3373 = CARTESIAN_POINT ( 'NONE',  ( 1.874999999999996000, 1.000000000000000000, 2.836821679442723000 ) ) ;
#3374 = CARTESIAN_POINT ( 'NONE',  ( 2.050000000000001200, 0.5000000000000000000, 2.199999999999996600 ) ) ;
#3375 = VERTEX_POINT ( 'NONE', #3764 ) ;
#3376 = MECHANICAL_DESIGN_GEOMETRIC_PRESENTATION_REPRESENTATION (  '', ( #5254 ), #4267 ) ;
#3377 = DIRECTION ( 'NONE',  ( 1.000000000000000000, 0.0000000000000000000, 0.0000000000000000000 ) ) ;
#3378 = CIRCLE ( 'NONE', #1851, 0.1000000000000000500 ) ;
#3379 = EDGE_CURVE ( 'NONE', #2925, #1225, #243, .T. ) ;
#3380 = DIRECTION ( 'NONE',  ( 0.0000000000000000000, 1.000000000000000000, 0.0000000000000000000 ) ) ;
#3381 = UNCERTAINTY_MEASURE_WITH_UNIT (LENGTH_MEASURE( 1.000000000000000100E-005 ), #1496, 'distance_accuracy_value', 'NONE');
#3382 = ADVANCED_FACE ( 'NONE', ( #1672 ), #2456, .T. ) ;
#3383 =( GEOMETRIC_REPRESENTATION_CONTEXT ( 3 ) GLOBAL_UNCERTAINTY_ASSIGNED_CONTEXT ( ( #977 ) ) GLOBAL_UNIT_ASSIGNED_CONTEXT ( ( #1883, #5392, #2397 ) ) REPRESENTATION_CONTEXT ( 'NONE', 'WORKASPACE' ) );
#3384 = VECTOR ( 'NONE', #1038, 1000.000000000000100 ) ;
#3385 = CARTESIAN_POINT ( 'NONE',  ( 1.470000000000000000, -0.3000000000000000400, -3.601676395598662200 ) ) ;
#3386 = CIRCLE ( 'NONE', #1974, 0.2999999999999999300 ) ;
#3387 = CARTESIAN_POINT ( 'NONE',  ( -1.470000000000000200, -0.3000000000000000400, 3.601676395598662600 ) ) ;
#3388 = AXIS2_PLACEMENT_3D ( 'NONE', #6088, #4586, #2513 ) ;
#3389 = VECTOR ( 'NONE', #2003, 1000.000000000000000 ) ;
#3390 = DIRECTION ( 'NONE',  ( 0.0000000000000000000, 0.0000000000000000000, -1.000000000000000000 ) ) ;
#3391 = DIRECTION ( 'NONE',  ( 0.0000000000000000000, 0.0000000000000000000, -1.000000000000000000 ) ) ;
#3392 = STYLED_ITEM ( 'NONE', ( #1339 ), #1997 ) ;
#3393 = PLANE ( 'NONE',  #2027 ) ;
#3394 = COLOUR_RGB ( '',1.000000000000000000, 1.000000000000000000, 1.000000000000000000 ) ;
#3395 = ORIENTED_EDGE ( 'NONE', *, *, #5196, .F. ) ;
#3396 = EDGE_LOOP ( 'NONE', ( #4613, #3130, #4765, #3721 ) ) ;
#3397 = EDGE_CURVE ( 'NONE', #2769, #153, #5105, .T. ) ;
#3398 = CARTESIAN_POINT ( 'NONE',  ( -2.211821679442723500, 0.9000000000000000200, 2.499999999999999600 ) ) ;
#3399 = PRESENTATION_STYLE_ASSIGNMENT (( #5130 ) ) ;
#3400 = ORIENTED_EDGE ( 'NONE', *, *, #820, .F. ) ;
#3401 =( GEOMETRIC_REPRESENTATION_CONTEXT ( 3 ) GLOBAL_UNCERTAINTY_ASSIGNED_CONTEXT ( ( #5990 ) ) GLOBAL_UNIT_ASSIGNED_CONTEXT ( ( #4278, #742, #3210 ) ) REPRESENTATION_CONTEXT ( 'NONE', 'WORKASPACE' ) );
#3402 = EDGE_LOOP ( 'NONE', ( #5361, #3368, #5236, #4741 ) ) ;
#3404 = ORIENTED_EDGE ( 'NONE', *, *, #551, .F. ) ;
#3403 = CARTESIAN_POINT ( 'NONE',  ( 0.1999999999999998700, -0.7844885823794624000, -3.979434154541485700 ) ) ;
#3405 = CARTESIAN_POINT ( 'NONE',  ( 5.322705363946669100E-016, -0.9000000000000000200, -2.010000000000000700 ) ) ;
#3406 = AXIS2_PLACEMENT_3D ( 'NONE', #5180, #3160, #5712 ) ;
#3407 = DIRECTION ( 'NONE',  ( 0.0000000000000000000, 0.0000000000000000000, -1.000000000000000000 ) ) ;
#3408 = EDGE_CURVE ( 'NONE', #884, #2298, #6295, .T. ) ;
#3409 = COLOUR_RGB ( '',1.000000000000000000, 1.000000000000000000, 1.000000000000000000 ) ;
#3410 = ORIENTED_EDGE ( 'NONE', *, *, #2139, .T. ) ;
#3411 = LINE ( 'NONE', #6049, #6000 ) ;
#3412 =( NAMED_UNIT ( * ) SI_UNIT ( $, .STERADIAN. ) SOLID_ANGLE_UNIT ( ) );
#3413 = VERTEX_POINT ( 'NONE', #3790 ) ;
#3414 = PLANE ( 'NONE',  #1666 ) ;
#3415 = DIRECTION ( 'NONE',  ( 0.0000000000000000000, 0.0000000000000000000, -1.000000000000000000 ) ) ;
#3416 = ADVANCED_FACE ( 'NONE', ( #5981 ), #4299, .T. ) ;
#3417 = PRESENTATION_STYLE_ASSIGNMENT (( #6004 ) ) ;
#3418 = CARTESIAN_POINT ( 'NONE',  ( 1.070000000000000100, -0.7346103798664689300, -3.982921978228692900 ) ) ;
#3419 = EDGE_LOOP ( 'NONE', ( #1927, #2999, #3435, #3969 ) ) ;
#3420 = ORIENTED_EDGE ( 'NONE', *, *, #4983, .T. ) ;
#3421 = SURFACE_STYLE_USAGE ( .BOTH. , #4963 ) ;
#3422 = CARTESIAN_POINT ( 'NONE',  ( -0.2000000000000000900, -0.8506089874350454300, 4.924999999999999800 ) ) ;
#3423 = DIRECTION ( 'NONE',  ( -1.000000000000000000, -0.0000000000000000000, -0.0000000000000000000 ) ) ;
#3424 = AXIS2_PLACEMENT_3D ( 'NONE', #5248, #709, #6256 ) ;
#3425 = CARTESIAN_POINT ( 'NONE',  ( -1.174827221408426300, -1.000000000000000000, 1.962921966769066500 ) ) ;
#3426 = CARTESIAN_POINT ( 'NONE',  ( 0.1999999999999998700, -5.421010862427522200E-017, 3.601676395598662200 ) ) ;
#3427 = AXIS2_PLACEMENT_3D ( 'NONE', #1128, #6177, #2067 ) ;
#3428 =( LENGTH_UNIT ( ) NAMED_UNIT ( * ) SI_UNIT ( .MILLI., .METRE. ) );
#3429 = FILL_AREA_STYLE_COLOUR ( '', #2323 ) ;
#3430 = VECTOR ( 'NONE', #2482, 1000.000000000000000 ) ;
#3431 = CARTESIAN_POINT ( 'NONE',  ( 2.050000000000001200, 0.5000000000000000000, -0.5000000000000000000 ) ) ;
#3432 = PRESENTATION_LAYER_ASSIGNMENT (  '', '', ( #5178 ) ) ;
#3433 = FILL_AREA_STYLE ('',( #3011 ) ) ;
#3434 = FILL_AREA_STYLE ('',( #4921 ) ) ;
#3435 = ORIENTED_EDGE ( 'NONE', *, *, #4311, .T. ) ;
#3436 = COLOUR_RGB ( '',1.000000000000000000, 1.000000000000000000, 1.000000000000000000 ) ;
#3437 = EDGE_CURVE ( 'NONE', #1159, #4291, #4961, .T. ) ;
#3438 = SURFACE_SIDE_STYLE ('',( #2347 ) ) ;
#3439 = CARTESIAN_POINT ( 'NONE',  ( -2.049999999999999400, 1.000000000000000000, -2.199999999999996200 ) ) ;
#3440 = STYLED_ITEM ( 'NONE', ( #4282 ), #2889 ) ;
#3441 = VERTEX_POINT ( 'NONE', #2702 ) ;
#3442 = DIRECTION ( 'NONE',  ( 0.0000000000000000000, 0.9975640502598243100, -0.06975647374412441400 ) ) ;
#3443 = DIRECTION ( 'NONE',  ( 0.0000000000000000000, -1.000000000000000000, 0.0000000000000000000 ) ) ;
#3444 = EDGE_CURVE ( 'NONE', #5122, #2543, #3327, .T. ) ;
#3445 = VECTOR ( 'NONE', #5457, 1000.000000000000000 ) ;
#3446 = ORIENTED_EDGE ( 'NONE', *, *, #1088, .F. ) ;
#3447 = SURFACE_SIDE_STYLE ('',( #3792 ) ) ;
#3448 = CARTESIAN_POINT ( 'NONE',  ( -1.070000000000000300, -0.8506089874350454300, -4.924999999999999800 ) ) ;
#3449 = COLOUR_RGB ( '',1.000000000000000000, 1.000000000000000000, 1.000000000000000000 ) ;
#3450 =( NAMED_UNIT ( * ) SI_UNIT ( $, .STERADIAN. ) SOLID_ANGLE_UNIT ( ) );
#3451 = CYLINDRICAL_SURFACE ( 'NONE', #6176, 0.3099999999999999400 ) ;
#3452 = SURFACE_STYLE_FILL_AREA ( #6314 ) ;
#3453 = LINE ( 'NONE', #3664, #5084 ) ;
#3454 = VECTOR ( 'NONE', #5694, 1000.000000000000000 ) ;
#3455 = ORIENTED_EDGE ( 'NONE', *, *, #3932, .F. ) ;
#3456 = CARTESIAN_POINT ( 'NONE',  ( -1.024695076595959900, -1.000000000000000000, 1.600000000000000300 ) ) ;
#3457 = DIRECTION ( 'NONE',  ( 0.0000000000000000000, 1.000000000000000000, 0.0000000000000000000 ) ) ;
#3458 = CYLINDRICAL_SURFACE ( 'NONE', #2506, 1.900000000000000100 ) ;
#3459 = CIRCLE ( 'NONE', #1907, 0.2999999999999999300 ) ;
#3460 = CARTESIAN_POINT ( 'NONE',  ( 2.050000000000001200, 0.5000000000000000000, -2.199999999999996600 ) ) ;
#3461 = MECHANICAL_DESIGN_GEOMETRIC_PRESENTATION_REPRESENTATION (  '', ( #4390 ), #5815 ) ;
#3462 = VECTOR ( 'NONE', #1905, 1000.000000000000100 ) ;
#3463 = UNCERTAINTY_MEASURE_WITH_UNIT (LENGTH_MEASURE( 1.000000000000000100E-005 ), #4194, 'distance_accuracy_value', 'NONE');
#3464 = EDGE_LOOP ( 'NONE', ( #5607, #3395, #4187, #1861 ) ) ;
#3465 = DIRECTION ( 'NONE',  ( -0.0000000000000000000, 0.0000000000000000000, 1.000000000000000000 ) ) ;
#3466 = EDGE_CURVE ( 'NONE', #5497, #1311, #1114, .T. ) ;
#3467 = VECTOR ( 'NONE', #1920, 1000.000000000000100 ) ;
#3468 = DIRECTION ( 'NONE',  ( -1.000000000000000000, -0.0000000000000000000, 0.0000000000000000000 ) ) ;
#3469 = AXIS2_PLACEMENT_3D ( 'NONE', #6227, #3204, #1706 ) ;
#3470 = VECTOR ( 'NONE', #2436, 1000.000000000000000 ) ;
#3471 = DIRECTION ( 'NONE',  ( -0.0000000000000000000, 1.000000000000000000, -0.0000000000000000000 ) ) ;
#3472 = DIRECTION ( 'NONE',  ( 0.0000000000000000000, 0.0000000000000000000, -1.000000000000000000 ) ) ;
#3473 = STYLED_ITEM ( 'NONE', ( #858 ), #301 ) ;
#3474 = ORIENTED_EDGE ( 'NONE', *, *, #4025, .F. ) ;
#3475 =( NAMED_UNIT ( * ) SI_UNIT ( $, .STERADIAN. ) SOLID_ANGLE_UNIT ( ) );
#3476 = CIRCLE ( 'NONE', #5406, 0.04999999999999969700 ) ;
#3477 = CARTESIAN_POINT ( 'NONE',  ( 1.807951184059714000, -1.000000000000000000, -2.082951184059715000 ) ) ;
#3478 = STYLED_ITEM ( 'NONE', ( #2360 ), #2387 ) ;
#3479 = ORIENTED_EDGE ( 'NONE', *, *, #6038, .F. ) ;
#3480 = ORIENTED_EDGE ( 'NONE', *, *, #2954, .F. ) ;
#3481 = DIRECTION ( 'NONE',  ( 0.0000000000000000000, 0.0000000000000000000, 1.000000000000000000 ) ) ;
#3482 = DIRECTION ( 'NONE',  ( 0.0000000000000000000, 0.0000000000000000000, 1.000000000000000000 ) ) ;
#3483 = CIRCLE ( 'NONE', #3295, 0.5000000000000000000 ) ;
#3484 = LINE ( 'NONE', #2315, #2128 ) ;
#3485 = ORIENTED_EDGE ( 'NONE', *, *, #1295, .T. ) ;
#3486 = EDGE_CURVE ( 'NONE', #2248, #1048, #312, .T. ) ;
#3487 = ORIENTED_EDGE ( 'NONE', *, *, #2632, .F. ) ;
#3488 = AXIS2_PLACEMENT_3D ( 'NONE', #3425, #6439, #3952 ) ;
#3489 = VECTOR ( 'NONE', #3105, 1000.000000000000000 ) ;
#3490 = VERTEX_POINT ( 'NONE', #1675 ) ;
#3491 = SURFACE_STYLE_FILL_AREA ( #4051 ) ;
#3492 = CARTESIAN_POINT ( 'NONE',  ( 1.470000000000000000, -5.421010862427522200E-017, 3.601676395598662200 ) ) ;
#3493 = ORIENTED_EDGE ( 'NONE', *, *, #2659, .T. ) ;
#3494 =( LENGTH_UNIT ( ) NAMED_UNIT ( * ) SI_UNIT ( .MILLI., .METRE. ) );
#3495 =( LENGTH_UNIT ( ) NAMED_UNIT ( * ) SI_UNIT ( .MILLI., .METRE. ) );
#3496 = ORIENTED_EDGE ( 'NONE', *, *, #2491, .T. ) ;
#3497 =( NAMED_UNIT ( * ) PLANE_ANGLE_UNIT ( ) SI_UNIT ( $, .RADIAN. ) );
#3498 = DIRECTION ( 'NONE',  ( 0.0000000000000000000, -0.06975647374412503900, 0.9975640502598243100 ) ) ;
#3499 =( LENGTH_UNIT ( ) NAMED_UNIT ( * ) SI_UNIT ( .MILLI., .METRE. ) );
#3500 = CARTESIAN_POINT ( 'NONE',  ( 0.1999999999999998700, -0.3000000000000001000, -3.601676395598661700 ) ) ;
#3501 = DIRECTION ( 'NONE',  ( -1.000000000000000000, -0.0000000000000000000, -0.0000000000000000000 ) ) ;
#3502 = EDGE_CURVE ( 'NONE', #2214, #4082, #473, .T. ) ;
#3503 = STYLED_ITEM ( 'NONE', ( #3399 ), #6382 ) ;
#3504 = DIRECTION ( 'NONE',  ( 0.0000000000000000000, 1.000000000000000000, 0.0000000000000000000 ) ) ;
#3505 = ORIENTED_EDGE ( 'NONE', *, *, #1704, .T. ) ;
#3506 = ORIENTED_EDGE ( 'NONE', *, *, #1875, .T. ) ;
#3507 = CARTESIAN_POINT ( 'NONE',  ( -1.874999999999997600, 0.0000000000000000000, -3.000000000000000000 ) ) ;
#3508 = AXIS2_PLACEMENT_3D ( 'NONE', #4273, #6292, #1796 ) ;
#3509 = SURFACE_STYLE_FILL_AREA ( #1950 ) ;
#3510 = CARTESIAN_POINT ( 'NONE',  ( -1.070000000000000300, -1.100000000000000100, -4.907560881563969500 ) ) ;
#3511 = FACE_OUTER_BOUND ( 'NONE', #2339, .T. ) ;
#3512 = CARTESIAN_POINT ( 'NONE',  ( 1.470000000000000000, -0.8506089874350454300, -4.924999999999999800 ) ) ;
#3513 = VECTOR ( 'NONE', #5340, 1000.000000000000100 ) ;
#3514 = UNCERTAINTY_MEASURE_WITH_UNIT (LENGTH_MEASURE( 1.000000000000000100E-005 ), #3550, 'distance_accuracy_value', 'NONE');
#3515 = EDGE_LOOP ( 'NONE', ( #3840, #3007, #331, #5962 ) ) ;
#3516 = AXIS2_PLACEMENT_3D ( 'NONE', #1336, #1313, #893 ) ;
#3517 = DIRECTION ( 'NONE',  ( 0.0000000000000000000, 0.0000000000000000000, 1.000000000000000000 ) ) ;
#3518 = DIRECTION ( 'NONE',  ( 0.0000000000000000000, -9.009844664146523100E-017, -1.000000000000000000 ) ) ;
#3519 = AXIS2_PLACEMENT_3D ( 'NONE', #4152, #4467, #1486 ) ;
#3520 = ORIENTED_EDGE ( 'NONE', *, *, #3745, .T. ) ;
#3521 = ORIENTED_EDGE ( 'NONE', *, *, #3437, .T. ) ;
#3522 = CARTESIAN_POINT ( 'NONE',  ( -1.174827221408426300, -1.000000000000000000, 2.272921966769066300 ) ) ;
#3523 = DIRECTION ( 'NONE',  ( -0.0000000000000000000, -1.000000000000000000, -0.0000000000000000000 ) ) ;
#3524 = EDGE_CURVE ( 'NONE', #862, #446, #635, .T. ) ;
#3525 = EDGE_LOOP ( 'NONE', ( #1353, #2613, #4401, #4156 ) ) ;
#3526 = LINE ( 'NONE', #707, #1323 ) ;
#3527 = DIRECTION ( 'NONE',  ( 0.0000000000000000000, 1.000000000000000000, 0.0000000000000000000 ) ) ;
#3528 = CARTESIAN_POINT ( 'NONE',  ( 2.000000000000000900, -6.220119046564577500, 2.200000000000000200 ) ) ;
#3529 = EDGE_LOOP ( 'NONE', ( #5228, #5804, #1450, #3981 ) ) ;
#3530 = DIRECTION ( 'NONE',  ( -1.000000000000000000, -0.0000000000000000000, -0.0000000000000000000 ) ) ;
#3531 = ORIENTED_EDGE ( 'NONE', *, *, #2281, .T. ) ;
#3532 = MECHANICAL_DESIGN_GEOMETRIC_PRESENTATION_REPRESENTATION (  '', ( #5613 ), #1797 ) ;
#3533 = CIRCLE ( 'NONE', #4838, 0.04999999999999969700 ) ;
#3534 = CARTESIAN_POINT ( 'NONE',  ( 5.322705363946669100E-016, -0.9000000000000000200, 2.010000000000000700 ) ) ;
#3535 = ORIENTED_EDGE ( 'NONE', *, *, #5226, .T. ) ;
#3536 = AXIS2_PLACEMENT_3D ( 'NONE', #2296, #5813, #3317 ) ;
#3537 = EDGE_CURVE ( 'NONE', #2298, #5497, #5657, .T. ) ;
#3538 = DIRECTION ( 'NONE',  ( 1.000000000000000000, -0.0000000000000000000, 0.0000000000000000000 ) ) ;
#3539 = DIRECTION ( 'NONE',  ( 0.0000000000000000000, 0.0000000000000000000, -1.000000000000000000 ) ) ;
#3540 = CIRCLE ( 'NONE', #2748, 0.04999999999999969700 ) ;
#3541 = CARTESIAN_POINT ( 'NONE',  ( 1.874999999999996900, -0.9000000000000000200, -2.836821679442724300 ) ) ;
#3542 = FACE_OUTER_BOUND ( 'NONE', #2597, .T. ) ;
#3543 = AXIS2_PLACEMENT_3D ( 'NONE', #2622, #1657, #6110 ) ;
#3544 = DIRECTION ( 'NONE',  ( 0.0000000000000000000, 1.000000000000000000, -0.0000000000000000000 ) ) ;
#3545 = ORIENTED_EDGE ( 'NONE', *, *, #99, .F. ) ;
#3546 = LINE ( 'NONE', #378, #2194 ) ;
#3547 = CARTESIAN_POINT ( 'NONE',  ( -1.999999999999999100, -6.220119046564577500, 2.199999999999996600 ) ) ;
#3548 = CARTESIAN_POINT ( 'NONE',  ( 0.1999999999999998700, -1.033879594944416400, -3.961995036105455000 ) ) ;
#3549 = AXIS2_PLACEMENT_3D ( 'NONE', #5334, #2331, #2890 ) ;
#3550 =( LENGTH_UNIT ( ) NAMED_UNIT ( * ) SI_UNIT ( .MILLI., .METRE. ) );
#3551 = CIRCLE ( 'NONE', #547, 0.5000000000000000000 ) ;
#3552 = DIRECTION ( 'NONE',  ( 0.0000000000000000000, 0.0000000000000000000, 1.000000000000000000 ) ) ;
#3553 = EDGE_CURVE ( 'NONE', #3963, #6039, #3476, .T. ) ;
#3554 = SURFACE_SIDE_STYLE ('',( #1293 ) ) ;
#3555 = ORIENTED_EDGE ( 'NONE', *, *, #3020, .F. ) ;
#3556 = DIRECTION ( 'NONE',  ( 0.0000000000000000000, 0.0000000000000000000, 1.000000000000000000 ) ) ;
#3557 = ORIENTED_EDGE ( 'NONE', *, *, #5555, .F. ) ;
#3558 = DIRECTION ( 'NONE',  ( -1.000000000000000000, -0.0000000000000000000, 1.156482317317873700E-016 ) ) ;
#3559 = ORIENTED_EDGE ( 'NONE', *, *, #6410, .F. ) ;
#3560 = EDGE_CURVE ( 'NONE', #3908, #5061, #4356, .T. ) ;
#3561 = DIRECTION ( 'NONE',  ( -0.0000000000000000000, -1.000000000000000000, -0.0000000000000000000 ) ) ;
#3562 = VECTOR ( 'NONE', #1023, 1000.000000000000000 ) ;
#3563 = CARTESIAN_POINT ( 'NONE',  ( 0.1999999999999998700, -0.2500000000000001100, 2.982518297014122000 ) ) ;
#3564 = EDGE_LOOP ( 'NONE', ( #4742, #96, #3585, #4748 ) ) ;
#3565 = STYLED_ITEM ( 'NONE', ( #1679 ), #3186 ) ;
#3566 = VECTOR ( 'NONE', #3482, 1000.000000000000000 ) ;
#3567 = ORIENTED_EDGE ( 'NONE', *, *, #3789, .T. ) ;
#3568 = DIRECTION ( 'NONE',  ( -1.000000000000000000, -0.0000000000000000000, -0.0000000000000000000 ) ) ;
#3569 = CARTESIAN_POINT ( 'NONE',  ( 1.470000000000000000, -0.8506089874350454300, -4.924999999999999800 ) ) ;
#3570 = DIRECTION ( 'NONE',  ( 0.0000000000000000000, 0.0000000000000000000, 1.000000000000000000 ) ) ;
#3571 = ORIENTED_EDGE ( 'NONE', *, *, #348, .T. ) ;
#3572 = EDGE_CURVE ( 'NONE', #3687, #2135, #4591, .T. ) ;
#3573 = CYLINDRICAL_SURFACE ( 'NONE', #1881, 0.09999999999999982500 ) ;
#3574 = ORIENTED_EDGE ( 'NONE', *, *, #4025, .T. ) ;
#3575 = DIRECTION ( 'NONE',  ( 0.0000000000000000000, 0.9975640502598242000, -0.06975647374412520500 ) ) ;
#3576 = ORIENTED_EDGE ( 'NONE', *, *, #4034, .T. ) ;
#3577 = FILL_AREA_STYLE_COLOUR ( '', #4967 ) ;
#3578 = DIRECTION ( 'NONE',  ( 0.0000000000000000000, 1.000000000000000000, 0.0000000000000000000 ) ) ;
#3579 = PRESENTATION_LAYER_ASSIGNMENT (  '', '', ( #2182 ) ) ;
#3580 = DIRECTION ( 'NONE',  ( -0.0000000000000000000, -1.000000000000000000, -0.0000000000000000000 ) ) ;
#3581 = UNCERTAINTY_MEASURE_WITH_UNIT (LENGTH_MEASURE( 1.000000000000000100E-005 ), #6490, 'distance_accuracy_value', 'NONE');
#3582 = CARTESIAN_POINT ( 'NONE',  ( -0.2000000000000000900, -0.2790730578767624000, -3.900945610676608900 ) ) ;
#3583 = SURFACE_STYLE_FILL_AREA ( #4270 ) ;
#3584 = PRESENTATION_LAYER_ASSIGNMENT (  '', '', ( #5126 ) ) ;
#3585 = ORIENTED_EDGE ( 'NONE', *, *, #5985, .T. ) ;
#3586 = CARTESIAN_POINT ( 'NONE',  ( 1.874999999999995600, -1.000000000000000000, 2.836821679442723000 ) ) ;
#3587 = SURFACE_STYLE_FILL_AREA ( #2030 ) ;
#3588 = ORIENTED_EDGE ( 'NONE', *, *, #1534, .F. ) ;
#3589 = CARTESIAN_POINT ( 'NONE',  ( -1.470000000000000200, -0.3000000000000001000, 3.601676395598662200 ) ) ;
#3590 = CARTESIAN_POINT ( 'NONE',  ( 1.874999999999999100, 0.0000000000000000000, -2.500000000000000900 ) ) ;
#3591 = DIRECTION ( 'NONE',  ( 0.0000000000000000000, -0.0000000000000000000, 1.000000000000000000 ) ) ;
#3592 = PRESENTATION_STYLE_ASSIGNMENT (( #4981 ) ) ;
#3593 = EDGE_CURVE ( 'NONE', #2416, #2489, #1664, .T. ) ;
#3594 = CARTESIAN_POINT ( 'NONE',  ( -1.499999999999999100, 1.000000000000000000, 2.200000000000000200 ) ) ;
#3595 = DIRECTION ( 'NONE',  ( 0.0000000000000000000, 0.0000000000000000000, -1.000000000000000000 ) ) ;
#3596 = ORIENTED_EDGE ( 'NONE', *, *, #5679, .T. ) ;
#3597 = CARTESIAN_POINT ( 'NONE',  ( 0.1999999999999998700, -0.7380982035536775000, -3.933043775715700600 ) ) ;
#3598 = STYLED_ITEM ( 'NONE', ( #4081 ), #4843 ) ;
#3599 = DIRECTION ( 'NONE',  ( 0.0000000000000000000, 0.0000000000000000000, 1.000000000000000000 ) ) ;
#3600 = ORIENTED_EDGE ( 'NONE', *, *, #489, .F. ) ;
#3601 = ORIENTED_EDGE ( 'NONE', *, *, #733, .F. ) ;
#3602 = VECTOR ( 'NONE', #6447, 1000.000000000000000 ) ;
#3603 = AXIS2_PLACEMENT_3D ( 'NONE', #4537, #6446, #408 ) ;
#3604 = CARTESIAN_POINT ( 'NONE',  ( 1.500000000000000900, 0.5000000000000000000, -2.200000000000000200 ) ) ;
#3605 =( NAMED_UNIT ( * ) SI_UNIT ( $, .STERADIAN. ) SOLID_ANGLE_UNIT ( ) );
#3606 = ORIENTED_EDGE ( 'NONE', *, *, #655, .T. ) ;
#3607 = CIRCLE ( 'NONE', #6400, 0.5000000000000000000 ) ;
#3608 = PRESENTATION_LAYER_ASSIGNMENT (  '', '', ( #5362 ) ) ;
#3609 = CIRCLE ( 'NONE', #946, 0.09999999999999982500 ) ;
#3610 = FACE_BOUND ( 'NONE', #6393, .T. ) ;
#3611 = ORIENTED_EDGE ( 'NONE', *, *, #3131, .F. ) ;
#3612 = CARTESIAN_POINT ( 'NONE',  ( 0.1999999999999998700, -0.7555373219897065800, -3.683652763150745200 ) ) ;
#3613 = EDGE_CURVE ( 'NONE', #3108, #569, #82, .T. ) ;
#3614 = VECTOR ( 'NONE', #6362, 1000.000000000000100 ) ;
#3615 = CARTESIAN_POINT ( 'NONE',  ( -1.070000000000000300, -0.2500000000000002200, 3.601676395598662200 ) ) ;
#3616 = DIRECTION ( 'NONE',  ( 0.0000000000000000000, 0.0000000000000000000, -1.000000000000000000 ) ) ;
#3617 = ORIENTED_EDGE ( 'NONE', *, *, #1498, .T. ) ;
#3618 = CIRCLE ( 'NONE', #5548, 0.5000000000000000000 ) ;
#3619 = ORIENTED_EDGE ( 'NONE', *, *, #6120, .T. ) ;
#3620 =( GEOMETRIC_REPRESENTATION_CONTEXT ( 3 ) GLOBAL_UNCERTAINTY_ASSIGNED_CONTEXT ( ( #928 ) ) GLOBAL_UNIT_ASSIGNED_CONTEXT ( ( #309, #3855, #831 ) ) REPRESENTATION_CONTEXT ( 'NONE', 'WORKASPACE' ) );
#3621 = CARTESIAN_POINT ( 'NONE',  ( -1.875000000000000900, -0.9000000000000000200, 2.500000000000000000 ) ) ;
#3622 = DIRECTION ( 'NONE',  ( -1.000000000000000000, -0.0000000000000000000, -0.0000000000000000000 ) ) ;
#3623 = FACE_OUTER_BOUND ( 'NONE', #4840, .T. ) ;
#3624 = ADVANCED_FACE ( 'NONE', ( #4276 ), #292, .F. ) ;
#3625 = VECTOR ( 'NONE', #990, 1000.000000000000000 ) ;
#3626 = DIRECTION ( 'NONE',  ( 0.0000000000000000000, 0.0000000000000000000, 1.000000000000000000 ) ) ;
#3627 = DIRECTION ( 'NONE',  ( 0.0000000000000000000, 0.9975640502598243100, 0.06975647374412441400 ) ) ;
#3628 = VECTOR ( 'NONE', #5905, 1000.000000000000000 ) ;
#3629 = CARTESIAN_POINT ( 'NONE',  ( 1.499999999999997300, 1.000000000000000000, -2.700000000000000200 ) ) ;
#3630 = CARTESIAN_POINT ( 'NONE',  ( -1.807951184059714000, -0.9000000000000000200, 2.082951184059715000 ) ) ;
#3631 = EDGE_CURVE ( 'NONE', #6445, #2416, #5579, .T. ) ;
#3632 = DIRECTION ( 'NONE',  ( 0.0000000000000000000, -0.0000000000000000000, 1.000000000000000000 ) ) ;
#3633 = FILL_AREA_STYLE_COLOUR ( '', #114 ) ;
#3634 = CARTESIAN_POINT ( 'NONE',  ( 0.1999999999999998700, -0.7346103798664689300, 3.982921978228692900 ) ) ;
#3635 = AXIS2_PLACEMENT_3D ( 'NONE', #4946, #4413, #1926 ) ;
#3636 = ORIENTED_EDGE ( 'NONE', *, *, #3971, .F. ) ;
#3637 = SURFACE_STYLE_FILL_AREA ( #2843 ) ;
#3638 = CARTESIAN_POINT ( 'NONE',  ( 2.311578084468704800, 0.9069756473744125000, 2.499999999999996000 ) ) ;
#3639 = ORIENTED_EDGE ( 'NONE', *, *, #5360, .F. ) ;
#3640 = DIRECTION ( 'NONE',  ( -1.000000000000000000, -0.0000000000000000000, 0.0000000000000000000 ) ) ;
#3641 = ORIENTED_EDGE ( 'NONE', *, *, #5046, .F. ) ;
#3642 = EDGE_CURVE ( 'NONE', #1279, #6374, #6219, .T. ) ;
#3643 = LINE ( 'NONE', #3341, #1976 ) ;
#3644 = ORIENTED_EDGE ( 'NONE', *, *, #4311, .F. ) ;
#3645 = SURFACE_STYLE_FILL_AREA ( #2056 ) ;
#3646 =( GEOMETRIC_REPRESENTATION_CONTEXT ( 3 ) GLOBAL_UNCERTAINTY_ASSIGNED_CONTEXT ( ( #2977 ) ) GLOBAL_UNIT_ASSIGNED_CONTEXT ( ( #1240, #3214, #183 ) ) REPRESENTATION_CONTEXT ( 'NONE', 'WORKASPACE' ) );
#3647 = ORIENTED_EDGE ( 'NONE', *, *, #1385, .F. ) ;
#3648 = DIRECTION ( 'NONE',  ( 0.0000000000000000000, 0.0000000000000000000, 1.000000000000000000 ) ) ;
#3649 = PLANE ( 'NONE',  #447 ) ;
#3650 = DIRECTION ( 'NONE',  ( 0.0000000000000000000, 0.0000000000000000000, 1.000000000000000000 ) ) ;
#3651 = ORIENTED_EDGE ( 'NONE', *, *, #80, .F. ) ;
#3652 = VERTEX_POINT ( 'NONE', #4882 ) ;
#3653 = EDGE_CURVE ( 'NONE', #5285, #5779, #6448, .T. ) ;
#3654 = COLOUR_RGB ( '',1.000000000000000000, 1.000000000000000000, 1.000000000000000000 ) ;
#3655 = ADVANCED_FACE ( 'NONE', ( #2122, #721 ), #3833, .T. ) ;
#3656 = ORIENTED_EDGE ( 'NONE', *, *, #143, .F. ) ;
#3657 = CARTESIAN_POINT ( 'NONE',  ( 1.070000000000000100, -1.100000000000000100, 4.907560881563969500 ) ) ;
#3658 = MECHANICAL_DESIGN_GEOMETRIC_PRESENTATION_REPRESENTATION (  '', ( #3321 ), #58 ) ;
#3659 = ORIENTED_EDGE ( 'NONE', *, *, #5532, .T. ) ;
#3660 = CARTESIAN_POINT ( 'NONE',  ( 1.500000000000000900, 1.000000000000000000, -2.200000000000000200 ) ) ;
#3661 = EDGE_CURVE ( 'NONE', #5185, #1829, #399, .T. ) ;
#3662 = ORIENTED_EDGE ( 'NONE', *, *, #5442, .T. ) ;
#3663 = DIRECTION ( 'NONE',  ( -1.000000000000000000, 0.0000000000000000000, 0.0000000000000000000 ) ) ;
#3664 = CARTESIAN_POINT ( 'NONE',  ( -1.070000000000000300, -5.421010862427522200E-017, -3.601676395598662600 ) ) ;
#3665 = CARTESIAN_POINT ( 'NONE',  ( 2.050000000000001200, 0.5000000000000000000, 2.199999999999996600 ) ) ;
#3666 = UNCERTAINTY_MEASURE_WITH_UNIT (LENGTH_MEASURE( 1.000000000000000100E-005 ), #4773, 'distance_accuracy_value', 'NONE');
#3667 = ORIENTED_EDGE ( 'NONE', *, *, #5146, .T. ) ;
#3668 = VERTEX_POINT ( 'NONE', #334 ) ;
#3669 = LINE ( 'NONE', #4563, #4696 ) ;
#3670 = CARTESIAN_POINT ( 'NONE',  ( 2.211821679442722100, -1.000000000000000000, -2.499999999999999600 ) ) ;
#3671 = DIRECTION ( 'NONE',  ( 1.000000000000000000, 0.0000000000000000000, 0.0000000000000000000 ) ) ;
#3672 = VECTOR ( 'NONE', #1765, 1000.000000000000000 ) ;
#3673 = ORIENTED_EDGE ( 'NONE', *, *, #111, .T. ) ;
#3674 = DIRECTION ( 'NONE',  ( 0.0000000000000000000, 0.0000000000000000000, 1.000000000000000000 ) ) ;
#3675 = MECHANICAL_DESIGN_GEOMETRIC_PRESENTATION_REPRESENTATION (  '', ( #4606 ), #3115 ) ;
#3676 = DIRECTION ( 'NONE',  ( 0.0000000000000000000, 0.0000000000000000000, -1.000000000000000000 ) ) ;
#3677 = VERTEX_POINT ( 'NONE', #1387 ) ;
#3678 = CONICAL_SURFACE ( 'NONE', #4279, 0.5000000000000000000, 0.06981317007977333500 ) ;
#3679 = EDGE_CURVE ( 'NONE', #1633, #4119, #1818, .T. ) ;
#3680 = CIRCLE ( 'NONE', #6485, 0.3000000000000003800 ) ;
#3681 = CARTESIAN_POINT ( 'NONE',  ( 1.470000000000000000, -0.7555373219897065800, 3.683652763150745200 ) ) ;
#3682 = DIRECTION ( 'NONE',  ( 0.0000000000000000000, 0.0000000000000000000, -1.000000000000000000 ) ) ;
#3683 = ADVANCED_FACE ( 'NONE', ( #237 ), #1346, .T. ) ;
#3684 = PRESENTATION_LAYER_ASSIGNMENT (  '', '', ( #2458 ) ) ;
#3685 = ORIENTED_EDGE ( 'NONE', *, *, #4590, .F. ) ;
#3686 = LINE ( 'NONE', #5681, #4709 ) ;
#3687 = VERTEX_POINT ( 'NONE', #2321 ) ;
#3688 = VERTEX_POINT ( 'NONE', #2501 ) ;
#3689 = PRESENTATION_STYLE_ASSIGNMENT (( #2354 ) ) ;
#3690 = FACE_OUTER_BOUND ( 'NONE', #1325, .T. ) ;
#3691 = SURFACE_STYLE_USAGE ( .BOTH. , #2224 ) ;
#3692 = VERTEX_POINT ( 'NONE', #3939 ) ;
#3693 = CARTESIAN_POINT ( 'NONE',  ( 0.0000000000000000000, -7.249999999999999100, -0.9000000000000011300 ) ) ;
#3694 = AXIS2_PLACEMENT_3D ( 'NONE', #3431, #2926, #4428 ) ;
#3695 = CIRCLE ( 'NONE', #2032, 0.4365780844687058800 ) ;
#3696 = CYLINDRICAL_SURFACE ( 'NONE', #2634, 0.3499999999999996400 ) ;
#3697 = CARTESIAN_POINT ( 'NONE',  ( 1.174827221408426300, -0.9000000000000000200, -1.962921966769066500 ) ) ;
#3698 = DIRECTION ( 'NONE',  ( 1.000000000000000000, 0.0000000000000000000, 0.0000000000000000000 ) ) ;
#3699 = EDGE_CURVE ( 'NONE', #5684, #2769, #3245, .T. ) ;
#3700 = CIRCLE ( 'NONE', #49, 0.3099999999999999400 ) ;
#3701 = CARTESIAN_POINT ( 'NONE',  ( -1.470000000000000200, -0.7346103798664689300, 3.982921978228692900 ) ) ;
#3702 = DIRECTION ( 'NONE',  ( 6.123233995736737700E-017, 0.8660254037844398200, -0.4999999999999977800 ) ) ;
#3703 = CARTESIAN_POINT ( 'NONE',  ( 1.874999999999996200, -0.9069756473744127200, -2.936578084468706600 ) ) ;
#3704 = PRESENTATION_STYLE_ASSIGNMENT (( #6398 ) ) ;
#3705 = LINE ( 'NONE', #258, #4174 ) ;
#3706 = SURFACE_SIDE_STYLE ('',( #1643 ) ) ;
#3707 = CARTESIAN_POINT ( 'NONE',  ( -1.875000000000000900, -0.9069756473744125000, 2.500000000000000000 ) ) ;
#3708 = AXIS2_PLACEMENT_3D ( 'NONE', #984, #1980, #1481 ) ;
#3709 = CARTESIAN_POINT ( 'NONE',  ( 1.470000000000000000, 0.0000000000000000000, -2.999999999999999600 ) ) ;
#3710 = SURFACE_STYLE_USAGE ( .BOTH. , #4149 ) ;
#3711 = DIRECTION ( 'NONE',  ( 0.0000000000000000000, 0.06975647374412502500, -0.9975640502598243100 ) ) ;
#3712 = PLANE ( 'NONE',  #4980 ) ;
#3713 = AXIS2_PLACEMENT_3D ( 'NONE', #3707, #5777, #3749 ) ;
#3714 =( NAMED_UNIT ( * ) PLANE_ANGLE_UNIT ( ) SI_UNIT ( $, .RADIAN. ) );
#3715 = ORIENTED_EDGE ( 'NONE', *, *, #2558, .F. ) ;
#3716 = ADVANCED_FACE ( 'NONE', ( #1280 ), #2963, .F. ) ;
#3717 = UNCERTAINTY_MEASURE_WITH_UNIT (LENGTH_MEASURE( 1.000000000000000100E-005 ), #5859, 'distance_accuracy_value', 'NONE');
#3718 = CARTESIAN_POINT ( 'NONE',  ( 0.1999999999999998700, -0.3000000000000001000, 3.601676395598661700 ) ) ;
#3719 = EDGE_CURVE ( 'NONE', #5983, #4914, #5420, .T. ) ;
#3720 = ORIENTED_EDGE ( 'NONE', *, *, #4803, .F. ) ;
#3721 = ORIENTED_EDGE ( 'NONE', *, *, #54, .F. ) ;
#3722 = DIRECTION ( 'NONE',  ( 1.000000000000000000, 0.0000000000000000000, 0.0000000000000000000 ) ) ;
#3723 = VERTEX_POINT ( 'NONE', #402 ) ;
#3724 = DIRECTION ( 'NONE',  ( 0.0000000000000000000, 0.0000000000000000000, 1.000000000000000000 ) ) ;
#3725 = ORIENTED_EDGE ( 'NONE', *, *, #1620, .T. ) ;
#3726 = CARTESIAN_POINT ( 'NONE',  ( -2.211821679442724300, -0.9000000000000000200, 2.499999999999996400 ) ) ;
#3727 = VERTEX_POINT ( 'NONE', #1451 ) ;
#3728 = STYLED_ITEM ( 'NONE', ( #3280 ), #731 ) ;
#3729 = VECTOR ( 'NONE', #3640, 1000.000000000000000 ) ;
#3730 = ORIENTED_EDGE ( 'NONE', *, *, #2499, .F. ) ;
#3731 = AXIS2_PLACEMENT_3D ( 'NONE', #5506, #27, #4546 ) ;
#3732 = CARTESIAN_POINT ( 'NONE',  ( 1.174827221408426300, -0.9000000000000000200, 2.272921966769066300 ) ) ;
#3733 = VERTEX_POINT ( 'NONE', #495 ) ;
#3734 = SURFACE_STYLE_USAGE ( .BOTH. , #3755 ) ;
#3735 = DIRECTION ( 'NONE',  ( -1.000000000000000000, -0.0000000000000000000, 0.0000000000000000000 ) ) ;
#3736 = CARTESIAN_POINT ( 'NONE',  ( -1.070000000000000300, -0.3000000000000001000, 3.601676395598662200 ) ) ;
#3737 = EDGE_CURVE ( 'NONE', #3328, #4055, #1731, .T. ) ;
#3738 = DIRECTION ( 'NONE',  ( 0.0000000000000000000, 0.0000000000000000000, -1.000000000000000000 ) ) ;
#3739 = ADVANCED_FACE ( 'NONE', ( #6287 ), #557, .T. ) ;
#3740 =( NAMED_UNIT ( * ) PLANE_ANGLE_UNIT ( ) SI_UNIT ( $, .RADIAN. ) );
#3741 = AXIS2_PLACEMENT_3D ( 'NONE', #3590, #4036, #2374 ) ;
#3742 = SURFACE_STYLE_USAGE ( .BOTH. , #3235 ) ;
#3743 = VECTOR ( 'NONE', #608, 1000.000000000000000 ) ;
#3744 =( GEOMETRIC_REPRESENTATION_CONTEXT ( 3 ) GLOBAL_UNCERTAINTY_ASSIGNED_CONTEXT ( ( #4886 ) ) GLOBAL_UNIT_ASSIGNED_CONTEXT ( ( #3494, #3999, #1036 ) ) REPRESENTATION_CONTEXT ( 'NONE', 'WORKASPACE' ) );
#3745 = EDGE_CURVE ( 'NONE', #1287, #1203, #5573, .T. ) ;
#3746 = CARTESIAN_POINT ( 'NONE',  ( 2.050000000000001200, 0.5000000000000000000, -2.199999999999996600 ) ) ;
#3747 = CIRCLE ( 'NONE', #703, 0.3099999999999999400 ) ;
#3748 = ADVANCED_FACE ( 'NONE', ( #5182 ), #5943, .F. ) ;
#3749 = DIRECTION ( 'NONE',  ( 0.0000000000000000000, 0.0000000000000000000, 1.000000000000000000 ) ) ;
#3750 = EDGE_LOOP ( 'NONE', ( #2863, #1670, #494, #5925 ) ) ;
#3751 = DIRECTION ( 'NONE',  ( 0.0000000000000000000, 0.0000000000000000000, -1.000000000000000000 ) ) ;
#3752 = ORIENTED_EDGE ( 'NONE', *, *, #6242, .T. ) ;
#3753 = VECTOR ( 'NONE', #1965, 1000.000000000000000 ) ;
#3754 = CARTESIAN_POINT ( 'NONE',  ( 2.211821679442722100, -1.000000000000000000, 2.499999999999996400 ) ) ;
#3755 = SURFACE_SIDE_STYLE ('',( #3106 ) ) ;
#3756 =( GEOMETRIC_REPRESENTATION_CONTEXT ( 3 ) GLOBAL_UNCERTAINTY_ASSIGNED_CONTEXT ( ( #3514 ) ) GLOBAL_UNIT_ASSIGNED_CONTEXT ( ( #3550, #63, #4101 ) ) REPRESENTATION_CONTEXT ( 'NONE', 'WORKASPACE' ) );
#3757 = ORIENTED_EDGE ( 'NONE', *, *, #1789, .F. ) ;
#3758 = VECTOR ( 'NONE', #1351, 1000.000000000000000 ) ;
#3759 = CARTESIAN_POINT ( 'NONE',  ( 0.0000000000000000000, -6.557179676972444900, 0.0000000000000000000 ) ) ;
#3760 = MECHANICAL_DESIGN_GEOMETRIC_PRESENTATION_REPRESENTATION (  '', ( #4658 ), #375 ) ;
#3761 = ORIENTED_EDGE ( 'NONE', *, *, #5217, .F. ) ;
#3762 = CIRCLE ( 'NONE', #1660, 0.3099999999999999400 ) ;
#3763 = CARTESIAN_POINT ( 'NONE',  ( 1.174827221408426300, -0.9000000000000000200, 1.962921966769066500 ) ) ;
#3764 = CARTESIAN_POINT ( 'NONE',  ( 0.1999999999999998700, -0.2790730578767624000, -3.900945610676608900 ) ) ;
#3765 = APPLICATION_CONTEXT ( 'automotive_design' ) ;
#3766 = CONICAL_SURFACE ( 'NONE', #765, 1.300000000000000900, 0.02464267424523164700 ) ;
#3767 = AXIS2_PLACEMENT_3D ( 'NONE', #5851, #5312, #370 ) ;
#3768 = ORIENTED_EDGE ( 'NONE', *, *, #733, .T. ) ;
#3769 = CARTESIAN_POINT ( 'NONE',  ( 5.322705363946669100E-016, -0.9000000000000000200, 1.700000000000000600 ) ) ;
#3770 = VECTOR ( 'NONE', #2798, 1000.000000000000000 ) ;
#3771 = LINE ( 'NONE', #5486, #1869 ) ;
#3772 = AXIS2_PLACEMENT_3D ( 'NONE', #5964, #5017, #2524 ) ;
#3773 = SURFACE_STYLE_FILL_AREA ( #2403 ) ;
#3774 = VERTEX_POINT ( 'NONE', #4993 ) ;
#3775 = ADVANCED_FACE ( 'NONE', ( #2530 ), #1489, .F. ) ;
#3776 = CYLINDRICAL_SURFACE ( 'NONE', #1526, 0.3499999999999996400 ) ;
#3777 = SURFACE_SIDE_STYLE ('',( #48 ) ) ;
#3778 = ORIENTED_EDGE ( 'NONE', *, *, #3486, .F. ) ;
#3779 = EDGE_CURVE ( 'NONE', #5136, #884, #5738, .T. ) ;
#3780 = TOROIDAL_SURFACE ( 'NONE', #3731, 0.3368216794427232900, 0.1000000000000000100 ) ;
#3781 = DIRECTION ( 'NONE',  ( -1.000000000000000000, -0.0000000000000000000, -0.0000000000000000000 ) ) ;
#3782 = FILL_AREA_STYLE ('',( #1315 ) ) ;
#3783 = CONICAL_SURFACE ( 'NONE', #5342, 0.5000000000000000000, 0.06981317007977333500 ) ;
#3784 =( NAMED_UNIT ( * ) PLANE_ANGLE_UNIT ( ) SI_UNIT ( $, .RADIAN. ) );
#3785 = ADVANCED_FACE ( 'NONE', ( #6060 ), #5649, .T. ) ;
#3786 = ORIENTED_EDGE ( 'NONE', *, *, #5217, .T. ) ;
#3787 = VECTOR ( 'NONE', #5489, 1000.000000000000000 ) ;
#3788 = CARTESIAN_POINT ( 'NONE',  ( 5.702345871682348400E-016, -0.9000000000000000200, 2.320000000000000300 ) ) ;
#3789 = EDGE_CURVE ( 'NONE', #4082, #2214, #4426, .T. ) ;
#3790 = CARTESIAN_POINT ( 'NONE',  ( 0.1999999999999998700, -0.7380982035536775000, 3.933043775715700600 ) ) ;
#3791 =( NAMED_UNIT ( * ) PLANE_ANGLE_UNIT ( ) SI_UNIT ( $, .RADIAN. ) );
#3792 = SURFACE_STYLE_FILL_AREA ( #4023 ) ;
#3793 = CARTESIAN_POINT ( 'NONE',  ( -1.070000000000000300, -0.3000000000000001000, 3.601676395598662200 ) ) ;
#3794 = EDGE_LOOP ( 'NONE', ( #6434, #5124, #2093, #5033 ) ) ;
#3795 = ORIENTED_EDGE ( 'NONE', *, *, #4112, .T. ) ;
#3796 = CARTESIAN_POINT ( 'NONE',  ( -1.470000000000000200, -1.100000000000000100, 4.907560881563969500 ) ) ;
#3797 = DIRECTION ( 'NONE',  ( 0.0000000000000000000, 0.0000000000000000000, 1.000000000000000000 ) ) ;
#3798 = DIRECTION ( 'NONE',  ( 0.0000000000000000000, -0.0000000000000000000, 1.000000000000000000 ) ) ;
#3799 = ORIENTED_EDGE ( 'NONE', *, *, #1140, .T. ) ;
#3800 = ORIENTED_EDGE ( 'NONE', *, *, #4610, .T. ) ;
#3801 = ORIENTED_EDGE ( 'NONE', *, *, #2961, .F. ) ;
#3802 = CARTESIAN_POINT ( 'NONE',  ( 1.470000000000000000, -0.7380982035536775000, 3.933043775715700600 ) ) ;
#3803 = SURFACE_SIDE_STYLE ('',( #2960 ) ) ;
#3804 = AXIS2_PLACEMENT_3D ( 'NONE', #663, #2199, #171 ) ;
#3805 = SURFACE_SIDE_STYLE ('',( #3452 ) ) ;
#3806 = LINE ( 'NONE', #1852, #5988 ) ;
#3807 = EDGE_LOOP ( 'NONE', ( #5304, #4087, #1063, #2468 ) ) ;
#3808 = LINE ( 'NONE', #3120, #1978 ) ;
#3809 = ORIENTED_EDGE ( 'NONE', *, *, #5915, .T. ) ;
#3810 = DIRECTION ( 'NONE',  ( 1.000000000000000000, 0.0000000000000000000, 0.0000000000000000000 ) ) ;
#3811 = EDGE_CURVE ( 'NONE', #1932, #6232, #793, .T. ) ;
#3812 = DIRECTION ( 'NONE',  ( 0.0000000000000000000, 0.0000000000000000000, -1.000000000000000000 ) ) ;
#3813 = COLOUR_RGB ( '',1.000000000000000000, 1.000000000000000000, 1.000000000000000000 ) ;
#3814 = ORIENTED_EDGE ( 'NONE', *, *, #460, .T. ) ;
#3815 = FACE_OUTER_BOUND ( 'NONE', #3419, .T. ) ;
#3816 = AXIS2_PLACEMENT_3D ( 'NONE', #5323, #1302, #2793 ) ;
#3817 = ORIENTED_EDGE ( 'NONE', *, *, #4820, .F. ) ;
#3818 = EDGE_CURVE ( 'NONE', #943, #2414, #1882, .T. ) ;
#3819 = SURFACE_SIDE_STYLE ('',( #6271 ) ) ;
#3820 = FILL_AREA_STYLE_COLOUR ( '', #6341 ) ;
#3821 = ADVANCED_FACE ( 'NONE', ( #3231 ), #2046, .T. ) ;
#3822 = ORIENTED_EDGE ( 'NONE', *, *, #4122, .T. ) ;
#3823 = MECHANICAL_DESIGN_GEOMETRIC_PRESENTATION_REPRESENTATION (  '', ( #1454 ), #5389 ) ;
#3824 = DIRECTION ( 'NONE',  ( 0.0000000000000000000, -0.9975640502598243100, 0.06975647374412442800 ) ) ;
#3825 = PRESENTATION_LAYER_ASSIGNMENT (  '', '', ( #3478 ) ) ;
#3826 = DIRECTION ( 'NONE',  ( -0.06975647374412545500, 0.9975640502598242000, 4.840327704211765800E-016 ) ) ;
#3827 = PLANE ( 'NONE',  #6015 ) ;
#3828 = EDGE_CURVE ( 'NONE', #4517, #5136, #3870, .T. ) ;
#3829 = ORIENTED_EDGE ( 'NONE', *, *, #4465, .T. ) ;
#3830 = ORIENTED_EDGE ( 'NONE', *, *, #1055, .F. ) ;
#3831 = DIRECTION ( 'NONE',  ( 0.0000000000000000000, 0.0000000000000000000, -1.000000000000000000 ) ) ;
#3832 = LINE ( 'NONE', #1645, #4057 ) ;
#3833 = PLANE ( 'NONE',  #4422 ) ;
#3834 = AXIS2_PLACEMENT_3D ( 'NONE', #6003, #4964, #1541 ) ;
#3835 = DIRECTION ( 'NONE',  ( -0.0000000000000000000, 1.000000000000000000, -0.0000000000000000000 ) ) ;
#3836 = AXIS2_PLACEMENT_3D ( 'NONE', #2040, #534, #1505 ) ;
#3837 = COLOUR_RGB ( '',1.000000000000000000, 1.000000000000000000, 1.000000000000000000 ) ;
#3838 = CARTESIAN_POINT ( 'NONE',  ( -1.070000000000000300, -0.2790730578767624000, -3.900945610676609400 ) ) ;
#3839 =( NAMED_UNIT ( * ) PLANE_ANGLE_UNIT ( ) SI_UNIT ( $, .RADIAN. ) );
#3840 = ORIENTED_EDGE ( 'NONE', *, *, #6184, .F. ) ;
#3841 = ADVANCED_FACE ( 'NONE', ( #4024 ), #4661, .F. ) ;
#3842 = DIRECTION ( 'NONE',  ( 0.0000000000000000000, 0.0000000000000000000, -1.000000000000000000 ) ) ;
#3843 = VECTOR ( 'NONE', #2375, 1000.000000000000000 ) ;
#3844 = ORIENTED_EDGE ( 'NONE', *, *, #5590, .T. ) ;
#3845 = EDGE_CURVE ( 'NONE', #3774, #607, #2848, .T. ) ;
#3846 = CARTESIAN_POINT ( 'NONE',  ( -1.174827221408426300, -0.9000000000000000200, -2.272921966769066300 ) ) ;
#3847 = AXIS2_PLACEMENT_3D ( 'NONE', #5331, #4257, #4850 ) ;
#3848 = VERTEX_POINT ( 'NONE', #1595 ) ;
#3849 = VECTOR ( 'NONE', #3883, 1000.000000000000000 ) ;
#3850 = ADVANCED_FACE ( 'NONE', ( #5898 ), #2366, .T. ) ;
#3851 = ORIENTED_EDGE ( 'NONE', *, *, #3397, .T. ) ;
#3852 = MECHANICAL_DESIGN_GEOMETRIC_PRESENTATION_REPRESENTATION (  '', ( #3598 ), #5168 ) ;
#3853 = SURFACE_STYLE_FILL_AREA ( #3013 ) ;
#3854 = VERTEX_POINT ( 'NONE', #5116 ) ;
#3855 =( NAMED_UNIT ( * ) PLANE_ANGLE_UNIT ( ) SI_UNIT ( $, .RADIAN. ) );
#3856 = DIRECTION ( 'NONE',  ( 0.0000000000000000000, 0.06975647374412440000, 0.9975640502598243100 ) ) ;
#3857 = VECTOR ( 'NONE', #794, 1000.000000000000000 ) ;
#3858 = DIRECTION ( 'NONE',  ( 0.0000000000000000000, -1.000000000000000000, 0.0000000000000000000 ) ) ;
#3859 = EDGE_CURVE ( 'NONE', #1001, #2204, #2528, .T. ) ;
#3860 = PRESENTATION_STYLE_ASSIGNMENT (( #1360 ) ) ;
#3861 = VECTOR ( 'NONE', #1395, 1000.000000000000100 ) ;
#3862 = CARTESIAN_POINT ( 'NONE',  ( -1.070000000000000300, -0.2500000000000001100, -3.601676395598662200 ) ) ;
#3863 = DIRECTION ( 'NONE',  ( 0.0000000000000000000, 1.000000000000000000, 0.0000000000000000000 ) ) ;
#3864 = AXIS2_PLACEMENT_3D ( 'NONE', #1170, #2171, #2123 ) ;
#3865 = CIRCLE ( 'NONE', #2065, 0.3099999999999999400 ) ;
#3866 = CARTESIAN_POINT ( 'NONE',  ( -2.211821679442723900, 1.000000000000000000, -2.499999999999998200 ) ) ;
#3867 = EDGE_CURVE ( 'NONE', #6411, #5900, #1811, .T. ) ;
#3868 = EDGE_LOOP ( 'NONE', ( #1845, #666, #1211, #2589 ) ) ;
#3869 = FACE_OUTER_BOUND ( 'NONE', #2045, .T. ) ;
#3870 = LINE ( 'NONE', #2564, #3319 ) ;
#3871 = DIRECTION ( 'NONE',  ( -1.000000000000000000, -0.0000000000000000000, -0.0000000000000000000 ) ) ;
#3872 = UNCERTAINTY_MEASURE_WITH_UNIT (LENGTH_MEASURE( 1.000000000000000100E-005 ), #431, 'distance_accuracy_value', 'NONE');
#3873 = MECHANICAL_DESIGN_GEOMETRIC_PRESENTATION_REPRESENTATION (  '', ( #697 ), #1262 ) ;
#3874 = DIRECTION ( 'NONE',  ( 0.0000000000000000000, 0.06975647374412502500, -0.9975640502598243100 ) ) ;
#3875 = AXIS2_PLACEMENT_3D ( 'NONE', #1452, #10, #4994 ) ;
#3876 =( NAMED_UNIT ( * ) PLANE_ANGLE_UNIT ( ) SI_UNIT ( $, .RADIAN. ) );
#3877 = EDGE_CURVE ( 'NONE', #530, #964, #4500, .T. ) ;
#3878 = VECTOR ( 'NONE', #5736, 1000.000000000000000 ) ;
#3879 = VERTEX_POINT ( 'NONE', #1060 ) ;
#3880 = CARTESIAN_POINT ( 'NONE',  ( 0.1999999999999998700, -1.100000000000000100, -4.907560881563969500 ) ) ;
#3881 = ORIENTED_EDGE ( 'NONE', *, *, #164, .T. ) ;
#3882 = ORIENTED_EDGE ( 'NONE', *, *, #1534, .T. ) ;
#3883 = DIRECTION ( 'NONE',  ( -1.000000000000000000, -0.0000000000000000000, -0.0000000000000000000 ) ) ;
#3884 = VECTOR ( 'NONE', #1560, 1000.000000000000100 ) ;
#3885 = ADVANCED_FACE ( 'NONE', ( #6361 ), #3158, .T. ) ;
#3886 = ORIENTED_EDGE ( 'NONE', *, *, #6211, .F. ) ;
#3887 = STYLED_ITEM ( 'NONE', ( #1210 ), #6273 ) ;
#3888 = CYLINDRICAL_SURFACE ( 'NONE', #4722, 0.3499999999999996400 ) ;
#3889 = ORIENTED_EDGE ( 'NONE', *, *, #3053, .T. ) ;
#3890 = ORIENTED_EDGE ( 'NONE', *, *, #3811, .T. ) ;
#3891 = DIRECTION ( 'NONE',  ( 0.0000000000000000000, 0.06975647374412440000, -0.9975640502598243100 ) ) ;
#3892 = AXIS2_PLACEMENT_3D ( 'NONE', #4303, #3863, #321 ) ;
#3893 = ORIENTED_EDGE ( 'NONE', *, *, #1104, .F. ) ;
#3894 = SURFACE_STYLE_USAGE ( .BOTH. , #6370 ) ;
#3895 = VECTOR ( 'NONE', #6152, 1000.000000000000000 ) ;
#3896 = ORIENTED_EDGE ( 'NONE', *, *, #5013, .T. ) ;
#3897 = DIRECTION ( 'NONE',  ( 0.0000000000000000000, 0.0000000000000000000, -1.000000000000000000 ) ) ;
#3898 = EDGE_CURVE ( 'NONE', #5398, #2416, #1037, .T. ) ;
#3899 = CARTESIAN_POINT ( 'NONE',  ( 0.0000000000000000000, -1.000000000000000000, 0.0000000000000000000 ) ) ;
#3900 = PLANE ( 'NONE',  #1168 ) ;
#3901 = DIRECTION ( 'NONE',  ( 0.0000000000000000000, 0.9975640502598243100, -0.06975647374412503900 ) ) ;
#3902 = AXIS2_PLACEMENT_3D ( 'NONE', #2609, #3561, #1536 ) ;
#3903 = CARTESIAN_POINT ( 'NONE',  ( 0.0000000000000000000, -7.249999999999999100, 0.9000000000000011300 ) ) ;
#3904 = DIRECTION ( 'NONE',  ( 0.0000000000000000000, 0.0000000000000000000, -1.000000000000000000 ) ) ;
#3905 = CARTESIAN_POINT ( 'NONE',  ( 2.340036594028243900, 0.5000000000000000000, 2.499999999999996000 ) ) ;
#3906 = EDGE_CURVE ( 'NONE', #824, #3108, #552, .T. ) ;
#3907 = FACE_OUTER_BOUND ( 'NONE', #1941, .T. ) ;
#3908 = VERTEX_POINT ( 'NONE', #3732 ) ;
#3909 = PRESENTATION_LAYER_ASSIGNMENT (  '', '', ( #3565 ) ) ;
#3910 = ORIENTED_EDGE ( 'NONE', *, *, #3122, .T. ) ;
#3911 = PLANE ( 'NONE',  #4044 ) ;
#3912 = EDGE_CURVE ( 'NONE', #6493, #1113, #876, .T. ) ;
#3913 = ADVANCED_FACE ( 'NONE', ( #6205 ), #2920, .T. ) ;
#3914 = ORIENTED_EDGE ( 'NONE', *, *, #4909, .F. ) ;
#3915 = DIRECTION ( 'NONE',  ( 0.0000000000000000000, -9.009844664146523100E-017, 1.000000000000000000 ) ) ;
#3916 = CARTESIAN_POINT ( 'NONE',  ( -1.875000000000000900, -0.9069756473744125000, -2.500000000000000000 ) ) ;
#3917 = FILL_AREA_STYLE_COLOUR ( '', #1153 ) ;
#3918 = LINE ( 'NONE', #1736, #2570 ) ;
#3919 = DIRECTION ( 'NONE',  ( 0.0000000000000000000, 0.0000000000000000000, -1.000000000000000000 ) ) ;
#3920 = ORIENTED_EDGE ( 'NONE', *, *, #222, .F. ) ;
#3921 = LINE ( 'NONE', #1805, #2574 ) ;
#3922 = ORIENTED_EDGE ( 'NONE', *, *, #268, .F. ) ;
#3923 = DIRECTION ( 'NONE',  ( -1.000000000000000000, -0.0000000000000000000, 0.0000000000000000000 ) ) ;
#3924 =( NAMED_UNIT ( * ) PLANE_ANGLE_UNIT ( ) SI_UNIT ( $, .RADIAN. ) );
#3925 = FACE_BOUND ( 'NONE', #6058, .T. ) ;
#3926 = EDGE_LOOP ( 'NONE', ( #3244, #64, #2017, #3896 ) ) ;
#3927 = MECHANICAL_DESIGN_GEOMETRIC_PRESENTATION_REPRESENTATION (  '', ( #5040 ), #2958 ) ;
#3928 = PRESENTATION_STYLE_ASSIGNMENT (( #5508 ) ) ;
#3929 = DIRECTION ( 'NONE',  ( 0.0000000000000000000, 0.06975647374412440000, -0.9975640502598243100 ) ) ;
#3930 = FACE_OUTER_BOUND ( 'NONE', #2912, .T. ) ;
#3931 = SURFACE_STYLE_FILL_AREA ( #20 ) ;
#3932 = EDGE_CURVE ( 'NONE', #801, #4434, #5343, .T. ) ;
#3933 = DIRECTION ( 'NONE',  ( 0.0000000000000000000, 0.0000000000000000000, -1.000000000000000000 ) ) ;
#3934 = ORIENTED_EDGE ( 'NONE', *, *, #5164, .T. ) ;
#3935 = VECTOR ( 'NONE', #1191, 1000.000000000000000 ) ;
#3936 = DIRECTION ( 'NONE',  ( 0.0000000000000000000, 1.000000000000000000, 0.0000000000000000000 ) ) ;
#3937 = AXIS2_PLACEMENT_3D ( 'NONE', #2172, #6192, #3194 ) ;
#3938 = VECTOR ( 'NONE', #1516, 1000.000000000000100 ) ;
#3939 = CARTESIAN_POINT ( 'NONE',  ( 1.499999999999997300, 1.000000000000000000, -2.700000000000000200 ) ) ;
#3940 = COLOUR_RGB ( '',1.000000000000000000, 1.000000000000000000, 1.000000000000000000 ) ;
#3941 = FILL_AREA_STYLE ('',( #1431 ) ) ;
#3942 = ORIENTED_EDGE ( 'NONE', *, *, #4465, .F. ) ;
#3943 = STYLED_ITEM ( 'NONE', ( #4320 ), #368 ) ;
#3944 = CARTESIAN_POINT ( 'NONE',  ( 2.211821679442722600, 0.9000000000000000200, 2.499999999999999600 ) ) ;
#3945 = CARTESIAN_POINT ( 'NONE',  ( 2.000000000000000900, 0.4999999999999995600, -2.199999999999997500 ) ) ;
#3946 =( NAMED_UNIT ( * ) PLANE_ANGLE_UNIT ( ) SI_UNIT ( $, .RADIAN. ) );
#3947 = FILL_AREA_STYLE ('',( #3988 ) ) ;
#3948 = UNCERTAINTY_MEASURE_WITH_UNIT (LENGTH_MEASURE( 1.000000000000000100E-005 ), #549, 'distance_accuracy_value', 'NONE');
#3949 = ORIENTED_EDGE ( 'NONE', *, *, #2610, .F. ) ;
#3950 = EDGE_CURVE ( 'NONE', #607, #1110, #2195, .T. ) ;
#3951 = CARTESIAN_POINT ( 'NONE',  ( 1.874999999999999100, -0.9000000000000000200, 2.499999999999999600 ) ) ;
#3952 = DIRECTION ( 'NONE',  ( 0.0000000000000000000, 0.0000000000000000000, 1.000000000000000000 ) ) ;
#3953 = ORIENTED_EDGE ( 'NONE', *, *, #825, .F. ) ;
#3954 = VECTOR ( 'NONE', #1897, 1000.000000000000000 ) ;
#3955 = ORIENTED_EDGE ( 'NONE', *, *, #5784, .T. ) ;
#3956 = VERTEX_POINT ( 'NONE', #4214 ) ;
#3957 = DIRECTION ( 'NONE',  ( 0.0000000000000000000, -0.9975640502598242000, 0.06975647374412663500 ) ) ;
#3958 = MECHANICAL_DESIGN_GEOMETRIC_PRESENTATION_REPRESENTATION (  '', ( #230 ), #1267 ) ;
#3959 = DIRECTION ( 'NONE',  ( 0.0000000000000000000, 0.9975640502598242000, 0.06975647374412664900 ) ) ;
#3960 = ORIENTED_EDGE ( 'NONE', *, *, #3719, .T. ) ;
#3961 = SURFACE_SIDE_STYLE ('',( #3150 ) ) ;
#3962 = ORIENTED_EDGE ( 'NONE', *, *, #2499, .T. ) ;
#3963 = VERTEX_POINT ( 'NONE', #5179 ) ;
#3964 = DIRECTION ( 'NONE',  ( 0.0000000000000000000, -1.000000000000000000, 0.0000000000000000000 ) ) ;
#3965 = VECTOR ( 'NONE', #2061, 1000.000000000000000 ) ;
#3966 =( NAMED_UNIT ( * ) SI_UNIT ( $, .STERADIAN. ) SOLID_ANGLE_UNIT ( ) );
#3967 = ORIENTED_EDGE ( 'NONE', *, *, #3345, .T. ) ;
#3968 = ORIENTED_EDGE ( 'NONE', *, *, #1477, .F. ) ;
#3969 = ORIENTED_EDGE ( 'NONE', *, *, #3437, .F. ) ;
#3970 = CARTESIAN_POINT ( 'NONE',  ( -1.070000000000000300, -0.2500000000000002200, -3.601676395598662200 ) ) ;
#3971 = EDGE_CURVE ( 'NONE', #5858, #1506, #3551, .T. ) ;
#3972 = ORIENTED_EDGE ( 'NONE', *, *, #1530, .F. ) ;
#3973 = CARTESIAN_POINT ( 'NONE',  ( 1.470000000000000000, -0.7844885823794622800, 3.979434154541485700 ) ) ;
#3974 = AXIS2_PLACEMENT_3D ( 'NONE', #4890, #6385, #869 ) ;
#3975 = EDGE_CURVE ( 'NONE', #579, #5185, #2672, .T. ) ;
#3976 = DIRECTION ( 'NONE',  ( 0.0000000000000000000, -0.9975640502598245300, 0.06975647374412140300 ) ) ;
#3977 =( NAMED_UNIT ( * ) PLANE_ANGLE_UNIT ( ) SI_UNIT ( $, .RADIAN. ) );
#3978 = VECTOR ( 'NONE', #3711, 1000.000000000000000 ) ;
#3979 = AXIS2_PLACEMENT_3D ( 'NONE', #1732, #706, #4740 ) ;
#3980 = ORIENTED_EDGE ( 'NONE', *, *, #3379, .T. ) ;
#3981 = ORIENTED_EDGE ( 'NONE', *, *, #6087, .T. ) ;
#3982 = CYLINDRICAL_SURFACE ( 'NONE', #1412, 0.3099999999999999400 ) ;
#3983 = CARTESIAN_POINT ( 'NONE',  ( -1.024695076595959900, -2.500000000000000000, 1.600000000000000300 ) ) ;
#3984 = EDGE_CURVE ( 'NONE', #6175, #2142, #3075, .T. ) ;
#3985 = LINE ( 'NONE', #5643, #2643 ) ;
#3986 = CARTESIAN_POINT ( 'NONE',  ( 0.1999999999999998700, -0.7346103798664711500, -3.982921978228692000 ) ) ;
#3987 = DIRECTION ( 'NONE',  ( 0.0000000000000000000, -0.9975640502598242000, -0.06975647374412663500 ) ) ;
#3988 = FILL_AREA_STYLE_COLOUR ( '', #1676 ) ;
#3989 = VECTOR ( 'NONE', #5192, 1000.000000000000000 ) ;
#3990 = AXIS2_PLACEMENT_3D ( 'NONE', #690, #2717, #6269 ) ;
#3991 = ORIENTED_EDGE ( 'NONE', *, *, #4668, .T. ) ;
#3992 = EDGE_LOOP ( 'NONE', ( #4090, #5428 ) ) ;
#3993 = CARTESIAN_POINT ( 'NONE',  ( 1.807951184059714000, -1.000000000000000000, 2.432951184059714700 ) ) ;
#3994 = EDGE_CURVE ( 'NONE', #2129, #6085, #4017, .T. ) ;
#3995 = UNCERTAINTY_MEASURE_WITH_UNIT (LENGTH_MEASURE( 1.000000000000000100E-005 ), #826, 'distance_accuracy_value', 'NONE');
#3996 = LINE ( 'NONE', #2734, #2972 ) ;
#3997 = ORIENTED_EDGE ( 'NONE', *, *, #3122, .F. ) ;
#3998 =( LENGTH_UNIT ( ) NAMED_UNIT ( * ) SI_UNIT ( .MILLI., .METRE. ) );
#3999 =( NAMED_UNIT ( * ) PLANE_ANGLE_UNIT ( ) SI_UNIT ( $, .RADIAN. ) );
#4000 = ORIENTED_EDGE ( 'NONE', *, *, #5999, .F. ) ;
#4001 = ORIENTED_EDGE ( 'NONE', *, *, #3719, .F. ) ;
#4002 = CIRCLE ( 'NONE', #3140, 0.5000000000000000000 ) ;
#4003 = CIRCLE ( 'NONE', #3708, 0.3099999999999999400 ) ;
#4004 = ORIENTED_EDGE ( 'NONE', *, *, #5504, .T. ) ;
#4005 = PRESENTATION_STYLE_ASSIGNMENT (( #1604 ) ) ;
#4006 = DIRECTION ( 'NONE',  ( -1.000000000000000000, -0.0000000000000000000, 0.0000000000000000000 ) ) ;
#4007 = ORIENTED_EDGE ( 'NONE', *, *, #6312, .T. ) ;
#4008 = DIRECTION ( 'NONE',  ( 0.0000000000000000000, -0.06975647374412521900, -0.9975640502598243100 ) ) ;
#4009 =( GEOMETRIC_REPRESENTATION_CONTEXT ( 3 ) GLOBAL_UNCERTAINTY_ASSIGNED_CONTEXT ( ( #5843 ) ) GLOBAL_UNIT_ASSIGNED_CONTEXT ( ( #1529, #5049, #4970 ) ) REPRESENTATION_CONTEXT ( 'NONE', 'WORKASPACE' ) );
#4010 = FACE_OUTER_BOUND ( 'NONE', #5707, .T. ) ;
#4011 =( NAMED_UNIT ( * ) SI_UNIT ( $, .STERADIAN. ) SOLID_ANGLE_UNIT ( ) );
#4012 = AXIS2_PLACEMENT_3D ( 'NONE', #4778, #790, #200 ) ;
#4013 =( NAMED_UNIT ( * ) PLANE_ANGLE_UNIT ( ) SI_UNIT ( $, .RADIAN. ) );
#4014 = CARTESIAN_POINT ( 'NONE',  ( 0.1999999999999998700, -0.7346103798664689300, -3.982921978228692900 ) ) ;
#4015 = DIRECTION ( 'NONE',  ( 0.0000000000000000000, 0.0000000000000000000, -1.000000000000000000 ) ) ;
#4016 = EDGE_CURVE ( 'NONE', #2471, #3296, #2427, .T. ) ;
#4017 = LINE ( 'NONE', #1683, #953 ) ;
#4018 = DIRECTION ( 'NONE',  ( -1.000000000000000000, -0.0000000000000000000, -0.0000000000000000000 ) ) ;
#4019 = CARTESIAN_POINT ( 'NONE',  ( -1.174827221408426300, -1.000000000000000000, 1.962921966769066500 ) ) ;
#4020 = AXIS2_PLACEMENT_3D ( 'NONE', #2652, #5719, #156 ) ;
#4021 = ORIENTED_EDGE ( 'NONE', *, *, #786, .F. ) ;
#4022 = PRESENTATION_STYLE_ASSIGNMENT (( #332 ) ) ;
#4023 = FILL_AREA_STYLE ('',( #2985 ) ) ;
#4024 = FACE_OUTER_BOUND ( 'NONE', #4825, .T. ) ;
#4025 = EDGE_CURVE ( 'NONE', #3268, #6070, #150, .T. ) ;
#4026 = ORIENTED_EDGE ( 'NONE', *, *, #4208, .T. ) ;
#4027 = CARTESIAN_POINT ( 'NONE',  ( 1.470000000000000000, -1.033879594944416400, -3.961995036105455000 ) ) ;
#4028 = SURFACE_SIDE_STYLE ('',( #3853 ) ) ;
#4029 = CLOSED_SHELL ( 'NONE', ( #3205, #4176, #255, #3352, #3313, #3821, #3850, #1205, #6364, #5637 ) ) ;
#4030 =( LENGTH_UNIT ( ) NAMED_UNIT ( * ) SI_UNIT ( .MILLI., .METRE. ) );
#4031 = PLANE ( 'NONE',  #1603 ) ;
#4032 = LINE ( 'NONE', #4676, #2048 ) ;
#4033 = ORIENTED_EDGE ( 'NONE', *, *, #66, .T. ) ;
#4034 = EDGE_CURVE ( 'NONE', #735, #283, #3705, .T. ) ;
#4035 = FACE_OUTER_BOUND ( 'NONE', #1986, .T. ) ;
#4036 = DIRECTION ( 'NONE',  ( 0.0000000000000000000, 1.000000000000000000, 0.0000000000000000000 ) ) ;
#4037 = ORIENTED_EDGE ( 'NONE', *, *, #1342, .T. ) ;
#4038 = CARTESIAN_POINT ( 'NONE',  ( -0.2000000000000000900, -0.7346103798664689300, -3.982921978228692900 ) ) ;
#4039 = ORIENTED_EDGE ( 'NONE', *, *, #8, .F. ) ;
#4040 = VERTEX_POINT ( 'NONE', #2787 ) ;
#4041 = CYLINDRICAL_SURFACE ( 'NONE', #1836, 0.09999999999999982500 ) ;
#4042 = DIRECTION ( 'NONE',  ( 0.0000000000000000000, 0.0000000000000000000, -1.000000000000000000 ) ) ;
#4043 = ORIENTED_EDGE ( 'NONE', *, *, #3408, .T. ) ;
#4044 = AXIS2_PLACEMENT_3D ( 'NONE', #4380, #6435, #3891 ) ;
#4045 = FILL_AREA_STYLE ('',( #2986 ) ) ;
#4046 = DIRECTION ( 'NONE',  ( 0.0000000000000000000, -0.9975640502598243100, -0.06975647374412442800 ) ) ;
#4047 = ORIENTED_EDGE ( 'NONE', *, *, #5656, .F. ) ;
#4048 = DIRECTION ( 'NONE',  ( -0.0000000000000000000, -1.000000000000000000, -0.0000000000000000000 ) ) ;
#4049 = PRESENTATION_LAYER_ASSIGNMENT (  '', '', ( #5254 ) ) ;
#4050 =( LENGTH_UNIT ( ) NAMED_UNIT ( * ) SI_UNIT ( .MILLI., .METRE. ) );
#4051 = FILL_AREA_STYLE ('',( #3085 ) ) ;
#4052 = PLANE ( 'NONE',  #6315 ) ;
#4053 = EDGE_CURVE ( 'NONE', #2683, #5093, #4728, .T. ) ;
#4054 = DIRECTION ( 'NONE',  ( 0.0000000000000000000, -0.0000000000000000000, 1.000000000000000000 ) ) ;
#4055 = VERTEX_POINT ( 'NONE', #3269 ) ;
#4056 = MECHANICAL_DESIGN_GEOMETRIC_PRESENTATION_REPRESENTATION (  '', ( #4614 ), #2144 ) ;
#4057 = VECTOR ( 'NONE', #670, 1000.000000000000100 ) ;
#4058 = SURFACE_SIDE_STYLE ('',( #5763 ) ) ;
#4059 = CONICAL_SURFACE ( 'NONE', #3875, 0.5000000000000000000, 0.06981317007977333500 ) ;
#4060 = ORIENTED_EDGE ( 'NONE', *, *, #2809, .T. ) ;
#4061 = MECHANICAL_DESIGN_GEOMETRIC_PRESENTATION_REPRESENTATION (  '', ( #1779 ), #5052 ) ;
#4062 = CARTESIAN_POINT ( 'NONE',  ( 1.500000000000000900, 1.000000000000000000, -2.200000000000000200 ) ) ;
#4063 = DIRECTION ( 'NONE',  ( 0.0000000000000000000, 0.9975640502598242000, 0.06975647374412520500 ) ) ;
#4064 = UNCERTAINTY_MEASURE_WITH_UNIT (LENGTH_MEASURE( 1.000000000000000100E-005 ), #5344, 'distance_accuracy_value', 'NONE');
#4065 = PRESENTATION_LAYER_ASSIGNMENT (  '', '', ( #4662 ) ) ;
#4066 = VERTEX_POINT ( 'NONE', #734 ) ;
#4067 = EDGE_LOOP ( 'NONE', ( #2618, #6068, #44, #1430 ) ) ;
#4068 = CARTESIAN_POINT ( 'NONE',  ( 1.174827221408426300, -0.9000000000000000200, 1.652921966769066700 ) ) ;
#4069 = FACE_OUTER_BOUND ( 'NONE', #5753, .T. ) ;
#4070 = CARTESIAN_POINT ( 'NONE',  ( -1.875000000000000900, 0.0000000000000000000, 2.500000000000000000 ) ) ;
#4071 = EDGE_CURVE ( 'NONE', #5670, #1829, #5171, .T. ) ;
#4072 = ORIENTED_EDGE ( 'NONE', *, *, #4678, .T. ) ;
#4073 = LINE ( 'NONE', #5805, #2737 ) ;
#4074 = CARTESIAN_POINT ( 'NONE',  ( 0.1999999999999998700, -0.2500000000000001100, -2.982518297014122000 ) ) ;
#4075 = DIRECTION ( 'NONE',  ( 1.153665184517485500E-016, -0.06975647374412546900, 0.9975640502598243100 ) ) ;
#4076 = STYLED_ITEM ( 'NONE', ( #320 ), #3382 ) ;
#4077 = VECTOR ( 'NONE', #3923, 1000.000000000000000 ) ;
#4078 = CARTESIAN_POINT ( 'NONE',  ( -2.211821679442724300, -1.000000000000000000, -2.499999999999997800 ) ) ;
#4079 = DIRECTION ( 'NONE',  ( -8.088279058127691400E-015, 8.673617379884067000E-015, -1.000000000000000000 ) ) ;
#4080 = VECTOR ( 'NONE', #2875, 1000.000000000000000 ) ;
#4081 = PRESENTATION_STYLE_ASSIGNMENT (( #719 ) ) ;
#4082 = VERTEX_POINT ( 'NONE', #1297 ) ;
#4083 = MECHANICAL_DESIGN_GEOMETRIC_PRESENTATION_REPRESENTATION (  '', ( #3191 ), #1054 ) ;
#4084 = EDGE_CURVE ( 'NONE', #4973, #4165, #704, .T. ) ;
#4085 = ORIENTED_EDGE ( 'NONE', *, *, #5685, .T. ) ;
#4086 = VECTOR ( 'NONE', #2705, 1000.000000000000000 ) ;
#4087 = ORIENTED_EDGE ( 'NONE', *, *, #1612, .F. ) ;
#4088 = CIRCLE ( 'NONE', #4444, 0.3099999999999999400 ) ;
#4089 = CARTESIAN_POINT ( 'NONE',  ( 1.874999999999999100, -1.000000000000000000, 2.499999999999999600 ) ) ;
#4090 = ORIENTED_EDGE ( 'NONE', *, *, #2022, .F. ) ;
#4091 = CARTESIAN_POINT ( 'NONE',  ( 1.499999999999996900, 1.000000000000000000, -2.750000000000000400 ) ) ;
#4092 = LINE ( 'NONE', #125, #3935 ) ;
#4093 = PRESENTATION_STYLE_ASSIGNMENT (( #1703 ) ) ;
#4094 = CARTESIAN_POINT ( 'NONE',  ( 1.070000000000000100, -0.7555373219897065800, -3.683652763150745200 ) ) ;
#4095 = SURFACE_STYLE_FILL_AREA ( #3288 ) ;
#4096 =( GEOMETRIC_REPRESENTATION_CONTEXT ( 3 ) GLOBAL_UNCERTAINTY_ASSIGNED_CONTEXT ( ( #2338 ) ) GLOBAL_UNIT_ASSIGNED_CONTEXT ( ( #5726, #1166, #2212 ) ) REPRESENTATION_CONTEXT ( 'NONE', 'WORKASPACE' ) );
#4097 = DIRECTION ( 'NONE',  ( -0.0000000000000000000, -1.000000000000000000, -0.0000000000000000000 ) ) ;
#4098 = CIRCLE ( 'NONE', #471, 0.2999999999999994900 ) ;
#4099 = SURFACE_SIDE_STYLE ('',( #327 ) ) ;
#4100 = STYLED_ITEM ( 'NONE', ( #2267 ), #4648 ) ;
#4101 =( NAMED_UNIT ( * ) SI_UNIT ( $, .STERADIAN. ) SOLID_ANGLE_UNIT ( ) );
#4102 = DIRECTION ( 'NONE',  ( 0.0000000000000000000, 0.0000000000000000000, 1.000000000000000000 ) ) ;
#4103 = AXIS2_PLACEMENT_3D ( 'NONE', #4354, #872, #2312 ) ;
#4104 = CARTESIAN_POINT ( 'NONE',  ( 0.1999999999999998700, -1.100000000000000100, -4.907560881563969500 ) ) ;
#4105 = ORIENTED_EDGE ( 'NONE', *, *, #2900, .T. ) ;
#4106 = ORIENTED_EDGE ( 'NONE', *, *, #4365, .T. ) ;
#4107 = MECHANICAL_DESIGN_GEOMETRIC_PRESENTATION_REPRESENTATION (  '', ( #4662 ), #343 ) ;
#4108 = CARTESIAN_POINT ( 'NONE',  ( -1.070000000000000300, -0.7844885823794622800, 3.979434154541485700 ) ) ;
#4109 = CARTESIAN_POINT ( 'NONE',  ( -1.174827221408426300, -1.000000000000000000, -2.272921966769066300 ) ) ;
#4110 = ORIENTED_EDGE ( 'NONE', *, *, #268, .T. ) ;
#4111 = VERTEX_POINT ( 'NONE', #5785 ) ;
#4112 = EDGE_CURVE ( 'NONE', #6181, #898, #1722, .T. ) ;
#4113 = CARTESIAN_POINT ( 'NONE',  ( -1.470000000000000200, -0.8506089874350454300, -4.924999999999999800 ) ) ;
#4115 = VECTOR ( 'NONE', #2477, 1000.000000000000000 ) ;
#4114 = DIRECTION ( 'NONE',  ( 0.0000000000000000000, 0.0000000000000000000, 1.000000000000000000 ) ) ;
#4116 = ORIENTED_EDGE ( 'NONE', *, *, #4208, .F. ) ;
#4117 =( GEOMETRIC_REPRESENTATION_CONTEXT ( 3 ) GLOBAL_UNCERTAINTY_ASSIGNED_CONTEXT ( ( #5695 ) ) GLOBAL_UNIT_ASSIGNED_CONTEXT ( ( #5163, #3714, #2154 ) ) REPRESENTATION_CONTEXT ( 'NONE', 'WORKASPACE' ) );
#4118 = FACE_OUTER_BOUND ( 'NONE', #6151, .T. ) ;
#4119 = VERTEX_POINT ( 'NONE', #3754 ) ;
#4120 = CARTESIAN_POINT ( 'NONE',  ( -1.174827221408426300, -1.000000000000000000, 1.652921966769066700 ) ) ;
#4121 = CARTESIAN_POINT ( 'NONE',  ( -1.070000000000000300, -0.7555373219897065800, 3.683652763150745600 ) ) ;
#4122 = EDGE_CURVE ( 'NONE', #4331, #2455, #1268, .T. ) ;
#4123 = VECTOR ( 'NONE', #6492, 1000.000000000000000 ) ;
#4124 = VERTEX_POINT ( 'NONE', #2806 ) ;
#4125 = SURFACE_STYLE_USAGE ( .BOTH. , #3706 ) ;
#4126 = CARTESIAN_POINT ( 'NONE',  ( -2.311578084468706600, 0.9069756473744127200, -2.499999999999998200 ) ) ;
#4127 = LINE ( 'NONE', #3846, #1296 ) ;
#4128 = ORIENTED_EDGE ( 'NONE', *, *, #5955, .F. ) ;
#4129 = CARTESIAN_POINT ( 'NONE',  ( -1.470000000000000200, -0.8506089874350454300, -4.924999999999999800 ) ) ;
#4130 = CARTESIAN_POINT ( 'NONE',  ( 2.311578084468704800, 0.9069756473744127200, 2.499999999999996000 ) ) ;
#4131 = EDGE_CURVE ( 'NONE', #3733, #563, #305, .T. ) ;
#4132 = CARTESIAN_POINT ( 'NONE',  ( 1.174827221408426300, -0.9000000000000000200, -1.652921966769066700 ) ) ;
#4133 = PRESENTATION_LAYER_ASSIGNMENT (  '', '', ( #4606 ) ) ;
#4134 = CARTESIAN_POINT ( 'NONE',  ( 1.174827221408426300, -1.000000000000000000, 1.962921966769066500 ) ) ;
#4135 = VECTOR ( 'NONE', #4959, 1000.000000000000000 ) ;
#4136 = CARTESIAN_POINT ( 'NONE',  ( 1.470000000000000000, -0.7555373219897065800, -3.683652763150745200 ) ) ;
#4137 = SURFACE_STYLE_USAGE ( .BOTH. , #613 ) ;
#4138 = LINE ( 'NONE', #1184, #2319 ) ;
#4139 = EDGE_CURVE ( 'NONE', #5051, #3668, #1569, .T. ) ;
#4140 = SURFACE_STYLE_FILL_AREA ( #4424 ) ;
#4141 = CARTESIAN_POINT ( 'NONE',  ( 0.1999999999999998700, -0.8506089874350454300, 4.924999999999999800 ) ) ;
#4142 = ADVANCED_FACE ( 'NONE', ( #70 ), #2765, .F. ) ;
#4143 = FACE_OUTER_BOUND ( 'NONE', #5281, .T. ) ;
#4144 = AXIS2_PLACEMENT_3D ( 'NONE', #6290, #829, #3323 ) ;
#4145 = UNCERTAINTY_MEASURE_WITH_UNIT (LENGTH_MEASURE( 1.000000000000000100E-005 ), #2641, 'distance_accuracy_value', 'NONE');
#4146 = ORIENTED_EDGE ( 'NONE', *, *, #3053, .F. ) ;
#4147 = CIRCLE ( 'NONE', #6278, 0.3099999999999999400 ) ;
#4148 = PRESENTATION_LAYER_ASSIGNMENT (  '', '', ( #1779 ) ) ;
#4149 = SURFACE_SIDE_STYLE ('',( #2114 ) ) ;
#4150 = ORIENTED_EDGE ( 'NONE', *, *, #4781, .T. ) ;
#4151 = CARTESIAN_POINT ( 'NONE',  ( -0.2000000000000000900, -0.2500000000000001100, 2.982518297014122000 ) ) ;
#4152 = CARTESIAN_POINT ( 'NONE',  ( 1.500000000000000900, 0.5000000000000000000, -2.200000000000000200 ) ) ;
#4153 = CARTESIAN_POINT ( 'NONE',  ( -1.470000000000000200, 0.0000000000000000000, 3.000000000000000000 ) ) ;
#4154 = FACE_OUTER_BOUND ( 'NONE', #4429, .T. ) ;
#4155 = ORIENTED_EDGE ( 'NONE', *, *, #3912, .F. ) ;
#4156 = ORIENTED_EDGE ( 'NONE', *, *, #4610, .F. ) ;
#4157 = DIRECTION ( 'NONE',  ( 1.000000000000000000, -0.0000000000000000000, 0.0000000000000000000 ) ) ;
#4158 = EDGE_CURVE ( 'NONE', #5505, #5634, #466, .T. ) ;
#4159 = PRESENTATION_STYLE_ASSIGNMENT (( #3305 ) ) ;
#4160 = CARTESIAN_POINT ( 'NONE',  ( -1.999999999999999100, -6.220119046564577500, -2.199999999999996600 ) ) ;
#4161 = CARTESIAN_POINT ( 'NONE',  ( 1.470000000000000000, -1.100000000000000100, -4.907560881563969500 ) ) ;
#4162 = VECTOR ( 'NONE', #3595, 1000.000000000000000 ) ;
#4163 = CARTESIAN_POINT ( 'NONE',  ( 2.374999999999999100, 0.0000000000000000000, -0.5000000000000000000 ) ) ;
#4164 = LINE ( 'NONE', #585, #2830 ) ;
#4165 = VERTEX_POINT ( 'NONE', #4720 ) ;
#4166 = CARTESIAN_POINT ( 'NONE',  ( -1.070000000000000300, -0.2500000000000001100, 3.601676395598662200 ) ) ;
#4167 = CARTESIAN_POINT ( 'NONE',  ( -1.874999999999997300, 0.0000000000000000000, 3.000000000000000000 ) ) ;
#4168 = LINE ( 'NONE', #3629, #2034 ) ;
#4169 = MECHANICAL_DESIGN_GEOMETRIC_PRESENTATION_REPRESENTATION (  '', ( #154 ), #540 ) ;
#4170 = CIRCLE ( 'NONE', #3974, 0.09999999999999982500 ) ;
#4171 = VECTOR ( 'NONE', #3161, 1000.000000000000000 ) ;
#4172 = CARTESIAN_POINT ( 'NONE',  ( -1.874999999999997800, 1.000000000000000000, -2.836821679442723900 ) ) ;
#4173 = DIRECTION ( 'NONE',  ( -1.000000000000000000, -0.0000000000000000000, 0.0000000000000000000 ) ) ;
#4174 = VECTOR ( 'NONE', #6243, 1000.000000000000000 ) ;
#4175 = CARTESIAN_POINT ( 'NONE',  ( -1.470000000000000200, -0.7346103798664689300, -3.982921978228692900 ) ) ;
#4176 = ADVANCED_FACE ( 'NONE', ( #6356 ), #6193, .T. ) ;
#4177 = PLANE ( 'NONE',  #3349 ) ;
#4178 = EDGE_CURVE ( 'NONE', #964, #530, #624, .T. ) ;
#4179 = STYLED_ITEM ( 'NONE', ( #5187 ), #6506 ) ;
#4180 = CARTESIAN_POINT ( 'NONE',  ( -1.499999999999995600, -6.220119046564577500, 2.700000000000000200 ) ) ;
#4181 = CARTESIAN_POINT ( 'NONE',  ( -1.070000000000000300, -0.8506089874350454300, 4.924999999999999800 ) ) ;
#4182 =( NAMED_UNIT ( * ) PLANE_ANGLE_UNIT ( ) SI_UNIT ( $, .RADIAN. ) );
#4183 = PRESENTATION_LAYER_ASSIGNMENT (  '', '', ( #5385 ) ) ;
#4184 = DIRECTION ( 'NONE',  ( 0.0000000000000000000, 1.000000000000000000, 0.0000000000000000000 ) ) ;
#4185 = ORIENTED_EDGE ( 'NONE', *, *, #4952, .F. ) ;
#4186 = DIRECTION ( 'NONE',  ( 0.0000000000000000000, 0.9975640502598245300, -0.06975647374412140300 ) ) ;
#4187 = ORIENTED_EDGE ( 'NONE', *, *, #2892, .T. ) ;
#4188 = CARTESIAN_POINT ( 'NONE',  ( -2.049999999999999400, 0.5000000000000000000, 2.200000000000000200 ) ) ;
#4189 = EDGE_CURVE ( 'NONE', #5746, #3375, #3386, .T. ) ;
#4190 = SURFACE_STYLE_FILL_AREA ( #1213 ) ;
#4191 = ORIENTED_EDGE ( 'NONE', *, *, #3593, .F. ) ;
#4192 = AXIS2_PLACEMENT_3D ( 'NONE', #5198, #2621, #6169 ) ;
#4193 = VERTEX_POINT ( 'NONE', #1174 ) ;
#4194 =( LENGTH_UNIT ( ) NAMED_UNIT ( * ) SI_UNIT ( .MILLI., .METRE. ) );
#4195 = CARTESIAN_POINT ( 'NONE',  ( -1.070000000000000300, -0.7346103798664711500, 3.982921978228692000 ) ) ;
#4196 = VERTEX_POINT ( 'NONE', #2735 ) ;
#4197 = CARTESIAN_POINT ( 'NONE',  ( 2.050000000000001200, 0.5000000000000000000, 0.5000000000000000000 ) ) ;
#4198 = FACE_OUTER_BOUND ( 'NONE', #3564, .T. ) ;
#4199 = ORIENTED_EDGE ( 'NONE', *, *, #5606, .F. ) ;
#4200 = EDGE_CURVE ( 'NONE', #328, #5477, #5338, .T. ) ;
#4201 = UNCERTAINTY_MEASURE_WITH_UNIT (LENGTH_MEASURE( 1.000000000000000100E-005 ), #2877, 'distance_accuracy_value', 'NONE');
#4202 = ORIENTED_EDGE ( 'NONE', *, *, #4931, .F. ) ;
#4203 = EDGE_LOOP ( 'NONE', ( #93, #1334, #3997, #12 ) ) ;
#4204 = ORIENTED_EDGE ( 'NONE', *, *, #4541, .T. ) ;
#4205 = CARTESIAN_POINT ( 'NONE',  ( 1.874999999999995600, 0.0000000000000000000, -3.000000000000000900 ) ) ;
#4206 = DIRECTION ( 'NONE',  ( -0.06975647374412546900, 0.9975640502598243100, -0.0000000000000000000 ) ) ;
#4207 =( GEOMETRIC_REPRESENTATION_CONTEXT ( 3 ) GLOBAL_UNCERTAINTY_ASSIGNED_CONTEXT ( ( #5543 ) ) GLOBAL_UNIT_ASSIGNED_CONTEXT ( ( #496, #3977, #515 ) ) REPRESENTATION_CONTEXT ( 'NONE', 'WORKASPACE' ) );
#4208 = EDGE_CURVE ( 'NONE', #5375, #846, #2522, .T. ) ;
#4209 = CARTESIAN_POINT ( 'NONE',  ( -2.375000000000000900, 0.0000000000000000000, 2.499999999999996400 ) ) ;
#4210 = CARTESIAN_POINT ( 'NONE',  ( -1.470000000000000200, 0.0000000000000000000, -3.000000000000000000 ) ) ;
#4211 = ADVANCED_FACE ( 'NONE', ( #3542 ), #5175, .F. ) ;
#4212 = CARTESIAN_POINT ( 'NONE',  ( -1.470000000000000200, -1.033879594944416400, -3.961995036105455000 ) ) ;
#4213 = EDGE_LOOP ( 'NONE', ( #4665, #4987, #5923, #2538 ) ) ;
#4214 = CARTESIAN_POINT ( 'NONE',  ( 0.1999999999999998700, -0.8506089874350454300, 4.924999999999999800 ) ) ;
#4215 = PLANE ( 'NONE',  #4769 ) ;
#4216 = DIRECTION ( 'NONE',  ( 0.0000000000000000000, -1.000000000000000000, 0.0000000000000000000 ) ) ;
#4217 = CARTESIAN_POINT ( 'NONE',  ( 1.470000000000000000, -0.7844885823794622800, 3.979434154541485700 ) ) ;
#4218 = AXIS2_PLACEMENT_3D ( 'NONE', #1690, #678, #2674 ) ;
#4219 = VECTOR ( 'NONE', #5577, 1000.000000000000000 ) ;
#4220 =( NAMED_UNIT ( * ) SI_UNIT ( $, .STERADIAN. ) SOLID_ANGLE_UNIT ( ) );
#4221 = ORIENTED_EDGE ( 'NONE', *, *, #1508, .T. ) ;
#4222 = DIRECTION ( 'NONE',  ( 0.0000000000000000000, 0.0000000000000000000, -1.000000000000000000 ) ) ;
#4223 = DIRECTION ( 'NONE',  ( 0.0000000000000000000, 0.0000000000000000000, 1.000000000000000000 ) ) ;
#4224 = VERTEX_POINT ( 'NONE', #4212 ) ;
#4225 = DIRECTION ( 'NONE',  ( 0.0000000000000000000, 0.0000000000000000000, -1.000000000000000000 ) ) ;
#4226 = PLANE ( 'NONE',  #4966 ) ;
#4227 = EDGE_CURVE ( 'NONE', #5817, #2683, #2918, .T. ) ;
#4228 = DIRECTION ( 'NONE',  ( -0.0000000000000000000, -0.0000000000000000000, 1.000000000000000000 ) ) ;
#4229 = CARTESIAN_POINT ( 'NONE',  ( 2.050000000000001200, 1.000000000000000000, -0.5000000000000000000 ) ) ;
#4230 =( NAMED_UNIT ( * ) SI_UNIT ( $, .STERADIAN. ) SOLID_ANGLE_UNIT ( ) );
#4231 = AXIS2_PLACEMENT_3D ( 'NONE', #3254, #5296, #286 ) ;
#4232 = ORIENTED_EDGE ( 'NONE', *, *, #506, .T. ) ;
#4233 = LINE ( 'NONE', #3333, #5003 ) ;
#4234 = ADVANCED_FACE ( 'NONE', ( #5024 ), #5706, .F. ) ;
#4235 = EDGE_LOOP ( 'NONE', ( #3493, #386 ) ) ;
#4236 = CARTESIAN_POINT ( 'NONE',  ( -1.070000000000000300, -0.3000000000000000400, -3.601676395598662600 ) ) ;
#4237 = EDGE_CURVE ( 'NONE', #5477, #3490, #1031, .T. ) ;
#4238 = DIRECTION ( 'NONE',  ( 8.067212840352961100E-018, -0.9975640502598242000, 0.06975647374412546900 ) ) ;
#4239 = LINE ( 'NONE', #798, #2421 ) ;
#4240 = EDGE_LOOP ( 'NONE', ( #2688, #5969, #2291, #1258 ) ) ;
#4241 = FACE_BOUND ( 'NONE', #4892, .T. ) ;
#4242 = DIRECTION ( 'NONE',  ( 0.0000000000000000000, 0.0000000000000000000, -1.000000000000000000 ) ) ;
#4243 =( LENGTH_UNIT ( ) NAMED_UNIT ( * ) SI_UNIT ( .MILLI., .METRE. ) );
#4244 = VERTEX_POINT ( 'NONE', #5866 ) ;
#4245 = ORIENTED_EDGE ( 'NONE', *, *, #4884, .F. ) ;
#4246 = MECHANICAL_DESIGN_GEOMETRIC_PRESENTATION_REPRESENTATION (  '', ( #3565 ), #4912 ) ;
#4247 = LINE ( 'NONE', #3746, #2745 ) ;
#4248 = VECTOR ( 'NONE', #2297, 1000.000000000000000 ) ;
#4249 = DIRECTION ( 'NONE',  ( -0.0000000000000000000, -1.000000000000000000, -0.0000000000000000000 ) ) ;
#4250 = LINE ( 'NONE', #5658, #211 ) ;
#4251 = EDGE_LOOP ( 'NONE', ( #4361, #3817, #6377, #1983, #3611, #1707, #3801, #5437, #1333, #223, #5008, #1745 ) ) ;
#4252 = DIRECTION ( 'NONE',  ( 0.0000000000000000000, 0.0000000000000000000, -1.000000000000000000 ) ) ;
#4253 = EDGE_CURVE ( 'NONE', #4193, #6081, #5894, .T. ) ;
#4254 = VECTOR ( 'NONE', #3575, 1000.000000000000100 ) ;
#4255 = DIRECTION ( 'NONE',  ( 0.0000000000000000000, 0.0000000000000000000, -1.000000000000000000 ) ) ;
#4256 = CARTESIAN_POINT ( 'NONE',  ( 1.499999999999997300, -6.220119046564577500, -2.700000000000000200 ) ) ;
#4257 = DIRECTION ( 'NONE',  ( 0.0000000000000000000, -1.000000000000000000, 9.009844664146523100E-017 ) ) ;
#4258 = TOROIDAL_SURFACE ( 'NONE', #4292, 0.3368216794427232900, 0.1000000000000000100 ) ;
#4259 = VECTOR ( 'NONE', #2235, 1000.000000000000000 ) ;
#4260 = DIRECTION ( 'NONE',  ( 1.000000000000000000, 0.0000000000000000000, 0.0000000000000000000 ) ) ;
#4261 = FILL_AREA_STYLE ('',( #184 ) ) ;
#4262 = DIRECTION ( 'NONE',  ( -1.000000000000000000, -0.0000000000000000000, 0.0000000000000000000 ) ) ;
#4263 = VECTOR ( 'NONE', #190, 1000.000000000000000 ) ;
#4264 =( LENGTH_UNIT ( ) NAMED_UNIT ( * ) SI_UNIT ( .MILLI., .METRE. ) );
#4265 = DIRECTION ( 'NONE',  ( 0.0000000000000000000, 0.0000000000000000000, 1.000000000000000000 ) ) ;
#4266 = DIRECTION ( 'NONE',  ( 0.0000000000000000000, -0.9975640502598245300, -0.06975647374412140300 ) ) ;
#4267 =( GEOMETRIC_REPRESENTATION_CONTEXT ( 3 ) GLOBAL_UNCERTAINTY_ASSIGNED_CONTEXT ( ( #2492 ) ) GLOBAL_UNIT_ASSIGNED_CONTEXT ( ( #3428, #2005, #5515 ) ) REPRESENTATION_CONTEXT ( 'NONE', 'WORKASPACE' ) );
#4268 = CARTESIAN_POINT ( 'NONE',  ( -1.070000000000000300, -1.033879594944416400, -3.961995036105455000 ) ) ;
#4269 = EDGE_LOOP ( 'NONE', ( #642, #2475, #6293, #2860 ) ) ;
#4270 = FILL_AREA_STYLE ('',( #1276 ) ) ;
#4271 = ADVANCED_FACE ( 'NONE', ( #2192 ), #1865, .F. ) ;
#4272 = EDGE_CURVE ( 'NONE', #1159, #2129, #4170, .T. ) ;
#4273 = CARTESIAN_POINT ( 'NONE',  ( 2.374999999999999100, 0.0000000000000000000, 2.499999999999996000 ) ) ;
#4274 = ORIENTED_EDGE ( 'NONE', *, *, #3828, .T. ) ;
#4275 = UNCERTAINTY_MEASURE_WITH_UNIT (LENGTH_MEASURE( 1.000000000000000100E-005 ), #2739, 'distance_accuracy_value', 'NONE');
#4276 = FACE_OUTER_BOUND ( 'NONE', #3329, .T. ) ;
#4277 = ORIENTED_EDGE ( 'NONE', *, *, #1810, .F. ) ;
#4278 =( LENGTH_UNIT ( ) NAMED_UNIT ( * ) SI_UNIT ( .MILLI., .METRE. ) );
#4279 = AXIS2_PLACEMENT_3D ( 'NONE', #3351, #6302, #2308 ) ;
#4280 = SURFACE_STYLE_USAGE ( .BOTH. , #4347 ) ;
#4281 = FACE_OUTER_BOUND ( 'NONE', #4269, .T. ) ;
#4282 = PRESENTATION_STYLE_ASSIGNMENT (( #3894 ) ) ;
#4283 = ORIENTED_EDGE ( 'NONE', *, *, #1080, .T. ) ;
#4284 = DIRECTION ( 'NONE',  ( 0.0000000000000000000, 0.0000000000000000000, -1.000000000000000000 ) ) ;
#4285 = ADVANCED_FACE ( 'NONE', ( #3221 ), #3783, .T. ) ;
#4286 = DIRECTION ( 'NONE',  ( 0.0000000000000000000, 0.9975640502598245300, 0.06975647374412140300 ) ) ;
#4287 = EDGE_LOOP ( 'NONE', ( #6335, #4202, #2332, #2749 ) ) ;
#4288 = AXIS2_PLACEMENT_3D ( 'NONE', #699, #6187, #2638 ) ;
#4289 = DIRECTION ( 'NONE',  ( -0.0000000000000000000, 1.000000000000000000, 0.0000000000000000000 ) ) ;
#4290 = CIRCLE ( 'NONE', #661, 0.3368216794427231800 ) ;
#4291 = VERTEX_POINT ( 'NONE', #3373 ) ;
#4292 = AXIS2_PLACEMENT_3D ( 'NONE', #5140, #6119, #1180 ) ;
#4293 = VECTOR ( 'NONE', #986, 1000.000000000000000 ) ;
#4294 = VERTEX_POINT ( 'NONE', #5849 ) ;
#4295 = CARTESIAN_POINT ( 'NONE',  ( 1.874999999999995600, 0.0000000000000000000, 2.999999999999999600 ) ) ;
#4296 = EDGE_CURVE ( 'NONE', #3727, #6155, #297, .T. ) ;
#4297 = FILL_AREA_STYLE ('',( #247 ) ) ;
#4298 = EDGE_LOOP ( 'NONE', ( #4435, #3641, #1695, #242 ) ) ;
#4299 = PLANE ( 'NONE',  #6207 ) ;
#4300 =( NAMED_UNIT ( * ) PLANE_ANGLE_UNIT ( ) SI_UNIT ( $, .RADIAN. ) );
#4301 = AXIS2_PLACEMENT_3D ( 'NONE', #4752, #1639, #1662 ) ;
#4302 = SURFACE_STYLE_FILL_AREA ( #4045 ) ;
#4303 = CARTESIAN_POINT ( 'NONE',  ( 1.500000000000000900, 0.5000000000000000000, 2.200000000000000200 ) ) ;
#4304 = ORIENTED_EDGE ( 'NONE', *, *, #3123, .F. ) ;
#4305 = ADVANCED_FACE ( 'NONE', ( #6433 ), #4723, .T. ) ;
#4306 = VECTOR ( 'NONE', #2487, 1000.000000000000000 ) ;
#4307 = CARTESIAN_POINT ( 'NONE',  ( -1.470000000000000200, 0.0000000000000000000, -3.000000000000000000 ) ) ;
#4308 = FACE_OUTER_BOUND ( 'NONE', #643, .T. ) ;
#4309 =( NAMED_UNIT ( * ) PLANE_ANGLE_UNIT ( ) SI_UNIT ( $, .RADIAN. ) );
#4310 = VECTOR ( 'NONE', #3234, 1000.000000000000000 ) ;
#4311 = EDGE_CURVE ( 'NONE', #4517, #4291, #3378, .T. ) ;
#4312 =( LENGTH_UNIT ( ) NAMED_UNIT ( * ) SI_UNIT ( .MILLI., .METRE. ) );
#4313 = ADVANCED_FACE ( 'NONE', ( #5090 ), #2438, .T. ) ;
#4314 = ORIENTED_EDGE ( 'NONE', *, *, #1255, .F. ) ;
#4315 = COLOUR_RGB ( '',1.000000000000000000, 1.000000000000000000, 1.000000000000000000 ) ;
#4316 = DIRECTION ( 'NONE',  ( 1.000000000000000000, 0.0000000000000000000, -0.0000000000000000000 ) ) ;
#4317 = AXIS2_PLACEMENT_3D ( 'NONE', #2288, #5890, #5358 ) ;
#4318 = ORIENTED_EDGE ( 'NONE', *, *, #3642, .F. ) ;
#4319 = DIRECTION ( 'NONE',  ( -1.000000000000000000, -0.0000000000000000000, 0.0000000000000000000 ) ) ;
#4320 = PRESENTATION_STYLE_ASSIGNMENT (( #3057 ) ) ;
#4321 = CARTESIAN_POINT ( 'NONE',  ( 0.0000000000000000000, -2.500000000000000000, 0.0000000000000000000 ) ) ;
#4322 = ORIENTED_EDGE ( 'NONE', *, *, #4334, .T. ) ;
#4323 = FILL_AREA_STYLE ('',( #1774 ) ) ;
#4324 = EDGE_CURVE ( 'NONE', #5398, #5676, #2029, .T. ) ;
#4325 = ORIENTED_EDGE ( 'NONE', *, *, #633, .T. ) ;
#4326 = FILL_AREA_STYLE ('',( #1775 ) ) ;
#4327 = DIRECTION ( 'NONE',  ( 8.067212840352961100E-018, 0.9975640502598242000, 0.06975647374412546900 ) ) ;
#4328 = FACE_OUTER_BOUND ( 'NONE', #6347, .T. ) ;
#4329 = CARTESIAN_POINT ( 'NONE',  ( 1.874999999999996200, -1.000000000000000000, -2.836821679442724300 ) ) ;
#4330 = AXIS2_PLACEMENT_3D ( 'NONE', #5287, #2261, #5773 ) ;
#4331 = VERTEX_POINT ( 'NONE', #2309 ) ;
#4332 = LINE ( 'NONE', #4516, #212 ) ;
#4333 = EDGE_LOOP ( 'NONE', ( #5669, #4355, #1673, #4060 ) ) ;
#4334 = EDGE_CURVE ( 'NONE', #837, #2494, #1101, .T. ) ;
#4335 = CARTESIAN_POINT ( 'NONE',  ( -1.499999999999995800, 0.5000000000000000000, -2.750000000000000400 ) ) ;
#4336 = PLANE ( 'NONE',  #2867 ) ;
#4337 = CONICAL_SURFACE ( 'NONE', #1726, 0.5000000000000000000, 0.06981317007977333500 ) ;
#4338 = DIRECTION ( 'NONE',  ( 0.0000000000000000000, 0.9975640502598242000, 0.06975647374412520500 ) ) ;
#4339 = AXIS2_PLACEMENT_3D ( 'NONE', #2343, #1381, #352 ) ;
#4340 = VECTOR ( 'NONE', #965, 1000.000000000000000 ) ;
#4341 = DIRECTION ( 'NONE',  ( 0.0000000000000000000, 0.0000000000000000000, 1.000000000000000000 ) ) ;
#4342 = ADVANCED_FACE ( 'NONE', ( #6504 ), #1777, .T. ) ;
#4343 = DIRECTION ( 'NONE',  ( 0.0000000000000000000, 0.0000000000000000000, -1.000000000000000000 ) ) ;
#4344 = VECTOR ( 'NONE', #2270, 1000.000000000000000 ) ;
#4345 = EDGE_CURVE ( 'NONE', #5811, #2373, #1024, .T. ) ;
#4346 = CARTESIAN_POINT ( 'NONE',  ( 2.374999999999999100, 0.0000000000000000000, 2.499999999999996000 ) ) ;
#4347 = SURFACE_SIDE_STYLE ('',( #2685 ) ) ;
#4348 = LINE ( 'NONE', #1937, #1423 ) ;
#4349 = FILL_AREA_STYLE ('',( #2823 ) ) ;
#4350 = SURFACE_SIDE_STYLE ('',( #1245 ) ) ;
#4351 = ADVANCED_FACE ( 'NONE', ( #1873 ), #5808, .F. ) ;
#4352 = DIRECTION ( 'NONE',  ( 0.0000000000000000000, 0.0000000000000000000, 1.000000000000000000 ) ) ;
#4353 = ORIENTED_EDGE ( 'NONE', *, *, #5784, .F. ) ;
#4354 = CARTESIAN_POINT ( 'NONE',  ( -1.174827221408426300, -0.9000000000000000200, -1.962921966769066500 ) ) ;
#4355 = ORIENTED_EDGE ( 'NONE', *, *, #2156, .F. ) ;
#4356 = CIRCLE ( 'NONE', #4881, 0.3099999999999999400 ) ;
#4357 = AXIS2_PLACEMENT_3D ( 'NONE', #960, #45, #5462 ) ;
#4358 = ORIENTED_EDGE ( 'NONE', *, *, #3362, .F. ) ;
#4359 = STYLED_ITEM ( 'NONE', ( #935 ), #4800 ) ;
#4360 =( NAMED_UNIT ( * ) PLANE_ANGLE_UNIT ( ) SI_UNIT ( $, .RADIAN. ) );
#4361 = ORIENTED_EDGE ( 'NONE', *, *, #1498, .F. ) ;
#4362 = COLOUR_RGB ( '',1.000000000000000000, 1.000000000000000000, 1.000000000000000000 ) ;
#4363 = ORIENTED_EDGE ( 'NONE', *, *, #2013, .T. ) ;
#4364 = CARTESIAN_POINT ( 'NONE',  ( 5.322705363946669100E-016, -0.9000000000000000200, 2.010000000000000700 ) ) ;
#4365 = EDGE_CURVE ( 'NONE', #3337, #5497, #5640, .T. ) ;
#4366 = DIRECTION ( 'NONE',  ( -1.000000000000000000, -0.0000000000000000000, 0.0000000000000000000 ) ) ;
#4367 = ORIENTED_EDGE ( 'NONE', *, *, #4425, .T. ) ;
#4368 = CYLINDRICAL_SURFACE ( 'NONE', #3188, 0.5000000000000000000 ) ;
#4369 =( NAMED_UNIT ( * ) PLANE_ANGLE_UNIT ( ) SI_UNIT ( $, .RADIAN. ) );
#4370 = PRESENTATION_LAYER_ASSIGNMENT (  '', '', ( #6358 ) ) ;
#4371 = ORIENTED_EDGE ( 'NONE', *, *, #1379, .T. ) ;
#4372 = ORIENTED_EDGE ( 'NONE', *, *, #6390, .T. ) ;
#4373 = CARTESIAN_POINT ( 'NONE',  ( -0.2000000000000000900, -0.7346103798664711500, 3.982921978228692000 ) ) ;
#4374 =( NAMED_UNIT ( * ) SI_UNIT ( $, .STERADIAN. ) SOLID_ANGLE_UNIT ( ) );
#4375 = DIRECTION ( 'NONE',  ( -1.000000000000000000, -6.505213034913050300E-015, -6.066209293595769800E-015 ) ) ;
#4376 = VERTEX_POINT ( 'NONE', #4982 ) ;
#4377 = EDGE_CURVE ( 'NONE', #5122, #5817, #542, .T. ) ;
#4378 = ADVANCED_FACE ( 'NONE', ( #620 ), #5484, .T. ) ;
#4379 = AXIS2_PLACEMENT_3D ( 'NONE', #4321, #5884, #1306 ) ;
#4380 = CARTESIAN_POINT ( 'NONE',  ( 0.1999999999999998700, -0.7844885823794622800, 3.979434154541485700 ) ) ;
#4381 = EDGE_CURVE ( 'NONE', #2142, #3104, #2516, .T. ) ;
#4382 = ADVANCED_FACE ( 'NONE', ( #2186 ), #4337, .T. ) ;
#4383 = SURFACE_STYLE_USAGE ( .BOTH. , #3346 ) ;
#4384 = SURFACE_STYLE_USAGE ( .BOTH. , #5881 ) ;
#4385 = FACE_OUTER_BOUND ( 'NONE', #1699, .T. ) ;
#4386 = DIRECTION ( 'NONE',  ( 0.0000000000000000000, -0.06975647374412503900, -0.9975640502598243100 ) ) ;
#4387 = AXIS2_PLACEMENT_3D ( 'NONE', #481, #6432, #4523 ) ;
#4388 = ORIENTED_EDGE ( 'NONE', *, *, #1231, .T. ) ;
#4389 = CARTESIAN_POINT ( 'NONE',  ( 2.211821679442722600, -0.9000000000000000200, 2.499999999999996000 ) ) ;
#4390 = STYLED_ITEM ( 'NONE', ( #1186 ), #3885 ) ;
#4391 = LINE ( 'NONE', #2656, #5702 ) ;
#4392 = ORIENTED_EDGE ( 'NONE', *, *, #3779, .T. ) ;
#4393 = LINE ( 'NONE', #5357, #3043 ) ;
#4394 = CARTESIAN_POINT ( 'NONE',  ( -0.2000000000000000900, -0.7844885823794624000, -3.979434154541485700 ) ) ;
#4395 = EDGE_CURVE ( 'NONE', #3162, #824, #141, .T. ) ;
#4396 = ORIENTED_EDGE ( 'NONE', *, *, #2730, .T. ) ;
#4397 = SURFACE_SIDE_STYLE ('',( #3773 ) ) ;
#4398 = CARTESIAN_POINT ( 'NONE',  ( -1.174827221408426300, -0.9000000000000000200, 2.272921966769066300 ) ) ;
#4399 = LINE ( 'NONE', #5869, #4080 ) ;
#4400 = MECHANICAL_DESIGN_GEOMETRIC_PRESENTATION_REPRESENTATION (  '', ( #5978 ), #6318 ) ;
#4401 = ORIENTED_EDGE ( 'NONE', *, *, #4788, .F. ) ;
#4402 = CARTESIAN_POINT ( 'NONE',  ( 1.070000000000000100, -0.3000000000000001000, 3.601676395598661700 ) ) ;
#4403 = FILL_AREA_STYLE_COLOUR ( '', #3436 ) ;
#4404 = FACE_OUTER_BOUND ( 'NONE', #4535, .T. ) ;
#4405 =( LENGTH_UNIT ( ) NAMED_UNIT ( * ) SI_UNIT ( .MILLI., .METRE. ) );
#4406 = COLOUR_RGB ( '',0.7921568627450980000, 0.8196078431372548800, 0.9333333333333333500 ) ;
#4407 = UNCERTAINTY_MEASURE_WITH_UNIT (LENGTH_MEASURE( 1.000000000000000100E-005 ), #1148, 'distance_accuracy_value', 'NONE');
#4408 = CIRCLE ( 'NONE', #1822, 0.3000000000000003800 ) ;
#4409 = CIRCLE ( 'NONE', #2057, 0.9000000000000011300 ) ;
#4410 = DIRECTION ( 'NONE',  ( 0.0000000000000000000, 0.0000000000000000000, 1.000000000000000000 ) ) ;
#4411 = SURFACE_SIDE_STYLE ('',( #1470 ) ) ;
#4412 = ADVANCED_FACE ( 'NONE', ( #1176 ), #6488, .T. ) ;
#4413 = DIRECTION ( 'NONE',  ( -0.0000000000000000000, -1.000000000000000000, -0.0000000000000000000 ) ) ;
#4414 = VECTOR ( 'NONE', #2068, 1000.000000000000000 ) ;
#4415 = CARTESIAN_POINT ( 'NONE',  ( -0.2000000000000000900, -1.033879594944416400, -3.961995036105455000 ) ) ;
#4416 = EDGE_CURVE ( 'NONE', #2725, #4517, #3144, .T. ) ;
#4417 = VERTEX_POINT ( 'NONE', #4907 ) ;
#4418 =( NAMED_UNIT ( * ) SI_UNIT ( $, .STERADIAN. ) SOLID_ANGLE_UNIT ( ) );
#4419 = FACE_OUTER_BOUND ( 'NONE', #6325, .T. ) ;
#4420 = COLOUR_RGB ( '',1.000000000000000000, 1.000000000000000000, 1.000000000000000000 ) ;
#4421 = DIRECTION ( 'NONE',  ( 0.0000000000000000000, 0.0000000000000000000, 1.000000000000000000 ) ) ;
#4422 = AXIS2_PLACEMENT_3D ( 'NONE', #2351, #2866, #2905 ) ;
#4423 = CARTESIAN_POINT ( 'NONE',  ( 1.024695076595960400, -2.500000000000000000, -1.599999999999999900 ) ) ;
#4424 = FILL_AREA_STYLE ('',( #3429 ) ) ;
#4425 = EDGE_CURVE ( 'NONE', #5983, #2377, #3540, .T. ) ;
#4426 = CIRCLE ( 'NONE', #1224, 0.3099999999999999400 ) ;
#4427 = ORIENTED_EDGE ( 'NONE', *, *, #1319, .F. ) ;
#4428 = DIRECTION ( 'NONE',  ( -1.000000000000000000, 0.0000000000000000000, -0.0000000000000000000 ) ) ;
#4429 = EDGE_LOOP ( 'NONE', ( #3480, #2157, #1922, #4655 ) ) ;
#4430 = CARTESIAN_POINT ( 'NONE',  ( -1.499999999999999100, 0.5000000000000000000, 2.750000000000000400 ) ) ;
#4431 = CARTESIAN_POINT ( 'NONE',  ( 0.0000000000000000000, -6.557179676972444900, 0.0000000000000000000 ) ) ;
#4432 = VECTOR ( 'NONE', #3976, 1000.000000000000000 ) ;
#4433 = CARTESIAN_POINT ( 'NONE',  ( -1.807951184059714000, -1.000000000000000000, 2.432951184059714700 ) ) ;
#4434 = VERTEX_POINT ( 'NONE', #3477 ) ;
#4435 = ORIENTED_EDGE ( 'NONE', *, *, #2640, .F. ) ;
#4436 = CARTESIAN_POINT ( 'NONE',  ( 2.211821679442722600, 0.9000000000000000200, 2.499999999999999600 ) ) ;
#4437 = DIRECTION ( 'NONE',  ( 0.0000000000000000000, 1.000000000000000000, 0.0000000000000000000 ) ) ;
#4438 = PRESENTATION_LAYER_ASSIGNMENT (  '', '', ( #4891 ) ) ;
#4439 = ORIENTED_EDGE ( 'NONE', *, *, #5089, .T. ) ;
#4440 = UNCERTAINTY_MEASURE_WITH_UNIT (LENGTH_MEASURE( 1.000000000000000100E-005 ), #6145, 'distance_accuracy_value', 'NONE');
#4441 = VECTOR ( 'NONE', #39, 1000.000000000000000 ) ;
#4442 = VERTEX_POINT ( 'NONE', #1885 ) ;
#4443 = DIRECTION ( 'NONE',  ( 0.0000000000000000000, 1.000000000000000000, 0.0000000000000000000 ) ) ;
#4444 = AXIS2_PLACEMENT_3D ( 'NONE', #4134, #5188, #5675 ) ;
#4445 = ORIENTED_EDGE ( 'NONE', *, *, #6184, .T. ) ;
#4446 = LINE ( 'NONE', #4141, #3895 ) ;
#4447 = ORIENTED_EDGE ( 'NONE', *, *, #54, .T. ) ;
#4448 = SURFACE_STYLE_FILL_AREA ( #1835 ) ;
#4449 = EDGE_LOOP ( 'NONE', ( #5367, #1589, #1075, #26, #35, #3004, #2054, #6108, #5714, #5027, #2120, #4830 ) ) ;
#4450 = EDGE_CURVE ( 'NONE', #4040, #992, #868, .T. ) ;
#4451 = SURFACE_STYLE_USAGE ( .BOTH. , #3447 ) ;
#4452 = DIRECTION ( 'NONE',  ( 0.0000000000000000000, 0.0000000000000000000, -1.000000000000000000 ) ) ;
#4453 = DIRECTION ( 'NONE',  ( -0.0000000000000000000, 1.000000000000000000, -0.0000000000000000000 ) ) ;
#4454 = AXIS2_PLACEMENT_3D ( 'NONE', #3594, #3504, #485 ) ;
#4455 = CARTESIAN_POINT ( 'NONE',  ( -1.024695076595959900, -2.500000000000000000, 1.600000000000000300 ) ) ;
#4456 = CARTESIAN_POINT ( 'NONE',  ( -1.174827221408426300, -0.9000000000000000200, -1.962921966769066500 ) ) ;
#4457 = ORIENTED_EDGE ( 'NONE', *, *, #5194, .F. ) ;
#4458 = EDGE_CURVE ( 'NONE', #3083, #21, #5887, .T. ) ;
#4459 = DIRECTION ( 'NONE',  ( -1.000000000000000000, 0.0000000000000000000, 0.0000000000000000000 ) ) ;
#4460 = CARTESIAN_POINT ( 'NONE',  ( -0.2000000000000000900, -0.2965121763127938100, 3.651554598111652600 ) ) ;
#4461 = PRESENTATION_LAYER_ASSIGNMENT (  '', '', ( #3321 ) ) ;
#4462 = ORIENTED_EDGE ( 'NONE', *, *, #1981, .T. ) ;
#4463 = DIRECTION ( 'NONE',  ( 0.0000000000000000000, 0.0000000000000000000, -1.000000000000000000 ) ) ;
#4464 = DIRECTION ( 'NONE',  ( 0.0000000000000000000, -1.000000000000000000, 0.0000000000000000000 ) ) ;
#4465 = EDGE_CURVE ( 'NONE', #4442, #720, #1948, .T. ) ;
#4466 = EDGE_LOOP ( 'NONE', ( #2087, #5830, #5835, #6006 ) ) ;
#4467 = DIRECTION ( 'NONE',  ( 0.0000000000000000000, 1.000000000000000000, 0.0000000000000000000 ) ) ;
#4468 = COLOUR_RGB ( '',1.000000000000000000, 1.000000000000000000, 1.000000000000000000 ) ;
#4469 = FILL_AREA_STYLE ('',( #5491 ) ) ;
#4470 = ORIENTED_EDGE ( 'NONE', *, *, #691, .F. ) ;
#4471 = PRESENTATION_STYLE_ASSIGNMENT (( #1394 ) ) ;
#4472 = PLANE ( 'NONE',  #2413 ) ;
#4473 = LINE ( 'NONE', #4608, #277 ) ;
#4474 = DIRECTION ( 'NONE',  ( 1.000000000000000000, 0.0000000000000000000, -0.0000000000000000000 ) ) ;
#4475 = ORIENTED_EDGE ( 'NONE', *, *, #5522, .F. ) ;
#4476 = FACE_BOUND ( 'NONE', #2161, .T. ) ;
#4477 = DIRECTION ( 'NONE',  ( 1.000000000000000000, 0.0000000000000000000, 0.0000000000000000000 ) ) ;
#4478 = ORIENTED_EDGE ( 'NONE', *, *, #4416, .T. ) ;
#4479 = AXIS2_PLACEMENT_3D ( 'NONE', #926, #1428, #1964 ) ;
#4480 = PLANE ( 'NONE',  #4387 ) ;
#4481 = VECTOR ( 'NONE', #3152, 1000.000000000000000 ) ;
#4482 = EDGE_CURVE ( 'NONE', #2543, #2696, #777, .T. ) ;
#4483 = DIRECTION ( 'NONE',  ( -0.0000000000000000000, -1.000000000000000000, -0.0000000000000000000 ) ) ;
#4484 = ORIENTED_EDGE ( 'NONE', *, *, #6410, .T. ) ;
#4485 = VECTOR ( 'NONE', #4527, 1000.000000000000000 ) ;
#4486 = DIRECTION ( 'NONE',  ( 0.0000000000000000000, 0.0000000000000000000, 1.000000000000000000 ) ) ;
#4487 = AXIS2_PLACEMENT_3D ( 'NONE', #3697, #1622, #3738 ) ;
#4488 = VECTOR ( 'NONE', #5036, 1000.000000000000000 ) ;
#4489 = FILL_AREA_STYLE ('',( #2480 ) ) ;
#4490 = CARTESIAN_POINT ( 'NONE',  ( 0.1999999999999998700, -0.3000000000000000400, -3.601676395598662200 ) ) ;
#4491 = SURFACE_STYLE_USAGE ( .BOTH. , #406 ) ;
#4492 = VERTEX_POINT ( 'NONE', #6043 ) ;
#4493 = AXIS2_PLACEMENT_3D ( 'NONE', #6105, #1524, #5044 ) ;
#4494 = LINE ( 'NONE', #3492, #3787 ) ;
#4495 = DIRECTION ( 'NONE',  ( 0.0000000000000000000, 0.0000000000000000000, -1.000000000000000000 ) ) ;
#4496 = MECHANICAL_DESIGN_GEOMETRIC_PRESENTATION_REPRESENTATION (  '', ( #94 ), #3015 ) ;
#4497 = FACE_OUTER_BOUND ( 'NONE', #6463, .T. ) ;
#4498 = SURFACE_STYLE_USAGE ( .BOTH. , #480 ) ;
#4499 = CARTESIAN_POINT ( 'NONE',  ( -1.070000000000000300, -0.7555373219897065800, 3.683652763150745600 ) ) ;
#4500 = CIRCLE ( 'NONE', #192, 0.3499999999999996400 ) ;
#4501 = EDGE_CURVE ( 'NONE', #2696, #5093, #5159, .T. ) ;
#4502 = CARTESIAN_POINT ( 'NONE',  ( 1.070000000000000100, -5.421010862427522200E-017, -3.601676395598662200 ) ) ;
#4503 = CARTESIAN_POINT ( 'NONE',  ( 0.1999999999999998700, -0.2500000000000001100, 2.982518297014122000 ) ) ;
#4504 = ORIENTED_EDGE ( 'NONE', *, *, #5870, .F. ) ;
#4505 = VECTOR ( 'NONE', #5386, 1000.000000000000000 ) ;
#4506 = VERTEX_POINT ( 'NONE', #1497 ) ;
#4507 = DIRECTION ( 'NONE',  ( 0.0000000000000000000, 0.0000000000000000000, 1.000000000000000000 ) ) ;
#4508 = AXIS2_PLACEMENT_3D ( 'NONE', #2953, #5459, #958 ) ;
#4509 = PLANE ( 'NONE',  #581 ) ;
#4510 = LINE ( 'NONE', #4738, #562 ) ;
#4511 = LINE ( 'NONE', #5465, #4115 ) ;
#4512 = ORIENTED_EDGE ( 'NONE', *, *, #5797, .T. ) ;
#4513 = DIRECTION ( 'NONE',  ( 0.0000000000000000000, 0.0000000000000000000, -1.000000000000000000 ) ) ;
#4514 = ORIENTED_EDGE ( 'NONE', *, *, #2939, .T. ) ;
#4515 = LINE ( 'NONE', #2077, #3562 ) ;
#4516 = CARTESIAN_POINT ( 'NONE',  ( 2.000000000000000900, -6.220119046564577500, -2.199999999999996600 ) ) ;
#4517 = VERTEX_POINT ( 'NONE', #523 ) ;
#4518 = VERTEX_POINT ( 'NONE', #3563 ) ;
#4519 = VECTOR ( 'NONE', #1525, 1000.000000000000000 ) ;
#4520 = VERTEX_POINT ( 'NONE', #3052 ) ;
#4521 = CARTESIAN_POINT ( 'NONE',  ( -1.875000000000000900, -1.000000000000000000, -2.500000000000000000 ) ) ;
#4522 = DIRECTION ( 'NONE',  ( 0.0000000000000000000, -0.0000000000000000000, -1.000000000000000000 ) ) ;
#4523 = DIRECTION ( 'NONE',  ( 0.0000000000000000000, 0.9975640502598243100, 0.06975647374412441400 ) ) ;
#4524 = EDGE_CURVE ( 'NONE', #2137, #2248, #4409, .T. ) ;
#4525 = ADVANCED_FACE ( 'NONE', ( #614 ), #289, .F. ) ;
#4526 = ORIENTED_EDGE ( 'NONE', *, *, #963, .F. ) ;
#4527 = DIRECTION ( 'NONE',  ( -1.000000000000000000, -0.0000000000000000000, -0.0000000000000000000 ) ) ;
#4528 = AXIS2_PLACEMENT_3D ( 'NONE', #1878, #4366, #2411 ) ;
#4529 = DIRECTION ( 'NONE',  ( 0.0000000000000000000, 0.0000000000000000000, -1.000000000000000000 ) ) ;
#4530 = AXIS2_PLACEMENT_3D ( 'NONE', #4521, #6408, #2992 ) ;
#4531 = SURFACE_SIDE_STYLE ('',( #1889 ) ) ;
#4532 = SURFACE_SIDE_STYLE ('',( #6170 ) ) ;
#4533 = DIRECTION ( 'NONE',  ( 0.0000000000000000000, -9.009844664146523100E-017, -1.000000000000000000 ) ) ;
#4534 = AXIS2_PLACEMENT_3D ( 'NONE', #2715, #5645, #5161 ) ;
#4535 = EDGE_LOOP ( 'NONE', ( #1281, #6103, #1121, #3335, #5597, #5257, #5877, #3844, #5780, #6369, #1856, #3673 ) ) ;
#4536 = FACE_OUTER_BOUND ( 'NONE', #586, .T. ) ;
#4537 = CARTESIAN_POINT ( 'NONE',  ( 5.322705363946669100E-016, -1.000000000000000000, 2.010000000000000700 ) ) ;
#4538 = ORIENTED_EDGE ( 'NONE', *, *, #4178, .F. ) ;
#4539 = CARTESIAN_POINT ( 'NONE',  ( 5.702345871682348400E-016, -1.000000000000000000, -1.700000000000000600 ) ) ;
#4540 = PRESENTATION_STYLE_ASSIGNMENT (( #1491 ) ) ;
#4541 = EDGE_CURVE ( 'NONE', #2494, #6085, #5476, .T. ) ;
#4542 = CARTESIAN_POINT ( 'NONE',  ( -1.070000000000000300, -5.421010862427522200E-017, -3.601676395598662600 ) ) ;
#4543 = SURFACE_SIDE_STYLE ('',( #3491 ) ) ;
#4544 = SURFACE_STYLE_USAGE ( .BOTH. , #23 ) ;
#4545 = PRESENTATION_LAYER_ASSIGNMENT (  '', '', ( #697 ) ) ;
#4546 = DIRECTION ( 'NONE',  ( 0.0000000000000000000, 0.0000000000000000000, 1.000000000000000000 ) ) ;
#4547 = VERTEX_POINT ( 'NONE', #4539 ) ;
#4548 = PRESENTATION_STYLE_ASSIGNMENT (( #1904 ) ) ;
#4549 = DIRECTION ( 'NONE',  ( 0.0000000000000000000, -1.000000000000000000, 0.0000000000000000000 ) ) ;
#4550 = STYLED_ITEM ( 'NONE', ( #3359 ), #5768 ) ;
#4551 = EDGE_CURVE ( 'NONE', #232, #1182, #2587, .T. ) ;
#4552 = VECTOR ( 'NONE', #4255, 1000.000000000000000 ) ;
#4553 = ORIENTED_EDGE ( 'NONE', *, *, #4965, .F. ) ;
#4554 = VECTOR ( 'NONE', #1734, 1000.000000000000100 ) ;
#4555 = DIRECTION ( 'NONE',  ( -4.840327704211765800E-016, -0.9975640502598242000, 0.06975647374412545500 ) ) ;
#4556 = FILL_AREA_STYLE ('',( #5516 ) ) ;
#4557 = UNCERTAINTY_MEASURE_WITH_UNIT (LENGTH_MEASURE( 1.000000000000000100E-005 ), #3024, 'distance_accuracy_value', 'NONE');
#4558 = FACE_OUTER_BOUND ( 'NONE', #2310, .T. ) ;
#4559 = DIRECTION ( 'NONE',  ( -0.0000000000000000000, -1.000000000000000000, -0.0000000000000000000 ) ) ;
#4560 = CYLINDRICAL_SURFACE ( 'NONE', #4103, 0.3099999999999999400 ) ;
#4561 = FACE_OUTER_BOUND ( 'NONE', #2465, .T. ) ;
#4562 = CLOSED_SHELL ( 'NONE', ( #2922, #3241, #4995, #3274, #5838, #5776, #4770, #263, #4378, #1303, #2758, #639, #1884, #4271 ) ) ;
#4563 = CARTESIAN_POINT ( 'NONE',  ( 0.1999999999999998700, -0.8506089874350454300, -4.924999999999999800 ) ) ;
#4564 = DIRECTION ( 'NONE',  ( 0.0000000000000000000, 1.000000000000000000, 0.0000000000000000000 ) ) ;
#4565 = PRESENTATION_STYLE_ASSIGNMENT (( #1350 ) ) ;
#4566 = CIRCLE ( 'NONE', #2355, 0.04999999999999969700 ) ;
#4567 = FILL_AREA_STYLE ('',( #435 ) ) ;
#4568 = CARTESIAN_POINT ( 'NONE',  ( 1.807951184059714000, -1.000000000000000000, 2.082951184059715000 ) ) ;
#4569 = ORIENTED_EDGE ( 'NONE', *, *, #2754, .T. ) ;
#4570 = FILL_AREA_STYLE_COLOUR ( '', #3409 ) ;
#4571 = CARTESIAN_POINT ( 'NONE',  ( 5.322705363946669100E-016, -0.9000000000000000200, 1.700000000000000600 ) ) ;
#4572 = CIRCLE ( 'NONE', #3047, 0.2999999999999999300 ) ;
#4573 = EDGE_CURVE ( 'NONE', #6493, #326, #1259, .T. ) ;
#4574 = VECTOR ( 'NONE', #1553, 1000.000000000000000 ) ;
#4575 =( LENGTH_UNIT ( ) NAMED_UNIT ( * ) SI_UNIT ( .MILLI., .METRE. ) );
#4576 = AXIS2_PLACEMENT_3D ( 'NONE', #3944, #5478, #1903 ) ;
#4577 = FACE_OUTER_BOUND ( 'NONE', #2074, .T. ) ;
#4578 = DIRECTION ( 'NONE',  ( 0.0000000000000000000, -0.9975640502598243100, 0.06975647374412440000 ) ) ;
#4579 = DIRECTION ( 'NONE',  ( 0.0000000000000000000, 0.06975647374412502500, 0.9975640502598243100 ) ) ;
#4580 = CARTESIAN_POINT ( 'NONE',  ( -1.470000000000000200, -0.7844885823794622800, -3.979434154541485700 ) ) ;
#4581 = EDGE_CURVE ( 'NONE', #5197, #5359, #4332, .T. ) ;
#4582 = CARTESIAN_POINT ( 'NONE',  ( -1.070000000000000300, -0.2790730578767624000, 3.900945610676609400 ) ) ;
#4583 = PRESENTATION_LAYER_ASSIGNMENT (  '', '', ( #2073 ) ) ;
#4584 = VERTEX_POINT ( 'NONE', #4582 ) ;
#4585 = ORIENTED_EDGE ( 'NONE', *, *, #605, .T. ) ;
#4586 = DIRECTION ( 'NONE',  ( 0.0000000000000000000, -0.0000000000000000000, -1.000000000000000000 ) ) ;
#4587 = PLANE ( 'NONE',  #2039 ) ;
#4588 = SURFACE_SIDE_STYLE ('',( #3012 ) ) ;
#4589 = EDGE_LOOP ( 'NONE', ( #4730, #78, #2433, #3292 ) ) ;
#4590 = EDGE_CURVE ( 'NONE', #2774, #449, #3618, .T. ) ;
#4591 = LINE ( 'NONE', #6337, #1969 ) ;
#4592 = DIRECTION ( 'NONE',  ( 0.0000000000000000000, -1.000000000000000000, 0.0000000000000000000 ) ) ;
#4593 = ORIENTED_EDGE ( 'NONE', *, *, #3898, .F. ) ;
#4594 = CARTESIAN_POINT ( 'NONE',  ( 1.470000000000000000, 0.0000000000000000000, -2.999999999999999600 ) ) ;
#4595 = DIRECTION ( 'NONE',  ( 1.000000000000000000, -0.0000000000000000000, 0.0000000000000000000 ) ) ;
#4596 = VERTEX_POINT ( 'NONE', #501 ) ;
#4597 = FACE_OUTER_BOUND ( 'NONE', #715, .T. ) ;
#4598 = ORIENTED_EDGE ( 'NONE', *, *, #4016, .T. ) ;
#4599 = CARTESIAN_POINT ( 'NONE',  ( 1.874999999999997800, 0.9000000000000000200, -2.836821679442724800 ) ) ;
#4600 = CARTESIAN_POINT ( 'NONE',  ( 2.211821679442722600, 1.000000000000000000, -2.499999999999998700 ) ) ;
#4601 = VERTEX_POINT ( 'NONE', #548 ) ;
#4602 = DIRECTION ( 'NONE',  ( 1.000000000000000000, 0.0000000000000000000, 0.0000000000000000000 ) ) ;
#4603 = ORIENTED_EDGE ( 'NONE', *, *, #5196, .T. ) ;
#4604 = ORIENTED_EDGE ( 'NONE', *, *, #6251, .F. ) ;
#4605 = CARTESIAN_POINT ( 'NONE',  ( -1.174827221408426300, -0.9000000000000000200, 1.962921966769066500 ) ) ;
#4606 = STYLED_ITEM ( 'NONE', ( #6069 ), #3716 ) ;
#4607 = CARTESIAN_POINT ( 'NONE',  ( 1.874999999999999100, 0.9069756473744125000, -2.500000000000000900 ) ) ;
#4608 = CARTESIAN_POINT ( 'NONE',  ( 2.311578084468704800, -0.9069756473744125000, -2.499999999999999600 ) ) ;
#4609 = FILL_AREA_STYLE_COLOUR ( '', #89 ) ;
#4610 = EDGE_CURVE ( 'NONE', #3337, #4331, #3061, .T. ) ;
#4611 = PLANE ( 'NONE',  #131 ) ;
#4612 = CARTESIAN_POINT ( 'NONE',  ( 2.050000000000001200, 1.000000000000000000, -0.5000000000000000000 ) ) ;
#4613 = ORIENTED_EDGE ( 'NONE', *, *, #379, .F. ) ;
#4614 = STYLED_ITEM ( 'NONE', ( #1626 ), #5142 ) ;
#4615 = VERTEX_POINT ( 'NONE', #3586 ) ;
#4616 = PRESENTATION_LAYER_ASSIGNMENT (  '', '', ( #3728 ) ) ;
#4617 = DIRECTION ( 'NONE',  ( 1.000000000000000000, -0.0000000000000000000, 0.0000000000000000000 ) ) ;
#4618 = VECTOR ( 'NONE', #2968, 1000.000000000000000 ) ;
#4619 = STYLED_ITEM ( 'NONE', ( #2272 ), #2709 ) ;
#4620 = CLOSED_SHELL ( 'NONE', ( #1195, #4684, #2316, #2995, #234, #4776, #1335, #195, #6259, #1309, #912, #4845, #4305, #4733, #323, #104, #6326, #4382, #2827, #1761, #739, #5345, #4833, #1826, #2237, #5110, #3416, #6353, #708, #4285, #5705, #1717, #4313, #1814, #1375, #6203, #1229, #5810, #6228, #166, #3785, #1780, #187, #5816, #830, #2681, #695, #3155, #1405, #6303, #2358, #809, #1791, #5297, #2812, #6239, #3113, #4864, #3841, #2649, #1749, #5604, #4873, #1173, #3655, #4811, #5875, #2720, #5373, #2184, #5912, #758, #5733, #4342, #5247, #3252, #5672, #3624, #2782, #1275, #1107, #2206, #2247, #1630, #4525, #4211, #1853, #330, #1138, #1724 ) ) ;
#4621 = LINE ( 'NONE', #311, #5939 ) ;
#4622 = LINE ( 'NONE', #2179, #6407 ) ;
#4623 = DIRECTION ( 'NONE',  ( 0.0000000000000000000, -1.000000000000000000, 0.0000000000000000000 ) ) ;
#4624 = DIRECTION ( 'NONE',  ( -1.000000000000000000, -0.0000000000000000000, 0.0000000000000000000 ) ) ;
#4625 = EDGE_CURVE ( 'NONE', #5176, #6138, #4642, .T. ) ;
#4626 = EDGE_LOOP ( 'NONE', ( #4645, #3251, #930, #4371 ) ) ;
#4627 = DIRECTION ( 'NONE',  ( 0.0000000000000000000, 0.0000000000000000000, -1.000000000000000000 ) ) ;
#4628 = CARTESIAN_POINT ( 'NONE',  ( 1.500000000000000900, -6.220119046564577500, -2.200000000000000200 ) ) ;
#4629 = CARTESIAN_POINT ( 'NONE',  ( 1.470000000000000000, -0.3000000000000000400, 3.601676395598662200 ) ) ;
#4630 = AXIS2_PLACEMENT_3D ( 'NONE', #3500, #1022, #1046 ) ;
#4631 = VECTOR ( 'NONE', #4736, 1000.000000000000000 ) ;
#4632 = FILL_AREA_STYLE ('',( #659 ) ) ;
#4633 = DIRECTION ( 'NONE',  ( 0.0000000000000000000, -0.0000000000000000000, 1.000000000000000000 ) ) ;
#4634 = FACE_OUTER_BOUND ( 'NONE', #5076, .T. ) ;
#4635 = VECTOR ( 'NONE', #3117, 1000.000000000000000 ) ;
#4636 = ORIENTED_EDGE ( 'NONE', *, *, #1730, .F. ) ;
#4637 = CIRCLE ( 'NONE', #4706, 0.04999999999999969700 ) ;
#4638 = COLOUR_RGB ( '',1.000000000000000000, 1.000000000000000000, 1.000000000000000000 ) ;
#4639 = SURFACE_STYLE_FILL_AREA ( #5854 ) ;
#4640 = DIRECTION ( 'NONE',  ( 0.0000000000000000000, -9.009844664146523100E-017, -1.000000000000000000 ) ) ;
#4641 = ORIENTED_EDGE ( 'NONE', *, *, #3146, .T. ) ;
#4642 = LINE ( 'NONE', #566, #941 ) ;
#4643 = CARTESIAN_POINT ( 'NONE',  ( 0.0000000000000000000, -7.249999999999999100, 0.0000000000000000000 ) ) ;
#4644 = DIRECTION ( 'NONE',  ( 0.0000000000000000000, -1.000000000000000000, 0.0000000000000000000 ) ) ;
#4645 = ORIENTED_EDGE ( 'NONE', *, *, #2491, .F. ) ;
#4646 = DIRECTION ( 'NONE',  ( 0.0000000000000000000, 0.0000000000000000000, 1.000000000000000000 ) ) ;
#4647 = CIRCLE ( 'NONE', #4454, 0.5500000000000001600 ) ;
#4648 = ADVANCED_FACE ( 'NONE', ( #5633 ), #6498, .F. ) ;
#4649 = VECTOR ( 'NONE', #4559, 1000.000000000000000 ) ;
#4650 = DIRECTION ( 'NONE',  ( 0.0000000000000000000, 0.0000000000000000000, 1.000000000000000000 ) ) ;
#4651 = VECTOR ( 'NONE', #2359, 1000.000000000000000 ) ;
#4652 = EDGE_CURVE ( 'NONE', #4111, #1337, #4164, .T. ) ;
#4653 =( GEOMETRIC_REPRESENTATION_CONTEXT ( 3 ) GLOBAL_UNCERTAINTY_ASSIGNED_CONTEXT ( ( #2126 ) ) GLOBAL_UNIT_ASSIGNED_CONTEXT ( ( #701, #163, #632 ) ) REPRESENTATION_CONTEXT ( 'NONE', 'WORKASPACE' ) );
#4654 = PLANE ( 'NONE',  #3206 ) ;
#4655 = ORIENTED_EDGE ( 'NONE', *, *, #999, .T. ) ;
#4656 = DIRECTION ( 'NONE',  ( 1.000000000000000000, -0.0000000000000000000, 0.0000000000000000000 ) ) ;
#4657 = SURFACE_STYLE_USAGE ( .BOTH. , #5610 ) ;
#4658 = STYLED_ITEM ( 'NONE', ( #4808 ), #4412 ) ;
#4659 = CARTESIAN_POINT ( 'NONE',  ( 0.1999999999999998700, -0.2500000000000001100, -2.982518297014122000 ) ) ;
#4660 = EDGE_CURVE ( 'NONE', #2700, #4910, #4088, .T. ) ;
#4661 = CYLINDRICAL_SURFACE ( 'NONE', #1646, 0.5500000000000001600 ) ;
#4662 = STYLED_ITEM ( 'NONE', ( #6508 ), #1600 ) ;
#4663 = PLANE ( 'NONE',  #4301 ) ;
#4664 = FILL_AREA_STYLE_COLOUR ( '', #2840 ) ;
#4665 = ORIENTED_EDGE ( 'NONE', *, *, #3867, .F. ) ;
#4666 = ORIENTED_EDGE ( 'NONE', *, *, #5915, .F. ) ;
#4667 = ORIENTED_EDGE ( 'NONE', *, *, #5104, .T. ) ;
#4668 = EDGE_CURVE ( 'NONE', #2137, #5949, #2981, .T. ) ;
#4669 = LINE ( 'NONE', #723, #886 ) ;
#4670 = DIRECTION ( 'NONE',  ( -1.000000000000000000, -0.0000000000000000000, 0.0000000000000000000 ) ) ;
#4671 = ORIENTED_EDGE ( 'NONE', *, *, #1359, .T. ) ;
#4672 = AXIS2_PLACEMENT_3D ( 'NONE', #827, #4861, #6009 ) ;
#4673 = ORIENTED_EDGE ( 'NONE', *, *, #2453, .F. ) ;
#4674 = CARTESIAN_POINT ( 'NONE',  ( 1.499999999999997300, 0.4999999999999995600, -2.700000000000000200 ) ) ;
#4675 = DIRECTION ( 'NONE',  ( 0.0000000000000000000, 0.0000000000000000000, 1.000000000000000000 ) ) ;
#4676 = CARTESIAN_POINT ( 'NONE',  ( -1.070000000000000300, -0.2790730578767624000, 3.900945610676609400 ) ) ;
#4677 = UNCERTAINTY_MEASURE_WITH_UNIT (LENGTH_MEASURE( 1.000000000000000100E-005 ), #5300, 'distance_accuracy_value', 'NONE');
#4678 = EDGE_CURVE ( 'NONE', #1324, #1989, #5960, .T. ) ;
#4679 = EDGE_LOOP ( 'NONE', ( #1610, #6118, #4925, #4396 ) ) ;
#4680 = DIRECTION ( 'NONE',  ( 1.000000000000000000, 0.0000000000000000000, 0.0000000000000000000 ) ) ;
#4681 = ORIENTED_EDGE ( 'NONE', *, *, #1156, .T. ) ;
#4682 = CARTESIAN_POINT ( 'NONE',  ( 1.470000000000000000, -1.033879594944416400, 3.961995036105455000 ) ) ;
#4683 = FACE_OUTER_BOUND ( 'NONE', #3807, .T. ) ;
#4684 = ADVANCED_FACE ( 'NONE', ( #1794 ), #3776, .F. ) ;
#4685 = ORIENTED_EDGE ( 'NONE', *, *, #6329, .F. ) ;
#4686 = EDGE_LOOP ( 'NONE', ( #5908, #5500, #5868, #3656 ) ) ;
#4687 = DIRECTION ( 'NONE',  ( 0.0000000000000000000, 0.0000000000000000000, 1.000000000000000000 ) ) ;
#4688 =( NAMED_UNIT ( * ) SI_UNIT ( $, .STERADIAN. ) SOLID_ANGLE_UNIT ( ) );
#4689 = PLANE ( 'NONE',  #261 ) ;
#4690 = UNCERTAINTY_MEASURE_WITH_UNIT (LENGTH_MEASURE( 1.000000000000000100E-005 ), #5419, 'distance_accuracy_value', 'NONE');
#4691 = DIRECTION ( 'NONE',  ( 0.0000000000000000000, 0.0000000000000000000, 1.000000000000000000 ) ) ;
#4692 =( GEOMETRIC_REPRESENTATION_CONTEXT ( 3 ) GLOBAL_UNCERTAINTY_ASSIGNED_CONTEXT ( ( #6500 ) ) GLOBAL_UNIT_ASSIGNED_CONTEXT ( ( #302, #3839, #823 ) ) REPRESENTATION_CONTEXT ( 'NONE', 'WORKASPACE' ) );
#4693 = ORIENTED_EDGE ( 'NONE', *, *, #2673, .T. ) ;
#4694 = DIRECTION ( 'NONE',  ( -1.000000000000000000, -0.0000000000000000000, -0.0000000000000000000 ) ) ;
#4695 = CARTESIAN_POINT ( 'NONE',  ( 1.102182119232619100E-016, -7.249999999999999100, -0.9000000000000011300 ) ) ;
#4696 = VECTOR ( 'NONE', #5097, 1000.000000000000000 ) ;
#4697 = EDGE_CURVE ( 'NONE', #4055, #4903, #3300, .T. ) ;
#4698 = CARTESIAN_POINT ( 'NONE',  ( -1.024695076595959900, -1.000000000000000000, -1.599999999999999900 ) ) ;
#4699 = SURFACE_STYLE_FILL_AREA ( #6331 ) ;
#4700 = VERTEX_POINT ( 'NONE', #2633 ) ;
#4701 = EDGE_CURVE ( 'NONE', #6483, #1043, #1095, .T. ) ;
#4702 = CARTESIAN_POINT ( 'NONE',  ( -1.024695076595959900, -1.000000000000000000, 1.600000000000000300 ) ) ;
#4703 = CARTESIAN_POINT ( 'NONE',  ( 0.1999999999999998700, -0.2500000000000002200, -3.601676395598661700 ) ) ;
#4704 = CARTESIAN_POINT ( 'NONE',  ( 1.874999999999995600, -0.9000000000000000200, 2.836821679442723000 ) ) ;
#4705 = DIRECTION ( 'NONE',  ( 0.0000000000000000000, 0.0000000000000000000, 1.000000000000000000 ) ) ;
#4706 = AXIS2_PLACEMENT_3D ( 'NONE', #4373, #319, #4410 ) ;
#4707 = ADVANCED_FACE ( 'NONE', ( #3137 ), #1015, .F. ) ;
#4708 = ORIENTED_EDGE ( 'NONE', *, *, #5347, .F. ) ;
#4709 = VECTOR ( 'NONE', #1215, 1000.000000000000100 ) ;
#4710 = ORIENTED_EDGE ( 'NONE', *, *, #4458, .T. ) ;
#4711 = EDGE_CURVE ( 'NONE', #4124, #2508, #5087, .T. ) ;
#4712 = SURFACE_STYLE_FILL_AREA ( #5283 ) ;
#4713 = DIRECTION ( 'NONE',  ( 1.000000000000000000, 0.0000000000000000000, 0.0000000000000000000 ) ) ;
#4714 = DIRECTION ( 'NONE',  ( -1.000000000000000000, -0.0000000000000000000, 0.0000000000000000000 ) ) ;
#4715 = ORIENTED_EDGE ( 'NONE', *, *, #2191, .F. ) ;
#4716 = FACE_BOUND ( 'NONE', #6289, .T. ) ;
#4717 = ORIENTED_EDGE ( 'NONE', *, *, #115, .F. ) ;
#4718 = SURFACE_STYLE_FILL_AREA ( #4349 ) ;
#4719 = LINE ( 'NONE', #2997, #1256 ) ;
#4720 = CARTESIAN_POINT ( 'NONE',  ( -1.470000000000000200, -5.421010862427522200E-017, -3.601676395598662600 ) ) ;
#4721 = FACE_OUTER_BOUND ( 'NONE', #969, .T. ) ;
#4722 = AXIS2_PLACEMENT_3D ( 'NONE', #2515, #392, #459 ) ;
#4723 = CONICAL_SURFACE ( 'NONE', #4894, 1.300000000000000900, 0.02464267424523164700 ) ;
#4724 = PLANE ( 'NONE',  #5732 ) ;
#4725 = CARTESIAN_POINT ( 'NONE',  ( -1.070000000000000300, -0.8506089874350454300, 4.924999999999999800 ) ) ;
#4726 =( NAMED_UNIT ( * ) SI_UNIT ( $, .STERADIAN. ) SOLID_ANGLE_UNIT ( ) );
#4727 = CARTESIAN_POINT ( 'NONE',  ( -1.070000000000000300, -0.3000000000000000400, -3.601676395598662600 ) ) ;
#4728 = LINE ( 'NONE', #2241, #2756 ) ;
#4729 = DIRECTION ( 'NONE',  ( -0.9975640502598243100, -0.06975647374412546900, 0.0000000000000000000 ) ) ;
#4730 = ORIENTED_EDGE ( 'NONE', *, *, #6494, .F. ) ;
#4731 = LINE ( 'NONE', #493, #3389 ) ;
#4732 = CARTESIAN_POINT ( 'NONE',  ( -1.024695076595959900, -2.500000000000000000, 1.600000000000000300 ) ) ;
#4733 = ADVANCED_FACE ( 'NONE', ( #4241, #3610, #6040, #4716, #3290, #2178, #4476, #1785, #3925, #6265, #5554, #5878 ), #3187, .F. ) ;
#4734 = EDGE_CURVE ( 'NONE', #3879, #656, #2090, .T. ) ;
#4735 = VECTOR ( 'NONE', #3135, 1000.000000000000000 ) ;
#4736 = DIRECTION ( 'NONE',  ( -0.0000000000000000000, 1.000000000000000000, -0.0000000000000000000 ) ) ;
#4737 = DIRECTION ( 'NONE',  ( 0.0000000000000000000, -0.9975640502598245300, -0.06975647374412140300 ) ) ;
#4738 = CARTESIAN_POINT ( 'NONE',  ( 5.322705363946669100E-016, -0.9000000000000000200, -2.320000000000000300 ) ) ;
#4739 = VECTOR ( 'NONE', #4958, 1000.000000000000000 ) ;
#4740 = DIRECTION ( 'NONE',  ( 0.0000000000000000000, 0.0000000000000000000, -1.000000000000000000 ) ) ;
#4741 = ORIENTED_EDGE ( 'NONE', *, *, #4711, .F. ) ;
#4742 = ORIENTED_EDGE ( 'NONE', *, *, #5022, .F. ) ;
#4743 = CARTESIAN_POINT ( 'NONE',  ( 1.024695076595960400, -1.000000000000000000, -1.599999999999999900 ) ) ;
#4744 = DIRECTION ( 'NONE',  ( -0.0000000000000000000, 1.000000000000000000, -0.0000000000000000000 ) ) ;
#4745 = MECHANICAL_DESIGN_GEOMETRIC_PRESENTATION_REPRESENTATION (  '', ( #3943 ), #909 ) ;
#4746 = DIRECTION ( 'NONE',  ( -1.000000000000000000, -0.0000000000000000000, 0.0000000000000000000 ) ) ;
#4747 = CONICAL_SURFACE ( 'NONE', #372, 0.5000000000000000000, 0.06981317007977333500 ) ;
#4748 = ORIENTED_EDGE ( 'NONE', *, *, #2838, .T. ) ;
#4749 = AXIS2_PLACEMENT_3D ( 'NONE', #4753, #4216, #713 ) ;
#4750 = ORIENTED_EDGE ( 'NONE', *, *, #1169, .T. ) ;
#4751 = CARTESIAN_POINT ( 'NONE',  ( 1.807951184059714000, -0.9000000000000000200, -2.082951184059715000 ) ) ;
#4752 = CARTESIAN_POINT ( 'NONE',  ( 1.500000000000000900, 0.5000000000000000000, -2.200000000000000200 ) ) ;
#4753 = CARTESIAN_POINT ( 'NONE',  ( 1.174827221408426300, -0.9000000000000000200, -1.962921966769066500 ) ) ;
#4754 = CARTESIAN_POINT ( 'NONE',  ( 1.470000000000000000, -0.3000000000000001000, 3.601676395598661700 ) ) ;
#4755 = LINE ( 'NONE', #3422, #1056 ) ;
#4756 = ORIENTED_EDGE ( 'NONE', *, *, #2043, .F. ) ;
#4757 = EDGE_CURVE ( 'NONE', #3081, #5099, #4876, .T. ) ;
#4758 = LINE ( 'NONE', #3528, #4519 ) ;
#4759 = EDGE_LOOP ( 'NONE', ( #813, #5218, #2676, #5463 ) ) ;
#4760 = DIRECTION ( 'NONE',  ( -0.0000000000000000000, 1.000000000000000000, 0.0000000000000000000 ) ) ;
#4761 = ORIENTED_EDGE ( 'NONE', *, *, #2070, .F. ) ;
#4762 = DIRECTION ( 'NONE',  ( -0.0000000000000000000, -1.000000000000000000, -0.0000000000000000000 ) ) ;
#4763 = UNCERTAINTY_MEASURE_WITH_UNIT (LENGTH_MEASURE( 1.000000000000000100E-005 ), #3499, 'distance_accuracy_value', 'NONE');
#4764 = MECHANICAL_DESIGN_GEOMETRIC_PRESENTATION_REPRESENTATION (  '', ( #3062 ), #5278 ) ;
#4765 = ORIENTED_EDGE ( 'NONE', *, *, #531, .F. ) ;
#4766 = CARTESIAN_POINT ( 'NONE',  ( 5.322705363946669100E-016, -0.9000000000000000200, -2.010000000000000700 ) ) ;
#4767 = CARTESIAN_POINT ( 'NONE',  ( 0.0000000000000000000, 0.0000000000000000000, 0.0000000000000000000 ) ) ;
#4768 = VERTEX_POINT ( 'NONE', #2611 ) ;
#4769 = AXIS2_PLACEMENT_3D ( 'NONE', #1177, #6158, #1684 ) ;
#4770 = ADVANCED_FACE ( 'NONE', ( #5012 ), #4654, .F. ) ;
#4771 = PLANE ( 'NONE',  #644 ) ;
#4772 = ORIENTED_EDGE ( 'NONE', *, *, #1391, .T. ) ;
#4773 =( LENGTH_UNIT ( ) NAMED_UNIT ( * ) SI_UNIT ( .MILLI., .METRE. ) );
#4774 = PRESENTATION_LAYER_ASSIGNMENT (  '', '', ( #1141 ) ) ;
#4775 = PRESENTATION_STYLE_ASSIGNMENT (( #3734 ) ) ;
#4776 = ADVANCED_FACE ( 'NONE', ( #767 ), #2258, .F. ) ;
#4777 = PLANE ( 'NONE',  #4231 ) ;
#4778 = CARTESIAN_POINT ( 'NONE',  ( 2.211821679442722600, 0.9000000000000000200, -2.499999999999998700 ) ) ;
#4779 = VERTEX_POINT ( 'NONE', #5770 ) ;
#4780 = CYLINDRICAL_SURFACE ( 'NONE', #677, 0.3099999999999999400 ) ;
#4781 = EDGE_CURVE ( 'NONE', #1631, #5153, #1252, .T. ) ;
#4782 = DIRECTION ( 'NONE',  ( -0.0000000000000000000, 1.000000000000000000, -0.0000000000000000000 ) ) ;
#4783 = SURFACE_STYLE_USAGE ( .BOTH. , #6215 ) ;
#4784 = AXIS2_PLACEMENT_3D ( 'NONE', #3621, #5659, #2661 ) ;
#4785 = ORIENTED_EDGE ( 'NONE', *, *, #2345, .F. ) ;
#4786 = CARTESIAN_POINT ( 'NONE',  ( 0.1999999999999998700, -0.3000000000000000400, 3.601676395598662200 ) ) ;
#4787 = VECTOR ( 'NONE', #1929, 1000.000000000000000 ) ;
#4788 = EDGE_CURVE ( 'NONE', #4331, #5561, #205, .T. ) ;
#4789 = DIRECTION ( 'NONE',  ( -1.000000000000000000, -0.0000000000000000000, -0.0000000000000000000 ) ) ;
#4790 = CIRCLE ( 'NONE', #3516, 0.4365780844687054400 ) ;
#4791 = FACE_OUTER_BOUND ( 'NONE', #4759, .T. ) ;
#4792 = DIRECTION ( 'NONE',  ( 0.0000000000000000000, 9.009844664146523100E-017, -1.000000000000000000 ) ) ;
#4793 = ORIENTED_EDGE ( 'NONE', *, *, #4697, .T. ) ;
#4794 = DIRECTION ( 'NONE',  ( -0.0000000000000000000, 1.000000000000000000, -0.0000000000000000000 ) ) ;
#4795 = MECHANICAL_DESIGN_GEOMETRIC_PRESENTATION_REPRESENTATION (  '', ( #5918 ), #1421 ) ;
#4796 = LINE ( 'NONE', #6191, #4086 ) ;
#4797 = VECTOR ( 'NONE', #1743, 1000.000000000000000 ) ;
#4798 = PLANE ( 'NONE',  #294 ) ;
#4799 = LINE ( 'NONE', #4335, #133 ) ;
#4800 = ADVANCED_FACE ( 'NONE', ( #4791 ), #2349, .F. ) ;
#4801 = VECTOR ( 'NONE', #2532, 1000.000000000000000 ) ;
#4802 = ORIENTED_EDGE ( 'NONE', *, *, #519, .T. ) ;
#4803 = EDGE_CURVE ( 'NONE', #2925, #2536, #1939, .T. ) ;
#4804 = CYLINDRICAL_SURFACE ( 'NONE', #254, 0.04999999999999969700 ) ;
#4805 = CARTESIAN_POINT ( 'NONE',  ( 1.347111479062090000E-016, -7.249999999999999100, -0.9000000000000011300 ) ) ;
#4806 = CARTESIAN_POINT ( 'NONE',  ( -2.375000000000000900, 0.0000000000000000000, 2.499999999999996400 ) ) ;
#4807 = LINE ( 'NONE', #517, #5965 ) ;
#4808 = PRESENTATION_STYLE_ASSIGNMENT (( #1472 ) ) ;
#4809 = CARTESIAN_POINT ( 'NONE',  ( 0.1999999999999998700, -1.100000000000000100, 4.907560881563969500 ) ) ;
#4810 = CARTESIAN_POINT ( 'NONE',  ( 1.470000000000000000, -0.7380982035536775000, 3.933043775715700600 ) ) ;
#4811 = ADVANCED_FACE ( 'NONE', ( #6418 ), #3766, .T. ) ;
#4812 = FILL_AREA_STYLE ('',( #6322 ) ) ;
#4813 = LINE ( 'NONE', #3092, #4574 ) ;
#4814 = DIRECTION ( 'NONE',  ( -1.000000000000000000, -0.0000000000000000000, -0.0000000000000000000 ) ) ;
#4815 = CARTESIAN_POINT ( 'NONE',  ( 2.311578084468704800, 0.9069756473744125000, 2.499999999999996000 ) ) ;
#4816 =( NAMED_UNIT ( * ) SI_UNIT ( $, .STERADIAN. ) SOLID_ANGLE_UNIT ( ) );
#4817 = MECHANICAL_DESIGN_GEOMETRIC_PRESENTATION_REPRESENTATION (  '', ( #5126 ), #1316 ) ;
#4818 = CARTESIAN_POINT ( 'NONE',  ( 1.470000000000000000, -0.2500000000000001100, -2.982518297014122000 ) ) ;
#4819 = CARTESIAN_POINT ( 'NONE',  ( 2.050000000000001200, 0.5000000000000000000, -0.5000000000000000000 ) ) ;
#4820 = EDGE_CURVE ( 'NONE', #5035, #5285, #606, .T. ) ;
#4821 = ORIENTED_EDGE ( 'NONE', *, *, #1671, .F. ) ;
#4822 = CARTESIAN_POINT ( 'NONE',  ( -1.070000000000000300, -0.2500000000000001100, -3.601676395598662200 ) ) ;
#4823 = ORIENTED_EDGE ( 'NONE', *, *, #1740, .T. ) ;
#4824 = VECTOR ( 'NONE', #676, 1000.000000000000000 ) ;
#4825 = EDGE_LOOP ( 'NONE', ( #4908, #2301, #3246, #4462 ) ) ;
#4826 = VERTEX_POINT ( 'NONE', #3256 ) ;
#4827 = DIRECTION ( 'NONE',  ( 1.000000000000000000, 0.0000000000000000000, 0.0000000000000000000 ) ) ;
#4828 = PRESENTATION_LAYER_ASSIGNMENT (  '', '', ( #2325 ) ) ;
#4829 = CARTESIAN_POINT ( 'NONE',  ( -1.807951184059714000, -1.000000000000000000, -2.782951184059714300 ) ) ;
#4830 = ORIENTED_EDGE ( 'NONE', *, *, #3307, .F. ) ;
#4831 = CARTESIAN_POINT ( 'NONE',  ( 1.874999999999995600, -0.9069756473744125000, 2.936578084468705300 ) ) ;
#4832 = EDGE_LOOP ( 'NONE', ( #2425, #650, #2904, #2011 ) ) ;
#4833 = ADVANCED_FACE ( 'NONE', ( #4935 ), #740, .T. ) ;
#4834 = ORIENTED_EDGE ( 'NONE', *, *, #5836, .F. ) ;
#4835 = DIRECTION ( 'NONE',  ( 1.000000000000000000, 0.0000000000000000000, 0.0000000000000000000 ) ) ;
#4836 = LINE ( 'NONE', #577, #3489 ) ;
#4837 = VERTEX_POINT ( 'NONE', #5796 ) ;
#4838 = AXIS2_PLACEMENT_3D ( 'NONE', #2816, #2871, #835 ) ;
#4839 = ORIENTED_EDGE ( 'NONE', *, *, #252, .T. ) ;
#4840 = EDGE_LOOP ( 'NONE', ( #1283, #6116, #5697, #498, #1970, #1317, #5225, #1475, #525, #2175, #4039, #2768, #5800, #3574, #478, #1441, #759, #3521, #244, #2573 ) ) ;
#4841 = CARTESIAN_POINT ( 'NONE',  ( 0.1999999999999998700, -5.421010862427522200E-017, -3.601676395598662200 ) ) ;
#4842 =( NAMED_UNIT ( * ) PLANE_ANGLE_UNIT ( ) SI_UNIT ( $, .RADIAN. ) );
#4843 = MANIFOLD_SOLID_BREP ( 'LPattern1[1]', #239 ) ;
#4844 = EDGE_CURVE ( 'NONE', #2306, #5430, #369, .T. ) ;
#4845 = ADVANCED_FACE ( 'NONE', ( #4561 ), #850, .T. ) ;
#4846 = EDGE_LOOP ( 'NONE', ( #5352, #88, #5057, #2384 ) ) ;
#4847 = DIRECTION ( 'NONE',  ( 0.0000000000000000000, 0.0000000000000000000, 1.000000000000000000 ) ) ;
#4848 = CARTESIAN_POINT ( 'NONE',  ( 2.211821679442722600, -1.000000000000000000, 2.499999999999996400 ) ) ;
#4849 = DIRECTION ( 'NONE',  ( 0.9975640502598243100, 0.06975647374412546900, 0.0000000000000000000 ) ) ;
#4850 = DIRECTION ( 'NONE',  ( 0.0000000000000000000, 9.009844664146523100E-017, 1.000000000000000000 ) ) ;
#4851 = AXIS2_PLACEMENT_3D ( 'NONE', #595, #5151, #103 ) ;
#4852 = CARTESIAN_POINT ( 'NONE',  ( 0.1999999999999998700, -0.7380982035536775000, 3.933043775715700600 ) ) ;
#4853 = CARTESIAN_POINT ( 'NONE',  ( -1.499999999999995800, 1.000000000000000000, -2.700000000000000200 ) ) ;
#4854 = ORIENTED_EDGE ( 'NONE', *, *, #3593, .T. ) ;
#4855 = COLOUR_RGB ( '',1.000000000000000000, 1.000000000000000000, 1.000000000000000000 ) ;
#4856 = CARTESIAN_POINT ( 'NONE',  ( -0.2000000000000000900, -0.2790730578767624000, -3.900945610676608900 ) ) ;
#4857 = FACE_OUTER_BOUND ( 'NONE', #2059, .T. ) ;
#4858 = ORIENTED_EDGE ( 'NONE', *, *, #5870, .T. ) ;
#4859 = CIRCLE ( 'NONE', #3603, 0.3099999999999999400 ) ;
#4860 = EDGE_CURVE ( 'NONE', #5443, #472, #2897, .T. ) ;
#4861 = DIRECTION ( 'NONE',  ( 0.0000000000000000000, -0.06975647374412521900, 0.9975640502598243100 ) ) ;
#4862 = PRODUCT_DEFINITION_FORMATION_WITH_SPECIFIED_SOURCE ( 'ANY', '', #5971, .NOT_KNOWN. ) ;
#4863 = ORIENTED_EDGE ( 'NONE', *, *, #4701, .F. ) ;
#4864 = ADVANCED_FACE ( 'NONE', ( #3049 ), #913, .F. ) ;
#4865 = PRESENTATION_LAYER_ASSIGNMENT (  '', '', ( #1483 ) ) ;
#4866 = SURFACE_STYLE_USAGE ( .BOTH. , #5369 ) ;
#4867 = VECTOR ( 'NONE', #3099, 1000.000000000000000 ) ;
#4868 = EDGE_LOOP ( 'NONE', ( #1511, #4968, #3725, #2738 ) ) ;
#4869 = VECTOR ( 'NONE', #5173, 1000.000000000000000 ) ;
#4870 = AXIS2_PLACEMENT_3D ( 'NONE', #4389, #1397, #4835 ) ;
#4871 = ORIENTED_EDGE ( 'NONE', *, *, #1704, .F. ) ;
#4872 = CARTESIAN_POINT ( 'NONE',  ( -1.874999999999999100, 0.9069756473744127200, 2.936578084468705700 ) ) ;
#4873 = ADVANCED_FACE ( 'NONE', ( #5872 ), #2340, .T. ) ;
#4874 = CARTESIAN_POINT ( 'NONE',  ( -1.875000000000000900, 0.0000000000000000000, 2.500000000000000000 ) ) ;
#4875 = AXIS2_PLACEMENT_3D ( 'NONE', #5512, #3138, #2984 ) ;
#4876 = CIRCLE ( 'NONE', #3299, 0.04999999999999969700 ) ;
#4877 = DIRECTION ( 'NONE',  ( 0.0000000000000000000, 0.0000000000000000000, 1.000000000000000000 ) ) ;
#4878 = ORIENTED_EDGE ( 'NONE', *, *, #5922, .T. ) ;
#4879 = EDGE_CURVE ( 'NONE', #1989, #943, #5315, .T. ) ;
#4880 = CIRCLE ( 'NONE', #610, 0.2999999999999999300 ) ;
#4881 = AXIS2_PLACEMENT_3D ( 'NONE', #6420, #6395, #357 ) ;
#4882 = CARTESIAN_POINT ( 'NONE',  ( -1.807951184059714000, -0.9000000000000000200, -2.082951184059715000 ) ) ;
#4883 = CARTESIAN_POINT ( 'NONE',  ( 0.1999999999999998700, -0.8506089874350454300, 4.924999999999999800 ) ) ;
#4884 = EDGE_CURVE ( 'NONE', #5779, #4973, #1473, .T. ) ;
#4885 =( LENGTH_UNIT ( ) NAMED_UNIT ( * ) SI_UNIT ( .MILLI., .METRE. ) );
#4886 = UNCERTAINTY_MEASURE_WITH_UNIT (LENGTH_MEASURE( 1.000000000000000100E-005 ), #3494, 'distance_accuracy_value', 'NONE');
#4887 = VECTOR ( 'NONE', #788, 1000.000000000000000 ) ;
#4888 = SURFACE_SIDE_STYLE ('',( #1635 ) ) ;
#4889 = CARTESIAN_POINT ( 'NONE',  ( 1.874999999999995600, 0.0000000000000000000, 2.999999999999999600 ) ) ;
#4890 = CARTESIAN_POINT ( 'NONE',  ( -1.874999999999999100, 0.9000000000000000200, 2.836821679442723000 ) ) ;
#4891 = STYLED_ITEM ( 'NONE', ( #6371 ), #6392 ) ;
#4892 = EDGE_LOOP ( 'NONE', ( #1833, #5879 ) ) ;
#4893 = DIRECTION ( 'NONE',  ( 1.000000000000000000, -0.0000000000000000000, -1.156482317317873700E-016 ) ) ;
#4894 = AXIS2_PLACEMENT_3D ( 'NONE', #2851, #274, #4352 ) ;
#4895 = VERTEX_POINT ( 'NONE', #1760 ) ;
#4896 = ADVANCED_FACE ( 'NONE', ( #4154 ), #2262, .F. ) ;
#4897 = ORIENTED_EDGE ( 'NONE', *, *, #861, .T. ) ;
#4899 = ORIENTED_EDGE ( 'NONE', *, *, #4381, .F. ) ;
#4898 = CARTESIAN_POINT ( 'NONE',  ( 1.470000000000000000, 0.0000000000000000000, 2.999999999999999600 ) ) ;
#4900 = EDGE_CURVE ( 'NONE', #4291, #5176, #2018, .T. ) ;
#4901 = CARTESIAN_POINT ( 'NONE',  ( -1.874999999999999100, -0.9069756473744125000, -2.936578084468705700 ) ) ;
#4902 =( NAMED_UNIT ( * ) PLANE_ANGLE_UNIT ( ) SI_UNIT ( $, .RADIAN. ) );
#4903 = VERTEX_POINT ( 'NONE', #2779 ) ;
#4904 = AXIS2_PLACEMENT_3D ( 'NONE', #857, #1917, #5431 ) ;
#4905 = VERTEX_POINT ( 'NONE', #3769 ) ;
#4906 = CIRCLE ( 'NONE', #1217, 0.1000000000000000500 ) ;
#4907 = CARTESIAN_POINT ( 'NONE',  ( -0.2000000000000000900, -0.2500000000000001100, 2.982518297014122000 ) ) ;
#4908 = ORIENTED_EDGE ( 'NONE', *, *, #3818, .T. ) ;
#4909 = EDGE_CURVE ( 'NONE', #57, #6261, #3526, .T. ) ;
#4910 = VERTEX_POINT ( 'NONE', #5730 ) ;
#4911 = CARTESIAN_POINT ( 'NONE',  ( -1.174827221408426300, -0.9000000000000000200, -1.652921966769066700 ) ) ;
#4912 =( GEOMETRIC_REPRESENTATION_CONTEXT ( 3 ) GLOBAL_UNCERTAINTY_ASSIGNED_CONTEXT ( ( #5091 ) ) GLOBAL_UNIT_ASSIGNED_CONTEXT ( ( #4030, #5974, #3058 ) ) REPRESENTATION_CONTEXT ( 'NONE', 'WORKASPACE' ) );
#4913 = EDGE_CURVE ( 'NONE', #328, #4066, #5152, .T. ) ;
#4914 = VERTEX_POINT ( 'NONE', #3282 ) ;
#4915 = SURFACE_SIDE_STYLE ('',( #6133 ) ) ;
#4916 = CIRCLE ( 'NONE', #2796, 1.300000000000000900 ) ;
#4917 = CARTESIAN_POINT ( 'NONE',  ( -1.070000000000000300, -0.2500000000000001100, -2.982518297014122400 ) ) ;
#4918 = CARTESIAN_POINT ( 'NONE',  ( 1.470000000000000000, -0.7844885823794624000, -3.979434154541485700 ) ) ;
#4919 = ORIENTED_EDGE ( 'NONE', *, *, #5184, .F. ) ;
#4920 = CARTESIAN_POINT ( 'NONE',  ( 1.174827221408426300, -0.9000000000000000200, -1.962921966769066500 ) ) ;
#4921 = FILL_AREA_STYLE_COLOUR ( '', #4315 ) ;
#4922 = EDGE_LOOP ( 'NONE', ( #5528, #4504, #363, #1831 ) ) ;
#4923 = COLOUR_RGB ( '',1.000000000000000000, 1.000000000000000000, 1.000000000000000000 ) ;
#4924 = CARTESIAN_POINT ( 'NONE',  ( -1.070000000000000300, -0.7346103798664689300, 3.982921978228692900 ) ) ;
#4925 = ORIENTED_EDGE ( 'NONE', *, *, #66, .F. ) ;
#4926 =( GEOMETRIC_REPRESENTATION_CONTEXT ( 3 ) GLOBAL_UNCERTAINTY_ASSIGNED_CONTEXT ( ( #424 ) ) GLOBAL_UNIT_ASSIGNED_CONTEXT ( ( #3998, #468, #6481 ) ) REPRESENTATION_CONTEXT ( 'NONE', 'WORKASPACE' ) );
#4927 = CYLINDRICAL_SURFACE ( 'NONE', #4288, 0.04999999999999969700 ) ;
#4928 = ORIENTED_EDGE ( 'NONE', *, *, #5976, .F. ) ;
#4929 = DIRECTION ( 'NONE',  ( 0.0000000000000000000, -0.06975647374412441400, -0.9975640502598243100 ) ) ;
#4930 = VERTEX_POINT ( 'NONE', #4188 ) ;
#4931 = EDGE_CURVE ( 'NONE', #1613, #6297, #3203, .T. ) ;
#4932 = ORIENTED_EDGE ( 'NONE', *, *, #6236, .F. ) ;
#4933 = DIRECTION ( 'NONE',  ( -1.000000000000000000, -0.0000000000000000000, 0.0000000000000000000 ) ) ;
#4934 = CIRCLE ( 'NONE', #5432, 0.04999999999999969700 ) ;
#4935 = FACE_OUTER_BOUND ( 'NONE', #1935, .T. ) ;
#4936 = ORIENTED_EDGE ( 'NONE', *, *, #2673, .F. ) ;
#4937 = SURFACE_STYLE_USAGE ( .BOTH. , #1465 ) ;
#4938 =( NAMED_UNIT ( * ) PLANE_ANGLE_UNIT ( ) SI_UNIT ( $, .RADIAN. ) );
#4939 = AXIS2_PLACEMENT_3D ( 'NONE', #1144, #4694, #3209 ) ;
#4940 = LINE ( 'NONE', #6223, #4248 ) ;
#4941 = ORIENTED_EDGE ( 'NONE', *, *, #5532, .F. ) ;
#4942 = VECTOR ( 'NONE', #1416, 1000.000000000000000 ) ;
#4943 = VERTEX_POINT ( 'NONE', #2234 ) ;
#4944 = UNCERTAINTY_MEASURE_WITH_UNIT (LENGTH_MEASURE( 1.000000000000000100E-005 ), #3218, 'distance_accuracy_value', 'NONE');
#4945 = CARTESIAN_POINT ( 'NONE',  ( 0.1999999999999998700, -0.3000000000000001000, -3.601676395598661700 ) ) ;
#4946 = CARTESIAN_POINT ( 'NONE',  ( 1.874999999999999100, 0.9069756473744125000, 2.499999999999999600 ) ) ;
#4947 = PRESENTATION_LAYER_ASSIGNMENT (  '', '', ( #4619 ) ) ;
#4948 = CONICAL_SURFACE ( 'NONE', #6198, 0.5000000000000000000, 0.06981317007977333500 ) ;
#4949 = LINE ( 'NONE', #6079, #4488 ) ;
#4950 = CARTESIAN_POINT ( 'NONE',  ( -0.2000000000000000900, -0.7555373219897065800, 3.683652763150745200 ) ) ;
#4951 = CARTESIAN_POINT ( 'NONE',  ( 1.874999999999995600, 0.9069756473744125000, -2.936578084468706600 ) ) ;
#4952 = EDGE_CURVE ( 'NONE', #5746, #5906, #6258, .T. ) ;
#4953 = ORIENTED_EDGE ( 'NONE', *, *, #6288, .T. ) ;
#4954 = CARTESIAN_POINT ( 'NONE',  ( 0.1999999999999998700, -0.8506089874350454300, 4.924999999999999800 ) ) ;
#4955 = FACE_OUTER_BOUND ( 'NONE', #4922, .T. ) ;
#4956 = CARTESIAN_POINT ( 'NONE',  ( -1.470000000000000200, -0.7555373219897065800, 3.683652763150745600 ) ) ;
#4957 = AXIS2_PLACEMENT_3D ( 'NONE', #4136, #1606, #5653 ) ;
#4958 = DIRECTION ( 'NONE',  ( 1.000000000000000000, 0.0000000000000000000, 0.0000000000000000000 ) ) ;
#4959 = DIRECTION ( 'NONE',  ( -1.000000000000000000, -0.0000000000000000000, 0.0000000000000000000 ) ) ;
#4960 = ORIENTED_EDGE ( 'NONE', *, *, #1952, .T. ) ;
#4961 = LINE ( 'NONE', #2189, #5911 ) ;
#4962 = ORIENTED_EDGE ( 'NONE', *, *, #1359, .F. ) ;
#4963 = SURFACE_SIDE_STYLE ('',( #2177 ) ) ;
#4964 = DIRECTION ( 'NONE',  ( 0.0000000000000000000, -1.000000000000000000, -9.009844664146523100E-017 ) ) ;
#4965 = EDGE_CURVE ( 'NONE', #4826, #1372, #3996, .T. ) ;
#4966 = AXIS2_PLACEMENT_3D ( 'NONE', #4659, #1188, #2639 ) ;
#4967 = COLOUR_RGB ( '',0.7921568627450980000, 0.8196078431372548800, 0.9333333333333333500 ) ;
#4968 = ORIENTED_EDGE ( 'NONE', *, *, #31, .F. ) ;
#4969 = ORIENTED_EDGE ( 'NONE', *, *, #1961, .T. ) ;
#4970 =( NAMED_UNIT ( * ) SI_UNIT ( $, .STERADIAN. ) SOLID_ANGLE_UNIT ( ) );
#4971 = CARTESIAN_POINT ( 'NONE',  ( -1.070000000000000300, 0.0000000000000000000, 3.000000000000000000 ) ) ;
#4972 = ORIENTED_EDGE ( 'NONE', *, *, #5449, .F. ) ;
#4973 = VERTEX_POINT ( 'NONE', #4210 ) ;
#4974 = EDGE_LOOP ( 'NONE', ( #2606, #1979, #1301, #1682 ) ) ;
#4975 = EDGE_CURVE ( 'NONE', #6039, #1102, #2650, .T. ) ;
#4976 =( LENGTH_UNIT ( ) NAMED_UNIT ( * ) SI_UNIT ( .MILLI., .METRE. ) );
#4977 =( NAMED_UNIT ( * ) SI_UNIT ( $, .STERADIAN. ) SOLID_ANGLE_UNIT ( ) );
#4978 = DIRECTION ( 'NONE',  ( 0.0000000000000000000, -0.06975647374412503900, 0.9975640502598243100 ) ) ;
#4979 = EDGE_LOOP ( 'NONE', ( #3354, #5015, #4514, #71 ) ) ;
#4980 = AXIS2_PLACEMENT_3D ( 'NONE', #1136, #2200, #1178 ) ;
#4981 = SURFACE_STYLE_USAGE ( .BOTH. , #5995 ) ;
#4982 = CARTESIAN_POINT ( 'NONE',  ( -1.070000000000000300, -0.2965121763127938100, 3.651554598111653100 ) ) ;
#4983 = EDGE_CURVE ( 'NONE', #1414, #1932, #3686, .T. ) ;
#4984 = PLANE ( 'NONE',  #4493 ) ;
#4985 = FILL_AREA_STYLE_COLOUR ( '', #2695 ) ;
#4986 = AXIS2_PLACEMENT_3D ( 'NONE', #1004, #464, #921 ) ;
#4987 = ORIENTED_EDGE ( 'NONE', *, *, #2209, .F. ) ;
#4988 = CARTESIAN_POINT ( 'NONE',  ( 1.470000000000000000, 0.0000000000000000000, -2.999999999999999600 ) ) ;
#4989 = LINE ( 'NONE', #4027, #4306 ) ;
#4990 = CARTESIAN_POINT ( 'NONE',  ( -1.174827221408426300, -1.000000000000000000, -1.962921966769066500 ) ) ;
#4991 = EDGE_CURVE ( 'NONE', #4244, #3688, #6489, .T. ) ;
#4992 = CARTESIAN_POINT ( 'NONE',  ( -1.070000000000000300, -0.2500000000000001100, -2.982518297014122400 ) ) ;
#4993 = CARTESIAN_POINT ( 'NONE',  ( -1.070000000000000300, -0.7844885823794624000, 3.979434154541485700 ) ) ;
#4994 = DIRECTION ( 'NONE',  ( 0.0000000000000000000, 0.0000000000000000000, 1.000000000000000000 ) ) ;
#4995 = ADVANCED_FACE ( 'NONE', ( #2818 ), #279, .T. ) ;
#4996 = VERTEX_POINT ( 'NONE', #2824 ) ;
#4997 = CIRCLE ( 'NONE', #6394, 1.300000000000000900 ) ;
#4998 = ORIENTED_EDGE ( 'NONE', *, *, #5853, .T. ) ;
#4999 = DIRECTION ( 'NONE',  ( 0.0000000000000000000, 0.0000000000000000000, -1.000000000000000000 ) ) ;
#5000 = LINE ( 'NONE', #1605, #2336 ) ;
#5001 = MECHANICAL_DESIGN_GEOMETRIC_PRESENTATION_REPRESENTATION (  '', ( #3887 ), #2219 ) ;
#5002 = EDGE_LOOP ( 'NONE', ( #106, #3331, #4897, #652 ) ) ;
#5003 = VECTOR ( 'NONE', #5333, 1000.000000000000100 ) ;
#5004 = DIRECTION ( 'NONE',  ( 0.0000000000000000000, -0.06975647374412503900, 0.9975640502598243100 ) ) ;
#5005 = FILL_AREA_STYLE ('',( #4985 ) ) ;
#5006 = VERTEX_POINT ( 'NONE', #2330 ) ;
#5007 = AXIS2_PLACEMENT_3D ( 'NONE', #672, #117, #3632 ) ;
#5008 = ORIENTED_EDGE ( 'NONE', *, *, #1620, .F. ) ;
#5009 = COLOUR_RGB ( '',0.2509803921568627400, 0.2509803921568627400, 0.2509803921568627400 ) ;
#5010 = VECTOR ( 'NONE', #1354, 1000.000000000000000 ) ;
#5011 = VERTEX_POINT ( 'NONE', #4743 ) ;
#5012 = FACE_OUTER_BOUND ( 'NONE', #1326, .T. ) ;
#5013 = EDGE_CURVE ( 'NONE', #1287, #3108, #684, .T. ) ;
#5014 = CARTESIAN_POINT ( 'NONE',  ( -1.807951184059714000, -0.9000000000000000200, 2.432951184059714700 ) ) ;
#5015 = ORIENTED_EDGE ( 'NONE', *, *, #3123, .T. ) ;
#5016 = VECTOR ( 'NONE', #4260, 1000.000000000000000 ) ;
#5017 = DIRECTION ( 'NONE',  ( -1.000000000000000000, -0.0000000000000000000, 0.0000000000000000000 ) ) ;
#5018 = MECHANICAL_DESIGN_GEOMETRIC_PRESENTATION_REPRESENTATION (  '', ( #3087 ), #6029 ) ;
#5019 = CYLINDRICAL_SURFACE ( 'NONE', #393, 0.5500000000000001600 ) ;
#5020 = DIRECTION ( 'NONE',  ( 1.000000000000000000, 0.0000000000000000000, -0.0000000000000000000 ) ) ;
#5021 = UNCERTAINTY_MEASURE_WITH_UNIT (LENGTH_MEASURE( 1.000000000000000100E-005 ), #4050, 'distance_accuracy_value', 'NONE');
#5022 = EDGE_CURVE ( 'NONE', #6160, #1556, #4393, .T. ) ;
#5023 = COLOUR_RGB ( '',1.000000000000000000, 1.000000000000000000, 1.000000000000000000 ) ;
#5024 = FACE_OUTER_BOUND ( 'NONE', #6342, .T. ) ;
#5025 =( LENGTH_UNIT ( ) NAMED_UNIT ( * ) SI_UNIT ( .MILLI., .METRE. ) );
#5026 = STYLED_ITEM ( 'NONE', ( #4159 ), #2287 ) ;
#5027 = ORIENTED_EDGE ( 'NONE', *, *, #164, .F. ) ;
#5028 = CIRCLE ( 'NONE', #6154, 0.3368216794427231800 ) ;
#5029 = DIRECTION ( 'NONE',  ( 0.0000000000000000000, 1.000000000000000000, 0.0000000000000000000 ) ) ;
#5030 = DIRECTION ( 'NONE',  ( 0.0000000000000000000, -0.9975640502598245300, -0.06975647374412140300 ) ) ;
#5031 = EDGE_CURVE ( 'NONE', #964, #3083, #1400, .T. ) ;
#5032 = CARTESIAN_POINT ( 'NONE',  ( -0.2000000000000000900, 0.0000000000000000000, 2.999999999999999600 ) ) ;
#5033 = ORIENTED_EDGE ( 'NONE', *, *, #1373, .T. ) ;
#5034 = DIRECTION ( 'NONE',  ( 1.000000000000000000, 0.0000000000000000000, 0.0000000000000000000 ) ) ;
#5035 = VERTEX_POINT ( 'NONE', #2873 ) ;
#5036 = DIRECTION ( 'NONE',  ( -1.000000000000000000, -0.0000000000000000000, 0.0000000000000000000 ) ) ;
#5037 = ORIENTED_EDGE ( 'NONE', *, *, #1544, .T. ) ;
#5038 = ORIENTED_EDGE ( 'NONE', *, *, #4524, .F. ) ;
#5039 = CARTESIAN_POINT ( 'NONE',  ( -0.2000000000000000900, -0.2790730578767624000, 3.900945610676608900 ) ) ;
#5040 = STYLED_ITEM ( 'NONE', ( #219 ), #4234 ) ;
#5041 = CARTESIAN_POINT ( 'NONE',  ( -1.470000000000000200, -0.2500000000000001100, 2.982518297014122400 ) ) ;
#5042 = ORIENTED_EDGE ( 'NONE', *, *, #3315, .T. ) ;
#5043 = ORIENTED_EDGE ( 'NONE', *, *, #760, .T. ) ;
#5044 = DIRECTION ( 'NONE',  ( 0.0000000000000000000, -0.06975647374412503900, -0.9975640502598243100 ) ) ;
#5045 = PLANE ( 'NONE',  #2814 ) ;
#5046 = EDGE_CURVE ( 'NONE', #2788, #4224, #3921, .T. ) ;
#5047 = LINE ( 'NONE', #4951, #6231 ) ;
#5048 = ORIENTED_EDGE ( 'NONE', *, *, #4668, .F. ) ;
#5049 =( NAMED_UNIT ( * ) PLANE_ANGLE_UNIT ( ) SI_UNIT ( $, .RADIAN. ) );
#5050 = AXIS2_PLACEMENT_3D ( 'NONE', #2357, #5865, #2888 ) ;
#5051 = VERTEX_POINT ( 'NONE', #4810 ) ;
#5052 =( GEOMETRIC_REPRESENTATION_CONTEXT ( 3 ) GLOBAL_UNCERTAINTY_ASSIGNED_CONTEXT ( ( #4763 ) ) GLOBAL_UNIT_ASSIGNED_CONTEXT ( ( #3499, #3946, #457 ) ) REPRESENTATION_CONTEXT ( 'NONE', 'WORKASPACE' ) );
#5053 = DIRECTION ( 'NONE',  ( 0.0000000000000000000, -1.000000000000000000, 0.0000000000000000000 ) ) ;
#5054 = CARTESIAN_POINT ( 'NONE',  ( -2.311578084468706600, -0.9069756473744127200, -2.499999999999996900 ) ) ;
#5055 = ORIENTED_EDGE ( 'NONE', *, *, #3975, .T. ) ;
#5056 = CARTESIAN_POINT ( 'NONE',  ( 1.070000000000000100, -0.8506089874350454300, 4.924999999999999800 ) ) ;
#5057 = ORIENTED_EDGE ( 'NONE', *, *, #3165, .F. ) ;
#5058 = CARTESIAN_POINT ( 'NONE',  ( 0.0000000000000000000, -7.249999999999999100, 0.0000000000000000000 ) ) ;
#5059 = LINE ( 'NONE', #582, #4219 ) ;
#5060 = EDGE_CURVE ( 'NONE', #4066, #1712, #4073, .T. ) ;
#5061 = VERTEX_POINT ( 'NONE', #1374 ) ;
#5062 = FILL_AREA_STYLE_COLOUR ( '', #1363 ) ;
#5063 = DIRECTION ( 'NONE',  ( 1.000000000000000000, 0.0000000000000000000, -0.0000000000000000000 ) ) ;
#5064 = DIRECTION ( 'NONE',  ( 0.0000000000000000000, 0.0000000000000000000, -1.000000000000000000 ) ) ;
#5065 = ORIENTED_EDGE ( 'NONE', *, *, #3994, .T. ) ;
#5066 = LINE ( 'NONE', #1467, #3753 ) ;
#5067 = SURFACE_SIDE_STYLE ('',( #974 ) ) ;
#5068 = CARTESIAN_POINT ( 'NONE',  ( -1.874999999999998700, -0.9000000000000000200, 2.836821679442723500 ) ) ;
#5069 = EDGE_LOOP ( 'NONE', ( #3795, #315 ) ) ;
#5070 = ORIENTED_EDGE ( 'NONE', *, *, #724, .F. ) ;
#5071 = LINE ( 'NONE', #3796, #3758 ) ;
#5072 = CARTESIAN_POINT ( 'NONE',  ( 2.211821679442722100, -0.9000000000000000200, -2.499999999999999600 ) ) ;
#5073 = ORIENTED_EDGE ( 'NONE', *, *, #1209, .F. ) ;
#5074 = CIRCLE ( 'NONE', #3388, 0.09999999999999982500 ) ;
#5075 = CARTESIAN_POINT ( 'NONE',  ( -0.2000000000000000900, -1.033879594944416400, 3.961995036105455000 ) ) ;
#5076 = EDGE_LOOP ( 'NONE', ( #905, #1057, #1784, #5954 ) ) ;
#5077 = CARTESIAN_POINT ( 'NONE',  ( 1.874999999999995600, 0.9000000000000000200, -2.836821679442724300 ) ) ;
#5078 = MECHANICAL_DESIGN_GEOMETRIC_PRESENTATION_REPRESENTATION (  '', ( #3503 ), #4096 ) ;
#5079 = CARTESIAN_POINT ( 'NONE',  ( 0.0000000000000000000, -1.000000000000000000, 0.0000000000000000000 ) ) ;
#5080 = CIRCLE ( 'NONE', #1698, 0.3499999999999996400 ) ;
#5081 = LINE ( 'NONE', #874, #5400 ) ;
#5082 = DIRECTION ( 'NONE',  ( 0.0000000000000000000, 0.0000000000000000000, 1.000000000000000000 ) ) ;
#5083 = SURFACE_SIDE_STYLE ('',( #3645 ) ) ;
#5084 = VECTOR ( 'NONE', #1656, 1000.000000000000000 ) ;
#5085 = AXIS2_PLACEMENT_3D ( 'NONE', #2571, #995, #5165 ) ;
#5086 = CARTESIAN_POINT ( 'NONE',  ( 2.050000000000001200, 0.5000000000000000000, 0.5000000000000000000 ) ) ;
#5087 = LINE ( 'NONE', #4180, #4635 ) ;
#5088 = EDGE_LOOP ( 'NONE', ( #2971, #6512, #6113, #2166 ) ) ;
#5089 = EDGE_CURVE ( 'NONE', #5949, #4700, #4233, .T. ) ;
#5090 = FACE_OUTER_BOUND ( 'NONE', #2304, .T. ) ;
#5091 = UNCERTAINTY_MEASURE_WITH_UNIT (LENGTH_MEASURE( 1.000000000000000100E-005 ), #4030, 'distance_accuracy_value', 'NONE');
#5092 = AXIS2_PLACEMENT_3D ( 'NONE', #4704, #2133, #1640 ) ;
#5093 = VERTEX_POINT ( 'NONE', #6363 ) ;
#5094 = VECTOR ( 'NONE', #1448, 1000.000000000000000 ) ;
#5095 = CARTESIAN_POINT ( 'NONE',  ( 1.070000000000000100, -0.2790730578767624000, 3.900945610676608900 ) ) ;
#5096 = EDGE_CURVE ( 'NONE', #575, #593, #5071, .T. ) ;
#5097 = DIRECTION ( 'NONE',  ( -1.000000000000000000, -0.0000000000000000000, 0.0000000000000000000 ) ) ;
#5098 =( NAMED_UNIT ( * ) PLANE_ANGLE_UNIT ( ) SI_UNIT ( $, .RADIAN. ) );
#5099 = VERTEX_POINT ( 'NONE', #341 ) ;
#5100 = ORIENTED_EDGE ( 'NONE', *, *, #2754, .F. ) ;
#5101 = CARTESIAN_POINT ( 'NONE',  ( -1.070000000000000300, -0.7844885823794624000, 3.979434154541485700 ) ) ;
#5102 = DIRECTION ( 'NONE',  ( 0.0000000000000000000, 0.9975640502598243100, -0.06975647374412503900 ) ) ;
#5103 = ORIENTED_EDGE ( 'NONE', *, *, #1426, .T. ) ;
#5104 = EDGE_CURVE ( 'NONE', #2980, #2788, #6412, .T. ) ;
#5105 = LINE ( 'NONE', #763, #1738 ) ;
#5106 = CARTESIAN_POINT ( 'NONE',  ( 1.874999999999999100, 0.0000000000000000000, 2.499999999999999600 ) ) ;
#5107 = VERTEX_POINT ( 'NONE', #4853 ) ;
#5108 = ORIENTED_EDGE ( 'NONE', *, *, #1460, .F. ) ;
#5109 = CARTESIAN_POINT ( 'NONE',  ( -2.211821679442723900, 0.9000000000000000200, -2.499999999999998200 ) ) ;
#5110 = ADVANCED_FACE ( 'NONE', ( #5545 ), #3678, .T. ) ;
#5111 = LINE ( 'NONE', #6209, #1197 ) ;
#5112 = CYLINDRICAL_SURFACE ( 'NONE', #6005, 0.3499999999999996400 ) ;
#5113 = VERTEX_POINT ( 'NONE', #1843 ) ;
#5114 = SURFACE_STYLE_FILL_AREA ( #1728 ) ;
#5115 = EDGE_LOOP ( 'NONE', ( #1087, #3659, #2259, #2677 ) ) ;
#5116 = CARTESIAN_POINT ( 'NONE',  ( 1.470000000000000000, -0.2790730578767624000, 3.900945610676608900 ) ) ;
#5117 = DIRECTION ( 'NONE',  ( 0.0000000000000000000, -1.000000000000000000, 0.0000000000000000000 ) ) ;
#5118 = DIRECTION ( 'NONE',  ( 0.0000000000000000000, -1.000000000000000000, 0.0000000000000000000 ) ) ;
#5119 = DIRECTION ( 'NONE',  ( -0.0000000000000000000, 0.06975647374412663500, 0.9975640502598242000 ) ) ;
#5120 = CIRCLE ( 'NONE', #4851, 0.3099999999999999400 ) ;
#5121 = VERTEX_POINT ( 'NONE', #1863 ) ;
#5122 = VERTEX_POINT ( 'NONE', #5889 ) ;
#5123 = LINE ( 'NONE', #4971, #641 ) ;
#5124 = ORIENTED_EDGE ( 'NONE', *, *, #1379, .F. ) ;
#5125 = CARTESIAN_POINT ( 'NONE',  ( 3.796405077356795200E-017, -7.249999999999999100, 0.3100000000000000000 ) ) ;
#5126 = STYLED_ITEM ( 'NONE', ( #3236 ), #3775 ) ;
#5127 = CARTESIAN_POINT ( 'NONE',  ( 1.470000000000000000, -0.8506089874350454300, 4.924999999999999800 ) ) ;
#5128 = ORIENTED_EDGE ( 'NONE', *, *, #2320, .F. ) ;
#5129 = DIRECTION ( 'NONE',  ( -0.0000000000000000000, -1.000000000000000000, -0.0000000000000000000 ) ) ;
#5130 = SURFACE_STYLE_USAGE ( .BOTH. , #6188 ) ;
#5131 = EDGE_CURVE ( 'NONE', #155, #769, #1084, .T. ) ;
#5132 = CARTESIAN_POINT ( 'NONE',  ( -1.070000000000000300, -0.8506089874350454300, 4.924999999999999800 ) ) ;
#5133 = CARTESIAN_POINT ( 'NONE',  ( 1.470000000000000000, -0.2500000000000002200, -3.601676395598661700 ) ) ;
#5134 = AXIS2_PLACEMENT_3D ( 'NONE', #1455, #5438, #5928 ) ;
#5135 = CIRCLE ( 'NONE', #2393, 0.04999999999999969700 ) ;
#5136 = VERTEX_POINT ( 'NONE', #4889 ) ;
#5137 =( GEOMETRIC_REPRESENTATION_CONTEXT ( 3 ) GLOBAL_UNCERTAINTY_ASSIGNED_CONTEXT ( ( #2404 ) ) GLOBAL_UNIT_ASSIGNED_CONTEXT ( ( #4264, #1292, #3195 ) ) REPRESENTATION_CONTEXT ( 'NONE', 'WORKASPACE' ) );
#5138 = FILL_AREA_STYLE_COLOUR ( '', #3358 ) ;
#5139 = VECTOR ( 'NONE', #3143, 1000.000000000000100 ) ;
#5140 = CARTESIAN_POINT ( 'NONE',  ( -1.875000000000000900, 0.9000000000000000200, 2.500000000000000000 ) ) ;
#5141 = AXIS2_PLACEMENT_3D ( 'NONE', #888, #387, #299 ) ;
#5142 = ADVANCED_FACE ( 'NONE', ( #2415 ), #1329, .F. ) ;
#5143 = UNCERTAINTY_MEASURE_WITH_UNIT (LENGTH_MEASURE( 1.000000000000000100E-005 ), #151, 'distance_accuracy_value', 'NONE');
#5144 = EDGE_LOOP ( 'NONE', ( #5959, #4232, #2009, #1677 ) ) ;
#5145 = DIRECTION ( 'NONE',  ( 0.0000000000000000000, 0.0000000000000000000, -1.000000000000000000 ) ) ;
#5146 = EDGE_CURVE ( 'NONE', #3490, #5136, #1933, .T. ) ;
#5147 = ORIENTED_EDGE ( 'NONE', *, *, #5696, .F. ) ;
#5148 = DIRECTION ( 'NONE',  ( 0.0000000000000000000, 0.0000000000000000000, 1.000000000000000000 ) ) ;
#5149 = PLANE ( 'NONE',  #461 ) ;
#5150 = CARTESIAN_POINT ( 'NONE',  ( -1.499999999999999100, 1.000000000000000000, 2.200000000000000200 ) ) ;
#5151 = DIRECTION ( 'NONE',  ( 0.0000000000000000000, -1.000000000000000000, 0.0000000000000000000 ) ) ;
#5152 = CIRCLE ( 'NONE', #3260, 0.09999999999999982500 ) ;
#5153 = VERTEX_POINT ( 'NONE', #6383 ) ;
#5154 = MECHANICAL_DESIGN_GEOMETRIC_PRESENTATION_REPRESENTATION (  '', ( #3157 ), #2565 ) ;
#5155 = ORIENTED_EDGE ( 'NONE', *, *, #597, .T. ) ;
#5156 = DIRECTION ( 'NONE',  ( 0.0000000000000000000, -1.000000000000000000, 0.0000000000000000000 ) ) ;
#5157 = LINE ( 'NONE', #5337, #1164 ) ;
#5158 = EDGE_LOOP ( 'NONE', ( #3363, #2342, #238, #5453 ) ) ;
#5159 = LINE ( 'NONE', #5542, #453 ) ;
#5160 = CARTESIAN_POINT ( 'NONE',  ( -1.070000000000000300, -0.7555373219897065800, -3.683652763150745600 ) ) ;
#5161 = DIRECTION ( 'NONE',  ( 0.0000000000000000000, 9.009844664146523100E-017, 1.000000000000000000 ) ) ;
#5162 = EDGE_LOOP ( 'NONE', ( #5363, #3786, #5916, #4470 ) ) ;
#5163 =( LENGTH_UNIT ( ) NAMED_UNIT ( * ) SI_UNIT ( .MILLI., .METRE. ) );
#5164 = EDGE_CURVE ( 'NONE', #326, #6493, #5793, .T. ) ;
#5165 = DIRECTION ( 'NONE',  ( 0.0000000000000000000, 0.0000000000000000000, 1.000000000000000000 ) ) ;
#5166 = CIRCLE ( 'NONE', #3519, 0.5500000000000001600 ) ;
#5167 = DIRECTION ( 'NONE',  ( 0.0000000000000000000, 0.0000000000000000000, -1.000000000000000000 ) ) ;
#5168 =( GEOMETRIC_REPRESENTATION_CONTEXT ( 3 ) GLOBAL_UNCERTAINTY_ASSIGNED_CONTEXT ( ( #4677 ) ) GLOBAL_UNIT_ASSIGNED_CONTEXT ( ( #5300, #1278, #1771 ) ) REPRESENTATION_CONTEXT ( 'NONE', 'WORKASPACE' ) );
#5169 = DIRECTION ( 'NONE',  ( 0.0000000000000000000, 0.0000000000000000000, -1.000000000000000000 ) ) ;
#5170 = LINE ( 'NONE', #293, #3467 ) ;
#5171 = LINE ( 'NONE', #1251, #2594 ) ;
#5172 = DIRECTION ( 'NONE',  ( 0.0000000000000000000, 0.06975647374412140300, 0.9975640502598245300 ) ) ;
#5173 = DIRECTION ( 'NONE',  ( 0.0000000000000000000, 0.0000000000000000000, 1.000000000000000000 ) ) ;
#5174 = ADVANCED_FACE ( 'NONE', ( #6484 ), #3197, .F. ) ;
#5175 = PLANE ( 'NONE',  #5377 ) ;
#5176 = VERTEX_POINT ( 'NONE', #2950 ) ;
#5177 = STYLED_ITEM ( 'NONE', ( #2586 ), #139 ) ;
#5178 = STYLED_ITEM ( 'NONE', ( #1494 ), #1693 ) ;
#5179 = CARTESIAN_POINT ( 'NONE',  ( 1.470000000000000000, -0.2965121763127938100, -3.651554598111652600 ) ) ;
#5180 = CARTESIAN_POINT ( 'NONE',  ( 1.874999999999999100, -0.9069756473744125000, -2.500000000000000900 ) ) ;
#5181 = CARTESIAN_POINT ( 'NONE',  ( 0.1999999999999998700, -0.2790730578767624000, -3.900945610676608900 ) ) ;
#5182 = FACE_OUTER_BOUND ( 'NONE', #2485, .T. ) ;
#5183 = ORIENTED_EDGE ( 'NONE', *, *, #4884, .T. ) ;
#5184 = EDGE_CURVE ( 'NONE', #2208, #3328, #601, .T. ) ;
#5185 = VERTEX_POINT ( 'NONE', #3456 ) ;
#5186 = DIRECTION ( 'NONE',  ( 0.0000000000000000000, 0.0000000000000000000, 1.000000000000000000 ) ) ;
#5187 = PRESENTATION_STYLE_ASSIGNMENT (( #4280 ) ) ;
#5188 = DIRECTION ( 'NONE',  ( 0.0000000000000000000, -1.000000000000000000, 0.0000000000000000000 ) ) ;
#5189 = ORIENTED_EDGE ( 'NONE', *, *, #467, .T. ) ;
#5190 = AXIS2_PLACEMENT_3D ( 'NONE', #1126, #1103, #3616 ) ;
#5191 = ORIENTED_EDGE ( 'NONE', *, *, #551, .T. ) ;
#5192 = DIRECTION ( 'NONE',  ( 0.0000000000000000000, 1.000000000000000000, 0.0000000000000000000 ) ) ;
#5193 = DIRECTION ( 'NONE',  ( 1.000000000000000000, -0.0000000000000000000, -1.156482317317873700E-016 ) ) ;
#5194 = EDGE_CURVE ( 'NONE', #5949, #1048, #4997, .T. ) ;
#5195 =( GEOMETRIC_REPRESENTATION_CONTEXT ( 3 ) GLOBAL_UNCERTAINTY_ASSIGNED_CONTEXT ( ( #479 ) ) GLOBAL_UNIT_ASSIGNED_CONTEXT ( ( #6266, #440, #1870 ) ) REPRESENTATION_CONTEXT ( 'NONE', 'WORKASPACE' ) );
#5196 = EDGE_CURVE ( 'NONE', #2614, #236, #4147, .T. ) ;
#5197 = VERTEX_POINT ( 'NONE', #3945 ) ;
#5198 = CARTESIAN_POINT ( 'NONE',  ( 1.470000000000000000, -0.3000000000000000400, 3.601676395598662200 ) ) ;
#5199 = CARTESIAN_POINT ( 'NONE',  ( 0.1999999999999998700, -5.421010862427522200E-017, -3.601676395598662200 ) ) ;
#5200 = PRESENTATION_STYLE_ASSIGNMENT (( #4498 ) ) ;
#5201 = ORIENTED_EDGE ( 'NONE', *, *, #4377, .F. ) ;
#5202 = ADVANCED_FACE ( 'NONE', ( #6104 ), #5416, .T. ) ;
#5203 = CIRCLE ( 'NONE', #6055, 0.3099999999999999400 ) ;
#5204 = ORIENTED_EDGE ( 'NONE', *, *, #3984, .T. ) ;
#5205 = DIRECTION ( 'NONE',  ( 0.0000000000000000000, -0.06975647374412440000, -0.9975640502598243100 ) ) ;
#5206 = CARTESIAN_POINT ( 'NONE',  ( -1.024695076595960400, -2.500000000000000000, -1.599999999999999900 ) ) ;
#5207 = CARTESIAN_POINT ( 'NONE',  ( 0.1999999999999998700, -0.7555373219897065800, 3.683652763150745200 ) ) ;
#5208 = FILL_AREA_STYLE_COLOUR ( '', #6114 ) ;
#5209 = PRESENTATION_LAYER_ASSIGNMENT (  '', '', ( #116 ) ) ;
#5210 = ADVANCED_FACE ( 'NONE', ( #2010 ), #2906, .F. ) ;
#5211 = AXIS2_PLACEMENT_3D ( 'NONE', #1435, #5394, #2467 ) ;
#5212 = UNCERTAINTY_MEASURE_WITH_UNIT (LENGTH_MEASURE( 1.000000000000000100E-005 ), #5382, 'distance_accuracy_value', 'NONE');
#5213 = ORIENTED_EDGE ( 'NONE', *, *, #1408, .T. ) ;
#5214 = PLANE ( 'NONE',  #91 ) ;
#5215 = FILL_AREA_STYLE_COLOUR ( '', #317 ) ;
#5216 = LINE ( 'NONE', #3612, #1769 ) ;
#5217 = EDGE_CURVE ( 'NONE', #1506, #5107, #4621, .T. ) ;
#5218 = ORIENTED_EDGE ( 'NONE', *, *, #3811, .F. ) ;
#5219 = CARTESIAN_POINT ( 'NONE',  ( -1.470000000000000200, -0.7844885823794624000, 3.979434154541485700 ) ) ;
#5220 = PRESENTATION_STYLE_ASSIGNMENT (( #2588 ) ) ;
#5221 = AXIS2_PLACEMENT_3D ( 'NONE', #4732, #4222, #1207 ) ;
#5222 = ORIENTED_EDGE ( 'NONE', *, *, #5366, .F. ) ;
#5223 = CIRCLE ( 'NONE', #5475, 0.3499999999999996400 ) ;
#5224 = DIRECTION ( 'NONE',  ( 1.000000000000000000, 0.0000000000000000000, 0.0000000000000000000 ) ) ;
#5225 = ORIENTED_EDGE ( 'NONE', *, *, #6026, .F. ) ;
#5226 = EDGE_CURVE ( 'NONE', #4943, #5422, #594, .T. ) ;
#5227 = FILL_AREA_STYLE ('',( #5665 ) ) ;
#5228 = ORIENTED_EDGE ( 'NONE', *, *, #2303, .F. ) ;
#5229 = DIRECTION ( 'NONE',  ( 1.000000000000000000, 0.0000000000000000000, 0.0000000000000000000 ) ) ;
#5230 = FILL_AREA_STYLE ('',( #4664 ) ) ;
#5231 = SURFACE_STYLE_FILL_AREA ( #5734 ) ;
#5232 =( NAMED_UNIT ( * ) SI_UNIT ( $, .STERADIAN. ) SOLID_ANGLE_UNIT ( ) );
#5233 = ORIENTED_EDGE ( 'NONE', *, *, #5656, .T. ) ;
#5234 =( NAMED_UNIT ( * ) PLANE_ANGLE_UNIT ( ) SI_UNIT ( $, .RADIAN. ) );
#5235 = ADVANCED_FACE ( 'NONE', ( #924 ), #833, .F. ) ;
#5236 = ORIENTED_EDGE ( 'NONE', *, *, #25, .F. ) ;
#5237 = EDGE_CURVE ( 'NONE', #2204, #4224, #2805, .T. ) ;
#5238 = FACE_OUTER_BOUND ( 'NONE', #5618, .T. ) ;
#5239 = DIRECTION ( 'NONE',  ( -0.9975640502598243100, 0.06975647374412546900, 0.0000000000000000000 ) ) ;
#5240 = DIRECTION ( 'NONE',  ( 0.0000000000000000000, 0.0000000000000000000, -1.000000000000000000 ) ) ;
#5241 = FACE_OUTER_BOUND ( 'NONE', #5581, .T. ) ;
#5242 =( LENGTH_UNIT ( ) NAMED_UNIT ( * ) SI_UNIT ( .MILLI., .METRE. ) );
#5243 = ORIENTED_EDGE ( 'NONE', *, *, #655, .F. ) ;
#5244 = ORIENTED_EDGE ( 'NONE', *, *, #4450, .T. ) ;
#5245 = SURFACE_STYLE_USAGE ( .BOTH. , #5729 ) ;
#5246 = DIRECTION ( 'NONE',  ( 1.000000000000000000, 0.0000000000000000000, 0.0000000000000000000 ) ) ;
#5247 = ADVANCED_FACE ( 'NONE', ( #5783 ), #4780, .F. ) ;
#5248 = CARTESIAN_POINT ( 'NONE',  ( 1.470000000000000000, -0.2790730578767624000, -3.900945610676608900 ) ) ;
#5249 = COLOUR_RGB ( '',1.000000000000000000, 1.000000000000000000, 1.000000000000000000 ) ;
#5250 = VECTOR ( 'NONE', #3826, 1000.000000000000100 ) ;
#5251 = DIRECTION ( 'NONE',  ( 0.0000000000000000000, 0.0000000000000000000, 1.000000000000000000 ) ) ;
#5252 = ORIENTED_EDGE ( 'NONE', *, *, #834, .T. ) ;
#5253 = DIRECTION ( 'NONE',  ( 0.0000000000000000000, -9.009844664146523100E-017, -1.000000000000000000 ) ) ;
#5254 = STYLED_ITEM ( 'NONE', ( #1041 ), #3748 ) ;
#5255 = PRESENTATION_STYLE_ASSIGNMENT (( #746 ) ) ;
#5256 =( NAMED_UNIT ( * ) PLANE_ANGLE_UNIT ( ) SI_UNIT ( $, .RADIAN. ) );
#5257 = ORIENTED_EDGE ( 'NONE', *, *, #3845, .T. ) ;
#5258 = LINE ( 'NONE', #5181, #5487 ) ;
#5259 = CARTESIAN_POINT ( 'NONE',  ( 2.000000000000000900, 1.000000000000000000, 2.200000000000000200 ) ) ;
#5260 = EDGE_CURVE ( 'NONE', #2536, #849, #2406, .T. ) ;
#5261 =( LENGTH_UNIT ( ) NAMED_UNIT ( * ) SI_UNIT ( .MILLI., .METRE. ) );
#5262 = CARTESIAN_POINT ( 'NONE',  ( -1.070000000000000300, -0.7346103798664689300, -3.982921978228692900 ) ) ;
#5263 = PRESENTATION_LAYER_ASSIGNMENT (  '', '', ( #555 ) ) ;
#5264 =( NAMED_UNIT ( * ) PLANE_ANGLE_UNIT ( ) SI_UNIT ( $, .RADIAN. ) );
#5265 = ORIENTED_EDGE ( 'NONE', *, *, #705, .T. ) ;
#5266 = PRESENTATION_LAYER_ASSIGNMENT (  '', '', ( #2664 ) ) ;
#5267 = ORIENTED_EDGE ( 'NONE', *, *, #1892, .T. ) ;
#5268 = ORIENTED_EDGE ( 'NONE', *, *, #5504, .F. ) ;
#5269 = CARTESIAN_POINT ( 'NONE',  ( 1.874999999999996900, -1.000000000000000000, -2.836821679442724300 ) ) ;
#5270 = CARTESIAN_POINT ( 'NONE',  ( -1.499999999999999100, 0.5000000000000000000, 2.200000000000000200 ) ) ;
#5271 = PRESENTATION_STYLE_ASSIGNMENT (( #529 ) ) ;
#5272 = VECTOR ( 'NONE', #6476, 1000.000000000000000 ) ;
#5273 = ORIENTED_EDGE ( 'NONE', *, *, #3553, .T. ) ;
#5274 = EDGE_CURVE ( 'NONE', #3668, #4294, #5456, .T. ) ;
#5275 = ADVANCED_FACE ( 'NONE', ( #1463 ), #3900, .F. ) ;
#5276 = EDGE_LOOP ( 'NONE', ( #3955, #3404, #3238, #3301 ) ) ;
#5277 = CARTESIAN_POINT ( 'NONE',  ( 1.470000000000000000, -1.100000000000000100, 4.907560881563969500 ) ) ;
#5278 =( GEOMETRIC_REPRESENTATION_CONTEXT ( 3 ) GLOBAL_UNCERTAINTY_ASSIGNED_CONTEXT ( ( #2072 ) ) GLOBAL_UNIT_ASSIGNED_CONTEXT ( ( #145, #1581, #6089 ) ) REPRESENTATION_CONTEXT ( 'NONE', 'WORKASPACE' ) );
#5279 = LINE ( 'NONE', #4499, #17 ) ;
#5280 = ORIENTED_EDGE ( 'NONE', *, *, #4158, .T. ) ;
#5281 = EDGE_LOOP ( 'NONE', ( #4445, #2624, #1109, #4585, #5042, #4998, #558, #5267 ) ) ;
#5282 = VECTOR ( 'NONE', #1462, 1000.000000000000000 ) ;
#5283 = FILL_AREA_STYLE ('',( #883 ) ) ;
#5284 = SURFACE_SIDE_STYLE ('',( #5987 ) ) ;
#5285 = VERTEX_POINT ( 'NONE', #1429 ) ;
#5286 = STYLED_ITEM ( 'NONE', ( #4540 ), #5335 ) ;
#5287 = CARTESIAN_POINT ( 'NONE',  ( -1.070000000000000300, -0.3000000000000000400, 3.601676395598662600 ) ) ;
#5288 = FILL_AREA_STYLE_COLOUR ( '', #2249 ) ;
#5289 = CARTESIAN_POINT ( 'NONE',  ( 2.050000000000001200, 0.5000000000000000000, -0.5000000000000000000 ) ) ;
#5290 = CARTESIAN_POINT ( 'NONE',  ( 1.174827221408426300, -0.9000000000000000200, -1.962921966769066500 ) ) ;
#5291 = EDGE_CURVE ( 'NONE', #1192, #4700, #5384, .T. ) ;
#5292 = DIRECTION ( 'NONE',  ( 0.0000000000000000000, 0.0000000000000000000, 1.000000000000000000 ) ) ;
#5293 = UNCERTAINTY_MEASURE_WITH_UNIT (LENGTH_MEASURE( 1.000000000000000100E-005 ), #2076, 'distance_accuracy_value', 'NONE');
#5294 = CYLINDRICAL_SURFACE ( 'NONE', #792, 0.3499999999999996400 ) ;
#5295 = CLOSED_SHELL ( 'NONE', ( #2792, #6139, #3913, #4234, #4707, #3775, #3186, #3283, #1600, #3344, #1343, #879, #3683, #6291 ) ) ;
#5296 = DIRECTION ( 'NONE',  ( 1.000000000000000000, 0.0000000000000000000, -0.0000000000000000000 ) ) ;
#5297 = ADVANCED_FACE ( 'NONE', ( #3511 ), #989, .F. ) ;
#5298 = AXIS2_PLACEMENT_3D ( 'NONE', #5626, #6206, #4114 ) ;
#5299 = CIRCLE ( 'NONE', #3469, 0.3499999999999996400 ) ;
#5300 =( LENGTH_UNIT ( ) NAMED_UNIT ( * ) SI_UNIT ( .MILLI., .METRE. ) );
#5301 = PLANE ( 'NONE',  #651 ) ;
#5302 = CIRCLE ( 'NONE', #3406, 0.4365780844687058800 ) ;
#5303 = FILL_AREA_STYLE_COLOUR ( '', #1514 ) ;
#5304 = ORIENTED_EDGE ( 'NONE', *, *, #3307, .T. ) ;
#5305 = EDGE_CURVE ( 'NONE', #2222, #3963, #433, .T. ) ;
#5306 = SURFACE_SIDE_STYLE ('',( #4718 ) ) ;
#5307 = DIRECTION ( 'NONE',  ( -0.06975647374412546900, -0.9975640502598242000, -0.0000000000000000000 ) ) ;
#5308 = ADVANCED_FACE ( 'NONE', ( #4857 ), #4509, .T. ) ;
#5309 = CARTESIAN_POINT ( 'NONE',  ( -2.211821679442724300, -0.9000000000000000200, 2.499999999999996400 ) ) ;
#5310 = ORIENTED_EDGE ( 'NONE', *, *, #4501, .T. ) ;
#5311 = ORIENTED_EDGE ( 'NONE', *, *, #3362, .T. ) ;
#5312 = DIRECTION ( 'NONE',  ( 0.0000000000000000000, 1.000000000000000000, 0.0000000000000000000 ) ) ;
#5313 = VECTOR ( 'NONE', #5167, 1000.000000000000000 ) ;
#5314 = EDGE_CURVE ( 'NONE', #951, #3081, #5066, .T. ) ;
#5315 = LINE ( 'NONE', #4229, #526 ) ;
#5316 = CARTESIAN_POINT ( 'NONE',  ( 1.070000000000000100, -0.7346103798664711500, -3.982921978228692000 ) ) ;
#5317 = ORIENTED_EDGE ( 'NONE', *, *, #568, .T. ) ;
#5318 = ORIENTED_EDGE ( 'NONE', *, *, #4450, .F. ) ;
#5319 = DIRECTION ( 'NONE',  ( -0.0000000000000000000, -1.000000000000000000, -0.0000000000000000000 ) ) ;
#5320 = AXIS2_PLACEMENT_3D ( 'NONE', #6456, #3443, #396 ) ;
#5321 = LINE ( 'NONE', #2396, #532 ) ;
#5322 = CIRCLE ( 'NONE', #885, 0.09999999999999982500 ) ;
#5323 = CARTESIAN_POINT ( 'NONE',  ( -1.807951184059714000, -1.000000000000000000, -2.432951184059714700 ) ) ;
#5324 = LINE ( 'NONE', #4166, #2911 ) ;
#5325 = EDGE_LOOP ( 'NONE', ( #975, #3196, #158, #1091 ) ) ;
#5326 = CARTESIAN_POINT ( 'NONE',  ( -1.070000000000000300, 0.0000000000000000000, -3.000000000000000000 ) ) ;
#5327 = DIRECTION ( 'NONE',  ( 1.000000000000000000, 0.0000000000000000000, 0.0000000000000000000 ) ) ;
#5328 = CARTESIAN_POINT ( 'NONE',  ( -0.2000000000000000900, -0.7346103798664689300, 3.982921978228692900 ) ) ;
#5329 = EDGE_CURVE ( 'NONE', #898, #1663, #1539, .T. ) ;
#5330 =( NAMED_UNIT ( * ) PLANE_ANGLE_UNIT ( ) SI_UNIT ( $, .RADIAN. ) );
#5331 = CARTESIAN_POINT ( 'NONE',  ( -1.070000000000000300, 0.0000000000000000000, -3.000000000000000000 ) ) ;
#5332 = SURFACE_STYLE_FILL_AREA ( #5417 ) ;
#5333 = DIRECTION ( 'NONE',  ( 0.0000000000000000000, 0.9996963846679772800, 0.02464018023017330500 ) ) ;
#5334 = CARTESIAN_POINT ( 'NONE',  ( 1.070000000000000100, -0.3000000000000000400, 3.601676395598662200 ) ) ;
#5335 = ADVANCED_FACE ( 'NONE', ( #4385 ), #948, .F. ) ;
#5336 = VECTOR ( 'NONE', #2529, 1000.000000000000000 ) ;
#5337 = CARTESIAN_POINT ( 'NONE',  ( 1.070000000000000100, -0.2790730578767624000, -3.900945610676608900 ) ) ;
#5338 = CIRCLE ( 'NONE', #3713, 0.4365780844687058800 ) ;
#5339 = STYLED_ITEM ( 'NONE', ( #6272 ), #5848 ) ;
#5340 = DIRECTION ( 'NONE',  ( 0.0000000000000000000, -0.9975640502598243100, 0.06975647374412442800 ) ) ;
#5341 = VECTOR ( 'NONE', #3915, 1000.000000000000000 ) ;
#5342 = AXIS2_PLACEMENT_3D ( 'NONE', #4874, #2828, #3391 ) ;
#5343 = LINE ( 'NONE', #4751, #5569 ) ;
#5344 =( LENGTH_UNIT ( ) NAMED_UNIT ( * ) SI_UNIT ( .MILLI., .METRE. ) );
#5345 = ADVANCED_FACE ( 'NONE', ( #1392 ), #4059, .T. ) ;
#5346 = DIRECTION ( 'NONE',  ( 1.931352235306232400E-015, 0.0000000000000000000, 1.000000000000000000 ) ) ;
#5347 = EDGE_CURVE ( 'NONE', #1787, #1001, #667, .T. ) ;
#5348 = ORIENTED_EDGE ( 'NONE', *, *, #2474, .T. ) ;
#5349 = CARTESIAN_POINT ( 'NONE',  ( 1.070000000000000100, -0.3000000000000001000, -3.601676395598661700 ) ) ;
#5350 = VECTOR ( 'NONE', #1010, 1000.000000000000000 ) ;
#5351 = VERTEX_POINT ( 'NONE', #1918 ) ;
#5352 = ORIENTED_EDGE ( 'NONE', *, *, #4913, .T. ) ;
#5353 =( GEOMETRIC_REPRESENTATION_CONTEXT ( 3 ) GLOBAL_UNCERTAINTY_ASSIGNED_CONTEXT ( ( #3872 ) ) GLOBAL_UNIT_ASSIGNED_CONTEXT ( ( #431, #6014, #3475 ) ) REPRESENTATION_CONTEXT ( 'NONE', 'WORKASPACE' ) );
#5354 = ADVANCED_BREP_SHAPE_REPRESENTATION ( '2SMPP-03', ( #6382, #1996, #4843, #5574, #840, #3178, #5910, #2197, #2955 ), #5541 ) ;
#5355 = FACE_OUTER_BOUND ( 'NONE', #2620, .T. ) ;
#5356 = ORIENTED_EDGE ( 'NONE', *, *, #2035, .T. ) ;
#5357 = CARTESIAN_POINT ( 'NONE',  ( -2.375000000000000900, 0.0000000000000000000, -2.499999999999998200 ) ) ;
#5358 = DIRECTION ( 'NONE',  ( 0.0000000000000000000, -0.0000000000000000000, -1.000000000000000000 ) ) ;
#5359 = VERTEX_POINT ( 'NONE', #1943 ) ;
#5360 = EDGE_CURVE ( 'NONE', #1633, #4492, #5860, .T. ) ;
#5361 = ORIENTED_EDGE ( 'NONE', *, *, #1892, .F. ) ;
#5362 = STYLED_ITEM ( 'NONE', ( #3704 ), #2311 ) ;
#5363 = ORIENTED_EDGE ( 'NONE', *, *, #605, .F. ) ;
#5364 =( NAMED_UNIT ( * ) PLANE_ANGLE_UNIT ( ) SI_UNIT ( $, .RADIAN. ) );
#5365 =( LENGTH_UNIT ( ) NAMED_UNIT ( * ) SI_UNIT ( .MILLI., .METRE. ) );
#5366 = EDGE_CURVE ( 'NONE', #3296, #6257, #347, .T. ) ;
#5367 = ORIENTED_EDGE ( 'NONE', *, *, #2900, .F. ) ;
#5368 = DIRECTION ( 'NONE',  ( -1.000000000000000000, 0.0000000000000000000, 2.312964634635747400E-016 ) ) ;
#5369 = SURFACE_SIDE_STYLE ('',( #2333 ) ) ;
#5370 = PLANE ( 'NONE',  #1116 ) ;
#5371 = AXIS2_PLACEMENT_3D ( 'NONE', #4629, #5549, #2557 ) ;
#5372 = DIRECTION ( 'NONE',  ( 0.0000000000000000000, 0.0000000000000000000, 1.000000000000000000 ) ) ;
#5373 = ADVANCED_FACE ( 'NONE', ( #5691 ), #561, .F. ) ;
#5374 = DIRECTION ( 'NONE',  ( 0.0000000000000000000, 0.0000000000000000000, -1.000000000000000000 ) ) ;
#5375 = VERTEX_POINT ( 'NONE', #2460 ) ;
#5376 = VECTOR ( 'NONE', #1158, 1000.000000000000000 ) ;
#5377 = AXIS2_PLACEMENT_3D ( 'NONE', #2173, #5682, #1715 ) ;
#5378 = EDGE_LOOP ( 'NONE', ( #4821, #1143, #3619, #1294 ) ) ;
#5379 = VECTOR ( 'NONE', #5451, 1000.000000000000000 ) ;
#5380 = CARTESIAN_POINT ( 'NONE',  ( 0.1999999999999998700, 0.0000000000000000000, 2.999999999999999600 ) ) ;
#5381 = EDGE_CURVE ( 'NONE', #2377, #1548, #5059, .T. ) ;
#5382 =( LENGTH_UNIT ( ) NAMED_UNIT ( * ) SI_UNIT ( .MILLI., .METRE. ) );
#5383 = ORIENTED_EDGE ( 'NONE', *, *, #1912, .T. ) ;
#5384 = CIRCLE ( 'NONE', #2603, 1.400000000000000600 ) ;
#5385 = STYLED_ITEM ( 'NONE', ( #4471 ), #5202 ) ;
#5386 = DIRECTION ( 'NONE',  ( -1.000000000000000000, -0.0000000000000000000, -0.0000000000000000000 ) ) ;
#5387 = FILL_AREA_STYLE ('',( #949 ) ) ;
#5388 = ORIENTED_EDGE ( 'NONE', *, *, #3560, .T. ) ;
#5389 =( GEOMETRIC_REPRESENTATION_CONTEXT ( 3 ) GLOBAL_UNCERTAINTY_ASSIGNED_CONTEXT ( ( #1527 ) ) GLOBAL_UNIT_ASSIGNED_CONTEXT ( ( #686, #749, #1697 ) ) REPRESENTATION_CONTEXT ( 'NONE', 'WORKASPACE' ) );
#5390 = VERTEX_POINT ( 'NONE', #6117 ) ;
#5391 = EDGE_LOOP ( 'NONE', ( #5598, #4750, #751, #2563 ) ) ;
#5392 =( NAMED_UNIT ( * ) PLANE_ANGLE_UNIT ( ) SI_UNIT ( $, .RADIAN. ) );
#5393 = LINE ( 'NONE', #4852, #3849 ) ;
#5394 = DIRECTION ( 'NONE',  ( -1.000000000000000000, -0.0000000000000000000, -0.0000000000000000000 ) ) ;
#5395 = MECHANICAL_DESIGN_GEOMETRIC_PRESENTATION_REPRESENTATION (  '', ( #6286 ), #2469 ) ;
#5396 = CYLINDRICAL_SURFACE ( 'NONE', #5772, 0.3099999999999999400 ) ;
#5397 = DIRECTION ( 'NONE',  ( 1.000000000000000000, 0.0000000000000000000, 8.673617379884051200E-015 ) ) ;
#5398 = VERTEX_POINT ( 'NONE', #1096 ) ;
#5399 = EDGE_CURVE ( 'NONE', #1909, #4601, #3747, .T. ) ;
#5400 = VECTOR ( 'NONE', #4893, 1000.000000000000000 ) ;
#5401 = CIRCLE ( 'NONE', #3990, 0.3368216794427231800 ) ;
#5402 = ORIENTED_EDGE ( 'NONE', *, *, #4334, .F. ) ;
#5403 = VECTOR ( 'NONE', #1142, 1000.000000000000100 ) ;
#5404 = DIRECTION ( 'NONE',  ( 0.0000000000000000000, -0.9975640502598242000, -0.06975647374412520500 ) ) ;
#5405 = ORIENTED_EDGE ( 'NONE', *, *, #6354, .T. ) ;
#5406 = AXIS2_PLACEMENT_3D ( 'NONE', #3366, #863, #814 ) ;
#5407 = ADVANCED_FACE ( 'NONE', ( #2718 ), #3649, .F. ) ;
#5408 = LINE ( 'NONE', #5132, #1263 ) ;
#5409 = CARTESIAN_POINT ( 'NONE',  ( -0.2000000000000000900, -0.7555373219897065800, -3.683652763150745200 ) ) ;
#5410 = VECTOR ( 'NONE', #2692, 1000.000000000000000 ) ;
#5411 = PRESENTATION_LAYER_ASSIGNMENT (  '', '', ( #3191 ) ) ;
#5412 = SURFACE_STYLE_USAGE ( .BOTH. , #908 ) ;
#5413 = VECTOR ( 'NONE', #1006, 1000.000000000000100 ) ;
#5414 = SURFACE_SIDE_STYLE ('',( #1923 ) ) ;
#5415 = UNCERTAINTY_MEASURE_WITH_UNIT (LENGTH_MEASURE( 1.000000000000000100E-005 ), #3332, 'distance_accuracy_value', 'NONE');
#5416 = PLANE ( 'NONE',  #1108 ) ;
#5417 = FILL_AREA_STYLE ('',( #5479 ) ) ;
#5418 = CARTESIAN_POINT ( 'NONE',  ( 0.0000000000000000000, -1.000000000000000000, -0.3100000000000000000 ) ) ;
#5419 =( LENGTH_UNIT ( ) NAMED_UNIT ( * ) SI_UNIT ( .MILLI., .METRE. ) );
#5420 = LINE ( 'NONE', #6033, #5350 ) ;
#5421 = AXIS2_PLACEMENT_3D ( 'NONE', #271, #1284, #766 ) ;
#5422 = VERTEX_POINT ( 'NONE', #5471 ) ;
#5423 = ORIENTED_EDGE ( 'NONE', *, *, #3293, .T. ) ;
#5424 = ORIENTED_EDGE ( 'NONE', *, *, #8, .T. ) ;
#5425 = CARTESIAN_POINT ( 'NONE',  ( -1.470000000000000200, -0.7346103798664711500, 3.982921978228692000 ) ) ;
#5426 = AXIS2_PLACEMENT_3D ( 'NONE', #1042, #3523, #2553 ) ;
#5427 = DIRECTION ( 'NONE',  ( 0.0000000000000000000, 0.0000000000000000000, 1.000000000000000000 ) ) ;
#5428 = ORIENTED_EDGE ( 'NONE', *, *, #1080, .F. ) ;
#5429 = COLOUR_RGB ( '',1.000000000000000000, 1.000000000000000000, 1.000000000000000000 ) ;
#5430 = VERTEX_POINT ( 'NONE', #5095 ) ;
#5431 = DIRECTION ( 'NONE',  ( 0.0000000000000000000, -0.0000000000000000000, 1.000000000000000000 ) ) ;
#5432 = AXIS2_PLACEMENT_3D ( 'NONE', #6328, #2803, #3336 ) ;
#5433 = DIRECTION ( 'NONE',  ( 0.0000000000000000000, -0.9975640502598243100, -0.06975647374412440000 ) ) ;
#5434 = FACE_OUTER_BOUND ( 'NONE', #4974, .T. ) ;
#5435 = EDGE_LOOP ( 'NONE', ( #3830, #350, #1540, #6311 ) ) ;
#5436 = STYLED_ITEM ( 'NONE', ( #6351 ), #1668 ) ;
#5437 = ORIENTED_EDGE ( 'NONE', *, *, #2168, .F. ) ;
#5438 = DIRECTION ( 'NONE',  ( 0.0000000000000000000, -1.000000000000000000, 0.0000000000000000000 ) ) ;
#5439 = CARTESIAN_POINT ( 'NONE',  ( 0.0000000000000000000, -1.000000000000000000, 0.0000000000000000000 ) ) ;
#5440 = FACE_OUTER_BOUND ( 'NONE', #3868, .T. ) ;
#5441 = EDGE_LOOP ( 'NONE', ( #5765, #5603, #6225, #5191 ) ) ;
#5442 = EDGE_CURVE ( 'NONE', #3723, #1113, #2155, .T. ) ;
#5443 = VERTEX_POINT ( 'NONE', #5619 ) ;
#5444 = CARTESIAN_POINT ( 'NONE',  ( -1.807951184059714000, -0.9000000000000000200, -2.782951184059714300 ) ) ;
#5445 = CARTESIAN_POINT ( 'NONE',  ( -1.470000000000000200, -0.2965121763127938100, -3.651554598111653100 ) ) ;
#5446 = MECHANICAL_DESIGN_GEOMETRIC_PRESENTATION_REPRESENTATION (  '', ( #3440 ), #2426 ) ;
#5447 = FILL_AREA_STYLE_COLOUR ( '', #4638 ) ;
#5448 = CARTESIAN_POINT ( 'NONE',  ( -1.470000000000000200, -0.7380982035536775000, -3.933043775715700600 ) ) ;
#5449 = EDGE_CURVE ( 'NONE', #5477, #6085, #3193, .T. ) ;
#5450 = CARTESIAN_POINT ( 'NONE',  ( -0.2000000000000000900, -0.8506089874350454300, -4.924999999999999800 ) ) ;
#5451 = DIRECTION ( 'NONE',  ( 0.0000000000000000000, -0.9975640502598245300, 0.06975647374412140300 ) ) ;
#5452 = ORIENTED_EDGE ( 'NONE', *, *, #1149, .T. ) ;
#5453 = ORIENTED_EDGE ( 'NONE', *, *, #2147, .T. ) ;
#5454 = CIRCLE ( 'NONE', #1860, 0.09999999999999982500 ) ;
#5455 = CARTESIAN_POINT ( 'NONE',  ( 0.0000000000000000000, -2.500000000000000000, 0.0000000000000000000 ) ) ;
#5456 = CIRCLE ( 'NONE', #4528, 0.04999999999999969700 ) ;
#5457 = DIRECTION ( 'NONE',  ( 0.0000000000000000000, 0.0000000000000000000, -1.000000000000000000 ) ) ;
#5458 = AXIS2_PLACEMENT_3D ( 'NONE', #4599, #2028, #3626 ) ;
#5459 = DIRECTION ( 'NONE',  ( -1.000000000000000000, 0.0000000000000000000, 0.0000000000000000000 ) ) ;
#5460 = VECTOR ( 'NONE', #6262, 1000.000000000000000 ) ;
#5461 = VERTEX_POINT ( 'NONE', #4109 ) ;
#5462 = DIRECTION ( 'NONE',  ( 0.0000000000000000000, 0.0000000000000000000, 1.000000000000000000 ) ) ;
#5463 = ORIENTED_EDGE ( 'NONE', *, *, #360, .T. ) ;
#5464 = EDGE_CURVE ( 'NONE', #6070, #5121, #425, .T. ) ;
#5465 = CARTESIAN_POINT ( 'NONE',  ( 1.470000000000000000, -0.2500000000000001100, -2.982518297014122000 ) ) ;
#5466 = FACE_OUTER_BOUND ( 'NONE', #2728, .T. ) ;
#5467 = CARTESIAN_POINT ( 'NONE',  ( 1.174827221408426300, -1.000000000000000000, 1.962921966769066500 ) ) ;
#5468 = MECHANICAL_DESIGN_GEOMETRIC_PRESENTATION_REPRESENTATION (  '', ( #3219 ), #5353 ) ;
#5469 = VECTOR ( 'NONE', #1824, 1000.000000000000000 ) ;
#5470 = ORIENTED_EDGE ( 'NONE', *, *, #6276, .F. ) ;
#5471 = CARTESIAN_POINT ( 'NONE',  ( 1.070000000000000100, -0.2500000000000002200, -3.601676395598661700 ) ) ;
#5472 = ORIENTED_EDGE ( 'NONE', *, *, #1074, .T. ) ;
#5473 = FACE_OUTER_BOUND ( 'NONE', #673, .T. ) ;
#5474 =( NAMED_UNIT ( * ) PLANE_ANGLE_UNIT ( ) SI_UNIT ( $, .RADIAN. ) );
#5475 = AXIS2_PLACEMENT_3D ( 'NONE', #5724, #2726, #1495 ) ;
#5476 = CIRCLE ( 'NONE', #157, 0.5000000000000000000 ) ;
#5477 = VERTEX_POINT ( 'NONE', #2629 ) ;
#5478 = DIRECTION ( 'NONE',  ( 0.0000000000000000000, 0.0000000000000000000, -1.000000000000000000 ) ) ;
#5479 = FILL_AREA_STYLE_COLOUR ( '', #6196 ) ;
#5480 = AXIS2_PLACEMENT_3D ( 'NONE', #314, #3858, #6378 ) ;
#5481 = PRESENTATION_STYLE_ASSIGNMENT (( #4125 ) ) ;
#5482 =( NAMED_UNIT ( * ) PLANE_ANGLE_UNIT ( ) SI_UNIT ( $, .RADIAN. ) );
#5483 = CARTESIAN_POINT ( 'NONE',  ( 1.174827221408426300, -0.9000000000000000200, -2.272921966769066300 ) ) ;
#5484 = CYLINDRICAL_SURFACE ( 'NONE', #5211, 0.2999999999999999300 ) ;
#5485 = EDGE_CURVE ( 'NONE', #4294, #2781, #2562, .T. ) ;
#5486 = CARTESIAN_POINT ( 'NONE',  ( 0.1999999999999998700, 0.0000000000000000000, -2.999999999999999600 ) ) ;
#5487 = VECTOR ( 'NONE', #3735, 1000.000000000000000 ) ;
#5488 = DIRECTION ( 'NONE',  ( 0.0000000000000000000, 0.9975640502598242000, -0.06975647374412664900 ) ) ;
#5489 = DIRECTION ( 'NONE',  ( -1.000000000000000000, -0.0000000000000000000, -0.0000000000000000000 ) ) ;
#5490 = FACE_OUTER_BOUND ( 'NONE', #887, .T. ) ;
#5491 = FILL_AREA_STYLE_COLOUR ( '', #2283 ) ;
#5492 = AXIS2_PLACEMENT_3D ( 'NONE', #1502, #1420, #917 ) ;
#5493 = DIRECTION ( 'NONE',  ( 0.0000000000000000000, 0.0000000000000000000, -1.000000000000000000 ) ) ;
#5494 = VECTOR ( 'NONE', #132, 1000.000000000000100 ) ;
#5495 = CARTESIAN_POINT ( 'NONE',  ( -1.024695076595960400, -2.500000000000000000, -1.599999999999999900 ) ) ;
#5496 = SHAPE_DEFINITION_REPRESENTATION ( #2041, #5354 ) ;
#5497 = VERTEX_POINT ( 'NONE', #1112 ) ;
#5498 = CARTESIAN_POINT ( 'NONE',  ( 1.070000000000000100, -0.2790730578767624000, -3.900945610676608900 ) ) ;
#5499 = DIRECTION ( 'NONE',  ( 0.0000000000000000000, -0.0000000000000000000, -1.000000000000000000 ) ) ;
#5500 = ORIENTED_EDGE ( 'NONE', *, *, #6164, .F. ) ;
#5501 = CARTESIAN_POINT ( 'NONE',  ( 0.1999999999999998700, -1.033879594944416400, -3.961995036105455000 ) ) ;
#5502 = DIRECTION ( 'NONE',  ( 0.0000000000000000000, 0.9975640502598242000, 0.06975647374412520500 ) ) ;
#5503 = DIRECTION ( 'NONE',  ( 1.000000000000000000, -0.0000000000000000000, -2.312964634635747400E-016 ) ) ;
#5504 = EDGE_CURVE ( 'NONE', #6257, #4040, #1847, .T. ) ;
#5505 = VERTEX_POINT ( 'NONE', #603 ) ;
#5506 = CARTESIAN_POINT ( 'NONE',  ( -1.875000000000000900, 0.9000000000000000200, -2.500000000000000000 ) ) ;
#5507 = ORIENTED_EDGE ( 'NONE', *, *, #3192, .F. ) ;
#5508 = SURFACE_STYLE_USAGE ( .BOTH. , #6025 ) ;
#5509 = STYLED_ITEM ( 'NONE', ( #3369 ), #4896 ) ;
#5510 = ORIENTED_EDGE ( 'NONE', *, *, #825, .T. ) ;
#5511 = ORIENTED_EDGE ( 'NONE', *, *, #1487, .T. ) ;
#5512 = CARTESIAN_POINT ( 'NONE',  ( 0.1999999999999998700, -0.7346103798664711500, 3.982921978228692000 ) ) ;
#5513 = ORIENTED_EDGE ( 'NONE', *, *, #4139, .F. ) ;
#5514 = AXIS2_PLACEMENT_3D ( 'NONE', #2335, #6306, #4877 ) ;
#5515 =( NAMED_UNIT ( * ) SI_UNIT ( $, .STERADIAN. ) SOLID_ANGLE_UNIT ( ) );
#5516 = FILL_AREA_STYLE_COLOUR ( '', #4923 ) ;
#5517 = ORIENTED_EDGE ( 'NONE', *, *, #2381, .T. ) ;
#5518 = EDGE_LOOP ( 'NONE', ( #3479, #6346, #5861, #2651 ) ) ;
#5519 = AXIS2_PLACEMENT_3D ( 'NONE', #3063, #4592, #5552 ) ;
#5520 = CARTESIAN_POINT ( 'NONE',  ( -1.070000000000000300, 0.0000000000000000000, -3.000000000000000000 ) ) ;
#5521 = DIRECTION ( 'NONE',  ( 0.0000000000000000000, -9.009844664146523100E-017, 1.000000000000000000 ) ) ;
#5522 = EDGE_CURVE ( 'NONE', #4417, #5871, #2233, .T. ) ;
#5523 = DIRECTION ( 'NONE',  ( -1.000000000000000000, -0.0000000000000000000, 0.0000000000000000000 ) ) ;
#5524 = DIRECTION ( 'NONE',  ( 0.0000000000000000000, 0.0000000000000000000, 1.000000000000000000 ) ) ;
#5525 =( NAMED_UNIT ( * ) SI_UNIT ( $, .STERADIAN. ) SOLID_ANGLE_UNIT ( ) );
#5526 = AXIS2_PLACEMENT_3D ( 'NONE', #4256, #4225, #180 ) ;
#5527 = DIRECTION ( 'NONE',  ( 0.0000000000000000000, -1.000000000000000000, 0.0000000000000000000 ) ) ;
#5528 = ORIENTED_EDGE ( 'NONE', *, *, #2596, .F. ) ;
#5529 = CIRCLE ( 'NONE', #6479, 0.3099999999999999400 ) ;
#5530 = DIRECTION ( 'NONE',  ( 0.0000000000000000000, 0.0000000000000000000, -1.000000000000000000 ) ) ;
#5531 = ORIENTED_EDGE ( 'NONE', *, *, #6236, .T. ) ;
#5532 = EDGE_CURVE ( 'NONE', #530, #21, #6247, .T. ) ;
#5533 = ORIENTED_EDGE ( 'NONE', *, *, #3661, .F. ) ;
#5534 = DIRECTION ( 'NONE',  ( 0.0000000000000000000, 0.0000000000000000000, 1.000000000000000000 ) ) ;
#5535 = DIRECTION ( 'NONE',  ( 4.537807222698532000E-016, 0.9975640502598242000, 0.06975647374412545500 ) ) ;
#5536 = CARTESIAN_POINT ( 'NONE',  ( -1.874999999999999100, -0.9069756473744127200, -2.936578084468705700 ) ) ;
#5537 = VERTEX_POINT ( 'NONE', #2132 ) ;
#5538 = ORIENTED_EDGE ( 'NONE', *, *, #3779, .F. ) ;
#5539 = CARTESIAN_POINT ( 'NONE',  ( 1.470000000000000000, -0.2500000000000002200, -3.601676395598661700 ) ) ;
#5540 = LINE ( 'NONE', #3258, #4310 ) ;
#5541 =( GEOMETRIC_REPRESENTATION_CONTEXT ( 3 ) GLOBAL_UNCERTAINTY_ASSIGNED_CONTEXT ( ( #6511 ) ) GLOBAL_UNIT_ASSIGNED_CONTEXT ( ( #2817, #4300, #5801 ) ) REPRESENTATION_CONTEXT ( 'NONE', 'WORKASPACE' ) );
#5542 = CARTESIAN_POINT ( 'NONE',  ( -1.470000000000000200, 0.0000000000000000000, 3.000000000000000000 ) ) ;
#5543 = UNCERTAINTY_MEASURE_WITH_UNIT (LENGTH_MEASURE( 1.000000000000000100E-005 ), #496, 'distance_accuracy_value', 'NONE');
#5544 = ORIENTED_EDGE ( 'NONE', *, *, #3631, .T. ) ;
#5545 = FACE_OUTER_BOUND ( 'NONE', #310, .T. ) ;
#5546 = CARTESIAN_POINT ( 'NONE',  ( 1.174827221408426300, -1.000000000000000000, -1.962921966769066500 ) ) ;
#5547 = CARTESIAN_POINT ( 'NONE',  ( 1.470000000000000000, -0.2790730578767624000, 3.900945610676608900 ) ) ;
#5548 = AXIS2_PLACEMENT_3D ( 'NONE', #5584, #1067, #1992 ) ;
#5549 = DIRECTION ( 'NONE',  ( 1.000000000000000000, 0.0000000000000000000, 0.0000000000000000000 ) ) ;
#5550 = ORIENTED_EDGE ( 'NONE', *, *, #199, .T. ) ;
#5551 = CIRCLE ( 'NONE', #4379, 1.900000000000000100 ) ;
#5552 = DIRECTION ( 'NONE',  ( 0.0000000000000000000, -0.0000000000000000000, -1.000000000000000000 ) ) ;
#5553 = ORIENTED_EDGE ( 'NONE', *, *, #6050, .T. ) ;
#5554 = FACE_OUTER_BOUND ( 'NONE', #1260, .T. ) ;
#5555 = EDGE_CURVE ( 'NONE', #3687, #801, #1919, .T. ) ;
#5556 = ORIENTED_EDGE ( 'NONE', *, *, #127, .F. ) ;
#5557 = PRESENTATION_STYLE_ASSIGNMENT (( #6237 ) ) ;
#5558 = AXIS2_PLACEMENT_3D ( 'NONE', #1406, #903, #3364 ) ;
#5559 = CARTESIAN_POINT ( 'NONE',  ( -1.070000000000000300, -0.2965121763127938100, -3.651554598111653100 ) ) ;
#5560 = EDGE_LOOP ( 'NONE', ( #2268, #5544, #5233, #2525 ) ) ;
#5561 = VERTEX_POINT ( 'NONE', #4600 ) ;
#5562 = EDGE_CURVE ( 'NONE', #2683, #4584, #2002, .T. ) ;
#5563 = LINE ( 'NONE', #4571, #2269 ) ;
#5564 = COLOUR_RGB ( '',1.000000000000000000, 1.000000000000000000, 1.000000000000000000 ) ;
#5565 = CARTESIAN_POINT ( 'NONE',  ( 1.653273178848927900E-016, -6.557179676972444900, -1.300000000000000900 ) ) ;
#5566 = VECTOR ( 'NONE', #752, 1000.000000000000000 ) ;
#5567 = ORIENTED_EDGE ( 'NONE', *, *, #6365, .F. ) ;
#5568 =( LENGTH_UNIT ( ) NAMED_UNIT ( * ) SI_UNIT ( .MILLI., .METRE. ) );
#5569 = VECTOR ( 'NONE', #621, 1000.000000000000000 ) ;
#5570 = EDGE_CURVE ( 'NONE', #3879, #3774, #5774, .T. ) ;
#5571 = SURFACE_STYLE_USAGE ( .BOTH. , #5067 ) ;
#5572 = DIRECTION ( 'NONE',  ( -6.505213034913037600E-015, 0.0000000000000000000, -1.000000000000000000 ) ) ;
#5573 = CIRCLE ( 'NONE', #2447, 0.04999999999999969700 ) ;
#5574 = MANIFOLD_SOLID_BREP ( 'LPattern1[2]', #6389 ) ;
#5575 = EDGE_LOOP ( 'NONE', ( #4793, #1542, #2069, #2982 ) ) ;
#5576 = FILL_AREA_STYLE ('',( #539 ) ) ;
#5577 = DIRECTION ( 'NONE',  ( 0.0000000000000000000, -0.06975647374412440000, -0.9975640502598243100 ) ) ;
#5578 = EDGE_LOOP ( 'NONE', ( #5222, #6083, #2938, #6213 ) ) ;
#5579 = LINE ( 'NONE', #4901, #1585 ) ;
#5580 = CARTESIAN_POINT ( 'NONE',  ( -0.2000000000000000900, 0.0000000000000000000, -2.999999999999999600 ) ) ;
#5581 = EDGE_LOOP ( 'NONE', ( #1433, #5348, #4953, #5947 ) ) ;
#5582 = ORIENTED_EDGE ( 'NONE', *, *, #1295, .F. ) ;
#5583 = DIRECTION ( 'NONE',  ( 1.000000000000000000, 0.0000000000000000000, 0.0000000000000000000 ) ) ;
#5585 = VECTOR ( 'NONE', #5488, 1000.000000000000100 ) ;
#5584 = CARTESIAN_POINT ( 'NONE',  ( 1.500000000000000900, 0.4999999999999995600, 2.200000000000000200 ) ) ;
#5586 = ORIENTED_EDGE ( 'NONE', *, *, #5399, .F. ) ;
#5587 = ORIENTED_EDGE ( 'NONE', *, *, #1579, .T. ) ;
#5588 = CARTESIAN_POINT ( 'NONE',  ( 1.070000000000000100, -0.8506089874350454300, -4.924999999999999800 ) ) ;
#5589 = CARTESIAN_POINT ( 'NONE',  ( -1.070000000000000300, -1.033879594944416400, 3.961995036105455000 ) ) ;
#5590 = EDGE_CURVE ( 'NONE', #249, #6300, #2242, .T. ) ;
#5591 = LINE ( 'NONE', #5594, #3729 ) ;
#5592 = ORIENTED_EDGE ( 'NONE', *, *, #3828, .F. ) ;
#5593 = CARTESIAN_POINT ( 'NONE',  ( 0.1999999999999998700, -0.8506089874350454300, -4.924999999999999800 ) ) ;
#5594 = CARTESIAN_POINT ( 'NONE',  ( 1.470000000000000000, -0.2965121763127938100, -3.651554598111652600 ) ) ;
#5595 = COLOUR_RGB ( '',1.000000000000000000, 1.000000000000000000, 1.000000000000000000 ) ;
#5596 = MECHANICAL_DESIGN_GEOMETRIC_PRESENTATION_REPRESENTATION (  '', ( #555 ), #5942 ) ;
#5597 = ORIENTED_EDGE ( 'NONE', *, *, #5570, .T. ) ;
#5598 = ORIENTED_EDGE ( 'NONE', *, *, #5194, .T. ) ;
#5599 = AXIS2_PLACEMENT_3D ( 'NONE', #3242, #5710, #6216 ) ;
#5600 = DIRECTION ( 'NONE',  ( -1.000000000000000000, -0.0000000000000000000, 0.0000000000000000000 ) ) ;
#5601 = CARTESIAN_POINT ( 'NONE',  ( 1.070000000000000100, -0.7844885823794622800, 3.979434154541485700 ) ) ;
#5602 = PRESENTATION_LAYER_ASSIGNMENT (  '', '', ( #2337 ) ) ;
#5603 = ORIENTED_EDGE ( 'NONE', *, *, #3950, .F. ) ;
#5604 = ADVANCED_FACE ( 'NONE', ( #1464 ), #4215, .F. ) ;
#5605 = DIRECTION ( 'NONE',  ( -1.000000000000000000, -0.0000000000000000000, -0.0000000000000000000 ) ) ;
#5606 = EDGE_CURVE ( 'NONE', #4492, #6445, #5302, .T. ) ;
#5607 = ORIENTED_EDGE ( 'NONE', *, *, #2474, .F. ) ;
#5608 = ORIENTED_EDGE ( 'NONE', *, *, #6164, .T. ) ;
#5609 = DIRECTION ( 'NONE',  ( 0.0000000000000000000, 1.000000000000000000, 0.0000000000000000000 ) ) ;
#5610 = SURFACE_SIDE_STYLE ('',( #6143 ) ) ;
#5611 = CARTESIAN_POINT ( 'NONE',  ( -1.070000000000000300, -0.2500000000000001100, 3.601676395598662200 ) ) ;
#5612 = FACE_OUTER_BOUND ( 'NONE', #1528, .T. ) ;
#5613 = STYLED_ITEM ( 'NONE', ( #484 ), #3344 ) ;
#5614 = DIRECTION ( 'NONE',  ( 0.0000000000000000000, -0.9975640502598245300, -0.06975647374412140300 ) ) ;
#5615 = VECTOR ( 'NONE', #3959, 1000.000000000000100 ) ;
#5616 = VERTEX_POINT ( 'NONE', #4703 ) ;
#5617 = PRESENTATION_LAYER_ASSIGNMENT (  '', '', ( #1801 ) ) ;
#5618 = EDGE_LOOP ( 'NONE', ( #2451, #3972, #4667, #128 ) ) ;
#5619 = CARTESIAN_POINT ( 'NONE',  ( -1.070000000000000300, 0.0000000000000000000, -3.000000000000000000 ) ) ;
#5620 = DIRECTION ( 'NONE',  ( 0.0000000000000000000, 0.0000000000000000000, -1.000000000000000000 ) ) ;
#5621 = CYLINDRICAL_SURFACE ( 'NONE', #6078, 0.09999999999999982500 ) ;
#5622 = EDGE_LOOP ( 'NONE', ( #491, #407, #1533, #2463 ) ) ;
#5623 = ORIENTED_EDGE ( 'NONE', *, *, #4034, .F. ) ;
#5624 = DIRECTION ( 'NONE',  ( 0.0000000000000000000, 0.9975640502598242000, -0.06975647374412664900 ) ) ;
#5625 = EDGE_CURVE ( 'NONE', #2327, #1631, #3985, .T. ) ;
#5626 = CARTESIAN_POINT ( 'NONE',  ( 1.500000000000000900, 1.000000000000000000, 2.200000000000000200 ) ) ;
#5627 = LINE ( 'NONE', #1820, #856 ) ;
#5628 = CIRCLE ( 'NONE', #4357, 0.3499999999999996400 ) ;
#5629 = CARTESIAN_POINT ( 'NONE',  ( 1.024695076595959900, -1.000000000000000000, 1.600000000000000300 ) ) ;
#5630 = CARTESIAN_POINT ( 'NONE',  ( 2.374999999999999100, 0.0000000000000000000, 2.499999999999996000 ) ) ;
#5631 = EDGE_LOOP ( 'NONE', ( #5586, #3400 ) ) ;
#5632 = DIRECTION ( 'NONE',  ( -4.537807222698532000E-016, 0.9975640502598242000, -0.06975647374412545500 ) ) ;
#5633 = FACE_OUTER_BOUND ( 'NONE', #5276, .T. ) ;
#5634 = VERTEX_POINT ( 'NONE', #3248 ) ;
#5635 = DIRECTION ( 'NONE',  ( -0.0000000000000000000, -1.000000000000000000, -0.0000000000000000000 ) ) ;
#5636 = FILL_AREA_STYLE ('',( #1629 ) ) ;
#5637 = ADVANCED_FACE ( 'NONE', ( #4143 ), #4663, .F. ) ;
#5638 = EDGE_CURVE ( 'NONE', #1932, #5035, #434, .T. ) ;
#5639 = VECTOR ( 'NONE', #2505, 1000.000000000000100 ) ;
#5640 = LINE ( 'NONE', #411, #3462 ) ;
#5641 =( GEOMETRIC_REPRESENTATION_CONTEXT ( 3 ) GLOBAL_UNCERTAINTY_ASSIGNED_CONTEXT ( ( #2687 ) ) GLOBAL_UNIT_ASSIGNED_CONTEXT ( ( #4243, #1223, #4688 ) ) REPRESENTATION_CONTEXT ( 'NONE', 'WORKASPACE' ) );
#5642 = CARTESIAN_POINT ( 'NONE',  ( 3.796405077356795200E-017, -0.1231875913286816200, 0.3100000000000000000 ) ) ;
#5643 = CARTESIAN_POINT ( 'NONE',  ( 1.470000000000000000, -0.8506089874350454300, 4.924999999999999800 ) ) ;
#5644 = VECTOR ( 'NONE', #5946, 1000.000000000000000 ) ;
#5645 = DIRECTION ( 'NONE',  ( 0.0000000000000000000, -1.000000000000000000, 9.009844664146523100E-017 ) ) ;
#5646 = DIRECTION ( 'NONE',  ( -1.000000000000000000, -0.0000000000000000000, -0.0000000000000000000 ) ) ;
#5647 = EDGE_CURVE ( 'NONE', #1414, #991, #6173, .T. ) ;
#5648 = DIRECTION ( 'NONE',  ( -0.0000000000000000000, 1.000000000000000000, 0.0000000000000000000 ) ) ;
#5649 = CYLINDRICAL_SURFACE ( 'NONE', #5458, 0.09999999999999982500 ) ;
#5650 = FILL_AREA_STYLE ('',( #1647 ) ) ;
#5651 =( GEOMETRIC_REPRESENTATION_CONTEXT ( 3 ) GLOBAL_UNCERTAINTY_ASSIGNED_CONTEXT ( ( #750 ) ) GLOBAL_UNIT_ASSIGNED_CONTEXT ( ( #4312, #3784, #2201 ) ) REPRESENTATION_CONTEXT ( 'NONE', 'WORKASPACE' ) );
#5652 = CARTESIAN_POINT ( 'NONE',  ( 1.874999999999999100, 0.9000000000000000200, 2.499999999999999600 ) ) ;
#5653 = DIRECTION ( 'NONE',  ( 0.0000000000000000000, -0.9975640502598242000, -0.06975647374412663500 ) ) ;
#5654 = DIRECTION ( 'NONE',  ( 0.0000000000000000000, -0.9975640502598243100, 0.06975647374412442800 ) ) ;
#5655 = ORIENTED_EDGE ( 'NONE', *, *, #1627, .T. ) ;
#5656 = EDGE_CURVE ( 'NONE', #2416, #1311, #4622, .T. ) ;
#5657 = CIRCLE ( 'NONE', #3741, 0.5000000000000000000 ) ;
#5658 = CARTESIAN_POINT ( 'NONE',  ( 1.174827221408426300, -0.9000000000000000200, 2.272921966769066300 ) ) ;
#5659 = DIRECTION ( 'NONE',  ( 0.0000000000000000000, 1.000000000000000000, 0.0000000000000000000 ) ) ;
#5660 = ORIENTED_EDGE ( 'NONE', *, *, #4122, .F. ) ;
#5661 = ORIENTED_EDGE ( 'NONE', *, *, #4781, .F. ) ;
#5662 = ORIENTED_EDGE ( 'NONE', *, *, #1713, .T. ) ;
#5663 = CIRCLE ( 'NONE', #2861, 0.4365780844687058800 ) ;
#5664 = EDGE_LOOP ( 'NONE', ( #5183, #1364, #5155, #2503, #5997, #486, #5980, #2062, #15, #6480, #2081, #807 ) ) ;
#5665 = FILL_AREA_STYLE_COLOUR ( '', #4420 ) ;
#5666 = CARTESIAN_POINT ( 'NONE',  ( 5.322705363946669100E-016, -0.9000000000000000200, -2.010000000000000700 ) ) ;
#5667 = PRESENTATION_LAYER_ASSIGNMENT (  '', '', ( #5339 ) ) ;
#5668 = FACE_OUTER_BOUND ( 'NONE', #5002, .T. ) ;
#5669 = ORIENTED_EDGE ( 'NONE', *, *, #3185, .F. ) ;
#5670 = VERTEX_POINT ( 'NONE', #5206 ) ;
#5671 = FACE_OUTER_BOUND ( 'NONE', #4832, .T. ) ;
#5672 = ADVANCED_FACE ( 'NONE', ( #1459 ), #2324, .F. ) ;
#5673 = ORIENTED_EDGE ( 'NONE', *, *, #741, .T. ) ;
#5674 = MECHANICAL_DESIGN_GEOMETRIC_PRESENTATION_REPRESENTATION (  '', ( #2277 ), #1607 ) ;
#5675 = DIRECTION ( 'NONE',  ( 0.0000000000000000000, 0.0000000000000000000, -1.000000000000000000 ) ) ;
#5676 = VERTEX_POINT ( 'NONE', #5269 ) ;
#5677 = CARTESIAN_POINT ( 'NONE',  ( 1.874999999999995600, 0.0000000000000000000, -3.000000000000000900 ) ) ;
#5678 = FILL_AREA_STYLE_COLOUR ( '', #6217 ) ;
#5679 = EDGE_CURVE ( 'NONE', #4914, #2471, #5135, .T. ) ;
#5680 = PLANE ( 'NONE',  #4192 ) ;
#5681 = CARTESIAN_POINT ( 'NONE',  ( -1.070000000000000300, -0.7555373219897065800, -3.683652763150745600 ) ) ;
#5682 = DIRECTION ( 'NONE',  ( -0.0000000000000000000, 1.000000000000000000, 0.0000000000000000000 ) ) ;
#5683 = AXIS2_PLACEMENT_3D ( 'NONE', #2443, #4008, #2418 ) ;
#5684 = VERTEX_POINT ( 'NONE', #5852 ) ;
#5685 = EDGE_CURVE ( 'NONE', #3854, #5430, #2082, .T. ) ;
#5686 = DIRECTION ( 'NONE',  ( 0.0000000000000000000, 0.0000000000000000000, 1.000000000000000000 ) ) ;
#5687 = DIRECTION ( 'NONE',  ( -0.0000000000000000000, -1.000000000000000000, -0.0000000000000000000 ) ) ;
#5688 = CYLINDRICAL_SURFACE ( 'NONE', #3902, 0.3100000000000000000 ) ;
#5689 = PLANE ( 'NONE',  #1082 ) ;
#5690 =( GEOMETRIC_REPRESENTATION_CONTEXT ( 3 ) GLOBAL_UNCERTAINTY_ASSIGNED_CONTEXT ( ( #1049 ) ) GLOBAL_UNIT_ASSIGNED_CONTEXT ( ( #839, #3371, #5846 ) ) REPRESENTATION_CONTEXT ( 'NONE', 'WORKASPACE' ) );
#5691 = FACE_OUTER_BOUND ( 'NONE', #6426, .T. ) ;
#5692 = ORIENTED_EDGE ( 'NONE', *, *, #6194, .T. ) ;
#5693 = ADVANCED_FACE ( 'NONE', ( #1314 ), #4336, .F. ) ;
#5694 = DIRECTION ( 'NONE',  ( -0.0000000000000000000, 1.000000000000000000, -0.0000000000000000000 ) ) ;
#5695 = UNCERTAINTY_MEASURE_WITH_UNIT (LENGTH_MEASURE( 1.000000000000000100E-005 ), #5163, 'distance_accuracy_value', 'NONE');
#5696 = EDGE_CURVE ( 'NONE', #2223, #656, #6099, .T. ) ;
#5697 = ORIENTED_EDGE ( 'NONE', *, *, #4697, .F. ) ;
#5698 = CARTESIAN_POINT ( 'NONE',  ( 1.070000000000000100, -0.2500000000000001100, -2.982518297014122000 ) ) ;
#5699 = CARTESIAN_POINT ( 'NONE',  ( 0.1999999999999998700, -0.7346103798664689300, 3.982921978228692900 ) ) ;
#5700 = CARTESIAN_POINT ( 'NONE',  ( -1.875000000000000900, 0.0000000000000000000, -2.500000000000000000 ) ) ;
#5701 = ORIENTED_EDGE ( 'NONE', *, *, #1981, .F. ) ;
#5702 = VECTOR ( 'NONE', #2117, 1000.000000000000000 ) ;
#5703 = CARTESIAN_POINT ( 'NONE',  ( -0.2000000000000000900, -1.100000000000000100, 4.907560881563969500 ) ) ;
#5704 = CARTESIAN_POINT ( 'NONE',  ( -1.470000000000000200, -0.2500000000000001100, -2.982518297014122400 ) ) ;
#5705 = ADVANCED_FACE ( 'NONE', ( #2483 ), #782, .T. ) ;
#5706 = PLANE ( 'NONE',  #3424 ) ;
#5707 = EDGE_LOOP ( 'NONE', ( #3339, #1795, #4693, #3496, #5405, #1446, #3021, #3851, #1806, #264, #6024, #5280 ) ) ;
#5708 = VECTOR ( 'NONE', #2679, 1000.000000000000000 ) ;
#5709 = AXIS2_PLACEMENT_3D ( 'NONE', #1849, #2383, #373 ) ;
#5710 = DIRECTION ( 'NONE',  ( -2.307330369034971100E-016, -0.06975647374412546900, -0.9975640502598243100 ) ) ;
#5711 = FACE_OUTER_BOUND ( 'NONE', #4240, .T. ) ;
#5712 = DIRECTION ( 'NONE',  ( 0.0000000000000000000, 0.0000000000000000000, 1.000000000000000000 ) ) ;
#5713 = DIRECTION ( 'NONE',  ( -1.000000000000000000, -0.0000000000000000000, -0.0000000000000000000 ) ) ;
#5714 = ORIENTED_EDGE ( 'NONE', *, *, #5274, .F. ) ;
#5715 = AXIS2_PLACEMENT_3D ( 'NONE', #2628, #2689, #6179 ) ;
#5716 = CIRCLE ( 'NONE', #5845, 0.3499999999999996400 ) ;
#5717 = DIRECTION ( 'NONE',  ( -0.0000000000000000000, 1.000000000000000000, -0.0000000000000000000 ) ) ;
#5718 = PRESENTATION_STYLE_ASSIGNMENT (( #1767 ) ) ;
#5719 = DIRECTION ( 'NONE',  ( -0.0000000000000000000, -0.0000000000000000000, 1.000000000000000000 ) ) ;
#5720 = VECTOR ( 'NONE', #3622, 1000.000000000000000 ) ;
#5721 = EDGE_CURVE ( 'NONE', #1631, #4520, #3114, .T. ) ;
#5722 = CARTESIAN_POINT ( 'NONE',  ( 1.070000000000000100, -0.3000000000000000400, 3.601676395598662200 ) ) ;
#5723 = LINE ( 'NONE', #504, #3141 ) ;
#5724 = CARTESIAN_POINT ( 'NONE',  ( 1.807951184059714000, -0.9000000000000000200, 2.432951184059714700 ) ) ;
#5725 = DIRECTION ( 'NONE',  ( 0.0000000000000000000, 0.06975647374412502500, 0.9975640502598243100 ) ) ;
#5726 =( LENGTH_UNIT ( ) NAMED_UNIT ( * ) SI_UNIT ( .MILLI., .METRE. ) );
#5727 = CIRCLE ( 'NONE', #306, 0.3000000000000003800 ) ;
#5728 = VECTOR ( 'NONE', #1741, 1000.000000000000000 ) ;
#5729 = SURFACE_SIDE_STYLE ('',( #537 ) ) ;
#5730 = CARTESIAN_POINT ( 'NONE',  ( 1.174827221408426300, -1.000000000000000000, 1.652921966769066700 ) ) ;
#5731 = DIRECTION ( 'NONE',  ( -1.000000000000000000, -0.0000000000000000000, -0.0000000000000000000 ) ) ;
#5732 = AXIS2_PLACEMENT_3D ( 'NONE', #6197, #4289, #3798 ) ;
#5733 = ADVANCED_FACE ( 'NONE', ( #4308 ), #5294, .F. ) ;
#5734 = FILL_AREA_STYLE ('',( #3266 ) ) ;
#5735 =( GEOMETRIC_REPRESENTATION_CONTEXT ( 3 ) GLOBAL_UNCERTAINTY_ASSIGNED_CONTEXT ( ( #1915 ) ) GLOBAL_UNIT_ASSIGNED_CONTEXT ( ( #2907, #5474, #2484 ) ) REPRESENTATION_CONTEXT ( 'NONE', 'WORKASPACE' ) );
#5736 = DIRECTION ( 'NONE',  ( -1.000000000000000000, -0.0000000000000000000, -0.0000000000000000000 ) ) ;
#5737 = DIRECTION ( 'NONE',  ( 0.0000000000000000000, 0.0000000000000000000, 1.000000000000000000 ) ) ;
#5738 = CIRCLE ( 'NONE', #2653, 0.5000000000000000000 ) ;
#5739 = PLANE ( 'NONE',  #1957 ) ;
#5740 = ORIENTED_EDGE ( 'NONE', *, *, #724, .T. ) ;
#5741 = EDGE_CURVE ( 'NONE', #2232, #6275, #997, .T. ) ;
#5742 = ADVANCED_FACE ( 'NONE', ( #2635 ), #669, .T. ) ;
#5743 = CARTESIAN_POINT ( 'NONE',  ( 1.470000000000000000, -0.2965121763127938100, 3.651554598111652600 ) ) ;
#5744 = LINE ( 'NONE', #4806, #3243 ) ;
#5745 = DIRECTION ( 'NONE',  ( 0.0000000000000000000, 0.06975647374412502500, -0.9975640502598243100 ) ) ;
#5746 = VERTEX_POINT ( 'NONE', #4841 ) ;
#5747 = VECTOR ( 'NONE', #3702, 1000.000000000000100 ) ;
#5748 = ORIENTED_EDGE ( 'NONE', *, *, #5853, .F. ) ;
#5749 = DIRECTION ( 'NONE',  ( 0.0000000000000000000, -1.000000000000000000, 0.0000000000000000000 ) ) ;
#5750 = CARTESIAN_POINT ( 'NONE',  ( -1.070000000000000300, -0.2500000000000001100, 2.982518297014122400 ) ) ;
#5751 = PRESENTATION_LAYER_ASSIGNMENT (  '', '', ( #2167 ) ) ;
#5752 = DIRECTION ( 'NONE',  ( 0.0000000000000000000, 0.0000000000000000000, -1.000000000000000000 ) ) ;
#5753 = EDGE_LOOP ( 'NONE', ( #2334, #1537 ) ) ;
#5754 = DIRECTION ( 'NONE',  ( 0.0000000000000000000, 0.0000000000000000000, 1.000000000000000000 ) ) ;
#5755 = DIRECTION ( 'NONE',  ( -1.000000000000000000, -0.0000000000000000000, 0.0000000000000000000 ) ) ;
#5756 = LINE ( 'NONE', #3569, #4441 ) ;
#5757 =( NAMED_UNIT ( * ) PLANE_ANGLE_UNIT ( ) SI_UNIT ( $, .RADIAN. ) );
#5758 = ORIENTED_EDGE ( 'NONE', *, *, #1477, .T. ) ;
#5759 = ORIENTED_EDGE ( 'NONE', *, *, #2719, .T. ) ;
#5760 = CARTESIAN_POINT ( 'NONE',  ( 2.050000000000001200, 1.000000000000000000, 0.5000000000000000000 ) ) ;
#5761 = LINE ( 'NONE', #3439, #1753 ) ;
#5762 = ORIENTED_EDGE ( 'NONE', *, *, #5184, .T. ) ;
#5763 = SURFACE_STYLE_FILL_AREA ( #580 ) ;
#5764 = CARTESIAN_POINT ( 'NONE',  ( 1.470000000000000000, -0.2500000000000001100, 2.982518297014122000 ) ) ;
#5765 = ORIENTED_EDGE ( 'NONE', *, *, #147, .T. ) ;
#5766 = SURFACE_STYLE_USAGE ( .BOTH. , #851 ) ;
#5767 = CARTESIAN_POINT ( 'NONE',  ( -0.2000000000000000900, -0.3000000000000000400, -3.601676395598662200 ) ) ;
#5768 = ADVANCED_FACE ( 'NONE', ( #836 ), #3827, .F. ) ;
#5769 = AXIS2_PLACEMENT_3D ( 'NONE', #474, #5913, #5973 ) ;
#5770 = CARTESIAN_POINT ( 'NONE',  ( 2.211821679442722600, 1.000000000000000000, -0.5000000000000000000 ) ) ;
#5771 = DIRECTION ( 'NONE',  ( 1.000000000000000000, 0.0000000000000000000, 0.0000000000000000000 ) ) ;
#5772 = AXIS2_PLACEMENT_3D ( 'NONE', #2831, #1378, #3842 ) ;
#5773 = DIRECTION ( 'NONE',  ( 0.0000000000000000000, 0.0000000000000000000, -1.000000000000000000 ) ) ;
#5774 = CIRCLE ( 'NONE', #3067, 0.04999999999999969700 ) ;
#5775 = DIRECTION ( 'NONE',  ( 0.0000000000000000000, 1.000000000000000000, 0.0000000000000000000 ) ) ;
#5776 = ADVANCED_FACE ( 'NONE', ( #1559 ), #5958, .F. ) ;
#5777 = DIRECTION ( 'NONE',  ( 0.0000000000000000000, 1.000000000000000000, 0.0000000000000000000 ) ) ;
#5778 = MECHANICAL_DESIGN_GEOMETRIC_PRESENTATION_REPRESENTATION (  '', ( #5178 ), #5641 ) ;
#5779 = VERTEX_POINT ( 'NONE', #2957 ) ;
#5780 = ORIENTED_EDGE ( 'NONE', *, *, #308, .T. ) ;
#5781 = DIRECTION ( 'NONE',  ( 0.0000000000000000000, -0.0000000000000000000, -1.000000000000000000 ) ) ;
#5782 = EDGE_LOOP ( 'NONE', ( #3284, #1009, #2567, #318 ) ) ;
#5783 = FACE_OUTER_BOUND ( 'NONE', #3464, .T. ) ;
#5784 = EDGE_CURVE ( 'NONE', #656, #2051, #4566, .T. ) ;
#5785 = CARTESIAN_POINT ( 'NONE',  ( 0.1999999999999998700, -0.7555373219897065800, -3.683652763150745200 ) ) ;
#5786 = SURFACE_STYLE_FILL_AREA ( #280 ) ;
#5787 = SURFACE_SIDE_STYLE ('',( #5786 ) ) ;
#5788 = FACE_OUTER_BOUND ( 'NONE', #1383, .T. ) ;
#5789 = CARTESIAN_POINT ( 'NONE',  ( -2.375000000000000900, 0.0000000000000000000, 2.499999999999996400 ) ) ;
#5790 = UNCERTAINTY_MEASURE_WITH_UNIT (LENGTH_MEASURE( 1.000000000000000100E-005 ), #2066, 'distance_accuracy_value', 'NONE');
#5791 = AXIS2_PLACEMENT_3D ( 'NONE', #6415, #1403, #5404 ) ;
#5792 = VERTEX_POINT ( 'NONE', #2452 ) ;
#5793 = CIRCLE ( 'NONE', #904, 0.3100000000000000000 ) ;
#5794 = CARTESIAN_POINT ( 'NONE',  ( 1.470000000000000000, 0.0000000000000000000, 2.999999999999999600 ) ) ;
#5795 = VERTEX_POINT ( 'NONE', #2363 ) ;
#5796 = CARTESIAN_POINT ( 'NONE',  ( 1.499999999999997300, 0.4999999999999995600, -2.700000000000000200 ) ) ;
#5797 = EDGE_CURVE ( 'NONE', #3956, #3104, #3216, .T. ) ;
#5798 = LINE ( 'NONE', #3547, #932 ) ;
#5799 = FILL_AREA_STYLE_COLOUR ( '', #1552 ) ;
#5800 = ORIENTED_EDGE ( 'NONE', *, *, #2079, .T. ) ;
#5801 =( NAMED_UNIT ( * ) SI_UNIT ( $, .STERADIAN. ) SOLID_ANGLE_UNIT ( ) );
#5802 = VECTOR ( 'NONE', #226, 1000.000000000000000 ) ;
#5803 = ORIENTED_EDGE ( 'NONE', *, *, #3379, .F. ) ;
#5804 = ORIENTED_EDGE ( 'NONE', *, *, #398, .F. ) ;
#5805 = CARTESIAN_POINT ( 'NONE',  ( -2.211821679442724300, -1.000000000000000000, -2.499999999999997300 ) ) ;
#5806 = VECTOR ( 'NONE', #2378, 1000.000000000000000 ) ;
#5807 = CIRCLE ( 'NONE', #6348, 0.3099999999999999400 ) ;
#5808 = PLANE ( 'NONE',  #1070 ) ;
#5809 = ORIENTED_EDGE ( 'NONE', *, *, #4084, .F. ) ;
#5810 = ADVANCED_FACE ( 'NONE', ( #285 ), #1480, .T. ) ;
#5811 = VERTEX_POINT ( 'NONE', #5380 ) ;
#5812 = FACE_OUTER_BOUND ( 'NONE', #971, .T. ) ;
#5813 = DIRECTION ( 'NONE',  ( -1.000000000000000000, -0.0000000000000000000, -0.0000000000000000000 ) ) ;
#5814 = FACE_OUTER_BOUND ( 'NONE', #3002, .T. ) ;
#5815 =( GEOMETRIC_REPRESENTATION_CONTEXT ( 3 ) GLOBAL_UNCERTAINTY_ASSIGNED_CONTEXT ( ( #3463 ) ) GLOBAL_UNIT_ASSIGNED_CONTEXT ( ( #4194, #1700, #1220 ) ) REPRESENTATION_CONTEXT ( 'NONE', 'WORKASPACE' ) );
#5816 = ADVANCED_FACE ( 'NONE', ( #5957 ), #6045, .T. ) ;
#5817 = VERTEX_POINT ( 'NONE', #1422 ) ;
#5818 = CIRCLE ( 'NONE', #5092, 0.09999999999999982500 ) ;
#5819 = EDGE_CURVE ( 'NONE', #3677, #4417, #2428, .T. ) ;
#5820 = COLOUR_RGB ( '',1.000000000000000000, 1.000000000000000000, 1.000000000000000000 ) ;
#5821 = SURFACE_STYLE_FILL_AREA ( #2265 ) ;
#5822 = CARTESIAN_POINT ( 'NONE',  ( 1.470000000000000000, -1.100000000000000100, -4.907560881563969500 ) ) ;
#5823 = AXIS2_PLACEMENT_3D ( 'NONE', #3718, #693, #1686 ) ;
#5824 = LINE ( 'NONE', #3403, #3470 ) ;
#5825 = COLOUR_RGB ( '',1.000000000000000000, 1.000000000000000000, 1.000000000000000000 ) ;
#5826 = CARTESIAN_POINT ( 'NONE',  ( 1.874999999999999100, 0.0000000000000000000, 2.499999999999999600 ) ) ;
#5827 = CARTESIAN_POINT ( 'NONE',  ( -1.070000000000000300, -1.100000000000000100, -4.907560881563969500 ) ) ;
#5828 = ORIENTED_EDGE ( 'NONE', *, *, #379, .T. ) ;
#5829 = MECHANICAL_DESIGN_GEOMETRIC_PRESENTATION_REPRESENTATION (  '', ( #3478 ), #5735 ) ;
#5830 = ORIENTED_EDGE ( 'NONE', *, *, #5685, .F. ) ;
#5831 =( NAMED_UNIT ( * ) SI_UNIT ( $, .STERADIAN. ) SOLID_ANGLE_UNIT ( ) );
#5832 = PLANE ( 'NONE',  #4672 ) ;
#5833 = LINE ( 'NONE', #100, #1361 ) ;
#5834 = LINE ( 'NONE', #942, #4293 ) ;
#5835 = ORIENTED_EDGE ( 'NONE', *, *, #6312, .F. ) ;
#5836 = EDGE_CURVE ( 'NONE', #7, #6368, #5716, .T. ) ;
#5837 = ORIENTED_EDGE ( 'NONE', *, *, #5291, .F. ) ;
#5838 = ADVANCED_FACE ( 'NONE', ( #1790 ), #692, .F. ) ;
#5839 = FILL_AREA_STYLE_COLOUR ( '', #5429 ) ;
#5840 = FACE_OUTER_BOUND ( 'NONE', #2371, .T. ) ;
#5841 = ORIENTED_EDGE ( 'NONE', *, *, #705, .F. ) ;
#5842 =( NAMED_UNIT ( * ) SI_UNIT ( $, .STERADIAN. ) SOLID_ANGLE_UNIT ( ) );
#5843 = UNCERTAINTY_MEASURE_WITH_UNIT (LENGTH_MEASURE( 1.000000000000000100E-005 ), #1529, 'distance_accuracy_value', 'NONE');
#5844 = ORIENTED_EDGE ( 'NONE', *, *, #178, .F. ) ;
#5845 = AXIS2_PLACEMENT_3D ( 'NONE', #395, #1913, #899 ) ;
#5846 =( NAMED_UNIT ( * ) SI_UNIT ( $, .STERADIAN. ) SOLID_ANGLE_UNIT ( ) );
#5847 = DIRECTION ( 'NONE',  ( -0.0000000000000000000, -1.000000000000000000, -0.0000000000000000000 ) ) ;
#5848 = ADVANCED_FACE ( 'NONE', ( #5885 ), #3911, .F. ) ;
#5849 = CARTESIAN_POINT ( 'NONE',  ( 1.070000000000000100, -0.7844885823794624000, 3.979434154541485700 ) ) ;
#5850 = VERTEX_POINT ( 'NONE', #4394 ) ;
#5851 = CARTESIAN_POINT ( 'NONE',  ( 1.874999999999999100, 0.9000000000000000200, -2.500000000000000900 ) ) ;
#5852 = CARTESIAN_POINT ( 'NONE',  ( -0.2000000000000000900, -0.8506089874350454300, -4.924999999999999800 ) ) ;
#5853 = EDGE_CURVE ( 'NONE', #5197, #2774, #2908, .T. ) ;
#5854 = FILL_AREA_STYLE ('',( #804 ) ) ;
#5855 = ORIENTED_EDGE ( 'NONE', *, *, #1169, .F. ) ;
#5856 = MECHANICAL_DESIGN_GEOMETRIC_PRESENTATION_REPRESENTATION (  '', ( #1483 ), #1028 ) ;
#5857 = CYLINDRICAL_SURFACE ( 'NONE', #167, 0.3099999999999999400 ) ;
#5858 = VERTEX_POINT ( 'NONE', #5920 ) ;
#5859 =( LENGTH_UNIT ( ) NAMED_UNIT ( * ) SI_UNIT ( .MILLI., .METRE. ) );
#5860 = CIRCLE ( 'NONE', #1839, 0.09999999999999982500 ) ;
#5861 = ORIENTED_EDGE ( 'NONE', *, *, #820, .T. ) ;
#5862 = EDGE_CURVE ( 'NONE', #6085, #5136, #5081, .T. ) ;
#5863 = SURFACE_STYLE_FILL_AREA ( #954 ) ;
#5864 = CARTESIAN_POINT ( 'NONE',  ( 1.807951184059714000, -1.000000000000000000, -2.782951184059714300 ) ) ;
#5865 = DIRECTION ( 'NONE',  ( 0.0000000000000000000, -0.06975647374412441400, -0.9975640502598243100 ) ) ;
#5866 = CARTESIAN_POINT ( 'NONE',  ( -2.049999999999999400, 0.5000000000000000000, -2.199999999999996200 ) ) ;
#5867 = AXIS2_PLACEMENT_3D ( 'NONE', #1, #576, #4102 ) ;
#5868 = ORIENTED_EDGE ( 'NONE', *, *, #6147, .F. ) ;
#5869 = CARTESIAN_POINT ( 'NONE',  ( 2.050000000000001200, 0.5000000000000000000, 0.5000000000000000000 ) ) ;
#5870 = EDGE_CURVE ( 'NONE', #3441, #5113, #3771, .T. ) ;
#5871 = VERTEX_POINT ( 'NONE', #5032 ) ;
#5872 = FACE_OUTER_BOUND ( 'NONE', #1399, .T. ) ;
#5873 = AXIS2_PLACEMENT_3D ( 'NONE', #3634, #1163, #2118 ) ;
#5874 = LINE ( 'NONE', #6321, #4077 ) ;
#5875 = ADVANCED_FACE ( 'NONE', ( #772 ), #451, .T. ) ;
#5876 = CARTESIAN_POINT ( 'NONE',  ( -1.499999999999999100, 0.5000000000000000000, 2.200000000000000200 ) ) ;
#5877 = ORIENTED_EDGE ( 'NONE', *, *, #1866, .T. ) ;
#5878 = FACE_BOUND ( 'NONE', #6076, .T. ) ;
#5879 = ORIENTED_EDGE ( 'NONE', *, *, #4660, .F. ) ;
#5880 = DIRECTION ( 'NONE',  ( -0.0000000000000000000, -1.000000000000000000, -0.0000000000000000000 ) ) ;
#5881 = SURFACE_SIDE_STYLE ('',( #4140 ) ) ;
#5882 = EDGE_CURVE ( 'NONE', #153, #1337, #1945, .T. ) ;
#5883 = COLOUR_RGB ( '',1.000000000000000000, 1.000000000000000000, 1.000000000000000000 ) ;
#5884 = DIRECTION ( 'NONE',  ( 0.0000000000000000000, -1.000000000000000000, 0.0000000000000000000 ) ) ;
#5885 = FACE_OUTER_BOUND ( 'NONE', #567, .T. ) ;
#5886 = VECTOR ( 'NONE', #4006, 1000.000000000000000 ) ;
#5887 = CIRCLE ( 'NONE', #3079, 0.3499999999999996400 ) ;
#5888 = SURFACE_STYLE_USAGE ( .BOTH. , #4888 ) ;
#5889 = CARTESIAN_POINT ( 'NONE',  ( -1.070000000000000300, -0.2500000000000001100, 2.982518297014122400 ) ) ;
#5890 = DIRECTION ( 'NONE',  ( 0.0000000000000000000, -1.000000000000000000, 0.0000000000000000000 ) ) ;
#5891 = CIRCLE ( 'NONE', #599, 0.3000000000000003800 ) ;
#5892 = LINE ( 'NONE', #5495, #2593 ) ;
#5893 = CARTESIAN_POINT ( 'NONE',  ( 1.070000000000000100, -0.2500000000000001100, -3.601676395598661700 ) ) ;
#5894 = CIRCLE ( 'NONE', #3892, 0.5500000000000001600 ) ;
#5895 = DIRECTION ( 'NONE',  ( 0.0000000000000000000, 0.0000000000000000000, 1.000000000000000000 ) ) ;
#5896 = CIRCLE ( 'NONE', #5558, 0.9000000000000011300 ) ;
#5897 = AXIS2_PLACEMENT_3D ( 'NONE', #4607, #4097, #6086 ) ;
#5898 = FACE_OUTER_BOUND ( 'NONE', #6330, .T. ) ;
#5899 = PLANE ( 'NONE',  #5791 ) ;
#5900 = VERTEX_POINT ( 'NONE', #4502 ) ;
#5901 = DIRECTION ( 'NONE',  ( 0.0000000000000000000, 0.0000000000000000000, 1.000000000000000000 ) ) ;
#5902 = EDGE_CURVE ( 'NONE', #1725, #482, #5807, .T. ) ;
#5903 = DIRECTION ( 'NONE',  ( -1.000000000000000000, -0.0000000000000000000, 0.0000000000000000000 ) ) ;
#5904 = VERTEX_POINT ( 'NONE', #6071 ) ;
#5905 = DIRECTION ( 'NONE',  ( 0.0000000000000000000, -9.009844664146523100E-017, -1.000000000000000000 ) ) ;
#5906 = VERTEX_POINT ( 'NONE', #2023 ) ;
#5907 = AXIS2_PLACEMENT_3D ( 'NONE', #5984, #3538, #4042 ) ;
#5908 = ORIENTED_EDGE ( 'NONE', *, *, #1651, .T. ) ;
#5909 = FILL_AREA_STYLE_COLOUR ( '', #5009 ) ;
#5910 = MANIFOLD_SOLID_BREP ( 'Mirror1[3]', #5295 ) ;
#5911 = VECTOR ( 'NONE', #5193, 1000.000000000000000 ) ;
#5912 = ADVANCED_FACE ( 'NONE', ( #3297 ), #3451, .F. ) ;
#5913 = DIRECTION ( 'NONE',  ( 1.000000000000000000, 0.0000000000000000000, 0.0000000000000000000 ) ) ;
#5914 = ORIENTED_EDGE ( 'NONE', *, *, #5902, .F. ) ;
#5915 = EDGE_CURVE ( 'NONE', #1247, #3413, #2264, .T. ) ;
#5916 = ORIENTED_EDGE ( 'NONE', *, *, #2719, .F. ) ;
#5917 = EDGE_LOOP ( 'NONE', ( #2956, #4478, #4274, #4392 ) ) ;
#5918 = STYLED_ITEM ( 'NONE', ( #1092 ), #2853 ) ;
#5919 = VERTEX_POINT ( 'NONE', #6051 ) ;
#5920 = CARTESIAN_POINT ( 'NONE',  ( -1.999999999999999100, 0.4999999999999995600, -2.199999999999996600 ) ) ;
#5921 = CARTESIAN_POINT ( 'NONE',  ( 0.1999999999999998700, 0.0000000000000000000, 2.999999999999999600 ) ) ;
#5922 = EDGE_CURVE ( 'NONE', #6175, #3956, #2826, .T. ) ;
#5923 = ORIENTED_EDGE ( 'NONE', *, *, #2510, .T. ) ;
#5924 = DIRECTION ( 'NONE',  ( -1.000000000000000000, -0.0000000000000000000, 0.0000000000000000000 ) ) ;
#5925 = ORIENTED_EDGE ( 'NONE', *, *, #3068, .T. ) ;
#5926 = DIRECTION ( 'NONE',  ( 0.0000000000000000000, -0.9975640502598243100, 0.06975647374412440000 ) ) ;
#5927 = DIRECTION ( 'NONE',  ( -0.0000000000000000000, -1.000000000000000000, -0.0000000000000000000 ) ) ;
#5928 = DIRECTION ( 'NONE',  ( 0.0000000000000000000, 0.0000000000000000000, -1.000000000000000000 ) ) ;
#5929 =( LENGTH_UNIT ( ) NAMED_UNIT ( * ) SI_UNIT ( .MILLI., .METRE. ) );
#5930 = DIRECTION ( 'NONE',  ( 0.0000000000000000000, -0.06975647374412440000, 0.9975640502598243100 ) ) ;
#5931 = EDGE_LOOP ( 'NONE', ( #923, #6235, #3506, #3531 ) ) ;
#5932 = AXIS2_PLACEMENT_3D ( 'NONE', #2948, #423, #3957 ) ;
#5933 = CARTESIAN_POINT ( 'NONE',  ( 1.070000000000000100, -1.100000000000000100, -4.907560881563969500 ) ) ;
#5934 = FILL_AREA_STYLE ('',( #5447 ) ) ;
#5935 = LINE ( 'NONE', #2710, #6022 ) ;
#5936 = EDGE_CURVE ( 'NONE', #801, #3687, #5628, .T. ) ;
#5937 = CARTESIAN_POINT ( 'NONE',  ( -2.049999999999999400, 0.5000000000000000000, -2.199999999999996200 ) ) ;
#5938 = ORIENTED_EDGE ( 'NONE', *, *, #2577, .T. ) ;
#5939 = VECTOR ( 'NONE', #383, 1000.000000000000000 ) ;
#5940 = CARTESIAN_POINT ( 'NONE',  ( 0.1999999999999998700, -1.100000000000000100, 4.907560881563969500 ) ) ;
#5941 = COLOUR_RGB ( '',1.000000000000000000, 1.000000000000000000, 1.000000000000000000 ) ;
#5942 =( GEOMETRIC_REPRESENTATION_CONTEXT ( 3 ) GLOBAL_UNCERTAINTY_ASSIGNED_CONTEXT ( ( #2834 ) ) GLOBAL_UNIT_ASSIGNED_CONTEXT ( ( #5929, #6429, #388 ) ) REPRESENTATION_CONTEXT ( 'NONE', 'WORKASPACE' ) );
#5943 = PLANE ( 'NONE',  #5932 ) ;
#5944 = CARTESIAN_POINT ( 'NONE',  ( -1.499999999999995300, 0.5000000000000000000, 2.750000000000000400 ) ) ;
#5945 = LINE ( 'NONE', #2229, #4552 ) ;
#5946 = DIRECTION ( 'NONE',  ( 0.0000000000000000000, 1.000000000000000000, 0.0000000000000000000 ) ) ;
#5947 = ORIENTED_EDGE ( 'NONE', *, *, #2892, .F. ) ;
#5948 = PRESENTATION_LAYER_ASSIGNMENT (  '', '', ( #3473 ) ) ;
#5949 = VERTEX_POINT ( 'NONE', #1053 ) ;
#5950 = LINE ( 'NONE', #1068, #5313 ) ;
#5951 = PRESENTATION_LAYER_ASSIGNMENT (  '', '', ( #6286 ) ) ;
#5952 = CYLINDRICAL_SURFACE ( 'NONE', #1246, 0.04999999999999969700 ) ;
#5953 = CARTESIAN_POINT ( 'NONE',  ( 1.807951184059714000, -0.9000000000000000200, 2.432951184059714700 ) ) ;
#5954 = ORIENTED_EDGE ( 'NONE', *, *, #4909, .T. ) ;
#5955 = EDGE_CURVE ( 'NONE', #3854, #5051, #4719, .T. ) ;
#5956 = VECTOR ( 'NONE', #2356, 1000.000000000000100 ) ;
#5957 = FACE_OUTER_BOUND ( 'NONE', #5622, .T. ) ;
#5958 = PLANE ( 'NONE',  #2684 ) ;
#5959 = ORIENTED_EDGE ( 'NONE', *, *, #290, .F. ) ;
#5960 = LINE ( 'NONE', #2187, #3454 ) ;
#5961 = DIRECTION ( 'NONE',  ( 0.0000000000000000000, -0.06975647374412440000, -0.9975640502598243100 ) ) ;
#5962 = ORIENTED_EDGE ( 'NONE', *, *, #506, .F. ) ;
#5963 = FACE_OUTER_BOUND ( 'NONE', #189, .T. ) ;
#5964 = CARTESIAN_POINT ( 'NONE',  ( 1.470000000000000000, -0.7346103798664711500, 3.982921978228692000 ) ) ;
#5965 = VECTOR ( 'NONE', #3558, 1000.000000000000000 ) ;
#5966 = PRESENTATION_LAYER_ASSIGNMENT (  '', '', ( #5286 ) ) ;
#5967 = CARTESIAN_POINT ( 'NONE',  ( 0.0000000000000000000, -2.500000000000000400, 0.0000000000000000000 ) ) ;
#5968 = CARTESIAN_POINT ( 'NONE',  ( -1.070000000000000300, -1.100000000000000100, 4.907560881563969500 ) ) ;
#5969 = ORIENTED_EDGE ( 'NONE', *, *, #3679, .F. ) ;
#5970 = LINE ( 'NONE', #2630, #5094 ) ;
#5971 = PRODUCT ( '2SMPP-03', '2SMPP-03', '', ( #2280 ) ) ;
#5972 = CARTESIAN_POINT ( 'NONE',  ( 2.374999999999999100, 0.0000000000000000000, 2.499999999999996000 ) ) ;
#5973 = DIRECTION ( 'NONE',  ( 0.0000000000000000000, 0.0000000000000000000, -1.000000000000000000 ) ) ;
#5974 =( NAMED_UNIT ( * ) PLANE_ANGLE_UNIT ( ) SI_UNIT ( $, .RADIAN. ) );
#5975 = DIRECTION ( 'NONE',  ( 0.0000000000000000000, 0.0000000000000000000, 1.000000000000000000 ) ) ;
#5976 = EDGE_CURVE ( 'NONE', #4905, #6053, #4003, .T. ) ;
#5977 = PRESENTATION_STYLE_ASSIGNMENT (( #3710 ) ) ;
#5978 = STYLED_ITEM ( 'NONE', ( #1002 ), #5210 ) ;
#5979 = CARTESIAN_POINT ( 'NONE',  ( -0.2000000000000000900, -0.7844885823794622800, -3.979434154541485700 ) ) ;
#5980 = ORIENTED_EDGE ( 'NONE', *, *, #3859, .T. ) ;
#5981 = FACE_OUTER_BOUND ( 'NONE', #1227, .T. ) ;
#5982 = ORIENTED_EDGE ( 'NONE', *, *, #477, .F. ) ;
#5983 = VERTEX_POINT ( 'NONE', #6496 ) ;
#5984 = CARTESIAN_POINT ( 'NONE',  ( -1.070000000000000300, -0.7346103798664711500, -3.982921978228692000 ) ) ;
#5985 = EDGE_CURVE ( 'NONE', #5121, #1311, #1330, .T. ) ;
#5986 = CARTESIAN_POINT ( 'NONE',  ( -1.070000000000000300, -0.7346103798664689300, 3.982921978228692900 ) ) ;
#5987 = SURFACE_STYLE_FILL_AREA ( #4323 ) ;
#5988 = VECTOR ( 'NONE', #1341, 1000.000000000000100 ) ;
#5989 = VERTEX_POINT ( 'NONE', #4988 ) ;
#5990 = UNCERTAINTY_MEASURE_WITH_UNIT (LENGTH_MEASURE( 1.000000000000000100E-005 ), #4278, 'distance_accuracy_value', 'NONE');
#5991 = FILL_AREA_STYLE ('',( #2845 ) ) ;
#5992 = AXIS2_PLACEMENT_3D ( 'NONE', #2080, #533, #1504 ) ;
#5993 = ORIENTED_EDGE ( 'NONE', *, *, #6194, .F. ) ;
#5994 = CARTESIAN_POINT ( 'NONE',  ( 1.470000000000000000, -0.7844885823794624000, -3.979434154541485700 ) ) ;
#5995 = SURFACE_SIDE_STYLE ('',( #5863 ) ) ;
#5996 = VECTOR ( 'NONE', #67, 1000.000000000000000 ) ;
#5997 = ORIENTED_EDGE ( 'NONE', *, *, #4757, .T. ) ;
#5998 = ORIENTED_EDGE ( 'NONE', *, *, #4053, .F. ) ;
#5999 = EDGE_CURVE ( 'NONE', #232, #6160, #5322, .T. ) ;
#6000 = VECTOR ( 'NONE', #5502, 1000.000000000000100 ) ;
#6001 = ORIENTED_EDGE ( 'NONE', *, *, #3408, .F. ) ;
#6002 = DIRECTION ( 'NONE',  ( 0.0000000000000000000, 0.0000000000000000000, -1.000000000000000000 ) ) ;
#6003 = CARTESIAN_POINT ( 'NONE',  ( 1.470000000000000000, 0.0000000000000000000, 2.999999999999999600 ) ) ;
#6004 = SURFACE_STYLE_USAGE ( .BOTH. , #3554 ) ;
#6005 = AXIS2_PLACEMENT_3D ( 'NONE', #5014, #4483, #2432 ) ;
#6006 = ORIENTED_EDGE ( 'NONE', *, *, #1612, .T. ) ;
#6007 = CARTESIAN_POINT ( 'NONE',  ( -1.174827221408426300, -0.9000000000000000200, 1.652921966769066700 ) ) ;
#6008 = CARTESIAN_POINT ( 'NONE',  ( -1.070000000000000300, -0.2965121763127938100, 3.651554598111653100 ) ) ;
#6009 = DIRECTION ( 'NONE',  ( 0.0000000000000000000, -0.9975640502598242000, -0.06975647374412520500 ) ) ;
#6010 = EDGE_CURVE ( 'NONE', #4376, #206, #130, .T. ) ;
#6011 = CARTESIAN_POINT ( 'NONE',  ( 1.070000000000000100, -0.8506089874350454300, -4.924999999999999800 ) ) ;
#6012 = ORIENTED_EDGE ( 'NONE', *, *, #25, .T. ) ;
#6013 = VECTOR ( 'NONE', #2568, 1000.000000000000000 ) ;
#6014 =( NAMED_UNIT ( * ) PLANE_ANGLE_UNIT ( ) SI_UNIT ( $, .RADIAN. ) );
#6015 = AXIS2_PLACEMENT_3D ( 'NONE', #1891, #4929, #3442 ) ;
#6016 = COLOUR_RGB ( '',1.000000000000000000, 1.000000000000000000, 1.000000000000000000 ) ;
#6017 = DIRECTION ( 'NONE',  ( -0.0000000000000000000, 1.000000000000000000, -0.0000000000000000000 ) ) ;
#6018 = DIRECTION ( 'NONE',  ( 0.0000000000000000000, 0.06975647374412663500, -0.9975640502598242000 ) ) ;
#6019 = EDGE_LOOP ( 'NONE', ( #4936, #4185, #2417, #6309 ) ) ;
#6020 = MECHANICAL_DESIGN_GEOMETRIC_PRESENTATION_REPRESENTATION (  '', ( #4100 ), #6437 ) ;
#6021 = CARTESIAN_POINT ( 'NONE',  ( 1.874999999999995600, -0.9000000000000000200, 2.836821679442723000 ) ) ;
#6022 = VECTOR ( 'NONE', #3222, 1000.000000000000100 ) ;
#6023 = CARTESIAN_POINT ( 'NONE',  ( 1.874999999999999100, 1.000000000000000000, 2.499999999999999600 ) ) ;
#6024 = ORIENTED_EDGE ( 'NONE', *, *, #3185, .T. ) ;
#6025 = SURFACE_SIDE_STYLE ('',( #60 ) ) ;
#6026 = EDGE_CURVE ( 'NONE', #3848, #3688, #6458, .T. ) ;
#6027 = CARTESIAN_POINT ( 'NONE',  ( -0.2000000000000000900, -0.8506089874350454300, 4.924999999999999800 ) ) ;
#6028 = CARTESIAN_POINT ( 'NONE',  ( 0.1999999999999998700, -0.7844885823794622800, -3.979434154541485700 ) ) ;
#6029 =( GEOMETRIC_REPRESENTATION_CONTEXT ( 3 ) GLOBAL_UNCERTAINTY_ASSIGNED_CONTEXT ( ( #3381 ) ) GLOBAL_UNIT_ASSIGNED_CONTEXT ( ( #1496, #1991, #75 ) ) REPRESENTATION_CONTEXT ( 'NONE', 'WORKASPACE' ) );
#6030 = ORIENTED_EDGE ( 'NONE', *, *, #4913, .F. ) ;
#6031 = COLOUR_RGB ( '',1.000000000000000000, 1.000000000000000000, 1.000000000000000000 ) ;
#6032 = EDGE_LOOP ( 'NONE', ( #5318, #251, #2350, #1817 ) ) ;
#6033 = CARTESIAN_POINT ( 'NONE',  ( 1.470000000000000000, -0.7380982035536775000, -3.933043775715700600 ) ) ;
#6034 = CARTESIAN_POINT ( 'NONE',  ( -0.2000000000000000900, -0.3000000000000000400, 3.601676395598662200 ) ) ;
#6035 = ORIENTED_EDGE ( 'NONE', *, *, #4900, .F. ) ;
#6036 = FACE_OUTER_BOUND ( 'NONE', #3365, .T. ) ;
#6037 = DIRECTION ( 'NONE',  ( 0.0000000000000000000, 0.9975640502598242000, -0.06975647374412520500 ) ) ;
#6038 = EDGE_CURVE ( 'NONE', #6053, #4905, #5120, .T. ) ;
#6039 = VERTEX_POINT ( 'NONE', #5133 ) ;
#6040 = FACE_BOUND ( 'NONE', #6313, .T. ) ;
#6041 = ORIENTED_EDGE ( 'NONE', *, *, #477, .T. ) ;
#6042 = CARTESIAN_POINT ( 'NONE',  ( 0.1999999999999998700, -1.100000000000000100, 4.907560881563969500 ) ) ;
#6043 = CARTESIAN_POINT ( 'NONE',  ( 2.311578084468704800, -0.9069756473744127200, -2.499999999999999600 ) ) ;
#6044 = LINE ( 'NONE', #1288, #3614 ) ;
#6045 = CYLINDRICAL_SURFACE ( 'NONE', #1520, 0.09999999999999982500 ) ;
#6046 = UNCERTAINTY_MEASURE_WITH_UNIT (LENGTH_MEASURE( 1.000000000000000100E-005 ), #2394, 'distance_accuracy_value', 'NONE');
#6047 = VECTOR ( 'NONE', #260, 1000.000000000000000 ) ;
#6048 = DIRECTION ( 'NONE',  ( 0.0000000000000000000, 0.0000000000000000000, 1.000000000000000000 ) ) ;
#6049 = CARTESIAN_POINT ( 'NONE',  ( 0.1999999999999998700, -0.2500000000000001100, 2.982518297014122000 ) ) ;
#6050 = EDGE_CURVE ( 'NONE', #1758, #735, #4836, .T. ) ;
#6051 = CARTESIAN_POINT ( 'NONE',  ( -1.470000000000000200, -0.2500000000000002200, 3.601676395598662200 ) ) ;
#6052 = SURFACE_STYLE_USAGE ( .BOTH. , #4058 ) ;
#6053 = VERTEX_POINT ( 'NONE', #126 ) ;
#6054 = CIRCLE ( 'NONE', #1532, 0.5500000000000001600 ) ;
#6055 = AXIS2_PLACEMENT_3D ( 'NONE', #3154, #638, #148 ) ;
#6056 = CARTESIAN_POINT ( 'NONE',  ( -1.070000000000000300, -0.2790730578767624000, -3.900945610676609400 ) ) ;
#6057 = CARTESIAN_POINT ( 'NONE',  ( -1.070000000000000300, -0.2790730578767624000, 3.900945610676609400 ) ) ;
#6058 = EDGE_LOOP ( 'NONE', ( #5582, #1778 ) ) ;
#6059 = PRESENTATION_LAYER_ASSIGNMENT (  '', '', ( #2569 ) ) ;
#6060 = FACE_OUTER_BOUND ( 'NONE', #18, .T. ) ;
#6061 = DIRECTION ( 'NONE',  ( -0.0000000000000000000, -1.000000000000000000, -0.0000000000000000000 ) ) ;
#6062 = ORIENTED_EDGE ( 'NONE', *, *, #6211, .T. ) ;
#6063 = ORIENTED_EDGE ( 'NONE', *, *, #2168, .T. ) ;
#6064 = DIRECTION ( 'NONE',  ( 0.0000000000000000000, 0.06975647374412140300, 0.9975640502598245300 ) ) ;
#6065 = DIRECTION ( 'NONE',  ( 0.0000000000000000000, -1.000000000000000000, 0.0000000000000000000 ) ) ;
#6066 = EDGE_CURVE ( 'NONE', #4082, #4547, #6308, .T. ) ;
#6067 = SURFACE_STYLE_FILL_AREA ( #3190 ) ;
#6068 = ORIENTED_EDGE ( 'NONE', *, *, #3631, .F. ) ;
#6069 = PRESENTATION_STYLE_ASSIGNMENT (( #4937 ) ) ;
#6070 = VERTEX_POINT ( 'NONE', #2125 ) ;
#6071 = CARTESIAN_POINT ( 'NONE',  ( -1.070000000000000300, -0.7555373219897065800, 3.683652763150745600 ) ) ;
#6072 = PRESENTATION_LAYER_ASSIGNMENT (  '', '', ( #3172 ) ) ;
#6073 = DIRECTION ( 'NONE',  ( 1.000000000000000000, 0.0000000000000000000, -1.156482317317873700E-016 ) ) ;
#6074 = DIRECTION ( 'NONE',  ( -1.000000000000000000, -0.0000000000000000000, 0.0000000000000000000 ) ) ;
#6075 = PRESENTATION_STYLE_ASSIGNMENT (( #4544 ) ) ;
#6076 = EDGE_LOOP ( 'NONE', ( #5533, #475, #1199, #84 ) ) ;
#6077 = ORIENTED_EDGE ( 'NONE', *, *, #5260, .F. ) ;
#6078 = AXIS2_PLACEMENT_3D ( 'NONE', #4436, #2952, #4459 ) ;
#6079 = CARTESIAN_POINT ( 'NONE',  ( -1.070000000000000300, -0.7844885823794624000, -3.979434154541485700 ) ) ;
#6080 = TOROIDAL_SURFACE ( 'NONE', #2006, 0.3368216794427232900, 0.1000000000000000100 ) ;
#6081 = VERTEX_POINT ( 'NONE', #3665 ) ;
#6082 = AXIS2_PLACEMENT_3D ( 'NONE', #2181, #648, #4705 ) ;
#6083 = ORIENTED_EDGE ( 'NONE', *, *, #3034, .F. ) ;
#6084 = CARTESIAN_POINT ( 'NONE',  ( 2.050000000000001200, 1.000000000000000000, 0.5000000000000000000 ) ) ;
#6085 = VERTEX_POINT ( 'NONE', #4167 ) ;
#6086 = DIRECTION ( 'NONE',  ( 0.0000000000000000000, 0.0000000000000000000, -1.000000000000000000 ) ) ;
#6087 = EDGE_CURVE ( 'NONE', #3963, #4943, #5591, .T. ) ;
#6088 = CARTESIAN_POINT ( 'NONE',  ( 2.211821679442722600, 0.9000000000000000200, 0.5000000000000000000 ) ) ;
#6089 =( NAMED_UNIT ( * ) SI_UNIT ( $, .STERADIAN. ) SOLID_ANGLE_UNIT ( ) );
#6090 = AXIS2_PLACEMENT_3D ( 'NONE', #2038, #6515, #4522 ) ;
#6091 = CARTESIAN_POINT ( 'NONE',  ( 5.702345871682348400E-016, -0.9000000000000000200, -1.700000000000000600 ) ) ;
#6092 = PLANE ( 'NONE',  #2724 ) ;
#6093 = AXIS2_PLACEMENT_3D ( 'NONE', #5944, #6462, #2527 ) ;
#6094 = VECTOR ( 'NONE', #4063, 1000.000000000000100 ) ;
#6095 = DIRECTION ( 'NONE',  ( 0.0000000000000000000, 1.000000000000000000, 0.0000000000000000000 ) ) ;
#6096 = CARTESIAN_POINT ( 'NONE',  ( -1.874999999999998700, 0.9000000000000000200, -2.836821679442723900 ) ) ;
#6097 = CARTESIAN_POINT ( 'NONE',  ( -2.375000000000000900, 0.0000000000000000000, -2.499999999999996400 ) ) ;
#6098 = ORIENTED_EDGE ( 'NONE', *, *, #5741, .F. ) ;
#6099 = LINE ( 'NONE', #240, #3513 ) ;
#6100 = DIRECTION ( 'NONE',  ( 0.0000000000000000000, 1.000000000000000000, 0.0000000000000000000 ) ) ;
#6101 = FACE_OUTER_BOUND ( 'NONE', #3325, .T. ) ;
#6102 = FILL_AREA_STYLE_COLOUR ( '', #6427 ) ;
#6103 = ORIENTED_EDGE ( 'NONE', *, *, #4227, .T. ) ;
#6104 = FACE_OUTER_BOUND ( 'NONE', #6386, .T. ) ;
#6105 = CARTESIAN_POINT ( 'NONE',  ( -1.070000000000000300, -1.100000000000000100, -4.907560881563969500 ) ) ;
#6106 = DIRECTION ( 'NONE',  ( 0.0000000000000000000, -9.009844664146523100E-017, 1.000000000000000000 ) ) ;
#6107 = AXIS2_PLACEMENT_3D ( 'NONE', #5079, #6061, #6510 ) ;
#6108 = ORIENTED_EDGE ( 'NONE', *, *, #5485, .F. ) ;
#6109 = CIRCLE ( 'NONE', #4939, 0.2999999999999994900 ) ;
#6110 = DIRECTION ( 'NONE',  ( 0.0000000000000000000, 0.0000000000000000000, 1.000000000000000000 ) ) ;
#6111 = LINE ( 'NONE', #1500, #3445 ) ;
#6112 = EDGE_CURVE ( 'NONE', #5153, #3162, #2388, .T. ) ;
#6113 = ORIENTED_EDGE ( 'NONE', *, *, #5562, .F. ) ;
#6114 = COLOUR_RGB ( '',1.000000000000000000, 1.000000000000000000, 1.000000000000000000 ) ;
#6115 =( NAMED_UNIT ( * ) PLANE_ANGLE_UNIT ( ) SI_UNIT ( $, .RADIAN. ) );
#6116 = ORIENTED_EDGE ( 'NONE', *, *, #2381, .F. ) ;
#6117 = CARTESIAN_POINT ( 'NONE',  ( 1.470000000000000000, -0.7844885823794624000, 3.979434154541485700 ) ) ;
#6118 = ORIENTED_EDGE ( 'NONE', *, *, #5013, .F. ) ;
#6119 = DIRECTION ( 'NONE',  ( 0.0000000000000000000, 1.000000000000000000, 0.0000000000000000000 ) ) ;
#6120 = EDGE_CURVE ( 'NONE', #1663, #3169, #5203, .T. ) ;
#6121 = LINE ( 'NONE', #1000, #4485 ) ;
#6122 = VECTOR ( 'NONE', #4533, 1000.000000000000000 ) ;
#6123 = DIRECTION ( 'NONE',  ( 0.0000000000000000000, -0.9975640502598245300, -0.06975647374412140300 ) ) ;
#6124 = SURFACE_STYLE_FILL_AREA ( #4812 ) ;
#6125 =( GEOMETRIC_REPRESENTATION_CONTEXT ( 3 ) GLOBAL_UNCERTAINTY_ASSIGNED_CONTEXT ( ( #3666 ) ) GLOBAL_UNIT_ASSIGNED_CONTEXT ( ( #4773, #5256, #5232 ) ) REPRESENTATION_CONTEXT ( 'NONE', 'WORKASPACE' ) );
#6126 = SURFACE_STYLE_FILL_AREA ( #5230 ) ;
#6127 = CARTESIAN_POINT ( 'NONE',  ( 2.211821679442722600, 0.9000000000000000200, 2.499999999999996000 ) ) ;
#6128 = DIRECTION ( 'NONE',  ( 8.673617379884035500E-016, 0.0000000000000000000, 1.000000000000000000 ) ) ;
#6129 = VECTOR ( 'NONE', #6465, 1000.000000000000000 ) ;
#6130 = EDGE_CURVE ( 'NONE', #3956, #896, #4446, .T. ) ;
#6131 = CARTESIAN_POINT ( 'NONE',  ( 1.174827221408426300, -0.9000000000000000200, -2.272921966769066300 ) ) ;
#6132 = CARTESIAN_POINT ( 'NONE',  ( 2.211821679442722600, 1.000000000000000000, 0.5000000000000000000 ) ) ;
#6133 = SURFACE_STYLE_FILL_AREA ( #2923 ) ;
#6134 = DIRECTION ( 'NONE',  ( 0.0000000000000000000, 0.0000000000000000000, -1.000000000000000000 ) ) ;
#6135 = CARTESIAN_POINT ( 'NONE',  ( 1.470000000000000000, -0.7346103798664689300, -3.982921978228692900 ) ) ;
#6136 = VERTEX_POINT ( 'NONE', #3597 ) ;
#6137 = SURFACE_STYLE_FILL_AREA ( #4489 ) ;
#6138 = VERTEX_POINT ( 'NONE', #6132 ) ;
#6139 = ADVANCED_FACE ( 'NONE', ( #248 ), #2662, .F. ) ;
#6140 = CARTESIAN_POINT ( 'NONE',  ( 1.592040838891560600E-016, -6.557179676972444900, -1.300000000000000900 ) ) ;
#6141 = AXIS2_PLACEMENT_3D ( 'NONE', #5986, #6461, #988 ) ;
#6142 = ORIENTED_EDGE ( 'NONE', *, *, #4345, .F. ) ;
#6143 = SURFACE_STYLE_FILL_AREA ( #2657 ) ;
#6144 = ORIENTED_EDGE ( 'NONE', *, *, #2698, .T. ) ;
#6145 =( LENGTH_UNIT ( ) NAMED_UNIT ( * ) SI_UNIT ( .MILLI., .METRE. ) );
#6146 = CARTESIAN_POINT ( 'NONE',  ( 1.500000000000000900, 0.4999999999999995600, -2.200000000000000200 ) ) ;
#6147 = EDGE_CURVE ( 'NONE', #4196, #4119, #4906, .T. ) ;
#6148 = DIRECTION ( 'NONE',  ( 0.0000000000000000000, 0.0000000000000000000, -1.000000000000000000 ) ) ;
#6149 = ORIENTED_EDGE ( 'NONE', *, *, #4425, .F. ) ;
#6150 =( NAMED_UNIT ( * ) PLANE_ANGLE_UNIT ( ) SI_UNIT ( $, .RADIAN. ) );
#6151 = EDGE_LOOP ( 'NONE', ( #1254, #683, #3559, #2055 ) ) ;
#6152 = DIRECTION ( 'NONE',  ( 0.0000000000000000000, -0.9975640502598245300, -0.06975647374412140300 ) ) ;
#6153 = LINE ( 'NONE', #6469, #3566 ) ;
#6154 = AXIS2_PLACEMENT_3D ( 'NONE', #6352, #880, #5346 ) ;
#6155 = VERTEX_POINT ( 'NONE', #2602 ) ;
#6156 = ORIENTED_EDGE ( 'NONE', *, *, #5606, .T. ) ;
#6157 = AXIS2_PLACEMENT_3D ( 'NONE', #4924, #4477, #391 ) ;
#6158 = DIRECTION ( 'NONE',  ( -0.0000000000000000000, 0.0000000000000000000, 1.000000000000000000 ) ) ;
#6159 = SURFACE_STYLE_USAGE ( .BOTH. , #6222 ) ;
#6160 = VERTEX_POINT ( 'NONE', #4126 ) ;
#6161 = FILL_AREA_STYLE ('',( #2648 ) ) ;
#6162 = AXIS2_PLACEMENT_3D ( 'NONE', #5968, #929, #4978 ) ;
#6163 = CARTESIAN_POINT ( 'NONE',  ( -0.2000000000000000900, 0.0000000000000000000, 2.999999999999999600 ) ) ;
#6164 = EDGE_CURVE ( 'NONE', #4119, #4615, #4290, .T. ) ;
#6165 = EDGE_LOOP ( 'NONE', ( #1059, #1641, #3420, #3890 ) ) ;
#6166 = ORIENTED_EDGE ( 'NONE', *, *, #6320, .F. ) ;
#6167 = CARTESIAN_POINT ( 'NONE',  ( 1.070000000000000100, -0.2500000000000002200, 3.601676395598661700 ) ) ;
#6168 = DIRECTION ( 'NONE',  ( 0.0000000000000000000, 0.9975640502598243100, -0.06975647374412441400 ) ) ;
#6169 = DIRECTION ( 'NONE',  ( 0.0000000000000000000, 0.0000000000000000000, -1.000000000000000000 ) ) ;
#6170 = SURFACE_STYLE_FILL_AREA ( #4556 ) ;
#6171 = DIRECTION ( 'NONE',  ( 1.000000000000000000, 0.0000000000000000000, 0.0000000000000000000 ) ) ;
#6172 = ADVANCED_FACE ( 'NONE', ( #2549 ), #4480, .F. ) ;
#6173 = LINE ( 'NONE', #5160, #1621 ) ;
#6174 = ORIENTED_EDGE ( 'NONE', *, *, #257, .T. ) ;
#6175 = VERTEX_POINT ( 'NONE', #2490 ) ;
#6176 = AXIS2_PLACEMENT_3D ( 'NONE', #3534, #2476, #4015 ) ;
#6177 = DIRECTION ( 'NONE',  ( 0.0000000000000000000, 0.06975647374412140300, 0.9975640502598245300 ) ) ;
#6178 = ORIENTED_EDGE ( 'NONE', *, *, #2970, .F. ) ;
#6179 = DIRECTION ( 'NONE',  ( 0.0000000000000000000, 0.0000000000000000000, -1.000000000000000000 ) ) ;
#6180 = LINE ( 'NONE', #5101, #4867 ) ;
#6181 = VERTEX_POINT ( 'NONE', #5483 ) ;
#6182 = EDGE_LOOP ( 'NONE', ( #2721, #6035, #3644, #2344 ) ) ;
#6183 = DIRECTION ( 'NONE',  ( 0.0000000000000000000, -9.009844664146523100E-017, 1.000000000000000000 ) ) ;
#6184 = EDGE_CURVE ( 'NONE', #4124, #4768, #649, .T. ) ;
#6185 = DIRECTION ( 'NONE',  ( -0.0000000000000000000, -1.000000000000000000, -0.0000000000000000000 ) ) ;
#6186 = COLOUR_RGB ( '',1.000000000000000000, 1.000000000000000000, 1.000000000000000000 ) ;
#6187 = DIRECTION ( 'NONE',  ( -1.000000000000000000, -0.0000000000000000000, 0.0000000000000000000 ) ) ;
#6188 = SURFACE_SIDE_STYLE ('',( #4190 ) ) ;
#6189 = SURFACE_STYLE_FILL_AREA ( #1751 ) ;
#6190 = ORIENTED_EDGE ( 'NONE', *, *, #257, .F. ) ;
#6191 = CARTESIAN_POINT ( 'NONE',  ( 2.050000000000001200, 0.5000000000000000000, 2.199999999999996600 ) ) ;
#6192 = DIRECTION ( 'NONE',  ( -1.000000000000000000, -0.0000000000000000000, -0.0000000000000000000 ) ) ;
#6193 = PLANE ( 'NONE',  #2691 ) ;
#6194 = EDGE_CURVE ( 'NONE', #249, #575, #410, .T. ) ;
#6195 = LINE ( 'NONE', #4217, #6047 ) ;
#6196 = COLOUR_RGB ( '',1.000000000000000000, 1.000000000000000000, 1.000000000000000000 ) ;
#6197 = CARTESIAN_POINT ( 'NONE',  ( 0.1999999999999998700, -0.2500000000000001100, 3.601676395598661700 ) ) ;
#6198 = AXIS2_PLACEMENT_3D ( 'NONE', #5106, #5635, #101 ) ;
#6199 =( NAMED_UNIT ( * ) PLANE_ANGLE_UNIT ( ) SI_UNIT ( $, .RADIAN. ) );
#6200 = VECTOR ( 'NONE', #1827, 1000.000000000000000 ) ;
#6201 = PLANE ( 'NONE',  #959 ) ;
#6202 = EDGE_CURVE ( 'NONE', #3688, #2130, #5761, .T. ) ;
#6203 = ADVANCED_FACE ( 'NONE', ( #5440 ), #3573, .T. ) ;
#6204 = ORIENTED_EDGE ( 'NONE', *, *, #5096, .F. ) ;
#6205 = FACE_OUTER_BOUND ( 'NONE', #2450, .T. ) ;
#6206 = DIRECTION ( 'NONE',  ( 0.0000000000000000000, 1.000000000000000000, 0.0000000000000000000 ) ) ;
#6207 = AXIS2_PLACEMENT_3D ( 'NONE', #5677, #2164, #3278 ) ;
#6208 = FILL_AREA_STYLE ('',( #3633 ) ) ;
#6209 = CARTESIAN_POINT ( 'NONE',  ( 1.874999999999995800, 0.0000000000000000000, -3.000000000000000900 ) ) ;
#6210 = AXIS2_PLACEMENT_3D ( 'NONE', #6096, #1596, #1135 ) ;
#6211 = EDGE_CURVE ( 'NONE', #5121, #3337, #5047, .T. ) ;
#6212 =( LENGTH_UNIT ( ) NAMED_UNIT ( * ) SI_UNIT ( .MILLI., .METRE. ) );
#6213 = ORIENTED_EDGE ( 'NONE', *, *, #170, .T. ) ;
#6214 = DIRECTION ( 'NONE',  ( -1.000000000000000000, -0.0000000000000000000, 0.0000000000000000000 ) ) ;
#6215 = SURFACE_SIDE_STYLE ('',( #5821 ) ) ;
#6216 = DIRECTION ( 'NONE',  ( 0.0000000000000000000, 0.9975640502598242000, -0.06975647374412545500 ) ) ;
#6217 = COLOUR_RGB ( '',1.000000000000000000, 1.000000000000000000, 1.000000000000000000 ) ;
#6218 = ORIENTED_EDGE ( 'NONE', *, *, #5096, .T. ) ;
#6219 = LINE ( 'NONE', #2369, #4505 ) ;
#6220 = EDGE_LOOP ( 'NONE', ( #2441, #4871, #2896, #6226 ) ) ;
#6221 = CARTESIAN_POINT ( 'NONE',  ( 1.470000000000000000, -0.3000000000000000400, -3.601676395598662200 ) ) ;
#6222 = SURFACE_SIDE_STYLE ('',( #2107 ) ) ;
#6223 = CARTESIAN_POINT ( 'NONE',  ( 0.1999999999999998700, -0.2500000000000002200, -3.601676395598661700 ) ) ;
#6224 = FACE_OUTER_BOUND ( 'NONE', #6451, .T. ) ;
#6225 = ORIENTED_EDGE ( 'NONE', *, *, #3845, .F. ) ;
#6226 = ORIENTED_EDGE ( 'NONE', *, *, #2420, .T. ) ;
#6227 = CARTESIAN_POINT ( 'NONE',  ( -1.807951184059714000, -1.000000000000000000, 2.432951184059714700 ) ) ;
#6228 = ADVANCED_FACE ( 'NONE', ( #1982 ), #6080, .T. ) ;
#6229 = AXIS2_PLACEMENT_3D ( 'NONE', #5309, #5374, #1352 ) ;
#6230 = DIRECTION ( 'NONE',  ( -1.000000000000000000, -0.0000000000000000000, -0.0000000000000000000 ) ) ;
#6231 = VECTOR ( 'NONE', #5503, 1000.000000000000000 ) ;
#6232 = VERTEX_POINT ( 'NONE', #5445 ) ;
#6233 = DIRECTION ( 'NONE',  ( 0.0000000000000000000, 0.0000000000000000000, -1.000000000000000000 ) ) ;
#6234 = DIRECTION ( 'NONE',  ( 0.0000000000000000000, 0.0000000000000000000, 1.000000000000000000 ) ) ;
#6235 = ORIENTED_EDGE ( 'NONE', *, *, #2809, .F. ) ;
#6236 = EDGE_CURVE ( 'NONE', #6300, #593, #901, .T. ) ;
#6237 = SURFACE_STYLE_USAGE ( .BOTH. , #3819 ) ;
#6238 = SURFACE_STYLE_USAGE ( .BOTH. , #2215 ) ;
#6239 = ADVANCED_FACE ( 'NONE', ( #1445 ), #2448, .F. ) ;
#6240 = MECHANICAL_DESIGN_GEOMETRIC_PRESENTATION_REPRESENTATION (  '', ( #6358 ), #1658 ) ;
#6241 = ORIENTED_EDGE ( 'NONE', *, *, #5721, .T. ) ;
#6242 = EDGE_CURVE ( 'NONE', #236, #2614, #2784, .T. ) ;
#6243 = DIRECTION ( 'NONE',  ( 0.0000000000000000000, 0.06975647374412502500, 0.9975640502598243100 ) ) ;
#6244 = COLOUR_RGB ( '',1.000000000000000000, 1.000000000000000000, 1.000000000000000000 ) ;
#6245 = DIRECTION ( 'NONE',  ( -1.000000000000000000, -0.0000000000000000000, -0.0000000000000000000 ) ) ;
#6246 = MECHANICAL_DESIGN_GEOMETRIC_PRESENTATION_REPRESENTATION (  '', ( #738 ), #6125 ) ;
#6247 = LINE ( 'NONE', #52, #510 ) ;
#6248 = ORIENTED_EDGE ( 'NONE', *, *, #6010, .T. ) ;
#6249 = CARTESIAN_POINT ( 'NONE',  ( 0.1999999999999998700, -0.2790730578767624000, 3.900945610676608900 ) ) ;
#6250 = COLOUR_RGB ( '',0.7921568627450980000, 0.8196078431372548800, 0.9333333333333333500 ) ;
#6251 = EDGE_CURVE ( 'NONE', #5904, #4376, #5279, .T. ) ;
#6252 = ORIENTED_EDGE ( 'NONE', *, *, #4678, .F. ) ;
#6253 = CARTESIAN_POINT ( 'NONE',  ( -2.375000000000000900, 0.0000000000000000000, 2.499999999999996400 ) ) ;
#6254 = DIRECTION ( 'NONE',  ( -1.000000000000000000, 0.0000000000000000000, 2.312964634635747400E-016 ) ) ;
#6255 = DIRECTION ( 'NONE',  ( 0.0000000000000000000, 0.0000000000000000000, 1.000000000000000000 ) ) ;
#6256 = DIRECTION ( 'NONE',  ( 0.0000000000000000000, 0.9975640502598243100, 0.06975647374412441400 ) ) ;
#6257 = VERTEX_POINT ( 'NONE', #5933 ) ;
#6258 = LINE ( 'NONE', #5199, #197 ) ;
#6259 = ADVANCED_FACE ( 'NONE', ( #5668 ), #3888, .F. ) ;
#6260 = ORIENTED_EDGE ( 'NONE', *, *, #4501, .F. ) ;
#6261 = VERTEX_POINT ( 'NONE', #4460 ) ;
#6262 = DIRECTION ( 'NONE',  ( 0.0000000000000000000, 0.0000000000000000000, -1.000000000000000000 ) ) ;
#6263 = FILL_AREA_STYLE_COLOUR ( '', #1179 ) ;
#6264 = TOROIDAL_SURFACE ( 'NONE', #3767, 0.3368216794427232900, 0.1000000000000000100 ) ;
#6265 = FACE_BOUND ( 'NONE', #5631, .T. ) ;
#6266 =( LENGTH_UNIT ( ) NAMED_UNIT ( * ) SI_UNIT ( .MILLI., .METRE. ) );
#6267 = ORIENTED_EDGE ( 'NONE', *, *, #2395, .T. ) ;
#6268 = AXIS2_PLACEMENT_3D ( 'NONE', #1942, #4578, #2585 ) ;
#6269 = DIRECTION ( 'NONE',  ( 0.0000000000000000000, 0.0000000000000000000, 1.000000000000000000 ) ) ;
#6270 = UNCERTAINTY_MEASURE_WITH_UNIT (LENGTH_MEASURE( 1.000000000000000100E-005 ), #2988, 'distance_accuracy_value', 'NONE');
#6271 = SURFACE_STYLE_FILL_AREA ( #1214 ) ;
#6273 = ADVANCED_FACE ( 'NONE', ( #4281 ), #415, .F. ) ;
#6272 = PRESENTATION_STYLE_ASSIGNMENT (( #2941 ) ) ;
#6274 = DIRECTION ( 'NONE',  ( 1.000000000000000000, 0.0000000000000000000, -2.312964634635747400E-016 ) ) ;
#6275 = VERTEX_POINT ( 'NONE', #6452 ) ;
#6276 = EDGE_CURVE ( 'NONE', #3104, #2210, #4755, .T. ) ;
#6277 = ORIENTED_EDGE ( 'NONE', *, *, #6440, .F. ) ;
#6278 = AXIS2_PLACEMENT_3D ( 'NONE', #4456, #3964, #3904 ) ;
#6279 = CARTESIAN_POINT ( 'NONE',  ( -2.049999999999999400, 0.5000000000000000000, 2.200000000000000200 ) ) ;
#6280 = LINE ( 'NONE', #13, #6122 ) ;
#6281 = COLOUR_RGB ( '',1.000000000000000000, 1.000000000000000000, 1.000000000000000000 ) ;
#6282 = CARTESIAN_POINT ( 'NONE',  ( -1.024695076595960400, -1.000000000000000000, -1.599999999999999900 ) ) ;
#6283 = ORIENTED_EDGE ( 'NONE', *, *, #4734, .F. ) ;
#6284 = AXIS2_PLACEMENT_3D ( 'NONE', #5652, #5609, #5148 ) ;
#6285 = CARTESIAN_POINT ( 'NONE',  ( 5.322705363946669100E-016, -0.9000000000000000200, 2.010000000000000700 ) ) ;
#6286 = STYLED_ITEM ( 'NONE', ( #6345 ), #2197 ) ;
#6287 = FACE_OUTER_BOUND ( 'NONE', #416, .T. ) ;
#6288 = EDGE_CURVE ( 'NONE', #915, #5461, #2936, .T. ) ;
#6289 = EDGE_LOOP ( 'NONE', ( #679, #3446 ) ) ;
#6290 = CARTESIAN_POINT ( 'NONE',  ( 1.470000000000000000, -0.7555373219897065800, 3.683652763150745200 ) ) ;
#6291 = ADVANCED_FACE ( 'NONE', ( #6224 ), #3101, .F. ) ;
#6292 = DIRECTION ( 'NONE',  ( 0.9975640502598243100, -0.06975647374412546900, 0.0000000000000000000 ) ) ;
#6293 = ORIENTED_EDGE ( 'NONE', *, *, #111, .F. ) ;
#6294 = MECHANICAL_DESIGN_GEOMETRIC_PRESENTATION_REPRESENTATION (  '', ( #4076 ), #3401 ) ;
#6295 = LINE ( 'NONE', #3259, #4824 ) ;
#6296 = EDGE_LOOP ( 'NONE', ( #2293, #3555, #5201, #2933 ) ) ;
#6297 = VERTEX_POINT ( 'NONE', #572 ) ;
#6298 = AXIS2_PLACEMENT_3D ( 'NONE', #4295, #1253, #3291 ) ;
#6299 = VECTOR ( 'NONE', #419, 1000.000000000000000 ) ;
#6300 = VERTEX_POINT ( 'NONE', #5589 ) ;
#6301 =( NAMED_UNIT ( * ) SI_UNIT ( $, .STERADIAN. ) SOLID_ANGLE_UNIT ( ) );
#6302 = DIRECTION ( 'NONE',  ( -0.0000000000000000000, -1.000000000000000000, -0.0000000000000000000 ) ) ;
#6303 = ADVANCED_FACE ( 'NONE', ( #2053 ), #2576, .F. ) ;
#6304 = ORIENTED_EDGE ( 'NONE', *, *, #963, .T. ) ;
#6305 = ORIENTED_EDGE ( 'NONE', *, *, #1044, .T. ) ;
#6306 = DIRECTION ( 'NONE',  ( 0.0000000000000000000, 1.000000000000000000, 0.0000000000000000000 ) ) ;
#6307 = UNCERTAINTY_MEASURE_WITH_UNIT (LENGTH_MEASURE( 1.000000000000000100E-005 ), #5261, 'distance_accuracy_value', 'NONE');
#6308 = LINE ( 'NONE', #6091, #3965 ) ;
#6309 = ORIENTED_EDGE ( 'NONE', *, *, #1687, .T. ) ;
#6310 = CIRCLE ( 'NONE', #3229, 0.04999999999999969700 ) ;
#6311 = ORIENTED_EDGE ( 'NONE', *, *, #2772, .F. ) ;
#6312 = EDGE_CURVE ( 'NONE', #4895, #3854, #1439, .T. ) ;
#6313 = EDGE_LOOP ( 'NONE', ( #3968, #3014 ) ) ;
#6314 = FILL_AREA_STYLE ('',( #5208 ) ) ;
#6315 = AXIS2_PLACEMENT_3D ( 'NONE', #3060, #4075, #2535 ) ;
#6316 = EDGE_LOOP ( 'NONE', ( #4304, #4834, #1515, #3962 ) ) ;
#6317 = DIRECTION ( 'NONE',  ( 0.0000000000000000000, 0.0000000000000000000, 1.000000000000000000 ) ) ;
#6318 =( GEOMETRIC_REPRESENTATION_CONTEXT ( 3 ) GLOBAL_UNCERTAINTY_ASSIGNED_CONTEXT ( ( #1659 ) ) GLOBAL_UNIT_ASSIGNED_CONTEXT ( ( #3347, #1347, #2882 ) ) REPRESENTATION_CONTEXT ( 'NONE', 'WORKASPACE' ) );
#6319 = DIRECTION ( 'NONE',  ( -1.000000000000000000, -0.0000000000000000000, 0.0000000000000000000 ) ) ;
#6320 = EDGE_CURVE ( 'NONE', #5904, #4506, #895, .T. ) ;
#6321 = CARTESIAN_POINT ( 'NONE',  ( 0.1999999999999998700, -0.2965121763127938100, -3.651554598111652600 ) ) ;
#6322 = FILL_AREA_STYLE_COLOUR ( '', #6281 ) ;
#6323 = MECHANICAL_DESIGN_GEOMETRIC_PRESENTATION_REPRESENTATION (  '', ( #5436 ), #3180 ) ;
#6324 = ORIENTED_EDGE ( 'NONE', *, *, #4296, .F. ) ;
#6325 = EDGE_LOOP ( 'NONE', ( #123, #4191, #4593, #3922 ) ) ;
#6326 = ADVANCED_FACE ( 'NONE', ( #5840 ), #4052, .T. ) ;
#6327 = LINE ( 'NONE', #4068, #1617 ) ;
#6328 = CARTESIAN_POINT ( 'NONE',  ( 0.1999999999999998700, -0.7346103798664711500, -3.982921978228692000 ) ) ;
#6329 = EDGE_CURVE ( 'NONE', #1247, #1043, #4515, .T. ) ;
#6330 = EDGE_LOOP ( 'NONE', ( #3685, #81, #4715, #5128 ) ) ;
#6331 = FILL_AREA_STYLE ('',( #1809 ) ) ;
#6332 = LINE ( 'NONE', #6467, #838 ) ;
#6333 = DIRECTION ( 'NONE',  ( -1.000000000000000000, 0.0000000000000000000, 0.0000000000000000000 ) ) ;
#6334 = ADVANCED_FACE ( 'NONE', ( #725 ), #4031, .F. ) ;
#6335 = ORIENTED_EDGE ( 'NONE', *, *, #1841, .F. ) ;
#6336 = CARTESIAN_POINT ( 'NONE',  ( -1.470000000000000200, -0.3000000000000000400, 3.601676395598662600 ) ) ;
#6337 = CARTESIAN_POINT ( 'NONE',  ( 1.807951184059714000, -0.9000000000000000200, -2.782951184059714300 ) ) ;
#6338 = EDGE_CURVE ( 'NONE', #2455, #6155, #2693, .T. ) ;
#6339 = LINE ( 'NONE', #5444, #4787 ) ;
#6340 = CARTESIAN_POINT ( 'NONE',  ( 1.070000000000000100, -5.421010862427522200E-017, 3.601676395598662200 ) ) ;
#6341 = COLOUR_RGB ( '',1.000000000000000000, 1.000000000000000000, 1.000000000000000000 ) ;
#6342 = EDGE_LOOP ( 'NONE', ( #5844, #4116, #1369, #3960 ) ) ;
#6343 = ORIENTED_EDGE ( 'NONE', *, *, #5381, .F. ) ;
#6344 = DIRECTION ( 'NONE',  ( 0.0000000000000000000, -0.0000000000000000000, -1.000000000000000000 ) ) ;
#6345 = PRESENTATION_STYLE_ASSIGNMENT (( #5888 ) ) ;
#6346 = ORIENTED_EDGE ( 'NONE', *, *, #1255, .T. ) ;
#6347 = EDGE_LOOP ( 'NONE', ( #1906, #4636, #3600, #1377, #1484, #6204, #3179, #2561, #4353, #5147, #3128, #6260 ) ) ;
#6348 = AXIS2_PLACEMENT_3D ( 'NONE', #1027, #4549, #2979 ) ;
#6349 = AXIS2_PLACEMENT_3D ( 'NONE', #2813, #4762, #696 ) ;
#6350 =( NAMED_UNIT ( * ) PLANE_ANGLE_UNIT ( ) SI_UNIT ( $, .RADIAN. ) );
#6351 = PRESENTATION_STYLE_ASSIGNMENT (( #6159 ) ) ;
#6352 = CARTESIAN_POINT ( 'NONE',  ( 1.874999999999999100, -1.000000000000000000, -2.500000000000000900 ) ) ;
#6353 = ADVANCED_FACE ( 'NONE', ( #4198 ), #4747, .T. ) ;
#6354 = EDGE_CURVE ( 'NONE', #5792, #5850, #1368, .T. ) ;
#6355 = LINE ( 'NONE', #384, #5644 ) ;
#6356 = FACE_OUTER_BOUND ( 'NONE', #5144, .T. ) ;
#6357 = DIRECTION ( 'NONE',  ( 1.000000000000000000, 0.0000000000000000000, 0.0000000000000000000 ) ) ;
#6358 = STYLED_ITEM ( 'NONE', ( #1183 ), #1242 ) ;
#6359 = ORIENTED_EDGE ( 'NONE', *, *, #3699, .F. ) ;
#6360 = LINE ( 'NONE', #3788, #4887 ) ;
#6361 = FACE_OUTER_BOUND ( 'NONE', #6019, .T. ) ;
#6362 = DIRECTION ( 'NONE',  ( 0.0000000000000000000, 0.9975640502598242000, 0.06975647374412664900 ) ) ;
#6363 = CARTESIAN_POINT ( 'NONE',  ( -1.470000000000000200, -5.421010862427522200E-017, 3.601676395598662600 ) ) ;
#6364 = ADVANCED_FACE ( 'NONE', ( #1285 ), #5149, .T. ) ;
#6365 = EDGE_CURVE ( 'NONE', #2214, #1733, #4510, .T. ) ;
#6366 = DIRECTION ( 'NONE',  ( 0.0000000000000000000, -0.06975647374412440000, 0.9975640502598243100 ) ) ;
#6367 = AXIS2_PLACEMENT_3D ( 'NONE', #6423, #5927, #3472 ) ;
#6368 = VERTEX_POINT ( 'NONE', #3121 ) ;
#6369 = ORIENTED_EDGE ( 'NONE', *, *, #6251, .T. ) ;
#6370 = SURFACE_SIDE_STYLE ('',( #4448 ) ) ;
#6371 = PRESENTATION_STYLE_ASSIGNMENT (( #4137 ) ) ;
#6372 = ORIENTED_EDGE ( 'NONE', *, *, #2961, .T. ) ;
#6373 = EDGE_CURVE ( 'NONE', #3727, #4996, #5833, .T. ) ;
#6374 = VERTEX_POINT ( 'NONE', #3211 ) ;
#6375 = DIRECTION ( 'NONE',  ( -0.0000000000000000000, -1.000000000000000000, -0.0000000000000000000 ) ) ;
#6376 = DIRECTION ( 'NONE',  ( 0.0000000000000000000, 0.9975640502598245300, 0.06975647374412140300 ) ) ;
#6377 = ORIENTED_EDGE ( 'NONE', *, *, #5638, .F. ) ;
#6378 = DIRECTION ( 'NONE',  ( 0.0000000000000000000, 0.0000000000000000000, -1.000000000000000000 ) ) ;
#6379 = ORIENTED_EDGE ( 'NONE', *, *, #3537, .T. ) ;
#6380 = AXIS2_PLACEMENT_3D ( 'NONE', #5086, #1582, #6516 ) ;
#6381 =( NAMED_UNIT ( * ) SI_UNIT ( $, .STERADIAN. ) SOLID_ANGLE_UNIT ( ) );
#6382 = MANIFOLD_SOLID_BREP ( 'Boss-Extrude2', #4029 ) ;
#6383 = CARTESIAN_POINT ( 'NONE',  ( 1.470000000000000000, -1.033879594944416400, 3.961995036105455000 ) ) ;
#6384 = VECTOR ( 'NONE', #3501, 1000.000000000000000 ) ;
#6385 = DIRECTION ( 'NONE',  ( 1.000000000000000000, 0.0000000000000000000, 0.0000000000000000000 ) ) ;
#6386 = EDGE_LOOP ( 'NONE', ( #2777, #3031, #5423, #3809, #5037, #4878, #356, #4772, #3980, #3799, #5452, #2934 ) ) ;
#6387 = CARTESIAN_POINT ( 'NONE',  ( -1.470000000000000200, -0.2965121763127938100, 3.651554598111653100 ) ) ;
#6388 = MECHANICAL_DESIGN_GEOMETRIC_PRESENTATION_REPRESENTATION (  '', ( #2569 ), #4926 ) ;
#6389 = CLOSED_SHELL ( 'NONE', ( #2889, #2862, #5742, #5768, #4648, #5275, #4142, #2311, #3739, #2709, #2853, #6273, #1997, #2287 ) ) ;
#6390 = EDGE_CURVE ( 'NONE', #6445, #5497, #5111, .T. ) ;
#6391 = SURFACE_SIDE_STYLE ('',( #4639 ) ) ;
#6392 = ADVANCED_FACE ( 'NONE', ( #5355 ), #4226, .F. ) ;
#6393 = EDGE_LOOP ( 'NONE', ( #3730, #2150 ) ) ;
#6394 = AXIS2_PLACEMENT_3D ( 'NONE', #4431, #911, #432 ) ;
#6395 = DIRECTION ( 'NONE',  ( 0.0000000000000000000, -1.000000000000000000, 0.0000000000000000000 ) ) ;
#6396 = ORIENTED_EDGE ( 'NONE', *, *, #3553, .F. ) ;
#6397 = DIRECTION ( 'NONE',  ( 1.000000000000000000, 0.0000000000000000000, 0.0000000000000000000 ) ) ;
#6398 = SURFACE_STYLE_USAGE ( .BOTH. , #3961 ) ;
#6399 = ORIENTED_EDGE ( 'NONE', *, *, #6457, .F. ) ;
#6400 = AXIS2_PLACEMENT_3D ( 'NONE', #6514, #2019, #6048 ) ;
#6401 = PRESENTATION_STYLE_ASSIGNMENT (( #2990 ) ) ;
#6402 = FILL_AREA_STYLE ('',( #5909 ) ) ;
#6403 = DIRECTION ( 'NONE',  ( -0.0000000000000000000, -1.000000000000000000, -0.0000000000000000000 ) ) ;
#6404 = DIRECTION ( 'NONE',  ( 0.0000000000000000000, 0.0000000000000000000, -1.000000000000000000 ) ) ;
#6405 = STYLED_ITEM ( 'NONE', ( #4565 ), #2112 ) ;
#6406 = EDGE_LOOP ( 'NONE', ( #3967, #5993, #2218, #587 ) ) ;
#6407 = VECTOR ( 'NONE', #1701, 1000.000000000000100 ) ;
#6408 = DIRECTION ( 'NONE',  ( -0.0000000000000000000, -1.000000000000000000, -0.0000000000000000000 ) ) ;
#6409 = PRESENTATION_STYLE_ASSIGNMENT (( #1763 ) ) ;
#6410 = EDGE_CURVE ( 'NONE', #5359, #3692, #3483, .T. ) ;
#6411 = VERTEX_POINT ( 'NONE', #122 ) ;
#6412 = LINE ( 'NONE', #5827, #5469 ) ;
#6413 = CARTESIAN_POINT ( 'NONE',  ( 2.000000000000000900, 0.4999999999999995600, 2.200000000000000200 ) ) ;
#6414 = ORIENTED_EDGE ( 'NONE', *, *, #2510, .F. ) ;
#6415 = CARTESIAN_POINT ( 'NONE',  ( -1.070000000000000300, -0.2500000000000001100, 2.982518297014122400 ) ) ;
#6416 = AXIS2_PLACEMENT_3D ( 'NONE', #3405, #906, #381 ) ;
#6417 =( LENGTH_UNIT ( ) NAMED_UNIT ( * ) SI_UNIT ( .MILLI., .METRE. ) );
#6418 = FACE_OUTER_BOUND ( 'NONE', #819, .T. ) ;
#6419 = ORIENTED_EDGE ( 'NONE', *, *, #519, .F. ) ;
#6420 = CARTESIAN_POINT ( 'NONE',  ( 1.174827221408426300, -0.9000000000000000200, 1.962921966769066500 ) ) ;
#6421 = PRESENTATION_LAYER_ASSIGNMENT (  '', '', ( #2949 ) ) ;
#6422 = DIRECTION ( 'NONE',  ( 0.0000000000000000000, 0.0000000000000000000, -1.000000000000000000 ) ) ;
#6423 = CARTESIAN_POINT ( 'NONE',  ( -1.174827221408426300, -0.9000000000000000200, 1.962921966769066500 ) ) ;
#6424 = VECTOR ( 'NONE', #3465, 1000.000000000000000 ) ;
#6425 = FACE_OUTER_BOUND ( 'NONE', #427, .T. ) ;
#6426 = EDGE_LOOP ( 'NONE', ( #3934, #2379 ) ) ;
#6427 = COLOUR_RGB ( '',1.000000000000000000, 1.000000000000000000, 1.000000000000000000 ) ;
#6428 = ORIENTED_EDGE ( 'NONE', *, *, #5060, .F. ) ;
#6429 =( NAMED_UNIT ( * ) PLANE_ANGLE_UNIT ( ) SI_UNIT ( $, .RADIAN. ) );
#6430 = VECTOR ( 'NONE', #3663, 1000.000000000000000 ) ;
#6431 = SURFACE_STYLE_FILL_AREA ( #6161 ) ;
#6432 = DIRECTION ( 'NONE',  ( 0.0000000000000000000, -0.06975647374412441400, 0.9975640502598243100 ) ) ;
#6433 = FACE_OUTER_BOUND ( 'NONE', #5391, .T. ) ;
#6434 = ORIENTED_EDGE ( 'NONE', *, *, #6354, .F. ) ;
#6435 = DIRECTION ( 'NONE',  ( 0.0000000000000000000, -0.9975640502598243100, -0.06975647374412440000 ) ) ;
#6436 = COLOUR_RGB ( '',1.000000000000000000, 1.000000000000000000, 1.000000000000000000 ) ;
#6437 =( GEOMETRIC_REPRESENTATION_CONTEXT ( 3 ) GLOBAL_UNCERTAINTY_ASSIGNED_CONTEXT ( ( #2110 ) ) GLOBAL_UNIT_ASSIGNED_CONTEXT ( ( #5025, #2699, #609 ) ) REPRESENTATION_CONTEXT ( 'NONE', 'WORKASPACE' ) );
#6438 = FACE_OUTER_BOUND ( 'NONE', #3750, .T. ) ;
#6439 = DIRECTION ( 'NONE',  ( 0.0000000000000000000, -1.000000000000000000, 0.0000000000000000000 ) ) ;
#6440 = EDGE_CURVE ( 'NONE', #4584, #3879, #4032, .T. ) ;
#6441 =( NAMED_UNIT ( * ) PLANE_ANGLE_UNIT ( ) SI_UNIT ( $, .RADIAN. ) );
#6442 = ORIENTED_EDGE ( 'NONE', *, *, #3255, .F. ) ;
#6443 =( NAMED_UNIT ( * ) PLANE_ANGLE_UNIT ( ) SI_UNIT ( $, .RADIAN. ) );
#6444 = AXIS2_PLACEMENT_3D ( 'NONE', #6135, #3468, #1984 ) ;
#6445 = VERTEX_POINT ( 'NONE', #3703 ) ;
#6446 = DIRECTION ( 'NONE',  ( 0.0000000000000000000, -1.000000000000000000, 0.0000000000000000000 ) ) ;
#6447 = DIRECTION ( 'NONE',  ( -0.0000000000000000000, 1.000000000000000000, -0.0000000000000000000 ) ) ;
#6448 = LINE ( 'NONE', #4917, #3954 ) ;
#6449 = EDGE_LOOP ( 'NONE', ( #454, #3247, #730, #5189 ) ) ;
#6450 = EDGE_CURVE ( 'NONE', #6070, #232, #1894, .T. ) ;
#6451 = EDGE_LOOP ( 'NONE', ( #4823, #1233, #2872, #1977, #3596, #4598, #1872, #4004, #5244, #815, #3535, #5550 ) ) ;
#6452 = CARTESIAN_POINT ( 'NONE',  ( 1.470000000000000000, -1.033879594944416400, -3.961995036105455000 ) ) ;
#6453 = VECTOR ( 'NONE', #4018, 1000.000000000000000 ) ;
#6454 = ORIENTED_EDGE ( 'NONE', *, *, #1342, .F. ) ;
#6455 = EDGE_LOOP ( 'NONE', ( #2743, #412, #4604, #275 ) ) ;
#6456 = CARTESIAN_POINT ( 'NONE',  ( 0.0000000000000000000, -7.249999999999999100, 0.0000000000000000000 ) ) ;
#6457 = EDGE_CURVE ( 'NONE', #1182, #1159, #11, .T. ) ;
#6458 = CIRCLE ( 'NONE', #3543, 0.5500000000000001600 ) ;
#6459 = ORIENTED_EDGE ( 'NONE', *, *, #2246, .T. ) ;
#6460 = ORIENTED_EDGE ( 'NONE', *, *, #4296, .T. ) ;
#6461 = DIRECTION ( 'NONE',  ( -1.000000000000000000, -0.0000000000000000000, -0.0000000000000000000 ) ) ;
#6462 = DIRECTION ( 'NONE',  ( -0.0000000000000000000, 0.0000000000000000000, 1.000000000000000000 ) ) ;
#6463 = EDGE_LOOP ( 'NONE', ( #6460, #2878, #3768, #5587, #2240, #6144, #3910, #5213, #6267, #3069, #5511, #6174 ) ) ;
#6464 = UNCERTAINTY_MEASURE_WITH_UNIT (LENGTH_MEASURE( 1.000000000000000100E-005 ), #4405, 'distance_accuracy_value', 'NONE');
#6465 = DIRECTION ( 'NONE',  ( 0.0000000000000000000, 0.0000000000000000000, -1.000000000000000000 ) ) ;
#6466 = ORIENTED_EDGE ( 'NONE', *, *, #489, .T. ) ;
#6467 = CARTESIAN_POINT ( 'NONE',  ( 2.000000000000000900, 1.000000000000000000, 2.200000000000000200 ) ) ;
#6468 = DIRECTION ( 'NONE',  ( -0.0000000000000000000, 0.9975640502598243100, 0.06975647374412503900 ) ) ;
#6469 = CARTESIAN_POINT ( 'NONE',  ( -2.311578084468706600, -0.9069756473744125000, 2.499999999999996400 ) ) ;
#6470 = DIRECTION ( 'NONE',  ( 0.0000000000000000000, -1.000000000000000000, 0.0000000000000000000 ) ) ;
#6471 = PRESENTATION_STYLE_ASSIGNMENT (( #1786 ) ) ;
#6472 = ORIENTED_EDGE ( 'NONE', *, *, #2880, .F. ) ;
#6473 = DIRECTION ( 'NONE',  ( 0.0000000000000000000, 0.0000000000000000000, 1.000000000000000000 ) ) ;
#6474 = LINE ( 'NONE', #6140, #5139 ) ;
#6475 = EDGE_CURVE ( 'NONE', #4930, #2130, #1119, .T. ) ;
#6476 = DIRECTION ( 'NONE',  ( -1.000000000000000000, -0.0000000000000000000, 0.0000000000000000000 ) ) ;
#6477 = PRESENTATION_STYLE_ASSIGNMENT (( #1390 ) ) ;
#6478 = FILL_AREA_STYLE ('',( #1962 ) ) ;
#6479 = AXIS2_PLACEMENT_3D ( 'NONE', #4605, #4623, #4650 ) ;
#6480 = ORIENTED_EDGE ( 'NONE', *, *, #2551, .T. ) ;
#6481 =( NAMED_UNIT ( * ) SI_UNIT ( $, .STERADIAN. ) SOLID_ANGLE_UNIT ( ) );
#6482 = SURFACE_SIDE_STYLE ('',( #4302 ) ) ;
#6483 = VERTEX_POINT ( 'NONE', #1821 ) ;
#6484 = FACE_OUTER_BOUND ( 'NONE', #4333, .T. ) ;
#6485 = AXIS2_PLACEMENT_3D ( 'NONE', #3018, #3568, #588 ) ;
#6486 = SURFACE_STYLE_USAGE ( .BOTH. , #973 ) ;
#6487 = VECTOR ( 'NONE', #1955, 1000.000000000000100 ) ;
#6488 = PLANE ( 'NONE',  #590 ) ;
#6489 = LINE ( 'NONE', #3239, #5708 ) ;
#6490 =( LENGTH_UNIT ( ) NAMED_UNIT ( * ) SI_UNIT ( .MILLI., .METRE. ) );
#6491 = EDGE_LOOP ( 'NONE', ( #2274, #726, #1409, #1819 ) ) ;
#6492 = DIRECTION ( 'NONE',  ( -1.000000000000000000, -0.0000000000000000000, -0.0000000000000000000 ) ) ;
#6493 = VERTEX_POINT ( 'NONE', #295 ) ;
#6494 = EDGE_CURVE ( 'NONE', #328, #2494, #5744, .T. ) ;
#6495 = VECTOR ( 'NONE', #1547, 1000.000000000000100 ) ;
#6496 = CARTESIAN_POINT ( 'NONE',  ( 1.470000000000000000, -0.7380982035536775000, -3.933043775715700600 ) ) ;
#6497 = VECTOR ( 'NONE', #325, 1000.000000000000000 ) ;
#6498 = CYLINDRICAL_SURFACE ( 'NONE', #5085, 0.04999999999999969700 ) ;
#6499 = VERTEX_POINT ( 'NONE', #4829 ) ;
#6500 = UNCERTAINTY_MEASURE_WITH_UNIT (LENGTH_MEASURE( 1.000000000000000100E-005 ), #302, 'distance_accuracy_value', 'NONE');
#6501 = COLOUR_RGB ( '',1.000000000000000000, 1.000000000000000000, 1.000000000000000000 ) ;
#6502 = FACE_OUTER_BOUND ( 'NONE', #3926, .T. ) ;
#6503 = AXIS2_PLACEMENT_3D ( 'NONE', #436, #6470, #982 ) ;
#6504 = FACE_OUTER_BOUND ( 'NONE', #3050, .T. ) ;
#6505 = CARTESIAN_POINT ( 'NONE',  ( 1.470000000000000000, -0.7555373219897065800, -3.683652763150745200 ) ) ;
#6506 = ADVANCED_FACE ( 'NONE', ( #2461 ), #204, .F. ) ;
#6507 = CARTESIAN_POINT ( 'NONE',  ( -2.375000000000000900, 0.0000000000000000000, 2.499999999999996400 ) ) ;
#6508 = PRESENTATION_STYLE_ASSIGNMENT (( #2479 ) ) ;
#6509 = FACE_OUTER_BOUND ( 'NONE', #5435, .T. ) ;
#6510 = DIRECTION ( 'NONE',  ( 0.0000000000000000000, 0.0000000000000000000, 1.000000000000000000 ) ) ;
#6511 = UNCERTAINTY_MEASURE_WITH_UNIT (LENGTH_MEASURE( 1.000000000000000100E-005 ), #2817, 'distance_accuracy_value', 'NONE');
#6512 = ORIENTED_EDGE ( 'NONE', *, *, #2577, .F. ) ;
#6513 = FACE_OUTER_BOUND ( 'NONE', #5518, .T. ) ;
#6514 = CARTESIAN_POINT ( 'NONE',  ( -1.499999999999999100, 1.000000000000000000, -2.200000000000000200 ) ) ;
#6515 = DIRECTION ( 'NONE',  ( 0.0000000000000000000, -1.000000000000000000, 0.0000000000000000000 ) ) ;
#6516 = DIRECTION ( 'NONE',  ( 1.000000000000000000, 0.0000000000000000000, 0.0000000000000000000 ) ) ;
#6517 = EDGE_CURVE ( 'NONE', #6155, #1324, #4669, .T. ) ;
#6518 = VECTOR ( 'NONE', #2086, 1000.000000000000000 ) ;
ENDSEC;
END-ISO-10303-21;
