ISO-10303-21;
HEADER;
FILE_DESCRIPTION(('KiCad electronic assembly'),'2;1');
FILE_NAME('SCD41_Module.step','2026-04-18T20:00:10',('Pcbnew'),('Kicad')
  ,'Open CASCADE STEP processor 7.6','KiCad to STEP converter','Unknown'
  );
FILE_SCHEMA(('AUTOMOTIVE_DESIGN { 1 0 10303 214 1 1 1 1 }'));
ENDSEC;
DATA;
#1 = APPLICATION_PROTOCOL_DEFINITION('international standard',
  'automotive_design',2000,#2);
#2 = APPLICATION_CONTEXT(
  'core data for automotive mechanical design processes');
#3 = SHAPE_DEFINITION_REPRESENTATION(#4,#10);
#4 = PRODUCT_DEFINITION_SHAPE('','',#5);
#5 = PRODUCT_DEFINITION('design','',#6,#9);
#6 = PRODUCT_DEFINITION_FORMATION('','',#7);
#7 = PRODUCT('SCD41_Module 1','SCD41_Module 1','',(#8));
#8 = PRODUCT_CONTEXT('',#2,'mechanical');
#9 = PRODUCT_DEFINITION_CONTEXT('part definition',#2,'design');
#10 = SHAPE_REPRESENTATION('',(#11,#15,#19,#23,#27,#31,#35),#39);
#11 = AXIS2_PLACEMENT_3D('',#12,#13,#14);
#12 = CARTESIAN_POINT('',(0.,0.,0.));
#13 = DIRECTION('',(0.,0.,1.));
#14 = DIRECTION('',(1.,0.,-0.));
#15 = AXIS2_PLACEMENT_3D('',#16,#17,#18);
#16 = CARTESIAN_POINT('',(137.45,-97.2,1.595));
#17 = DIRECTION('',(0.,0.,1.));
#18 = DIRECTION('',(1.,0.,0.));
#19 = AXIS2_PLACEMENT_3D('',#20,#21,#22);
#20 = CARTESIAN_POINT('',(137.,-88.5,1.595));
#21 = DIRECTION('',(0.,0.,1.));
#22 = DIRECTION('',(1.,0.,0.));
#23 = AXIS2_PLACEMENT_3D('',#24,#25,#26);
#24 = CARTESIAN_POINT('',(152.6,-94.5375,1.595));
#25 = DIRECTION('',(-0.,0.,1.));
#26 = DIRECTION('',(1.110223024625E-16,-1.,0.));
#27 = AXIS2_PLACEMENT_3D('',#28,#29,#30);
#28 = CARTESIAN_POINT('',(160.3,-93.98,1.595));
#29 = DIRECTION('',(-0.,0.,1.));
#30 = DIRECTION('',(1.110223024625E-16,-1.,0.));
#31 = AXIS2_PLACEMENT_3D('',#32,#33,#34);
#32 = CARTESIAN_POINT('',(137.6375,-105.7,1.595));
#33 = DIRECTION('',(0.,0.,1.));
#34 = DIRECTION('',(1.,0.,0.));
#35 = AXIS2_PLACEMENT_3D('',#36,#37,#38);
#36 = CARTESIAN_POINT('',(0.,0.,0.));
#37 = DIRECTION('',(0.,0.,1.));
#38 = DIRECTION('',(1.,0.,-0.));
#39 = ( GEOMETRIC_REPRESENTATION_CONTEXT(3) 
GLOBAL_UNCERTAINTY_ASSIGNED_CONTEXT((#43)) GLOBAL_UNIT_ASSIGNED_CONTEXT(
(#40,#41,#42)) REPRESENTATION_CONTEXT('Context #1',
  '3D Context with UNIT and UNCERTAINTY') );
#40 = ( LENGTH_UNIT() NAMED_UNIT(*) SI_UNIT(.MILLI.,.METRE.) );
#41 = ( NAMED_UNIT(*) PLANE_ANGLE_UNIT() SI_UNIT($,.RADIAN.) );
#42 = ( NAMED_UNIT(*) SI_UNIT($,.STERADIAN.) SOLID_ANGLE_UNIT() );
#43 = UNCERTAINTY_MEASURE_WITH_UNIT(LENGTH_MEASURE(5.E-05),#40,
  'distance_accuracy_value','confusion accuracy');
#44 = PRODUCT_RELATED_PRODUCT_CATEGORY('part',$,(#7));
#45 = SHAPE_DEFINITION_REPRESENTATION(#46,#52);
#46 = PRODUCT_DEFINITION_SHAPE('','',#47);
#47 = PRODUCT_DEFINITION('design','',#48,#51);
#48 = PRODUCT_DEFINITION_FORMATION('','',#49);
#49 = PRODUCT('SCD41-D-R2','SCD41-D-R2','',(#50));
#50 = PRODUCT_CONTEXT('',#2,'mechanical');
#51 = PRODUCT_DEFINITION_CONTEXT('part definition',#2,'design');
#52 = ADVANCED_BREP_SHAPE_REPRESENTATION('',(#11,#53),#5811);
#53 = MANIFOLD_SOLID_BREP('',#54);
#54 = CLOSED_SHELL('',(#55,#97,#151,#205,#259,#313,#367,#421,#475,#529,
    #565,#601,#637,#673,#832,#872,#912,#952,#992,#1098,#1128,#1158,#1188
    ,#1218,#1244,#1256,#1274,#1300,#1320,#1332,#1350,#1370,#1388,#1406,
    #1424,#1442,#1460,#1486,#1506,#1518,#1536,#1562,#1582,#1594,#1626,
    #1658,#1690,#1707,#1724,#1748,#1772,#1803,#1821,#1839,#1879,#1975,
    #2006,#2024,#2055,#2086,#2104,#2122,#2161,#2183,#2195,#2207,#2247,
    #2278,#2309,#2331,#2343,#2383,#2414,#2445,#2467,#2479,#2519,#2550,
    #2581,#2603,#2615,#2655,#2686,#2717,#2739,#2751,#2791,#2822,#2853,
    #2875,#2887,#2927,#2958,#2989,#3011,#3023,#3721,#3752,#3776,#3800,
    #3817,#3829,#3860,#3884,#3908,#3925,#3937,#3968,#3992,#4016,#4033,
    #4045,#4076,#4100,#4124,#4141,#4153,#4184,#4208,#4232,#4249,#4261,
    #4292,#4316,#4340,#4357,#4369,#4400,#4424,#4448,#4465,#4477,#4508,
    #4532,#4556,#4573,#4585,#4616,#4640,#4664,#4681,#4693,#4724,#4748,
    #4772,#4789,#4801,#4832,#4856,#4880,#4897,#4909,#4940,#4964,#4988,
    #5005,#5017,#5048,#5072,#5096,#5113,#5125,#5156,#5180,#5204,#5221,
    #5239,#5261,#5292,#5316,#5340,#5357,#5369,#5400,#5424,#5448,#5465,
    #5477,#5508,#5532,#5556,#5573,#5585,#5616,#5640,#5664,#5681,#5693,
    #5724,#5748,#5772,#5789,#5801));
#55 = ADVANCED_FACE('',(#56),#92,.F.);
#56 = FACE_BOUND('',#57,.F.);
#57 = EDGE_LOOP('',(#58,#68,#77,#85));
#58 = ORIENTED_EDGE('',*,*,#59,.T.);
#59 = EDGE_CURVE('',#60,#62,#64,.T.);
#60 = VERTEX_POINT('',#61);
#61 = CARTESIAN_POINT('',(3.02499776,-2.92499796,0.));
#62 = VERTEX_POINT('',#63);
#63 = CARTESIAN_POINT('',(3.02499776,-2.92499796,-0.79999892));
#64 = LINE('',#65,#66);
#65 = CARTESIAN_POINT('',(3.02499776,-2.92499796,-0.79399892));
#66 = VECTOR('',#67,1.);
#67 = DIRECTION('',(0.,0.,-1.));
#68 = ORIENTED_EDGE('',*,*,#69,.T.);
#69 = EDGE_CURVE('',#62,#70,#72,.T.);
#70 = VERTEX_POINT('',#71);
#71 = CARTESIAN_POINT('',(2.82499816,-2.92499796,-0.79999892));
#72 = CIRCLE('',#73,9.99998E-02);
#73 = AXIS2_PLACEMENT_3D('',#74,#75,#76);
#74 = CARTESIAN_POINT('',(2.92499796,-2.92499796,-0.79999892));
#75 = DIRECTION('',(0.,0.,1.));
#76 = DIRECTION('',(1.,0.,-0.));
#77 = ORIENTED_EDGE('',*,*,#78,.F.);
#78 = EDGE_CURVE('',#79,#70,#81,.T.);
#79 = VERTEX_POINT('',#80);
#80 = CARTESIAN_POINT('',(2.82499816,-2.92499796,0.));
#81 = LINE('',#82,#83);
#82 = CARTESIAN_POINT('',(2.82499816,-2.92499796,-0.79399892));
#83 = VECTOR('',#84,1.);
#84 = DIRECTION('',(0.,0.,-1.));
#85 = ORIENTED_EDGE('',*,*,#86,.F.);
#86 = EDGE_CURVE('',#60,#79,#87,.T.);
#87 = CIRCLE('',#88,9.99998E-02);
#88 = AXIS2_PLACEMENT_3D('',#89,#90,#91);
#89 = CARTESIAN_POINT('',(2.92499796,-2.92499796,0.));
#90 = DIRECTION('',(0.,0.,1.));
#91 = DIRECTION('',(1.,0.,-0.));
#92 = CYLINDRICAL_SURFACE('',#93,9.99998E-02);
#93 = AXIS2_PLACEMENT_3D('',#94,#95,#96);
#94 = CARTESIAN_POINT('',(2.92499796,-2.92499796,-0.79399892));
#95 = DIRECTION('',(0.,0.,-1.));
#96 = DIRECTION('',(1.,0.,0.));
#97 = ADVANCED_FACE('',(#98),#138,.F.);
#98 = FACE_BOUND('',#99,.F.);
#99 = EDGE_LOOP('',(#100,#111,#122,#131));
#100 = ORIENTED_EDGE('',*,*,#101,.T.);
#101 = EDGE_CURVE('',#102,#104,#106,.T.);
#102 = VERTEX_POINT('',#103);
#103 = CARTESIAN_POINT('',(-2.635669641511,4.189727696491,0.15));
#104 = VERTEX_POINT('',#105);
#105 = CARTESIAN_POINT('',(-2.635669634958,4.039819072438,0.294765075495
    ));
#106 = CIRCLE('',#107,0.15);
#107 = AXIS2_PLACEMENT_3D('',#108,#109,#110);
#108 = CARTESIAN_POINT('',(-2.635669641511,4.189727696491,0.3));
#109 = DIRECTION('',(-1.,-4.3711388E-08,0.));
#110 = DIRECTION('',(0.,0.,1.));
#111 = ORIENTED_EDGE('',*,*,#112,.T.);
#112 = EDGE_CURVE('',#104,#113,#115,.T.);
#113 = VERTEX_POINT('',#114);
#114 = CARTESIAN_POINT('',(-3.628728688459,3.628733988539,0.29260120317)
  );
#115 = B_SPLINE_CURVE_WITH_KNOTS('',3,(#116,#117,#118,#119,#120,#121),
  .UNSPECIFIED.,.F.,.F.,(4,2,4),(0.,0.5,1.),.UNSPECIFIED.);
#116 = CARTESIAN_POINT('',(-2.635669634958,4.039819072438,0.294765075495
    ));
#117 = CARTESIAN_POINT('',(-2.829635790583,4.039844251989,0.29404378472)
  );
#118 = CARTESIAN_POINT('',(-3.018028939409,3.999302446096,0.293585154407
    ));
#119 = CARTESIAN_POINT('',(-3.356164774948,3.855054448833,0.292860249881
    ));
#120 = CARTESIAN_POINT('',(-3.505890130028,3.751572557709,0.29260120317)
  );
#121 = CARTESIAN_POINT('',(-3.628728688459,3.628733988539,0.29260120317)
  );
#122 = ORIENTED_EDGE('',*,*,#123,.F.);
#123 = EDGE_CURVE('',#124,#113,#126,.T.);
#124 = VERTEX_POINT('',#125);
#125 = CARTESIAN_POINT('',(-3.734665603101,3.734670893919,0.15));
#126 = CIRCLE('',#127,0.15);
#127 = AXIS2_PLACEMENT_3D('',#128,#129,#130);
#128 = CARTESIAN_POINT('',(-3.734665603101,3.734670893919,0.3));
#129 = DIRECTION('',(-0.707106750278,-0.707106812095,0.));
#130 = DIRECTION('',(0.707106812095,-0.707106750278,0.));
#131 = ORIENTED_EDGE('',*,*,#132,.T.);
#132 = EDGE_CURVE('',#124,#102,#133,.T.);
#133 = ( BOUNDED_CURVE() B_SPLINE_CURVE(3,(#134,#135,#136,#137),
.UNSPECIFIED.,.F.,.F.) B_SPLINE_CURVE_WITH_KNOTS((4,4),(
2.091708371355E-16,0.784789175812),.PIECEWISE_BEZIER_KNOTS.) CURVE() 
GEOMETRIC_REPRESENTATION_ITEM() RATIONAL_B_SPLINE_CURVE((1.,
0.949330676273,0.949330676273,1.)) REPRESENTATION_ITEM('') );
#134 = CARTESIAN_POINT('',(-3.734665603101,3.734670893919,0.15));
#135 = CARTESIAN_POINT('',(-3.439390472494,4.029946050341,0.15));
#136 = CARTESIAN_POINT('',(-3.053505978974,4.189727678227,0.15));
#137 = CARTESIAN_POINT('',(-2.635669641511,4.189727696491,0.15));
#138 = ( BOUNDED_SURFACE() B_SPLINE_SURFACE(3,2,(
    (#139,#140,#141)
    ,(#142,#143,#144)
    ,(#145,#146,#147)
    ,(#148,#149,#150
)),.UNSPECIFIED.,.F.,.F.,.F.) B_SPLINE_SURFACE_WITH_KNOTS((4,4),(3,3),(
    2.091708371355E-16,0.784789175812),(0.,1.),
.PIECEWISE_BEZIER_KNOTS.) GEOMETRIC_REPRESENTATION_ITEM() 
RATIONAL_B_SPLINE_SURFACE((
    (1.,0.724336010496,1.)
    ,(1.,0.72435306311,1.)
    ,(1.,0.722525265143,1.)
,(1.,0.719339800339,1.))) REPRESENTATION_ITEM('') SURFACE() );
#139 = CARTESIAN_POINT('',(-3.734665603101,3.734670893919,0.15));
#140 = CARTESIAN_POINT('',(-3.633708432422,3.633713732066,0.15));
#141 = CARTESIAN_POINT('',(-3.628728688459,3.628733988539,0.29260120317)
  );
#142 = CARTESIAN_POINT('',(-3.445307231597,4.024029290683,0.15));
#143 = CARTESIAN_POINT('',(-3.370898715834,3.896523471595,0.15));
#144 = CARTESIAN_POINT('',(-3.367282502041,3.890180197813,0.292601203171
    ));
#145 = CARTESIAN_POINT('',(-3.045134542057,4.189727678566,0.15));
#146 = CARTESIAN_POINT('',(-3.005426538558,4.046199037011,0.15));
#147 = CARTESIAN_POINT('',(-3.005684890352,4.039867105652,0.29338912107)
  );
#148 = CARTESIAN_POINT('',(-2.635669641511,4.189727696491,0.15));
#149 = CARTESIAN_POINT('',(-2.635669635179,4.04487438027,0.15));
#150 = CARTESIAN_POINT('',(-2.635669634958,4.039819072438,0.294765075495
    ));
#151 = ADVANCED_FACE('',(#152),#192,.F.);
#152 = FACE_BOUND('',#153,.F.);
#153 = EDGE_LOOP('',(#154,#165,#176,#185));
#154 = ORIENTED_EDGE('',*,*,#155,.F.);
#155 = EDGE_CURVE('',#156,#158,#160,.T.);
#156 = VERTEX_POINT('',#157);
#157 = CARTESIAN_POINT('',(4.039599467946,2.635675252262,0.294765075495)
  );
#158 = VERTEX_POINT('',#159);
#159 = CARTESIAN_POINT('',(4.189508091999,2.635675258815,0.15));
#160 = CIRCLE('',#161,0.15);
#161 = AXIS2_PLACEMENT_3D('',#162,#163,#164);
#162 = CARTESIAN_POINT('',(4.189508091999,2.635675258815,0.3));
#163 = DIRECTION('',(4.3711388E-08,-1.,0.));
#164 = DIRECTION('',(0.,0.,1.));
#165 = ORIENTED_EDGE('',*,*,#166,.T.);
#166 = EDGE_CURVE('',#156,#167,#169,.T.);
#167 = VERTEX_POINT('',#168);
#168 = CARTESIAN_POINT('',(3.628514384047,3.628734305763,0.29260120317)
  );
#169 = B_SPLINE_CURVE_WITH_KNOTS('',3,(#170,#171,#172,#173,#174,#175),
  .UNSPECIFIED.,.F.,.F.,(4,2,4),(0.,0.5,1.),.UNSPECIFIED.);
#170 = CARTESIAN_POINT('',(4.039599467946,2.635675252262,0.294765075495)
  );
#171 = CARTESIAN_POINT('',(4.039624647496,2.829641407887,0.29404378472)
  );
#172 = CARTESIAN_POINT('',(3.999082841603,3.018034556712,0.293585154407)
  );
#173 = CARTESIAN_POINT('',(3.854834844341,3.356170392252,0.292860249881)
  );
#174 = CARTESIAN_POINT('',(3.751352953217,3.505895747331,0.29260120317)
  );
#175 = CARTESIAN_POINT('',(3.628514384047,3.628734305763,0.29260120317)
  );
#176 = ORIENTED_EDGE('',*,*,#177,.F.);
#177 = EDGE_CURVE('',#178,#167,#180,.T.);
#178 = VERTEX_POINT('',#179);
#179 = CARTESIAN_POINT('',(3.734451289427,3.734671220405,0.15));
#180 = CIRCLE('',#181,0.15);
#181 = AXIS2_PLACEMENT_3D('',#182,#183,#184);
#182 = CARTESIAN_POINT('',(3.734451289427,3.734671220405,0.3));
#183 = DIRECTION('',(-0.707106812095,0.707106750278,0.));
#184 = DIRECTION('',(-0.707106750278,-0.707106812095,0.));
#185 = ORIENTED_EDGE('',*,*,#186,.T.);
#186 = EDGE_CURVE('',#178,#158,#187,.T.);
#187 = ( BOUNDED_CURVE() B_SPLINE_CURVE(3,(#188,#189,#190,#191),
.UNSPECIFIED.,.F.,.F.) B_SPLINE_CURVE_WITH_KNOTS((4,4),(
2.78894449514E-16,0.784789175812),.PIECEWISE_BEZIER_KNOTS.) CURVE() 
GEOMETRIC_REPRESENTATION_ITEM() RATIONAL_B_SPLINE_CURVE((1.,
0.949330676273,0.949330676273,1.)) REPRESENTATION_ITEM('') );
#188 = CARTESIAN_POINT('',(3.734451289427,3.734671220405,0.15));
#189 = CARTESIAN_POINT('',(4.029726445849,3.439396089798,0.15));
#190 = CARTESIAN_POINT('',(4.189508073735,3.053511596278,0.15));
#191 = CARTESIAN_POINT('',(4.189508091999,2.635675258815,0.15));
#192 = ( BOUNDED_SURFACE() B_SPLINE_SURFACE(3,2,(
    (#193,#194,#195)
    ,(#196,#197,#198)
    ,(#199,#200,#201)
    ,(#202,#203,#204
)),.UNSPECIFIED.,.F.,.F.,.F.) B_SPLINE_SURFACE_WITH_KNOTS((4,4),(3,3),(
    6.972361237849E-17,0.784789175812),(0.,1.),
.PIECEWISE_BEZIER_KNOTS.) GEOMETRIC_REPRESENTATION_ITEM() 
RATIONAL_B_SPLINE_SURFACE((
    (1.,0.724336010496,1.)
    ,(1.,0.72435306311,1.)
    ,(1.,0.722525265143,1.)
,(1.,0.719339800339,1.))) REPRESENTATION_ITEM('') SURFACE() );
#193 = CARTESIAN_POINT('',(3.734451289427,3.734671220405,0.15));
#194 = CARTESIAN_POINT('',(3.633494127574,3.633714049726,0.15));
#195 = CARTESIAN_POINT('',(3.628514384047,3.628734305763,0.29260120317)
  );
#196 = CARTESIAN_POINT('',(4.023809686191,3.445312848901,0.15));
#197 = CARTESIAN_POINT('',(3.896303867102,3.370904333138,0.15));
#198 = CARTESIAN_POINT('',(3.889960593321,3.367288119345,0.292601203171)
  );
#199 = CARTESIAN_POINT('',(4.189508074074,3.045140159361,0.15));
#200 = CARTESIAN_POINT('',(4.045979432519,3.005432155862,0.15));
#201 = CARTESIAN_POINT('',(4.03964750116,3.005690507656,0.29338912107));
#202 = CARTESIAN_POINT('',(4.189508091999,2.635675258815,0.15));
#203 = CARTESIAN_POINT('',(4.044654775778,2.635675252483,0.15));
#204 = CARTESIAN_POINT('',(4.039599467946,2.635675252262,0.294765075495)
  );
#205 = ADVANCED_FACE('',(#206),#246,.F.);
#206 = FACE_BOUND('',#207,.F.);
#207 = EDGE_LOOP('',(#208,#219,#230,#239));
#208 = ORIENTED_EDGE('',*,*,#209,.T.);
#209 = EDGE_CURVE('',#210,#212,#214,.T.);
#210 = VERTEX_POINT('',#211);
#211 = CARTESIAN_POINT('',(-4.189722079187,-2.635450037019,0.15));
#212 = VERTEX_POINT('',#213);
#213 = CARTESIAN_POINT('',(-4.039813455134,-2.635450030466,
    0.294765075495));
#214 = CIRCLE('',#215,0.15);
#215 = AXIS2_PLACEMENT_3D('',#216,#217,#218);
#216 = CARTESIAN_POINT('',(-4.189722079187,-2.635450037019,0.3));
#217 = DIRECTION('',(4.3711388E-08,-1.,0.));
#218 = DIRECTION('',(0.,0.,1.));
#219 = ORIENTED_EDGE('',*,*,#220,.T.);
#220 = EDGE_CURVE('',#212,#221,#223,.T.);
#221 = VERTEX_POINT('',#222);
#222 = CARTESIAN_POINT('',(-3.628728371235,-3.628509083967,0.29260120317
    ));
#223 = B_SPLINE_CURVE_WITH_KNOTS('',3,(#224,#225,#226,#227,#228,#229),
  .UNSPECIFIED.,.F.,.F.,(4,2,4),(0.,0.5,1.),.UNSPECIFIED.);
#224 = CARTESIAN_POINT('',(-4.039813455134,-2.635450030466,
    0.294765075495));
#225 = CARTESIAN_POINT('',(-4.039838634685,-2.829416186091,0.29404378472
    ));
#226 = CARTESIAN_POINT('',(-3.999296828792,-3.017809334916,
    0.293585154407));
#227 = CARTESIAN_POINT('',(-3.855048831529,-3.355945170456,
    0.292860249881));
#228 = CARTESIAN_POINT('',(-3.751566940406,-3.505670525536,0.29260120317
    ));
#229 = CARTESIAN_POINT('',(-3.628728371235,-3.628509083967,0.29260120317
    ));
#230 = ORIENTED_EDGE('',*,*,#231,.F.);
#231 = EDGE_CURVE('',#232,#221,#234,.T.);
#232 = VERTEX_POINT('',#233);
#233 = CARTESIAN_POINT('',(-3.734665276615,-3.734445998609,0.15));
#234 = CIRCLE('',#235,0.15);
#235 = AXIS2_PLACEMENT_3D('',#236,#237,#238);
#236 = CARTESIAN_POINT('',(-3.734665276615,-3.734445998609,0.3));
#237 = DIRECTION('',(0.707106812095,-0.707106750278,0.));
#238 = DIRECTION('',(0.707106750278,0.707106812095,0.));
#239 = ORIENTED_EDGE('',*,*,#240,.T.);
#240 = EDGE_CURVE('',#232,#210,#241,.T.);
#241 = ( BOUNDED_CURVE() B_SPLINE_CURVE(3,(#242,#243,#244,#245),
.UNSPECIFIED.,.F.,.F.) B_SPLINE_CURVE_WITH_KNOTS((4,4),(
6.972361237849E-17,0.784789175812),.PIECEWISE_BEZIER_KNOTS.) CURVE() 
GEOMETRIC_REPRESENTATION_ITEM() RATIONAL_B_SPLINE_CURVE((1.,
0.949330676273,0.949330676273,1.)) REPRESENTATION_ITEM('') );
#242 = CARTESIAN_POINT('',(-3.734665276615,-3.734445998609,0.15));
#243 = CARTESIAN_POINT('',(-4.029940433037,-3.439170868002,0.15));
#244 = CARTESIAN_POINT('',(-4.189722060923,-3.053286374482,0.15));
#245 = CARTESIAN_POINT('',(-4.189722079187,-2.635450037019,0.15));
#246 = ( BOUNDED_SURFACE() B_SPLINE_SURFACE(3,2,(
    (#247,#248,#249)
    ,(#250,#251,#252)
    ,(#253,#254,#255)
    ,(#256,#257,#258
)),.UNSPECIFIED.,.F.,.F.,.F.) B_SPLINE_SURFACE_WITH_KNOTS((4,4),(3,3),(
    6.972361237849E-17,0.784789175812),(0.,1.),
.PIECEWISE_BEZIER_KNOTS.) GEOMETRIC_REPRESENTATION_ITEM() 
RATIONAL_B_SPLINE_SURFACE((
    (1.,0.724336010496,1.)
    ,(1.,0.72435306311,1.)
    ,(1.,0.722525265143,1.)
,(1.,0.719339800339,1.))) REPRESENTATION_ITEM('') SURFACE() );
#247 = CARTESIAN_POINT('',(-3.734665276615,-3.734445998609,0.15));
#248 = CARTESIAN_POINT('',(-3.633708114762,-3.63348882793,0.15));
#249 = CARTESIAN_POINT('',(-3.628728371235,-3.628509083967,0.29260120317
    ));
#250 = CARTESIAN_POINT('',(-4.024023673379,-3.445087627105,0.15));
#251 = CARTESIAN_POINT('',(-3.896517854291,-3.370679111342,0.15));
#252 = CARTESIAN_POINT('',(-3.890174580509,-3.367062897549,
    0.292601203171));
#253 = CARTESIAN_POINT('',(-4.189722061262,-3.044914937565,0.15));
#254 = CARTESIAN_POINT('',(-4.046193419707,-3.005206934066,0.15));
#255 = CARTESIAN_POINT('',(-4.039861488348,-3.00546528586,0.29338912107)
  );
#256 = CARTESIAN_POINT('',(-4.189722079187,-2.635450037019,0.15));
#257 = CARTESIAN_POINT('',(-4.044868762966,-2.635450030687,0.15));
#258 = CARTESIAN_POINT('',(-4.039813455134,-2.635450030466,
    0.294765075495));
#259 = ADVANCED_FACE('',(#260),#300,.F.);
#260 = FACE_BOUND('',#261,.F.);
#261 = EDGE_LOOP('',(#262,#273,#284,#293));
#262 = ORIENTED_EDGE('',*,*,#263,.F.);
#263 = EDGE_CURVE('',#264,#266,#268,.T.);
#264 = VERTEX_POINT('',#265);
#265 = CARTESIAN_POINT('',(2.63545564777,-4.039593850642,0.294765075495)
  );
#266 = VERTEX_POINT('',#267);
#267 = CARTESIAN_POINT('',(2.635455654323,-4.189502474695,0.15));
#268 = CIRCLE('',#269,0.15);
#269 = AXIS2_PLACEMENT_3D('',#270,#271,#272);
#270 = CARTESIAN_POINT('',(2.635455654323,-4.189502474695,0.3));
#271 = DIRECTION('',(-1.,-4.3711388E-08,0.));
#272 = DIRECTION('',(0.,0.,1.));
#273 = ORIENTED_EDGE('',*,*,#274,.T.);
#274 = EDGE_CURVE('',#264,#275,#277,.T.);
#275 = VERTEX_POINT('',#276);
#276 = CARTESIAN_POINT('',(3.628514701271,-3.628508766743,0.29260120317)
  );
#277 = B_SPLINE_CURVE_WITH_KNOTS('',3,(#278,#279,#280,#281,#282,#283),
  .UNSPECIFIED.,.F.,.F.,(4,2,4),(0.,0.5,1.),.UNSPECIFIED.);
#278 = CARTESIAN_POINT('',(2.63545564777,-4.039593850642,0.294765075495)
  );
#279 = CARTESIAN_POINT('',(2.829421803394,-4.039619030192,0.29404378472)
  );
#280 = CARTESIAN_POINT('',(3.01781495222,-3.999077224299,0.293585154407)
  );
#281 = CARTESIAN_POINT('',(3.35595078776,-3.854829227037,0.292860249881)
  );
#282 = CARTESIAN_POINT('',(3.505676142839,-3.751347335913,0.29260120317)
  );
#283 = CARTESIAN_POINT('',(3.628514701271,-3.628508766743,0.29260120317)
  );
#284 = ORIENTED_EDGE('',*,*,#285,.F.);
#285 = EDGE_CURVE('',#286,#275,#288,.T.);
#286 = VERTEX_POINT('',#287);
#287 = CARTESIAN_POINT('',(3.734451615913,-3.734445672123,0.15));
#288 = CIRCLE('',#289,0.15);
#289 = AXIS2_PLACEMENT_3D('',#290,#291,#292);
#290 = CARTESIAN_POINT('',(3.734451615913,-3.734445672123,0.3));
#291 = DIRECTION('',(0.707106750278,0.707106812095,0.));
#292 = DIRECTION('',(-0.707106812095,0.707106750278,0.));
#293 = ORIENTED_EDGE('',*,*,#294,.T.);
#294 = EDGE_CURVE('',#286,#266,#295,.T.);
#295 = ( BOUNDED_CURVE() B_SPLINE_CURVE(3,(#296,#297,#298,#299),
.UNSPECIFIED.,.F.,.F.) B_SPLINE_CURVE_WITH_KNOTS((4,4),(
2.091708371355E-16,0.784789175812),.PIECEWISE_BEZIER_KNOTS.) CURVE() 
GEOMETRIC_REPRESENTATION_ITEM() RATIONAL_B_SPLINE_CURVE((1.,
0.949330676273,0.949330676273,1.)) REPRESENTATION_ITEM('') );
#296 = CARTESIAN_POINT('',(3.734451615913,-3.734445672123,0.15));
#297 = CARTESIAN_POINT('',(3.439176485306,-4.029720828545,0.15));
#298 = CARTESIAN_POINT('',(3.053291991786,-4.189502456431,0.15));
#299 = CARTESIAN_POINT('',(2.635455654323,-4.189502474695,0.15));
#300 = ( BOUNDED_SURFACE() B_SPLINE_SURFACE(3,2,(
    (#301,#302,#303)
    ,(#304,#305,#306)
    ,(#307,#308,#309)
    ,(#310,#311,#312
)),.UNSPECIFIED.,.F.,.F.,.F.) B_SPLINE_SURFACE_WITH_KNOTS((4,4),(3,3),(
    2.091708371355E-16,0.784789175812),(0.,1.),
.PIECEWISE_BEZIER_KNOTS.) GEOMETRIC_REPRESENTATION_ITEM() 
RATIONAL_B_SPLINE_SURFACE((
    (1.,0.724336010496,1.)
    ,(1.,0.72435306311,1.)
    ,(1.,0.722525265143,1.)
,(1.,0.719339800339,1.))) REPRESENTATION_ITEM('') SURFACE() );
#301 = CARTESIAN_POINT('',(3.734451615913,-3.734445672123,0.15));
#302 = CARTESIAN_POINT('',(3.633494445234,-3.63348851027,0.15));
#303 = CARTESIAN_POINT('',(3.628514701271,-3.628508766743,0.29260120317)
  );
#304 = CARTESIAN_POINT('',(3.445093244409,-4.023804068887,0.15));
#305 = CARTESIAN_POINT('',(3.370684728646,-3.896298249799,0.15));
#306 = CARTESIAN_POINT('',(3.367068514853,-3.889954976017,0.292601203171
    ));
#307 = CARTESIAN_POINT('',(3.044920554869,-4.18950245677,0.15));
#308 = CARTESIAN_POINT('',(3.00521255137,-4.045973815215,0.15));
#309 = CARTESIAN_POINT('',(3.005470903164,-4.039641883856,0.29338912107)
  );
#310 = CARTESIAN_POINT('',(2.635455654323,-4.189502474695,0.15));
#311 = CARTESIAN_POINT('',(2.635455647991,-4.044649158474,0.15));
#312 = CARTESIAN_POINT('',(2.63545564777,-4.039593850642,0.294765075495)
  );
#313 = ADVANCED_FACE('',(#314),#354,.T.);
#314 = FACE_BOUND('',#315,.T.);
#315 = EDGE_LOOP('',(#316,#329,#338,#347));
#316 = ORIENTED_EDGE('',*,*,#317,.F.);
#317 = EDGE_CURVE('',#318,#320,#322,.T.);
#318 = VERTEX_POINT('',#319);
#319 = CARTESIAN_POINT('',(3.476977099571,3.477197008039,4.632061452931)
  );
#320 = VERTEX_POINT('',#321);
#321 = CARTESIAN_POINT('',(3.888465191914,2.484540963017,4.622684672857)
  );
#322 = B_SPLINE_CURVE_WITH_KNOTS('',3,(#323,#324,#325,#326,#327,#328),
  .UNSPECIFIED.,.F.,.F.,(4,2,4),(0.,0.5,1.),.UNSPECIFIED.);
#323 = CARTESIAN_POINT('',(3.476977099571,3.477197008039,4.632061452931)
  );
#324 = CARTESIAN_POINT('',(3.599815668737,3.35435844961,4.632061452931)
  );
#325 = CARTESIAN_POINT('',(3.703331143898,3.204666678573,4.631358778609)
  );
#326 = CARTESIAN_POINT('',(3.84771347731,2.866665179194,4.628236799002)
  );
#327 = CARTESIAN_POINT('',(3.888356035316,2.678372782486,4.625810266215)
  );
#328 = CARTESIAN_POINT('',(3.888465191914,2.484540963017,4.622684672857)
  );
#329 = ORIENTED_EDGE('',*,*,#330,.T.);
#330 = EDGE_CURVE('',#318,#331,#333,.T.);
#331 = VERTEX_POINT('',#332);
#332 = CARTESIAN_POINT('',(3.017917176255,3.018137044591,5.25));
#333 = CIRCLE('',#334,0.65);
#334 = AXIS2_PLACEMENT_3D('',#335,#336,#337);
#335 = CARTESIAN_POINT('',(3.017917176255,3.018137044591,4.6));
#336 = DIRECTION('',(0.707106812095,-0.707106750278,0.));
#337 = DIRECTION('',(0.707106750278,0.707106812095,0.));
#338 = ORIENTED_EDGE('',*,*,#339,.F.);
#339 = EDGE_CURVE('',#340,#331,#342,.T.);
#340 = VERTEX_POINT('',#341);
#341 = CARTESIAN_POINT('',(3.238861154352,2.484540934622,5.25));
#342 = ( BOUNDED_CURVE() B_SPLINE_CURVE(3,(#343,#344,#345,#346),
.UNSPECIFIED.,.F.,.F.) B_SPLINE_CURVE_WITH_KNOTS((4,4),(5.498396131368,
6.28318530718),.PIECEWISE_BEZIER_KNOTS.) CURVE() 
GEOMETRIC_REPRESENTATION_ITEM() RATIONAL_B_SPLINE_CURVE((1.,
0.949330676273,0.949330676273,1.)) REPRESENTATION_ITEM('') );
#343 = CARTESIAN_POINT('',(3.238861154352,2.484540934622,5.25));
#344 = CARTESIAN_POINT('',(3.238861145484,2.68741323995,5.25));
#345 = CARTESIAN_POINT('',(3.161282284356,2.874771949023,5.25));
#346 = CARTESIAN_POINT('',(3.017917176255,3.018137044591,5.25));
#347 = ORIENTED_EDGE('',*,*,#348,.T.);
#348 = EDGE_CURVE('',#340,#320,#349,.T.);
#349 = CIRCLE('',#350,0.65);
#350 = AXIS2_PLACEMENT_3D('',#351,#352,#353);
#351 = CARTESIAN_POINT('',(3.238861154352,2.484540934622,4.6));
#352 = DIRECTION('',(-4.3711388E-08,1.,0.));
#353 = DIRECTION('',(0.,0.,-1.));
#354 = ( BOUNDED_SURFACE() B_SPLINE_SURFACE(3,2,(
    (#355,#356,#357)
    ,(#358,#359,#360)
    ,(#361,#362,#363)
    ,(#364,#365,#366
)),.UNSPECIFIED.,.F.,.F.,.F.) B_SPLINE_SURFACE_WITH_KNOTS((4,4),(3,3),(
    5.498396131368,6.28318530718),(0.,1.),.PIECEWISE_BEZIER_KNOTS.) 
GEOMETRIC_REPRESENTATION_ITEM() RATIONAL_B_SPLINE_SURFACE((
    (1.,0.719339800339,1.)
    ,(1.,0.722525265143,1.)
    ,(1.,0.72435306311,1.)
,(1.,0.724336010496,1.))) REPRESENTATION_ITEM('') SURFACE() );
#355 = CARTESIAN_POINT('',(3.888465191914,2.484540963017,4.622684672857)
  );
#356 = CARTESIAN_POINT('',(3.866558857976,2.484540962059,5.25));
#357 = CARTESIAN_POINT('',(3.238861154352,2.484540934622,5.25));
#358 = CARTESIAN_POINT('',(3.888256962977,2.85429775845,4.62864710662));
#359 = CARTESIAN_POINT('',(3.860822662179,2.846720381545,5.25));
#360 = CARTESIAN_POINT('',(3.238861145547,2.683348651723,5.25));
#361 = CARTESIAN_POINT('',(3.738422483518,3.215751646947,4.632061452937)
  );
#362 = CARTESIAN_POINT('',(3.71090148454,3.200114866025,5.25));
#363 = CARTESIAN_POINT('',(3.158409516813,2.87764471615,5.25));
#364 = CARTESIAN_POINT('',(3.476977099571,3.477197008039,4.632061452931)
  );
#365 = CARTESIAN_POINT('',(3.455398210951,3.455618117533,5.25));
#366 = CARTESIAN_POINT('',(3.017917176255,3.018137044591,5.25));
#367 = ADVANCED_FACE('',(#368),#408,.T.);
#368 = FACE_BOUND('',#369,.T.);
#369 = EDGE_LOOP('',(#370,#383,#392,#401));
#370 = ORIENTED_EDGE('',*,*,#371,.F.);
#371 = EDGE_CURVE('',#372,#374,#376,.T.);
#372 = VERTEX_POINT('',#373);
#373 = CARTESIAN_POINT('',(-3.477191390735,3.477196704063,4.632061452931
    ));
#374 = VERTEX_POINT('',#375);
#375 = CARTESIAN_POINT('',(-2.484535345713,3.888684796406,4.622684672857
    ));
#376 = B_SPLINE_CURVE_WITH_KNOTS('',3,(#377,#378,#379,#380,#381,#382),
  .UNSPECIFIED.,.F.,.F.,(4,2,4),(0.,0.5,1.),.UNSPECIFIED.);
#377 = CARTESIAN_POINT('',(-3.477191390735,3.477196704063,4.632061452931
    ));
#378 = CARTESIAN_POINT('',(-3.354352832306,3.60003527323,4.632061452931)
  );
#379 = CARTESIAN_POINT('',(-3.204661061269,3.70355074839,4.631358778609)
  );
#380 = CARTESIAN_POINT('',(-2.86665956189,3.847933081803,4.628236799002)
  );
#381 = CARTESIAN_POINT('',(-2.678367165182,3.888575639809,4.625810266215
    ));
#382 = CARTESIAN_POINT('',(-2.484535345713,3.888684796406,4.622684672857
    ));
#383 = ORIENTED_EDGE('',*,*,#384,.T.);
#384 = EDGE_CURVE('',#372,#385,#387,.T.);
#385 = VERTEX_POINT('',#386);
#386 = CARTESIAN_POINT('',(-3.018131427287,3.018136780747,5.25));
#387 = CIRCLE('',#388,0.65);
#388 = AXIS2_PLACEMENT_3D('',#389,#390,#391);
#389 = CARTESIAN_POINT('',(-3.018131427287,3.018136780747,4.6));
#390 = DIRECTION('',(0.707106750278,0.707106812095,0.));
#391 = DIRECTION('',(-0.707106812095,0.707106750278,0.));
#392 = ORIENTED_EDGE('',*,*,#393,.F.);
#393 = EDGE_CURVE('',#394,#385,#396,.T.);
#394 = VERTEX_POINT('',#395);
#395 = CARTESIAN_POINT('',(-2.484535317318,3.239080758844,5.25));
#396 = ( BOUNDED_CURVE() B_SPLINE_CURVE(3,(#397,#398,#399,#400),
.UNSPECIFIED.,.F.,.F.) B_SPLINE_CURVE_WITH_KNOTS((4,4),(5.498396131368,
6.28318530718),.PIECEWISE_BEZIER_KNOTS.) CURVE() 
GEOMETRIC_REPRESENTATION_ITEM() RATIONAL_B_SPLINE_CURVE((1.,
0.949330676273,0.949330676273,1.)) REPRESENTATION_ITEM('') );
#397 = CARTESIAN_POINT('',(-2.484535317318,3.239080758844,5.25));
#398 = CARTESIAN_POINT('',(-2.687407622646,3.239080749976,5.25));
#399 = CARTESIAN_POINT('',(-2.874766331719,3.161501888848,5.25));
#400 = CARTESIAN_POINT('',(-3.018131427287,3.018136780747,5.25));
#401 = ORIENTED_EDGE('',*,*,#402,.F.);
#402 = EDGE_CURVE('',#374,#394,#403,.T.);
#403 = CIRCLE('',#404,0.65);
#404 = AXIS2_PLACEMENT_3D('',#405,#406,#407);
#405 = CARTESIAN_POINT('',(-2.484535317318,3.239080758844,4.6));
#406 = DIRECTION('',(1.,4.3711388E-08,0.));
#407 = DIRECTION('',(0.,0.,-1.));
#408 = ( BOUNDED_SURFACE() B_SPLINE_SURFACE(3,2,(
    (#409,#410,#411)
    ,(#412,#413,#414)
    ,(#415,#416,#417)
    ,(#418,#419,#420
)),.UNSPECIFIED.,.F.,.F.,.F.) B_SPLINE_SURFACE_WITH_KNOTS((4,4),(3,3),(
    5.498396131368,6.28318530718),(0.,1.),.PIECEWISE_BEZIER_KNOTS.) 
GEOMETRIC_REPRESENTATION_ITEM() RATIONAL_B_SPLINE_SURFACE((
    (1.,0.719339800339,1.)
    ,(1.,0.722525265143,1.)
    ,(1.,0.72435306311,1.)
,(1.,0.724336010496,1.))) REPRESENTATION_ITEM('') SURFACE() );
#409 = CARTESIAN_POINT('',(-2.484535345713,3.888684796406,4.622684672857
    ));
#410 = CARTESIAN_POINT('',(-2.484535344755,3.866778462468,5.25));
#411 = CARTESIAN_POINT('',(-2.484535317318,3.239080758844,5.25));
#412 = CARTESIAN_POINT('',(-2.854292141146,3.888476567469,4.62864710662)
  );
#413 = CARTESIAN_POINT('',(-2.846714764241,3.86104226667,5.25));
#414 = CARTESIAN_POINT('',(-2.683343034419,3.239080750038,5.25));
#415 = CARTESIAN_POINT('',(-3.215746029643,3.73864208801,4.632061452937)
  );
#416 = CARTESIAN_POINT('',(-3.200109248721,3.711121089033,5.25));
#417 = CARTESIAN_POINT('',(-2.877639098846,3.158629121306,5.25));
#418 = CARTESIAN_POINT('',(-3.477191390735,3.477196704063,4.632061452931
    ));
#419 = CARTESIAN_POINT('',(-3.455612500229,3.455617815443,5.25));
#420 = CARTESIAN_POINT('',(-3.018131427287,3.018136780747,5.25));
#421 = ADVANCED_FACE('',(#422),#462,.T.);
#422 = FACE_BOUND('',#423,.T.);
#423 = EDGE_LOOP('',(#424,#437,#446,#455));
#424 = ORIENTED_EDGE('',*,*,#425,.F.);
#425 = EDGE_CURVE('',#426,#428,#430,.T.);
#426 = VERTEX_POINT('',#427);
#427 = CARTESIAN_POINT('',(3.476977403547,-3.476971482267,4.632061452931
    ));
#428 = VERTEX_POINT('',#429);
#429 = CARTESIAN_POINT('',(2.484321358525,-3.88845957461,4.622684672857)
  );
#430 = B_SPLINE_CURVE_WITH_KNOTS('',3,(#431,#432,#433,#434,#435,#436),
  .UNSPECIFIED.,.F.,.F.,(4,2,4),(0.,0.5,1.),.UNSPECIFIED.);
#431 = CARTESIAN_POINT('',(3.476977403547,-3.476971482267,4.632061452931
    ));
#432 = CARTESIAN_POINT('',(3.354138845118,-3.599810051433,4.632061452931
    ));
#433 = CARTESIAN_POINT('',(3.204447074081,-3.703325526594,4.631358778609
    ));
#434 = CARTESIAN_POINT('',(2.866445574702,-3.847707860006,4.628236799002
    ));
#435 = CARTESIAN_POINT('',(2.678153177994,-3.888350418012,4.625810266215
    ));
#436 = CARTESIAN_POINT('',(2.484321358525,-3.88845957461,4.622684672857)
  );
#437 = ORIENTED_EDGE('',*,*,#438,.T.);
#438 = EDGE_CURVE('',#426,#439,#441,.T.);
#439 = VERTEX_POINT('',#440);
#440 = CARTESIAN_POINT('',(3.017917440099,-3.017911558951,5.25));
#441 = CIRCLE('',#442,0.65);
#442 = AXIS2_PLACEMENT_3D('',#443,#444,#445);
#443 = CARTESIAN_POINT('',(3.017917440099,-3.017911558951,4.6));
#444 = DIRECTION('',(-0.707106750278,-0.707106812095,0.));
#445 = DIRECTION('',(0.707106812095,-0.707106750278,0.));
#446 = ORIENTED_EDGE('',*,*,#447,.F.);
#447 = EDGE_CURVE('',#448,#439,#450,.T.);
#448 = VERTEX_POINT('',#449);
#449 = CARTESIAN_POINT('',(2.48432133013,-3.238855537048,5.25));
#450 = ( BOUNDED_CURVE() B_SPLINE_CURVE(3,(#451,#452,#453,#454),
.UNSPECIFIED.,.F.,.F.) B_SPLINE_CURVE_WITH_KNOTS((4,4),(5.498396131368,
6.28318530718),.PIECEWISE_BEZIER_KNOTS.) CURVE() 
GEOMETRIC_REPRESENTATION_ITEM() RATIONAL_B_SPLINE_CURVE((1.,
0.949330676273,0.949330676273,1.)) REPRESENTATION_ITEM('') );
#451 = CARTESIAN_POINT('',(2.48432133013,-3.238855537048,5.25));
#452 = CARTESIAN_POINT('',(2.687193635458,-3.23885552818,5.25));
#453 = CARTESIAN_POINT('',(2.874552344531,-3.161276667052,5.25));
#454 = CARTESIAN_POINT('',(3.017917440099,-3.017911558951,5.25));
#455 = ORIENTED_EDGE('',*,*,#456,.T.);
#456 = EDGE_CURVE('',#448,#428,#457,.T.);
#457 = CIRCLE('',#458,0.65);
#458 = AXIS2_PLACEMENT_3D('',#459,#460,#461);
#459 = CARTESIAN_POINT('',(2.48432133013,-3.238855537048,4.6));
#460 = DIRECTION('',(1.,4.371138666478E-08,0.));
#461 = DIRECTION('',(-4.371138666478E-08,1.,0.));
#462 = ( BOUNDED_SURFACE() B_SPLINE_SURFACE(3,2,(
    (#463,#464,#465)
    ,(#466,#467,#468)
    ,(#469,#470,#471)
    ,(#472,#473,#474
)),.UNSPECIFIED.,.F.,.F.,.F.) B_SPLINE_SURFACE_WITH_KNOTS((4,4),(3,3),(
    5.498396131368,6.28318530718),(0.,1.),.PIECEWISE_BEZIER_KNOTS.) 
GEOMETRIC_REPRESENTATION_ITEM() RATIONAL_B_SPLINE_SURFACE((
    (1.,0.719339800339,1.)
    ,(1.,0.722525265143,1.)
    ,(1.,0.72435306311,1.)
,(1.,0.724336010496,1.))) REPRESENTATION_ITEM('') SURFACE() );
#463 = CARTESIAN_POINT('',(2.484321358525,-3.88845957461,4.622684672857)
  );
#464 = CARTESIAN_POINT('',(2.484321357567,-3.866553240672,5.25));
#465 = CARTESIAN_POINT('',(2.48432133013,-3.238855537048,5.25));
#466 = CARTESIAN_POINT('',(2.854078153958,-3.888251345673,4.62864710662)
  );
#467 = CARTESIAN_POINT('',(2.846500777053,-3.860817044875,5.25));
#468 = CARTESIAN_POINT('',(2.683129047231,-3.238855528243,5.25));
#469 = CARTESIAN_POINT('',(3.215532042455,-3.738416866214,4.632061452937
    ));
#470 = CARTESIAN_POINT('',(3.199895261534,-3.710895867236,5.25));
#471 = CARTESIAN_POINT('',(2.877425111658,-3.158403899509,5.25));
#472 = CARTESIAN_POINT('',(3.476977403547,-3.476971482267,4.632061452931
    ));
#473 = CARTESIAN_POINT('',(3.455398513041,-3.455392593647,5.25));
#474 = CARTESIAN_POINT('',(3.017917440099,-3.017911558951,5.25));
#475 = ADVANCED_FACE('',(#476),#516,.T.);
#476 = FACE_BOUND('',#477,.T.);
#477 = EDGE_LOOP('',(#478,#491,#500,#509));
#478 = ORIENTED_EDGE('',*,*,#479,.F.);
#479 = EDGE_CURVE('',#480,#482,#484,.T.);
#480 = VERTEX_POINT('',#481);
#481 = CARTESIAN_POINT('',(-3.477191086759,-3.476971786243,
    4.632061452931));
#482 = VERTEX_POINT('',#483);
#483 = CARTESIAN_POINT('',(-3.888679179102,-2.484315741221,
    4.622684672857));
#484 = B_SPLINE_CURVE_WITH_KNOTS('',3,(#485,#486,#487,#488,#489,#490),
  .UNSPECIFIED.,.F.,.F.,(4,2,4),(0.,0.5,1.),.UNSPECIFIED.);
#485 = CARTESIAN_POINT('',(-3.477191086759,-3.476971786243,
    4.632061452931));
#486 = CARTESIAN_POINT('',(-3.600029655926,-3.354133227814,
    4.632061452931));
#487 = CARTESIAN_POINT('',(-3.703545131086,-3.204441456777,
    4.631358778609));
#488 = CARTESIAN_POINT('',(-3.847927464499,-2.866439957398,
    4.628236799002));
#489 = CARTESIAN_POINT('',(-3.888570022505,-2.678147560691,
    4.625810266215));
#490 = CARTESIAN_POINT('',(-3.888679179102,-2.484315741221,
    4.622684672857));
#491 = ORIENTED_EDGE('',*,*,#492,.T.);
#492 = EDGE_CURVE('',#480,#493,#495,.T.);
#493 = VERTEX_POINT('',#494);
#494 = CARTESIAN_POINT('',(-3.018131163443,-3.017911822795,5.25));
#495 = CIRCLE('',#496,0.65);
#496 = AXIS2_PLACEMENT_3D('',#497,#498,#499);
#497 = CARTESIAN_POINT('',(-3.018131163443,-3.017911822795,4.6));
#498 = DIRECTION('',(-0.707106812095,0.707106750278,0.));
#499 = DIRECTION('',(-0.707106750278,-0.707106812095,0.));
#500 = ORIENTED_EDGE('',*,*,#501,.F.);
#501 = EDGE_CURVE('',#502,#493,#504,.T.);
#502 = VERTEX_POINT('',#503);
#503 = CARTESIAN_POINT('',(-3.23907514154,-2.484315712826,5.25));
#504 = ( BOUNDED_CURVE() B_SPLINE_CURVE(3,(#505,#506,#507,#508),
.UNSPECIFIED.,.F.,.F.) B_SPLINE_CURVE_WITH_KNOTS((4,4),(5.498396131368,
6.28318530718),.PIECEWISE_BEZIER_KNOTS.) CURVE() 
GEOMETRIC_REPRESENTATION_ITEM() RATIONAL_B_SPLINE_CURVE((1.,
0.949330676273,0.949330676273,1.)) REPRESENTATION_ITEM('') );
#505 = CARTESIAN_POINT('',(-3.23907514154,-2.484315712826,5.25));
#506 = CARTESIAN_POINT('',(-3.239075132672,-2.687188018154,5.25));
#507 = CARTESIAN_POINT('',(-3.161496271544,-2.874546727227,5.25));
#508 = CARTESIAN_POINT('',(-3.018131163443,-3.017911822795,5.25));
#509 = ORIENTED_EDGE('',*,*,#510,.F.);
#510 = EDGE_CURVE('',#482,#502,#511,.T.);
#511 = CIRCLE('',#512,0.65);
#512 = AXIS2_PLACEMENT_3D('',#513,#514,#515);
#513 = CARTESIAN_POINT('',(-3.23907514154,-2.484315712826,4.6));
#514 = DIRECTION('',(-4.371138733239E-08,1.,0.));
#515 = DIRECTION('',(-1.,-4.371138733239E-08,0.));
#516 = ( BOUNDED_SURFACE() B_SPLINE_SURFACE(3,2,(
    (#517,#518,#519)
    ,(#520,#521,#522)
    ,(#523,#524,#525)
    ,(#526,#527,#528
)),.UNSPECIFIED.,.F.,.F.,.F.) B_SPLINE_SURFACE_WITH_KNOTS((4,4),(3,3),(
    5.498396131368,6.28318530718),(0.,1.),.PIECEWISE_BEZIER_KNOTS.) 
GEOMETRIC_REPRESENTATION_ITEM() RATIONAL_B_SPLINE_SURFACE((
    (1.,0.719339800339,1.)
    ,(1.,0.722525265143,1.)
    ,(1.,0.72435306311,1.)
,(1.,0.724336010496,1.))) REPRESENTATION_ITEM('') SURFACE() );
#517 = CARTESIAN_POINT('',(-3.888679179102,-2.484315741221,
    4.622684672857));
#518 = CARTESIAN_POINT('',(-3.866772845164,-2.484315740263,5.25));
#519 = CARTESIAN_POINT('',(-3.23907514154,-2.484315712826,5.25));
#520 = CARTESIAN_POINT('',(-3.888470950165,-2.854072536654,4.62864710662
    ));
#521 = CARTESIAN_POINT('',(-3.861036649366,-2.846495159749,5.25));
#522 = CARTESIAN_POINT('',(-3.239075132734,-2.683123429927,5.25));
#523 = CARTESIAN_POINT('',(-3.738636470706,-3.215526425151,
    4.632061452937));
#524 = CARTESIAN_POINT('',(-3.711115471729,-3.19988964423,5.250000000001
    ));
#525 = CARTESIAN_POINT('',(-3.158623504002,-2.877419494354,5.25));
#526 = CARTESIAN_POINT('',(-3.477191086759,-3.476971786243,
    4.632061452931));
#527 = CARTESIAN_POINT('',(-3.455612198139,-3.455392895737,5.25));
#528 = CARTESIAN_POINT('',(-3.018131163443,-3.017911822795,5.25));
#529 = ADVANCED_FACE('',(#530),#560,.F.);
#530 = FACE_BOUND('',#531,.T.);
#531 = EDGE_LOOP('',(#532,#542,#548,#554));
#532 = ORIENTED_EDGE('',*,*,#533,.T.);
#533 = EDGE_CURVE('',#534,#536,#538,.T.);
#534 = VERTEX_POINT('',#535);
#535 = CARTESIAN_POINT('',(2.484321018575,3.888685013602,4.622684672857)
  );
#536 = VERTEX_POINT('',#537);
#537 = CARTESIAN_POINT('',(2.635455294608,4.039819302846,0.294765075495)
  );
#538 = LINE('',#539,#540);
#539 = CARTESIAN_POINT('',(2.637603254533,4.04196726296,0.233255548328)
  );
#540 = VECTOR('',#541,1.);
#541 = DIRECTION('',(3.487826121778E-02,3.487826426694E-02,
    -0.998782765959));
#542 = ORIENTED_EDGE('',*,*,#543,.T.);
#543 = EDGE_CURVE('',#536,#104,#544,.T.);
#544 = LINE('',#545,#546);
#545 = CARTESIAN_POINT('',(-4.050107170175,4.039819010611,0.294765075495
    ));
#546 = VECTOR('',#547,1.);
#547 = DIRECTION('',(-1.,-4.371138789292E-08,0.));
#548 = ORIENTED_EDGE('',*,*,#549,.T.);
#549 = EDGE_CURVE('',#104,#374,#550,.T.);
#550 = LINE('',#551,#552);
#551 = CARTESIAN_POINT('',(-2.647671190519,4.05182062695,
    -4.891449431466E-02));
#552 = VECTOR('',#553,1.);
#553 = DIRECTION('',(3.487826426694E-02,-3.487826121778E-02,
    0.998782765959));
#554 = ORIENTED_EDGE('',*,*,#555,.T.);
#555 = EDGE_CURVE('',#374,#534,#556,.T.);
#556 = LINE('',#557,#558);
#557 = CARTESIAN_POINT('',(-4.050107163569,3.888684727973,4.622684672857
    ));
#558 = VECTOR('',#559,1.);
#559 = DIRECTION('',(1.,4.371138789292E-08,0.));
#560 = PLANE('',#561);
#561 = AXIS2_PLACEMENT_3D('',#562,#563,#564);
#562 = CARTESIAN_POINT('',(-4.050107170625,4.050112433867,0.));
#563 = DIRECTION('',(4.368476009646E-08,-0.999390827019,
    -3.48994967025E-02));
#564 = DIRECTION('',(1.525505441368E-09,-3.48994967025E-02,
    0.999390827019));
#565 = ADVANCED_FACE('',(#566),#596,.F.);
#566 = FACE_BOUND('',#567,.T.);
#567 = EDGE_LOOP('',(#568,#578,#584,#590));
#568 = ORIENTED_EDGE('',*,*,#569,.T.);
#569 = EDGE_CURVE('',#570,#572,#574,.T.);
#570 = VERTEX_POINT('',#571);
#571 = CARTESIAN_POINT('',(-3.888679396298,2.484540623067,4.622684672857
    ));
#572 = VERTEX_POINT('',#573);
#573 = CARTESIAN_POINT('',(-4.039813685542,2.6356748991,0.294765075495)
  );
#574 = LINE('',#575,#576);
#575 = CARTESIAN_POINT('',(-4.051815241104,2.647676453611,
    -4.891449431466E-02));
#576 = VECTOR('',#577,1.);
#577 = DIRECTION('',(-3.487826426694E-02,3.487826121778E-02,
    -0.998782765959));
#578 = ORIENTED_EDGE('',*,*,#579,.T.);
#579 = EDGE_CURVE('',#572,#212,#580,.T.);
#580 = LINE('',#581,#582);
#581 = CARTESIAN_POINT('',(-4.039813747369,4.050112434317,0.294765075495
    ));
#582 = VECTOR('',#583,1.);
#583 = DIRECTION('',(4.3711388E-08,-1.,0.));
#584 = ORIENTED_EDGE('',*,*,#585,.T.);
#585 = EDGE_CURVE('',#212,#482,#586,.T.);
#586 = LINE('',#587,#588);
#587 = CARTESIAN_POINT('',(-4.04196141506,-2.637597990579,0.233255548328
    ));
#588 = VECTOR('',#589,1.);
#589 = DIRECTION('',(3.487826121778E-02,3.487826426694E-02,
    0.998782765959));
#590 = ORIENTED_EDGE('',*,*,#591,.T.);
#591 = EDGE_CURVE('',#482,#570,#592,.T.);
#592 = LINE('',#593,#594);
#593 = CARTESIAN_POINT('',(-3.888679464731,4.050112440923,4.622684672857
    ));
#594 = VECTOR('',#595,1.);
#595 = DIRECTION('',(-4.3711388E-08,1.,0.));
#596 = PLANE('',#597);
#597 = AXIS2_PLACEMENT_3D('',#598,#599,#600);
#598 = CARTESIAN_POINT('',(-4.050107170625,4.050112433867,0.));
#599 = DIRECTION('',(0.999390827019,4.368476020347E-08,
    -3.48994967025E-02));
#600 = DIRECTION('',(-3.48994967025E-02,-1.525505441368E-09,
    -0.999390827019));
#601 = ADVANCED_FACE('',(#602),#632,.F.);
#602 = FACE_BOUND('',#603,.T.);
#603 = EDGE_LOOP('',(#604,#614,#620,#626));
#604 = ORIENTED_EDGE('',*,*,#605,.T.);
#605 = EDGE_CURVE('',#606,#608,#610,.T.);
#606 = VERTEX_POINT('',#607);
#607 = CARTESIAN_POINT('',(-2.484535005763,-3.888459791806,
    4.622684672857));
#608 = VERTEX_POINT('',#609);
#609 = CARTESIAN_POINT('',(-2.635669281796,-4.03959408105,0.294765075495
    ));
#610 = LINE('',#611,#612);
#611 = CARTESIAN_POINT('',(-2.647670836307,-4.051595636612,
    -4.891449431466E-02));
#612 = VECTOR('',#613,1.);
#613 = DIRECTION('',(-3.487826121778E-02,-3.487826426694E-02,
    -0.998782765959));
#614 = ORIENTED_EDGE('',*,*,#615,.T.);
#615 = EDGE_CURVE('',#608,#264,#616,.T.);
#616 = LINE('',#617,#618);
#617 = CARTESIAN_POINT('',(-4.050106817013,-4.039594142877,
    0.294765075495));
#618 = VECTOR('',#619,1.);
#619 = DIRECTION('',(1.,4.371138778584E-08,0.));
#620 = ORIENTED_EDGE('',*,*,#621,.T.);
#621 = EDGE_CURVE('',#264,#428,#622,.T.);
#622 = LINE('',#623,#624);
#623 = CARTESIAN_POINT('',(2.637603607883,-4.041741810568,0.233255548328
    ));
#624 = VECTOR('',#625,1.);
#625 = DIRECTION('',(-3.487826426694E-02,3.487826121778E-02,
    0.998782765959));
#626 = ORIENTED_EDGE('',*,*,#627,.T.);
#627 = EDGE_CURVE('',#428,#606,#628,.T.);
#628 = LINE('',#629,#630);
#629 = CARTESIAN_POINT('',(-4.050106823619,-3.888459860239,
    4.622684672857));
#630 = VECTOR('',#631,1.);
#631 = DIRECTION('',(-1.,-4.371138778584E-08,0.));
#632 = PLANE('',#633);
#633 = AXIS2_PLACEMENT_3D('',#634,#635,#636);
#634 = CARTESIAN_POINT('',(-4.050106816563,-4.049887566133,0.));
#635 = DIRECTION('',(-4.368475998944E-08,0.999390827019,
    -3.48994967025E-02));
#636 = DIRECTION('',(1.,4.3711388E-08,6.132837139762E-15));
#637 = ADVANCED_FACE('',(#638),#668,.F.);
#638 = FACE_BOUND('',#639,.T.);
#639 = EDGE_LOOP('',(#640,#650,#656,#662));
#640 = ORIENTED_EDGE('',*,*,#641,.T.);
#641 = EDGE_CURVE('',#642,#644,#646,.T.);
#642 = VERTEX_POINT('',#643);
#643 = CARTESIAN_POINT('',(3.88846540911,-2.484315401271,4.622684672857)
  );
#644 = VERTEX_POINT('',#645);
#645 = CARTESIAN_POINT('',(4.039599698354,-2.635449677304,0.294765075495
    ));
#646 = LINE('',#647,#648);
#647 = CARTESIAN_POINT('',(4.041747658468,-2.637597637229,0.233255548328
    ));
#648 = VECTOR('',#649,1.);
#649 = DIRECTION('',(3.487826426694E-02,-3.487826121778E-02,
    -0.998782765959));
#650 = ORIENTED_EDGE('',*,*,#651,.T.);
#651 = EDGE_CURVE('',#644,#156,#652,.T.);
#652 = LINE('',#653,#654);
#653 = CARTESIAN_POINT('',(4.039599406119,4.050112787479,0.294765075495)
  );
#654 = VECTOR('',#655,1.);
#655 = DIRECTION('',(-4.3711388E-08,1.,0.));
#656 = ORIENTED_EDGE('',*,*,#657,.T.);
#657 = EDGE_CURVE('',#156,#320,#658,.T.);
#658 = LINE('',#659,#660);
#659 = CARTESIAN_POINT('',(4.051601022458,2.647676807823,
    -4.891449431466E-02));
#660 = VECTOR('',#661,1.);
#661 = DIRECTION('',(-3.487826121778E-02,-3.487826426694E-02,
    0.998782765959));
#662 = ORIENTED_EDGE('',*,*,#663,.T.);
#663 = EDGE_CURVE('',#320,#642,#664,.T.);
#664 = LINE('',#665,#666);
#665 = CARTESIAN_POINT('',(3.888465123481,4.050112780873,4.622684672857)
  );
#666 = VECTOR('',#667,1.);
#667 = DIRECTION('',(4.3711388E-08,-1.,0.));
#668 = PLANE('',#669);
#669 = AXIS2_PLACEMENT_3D('',#670,#671,#672);
#670 = CARTESIAN_POINT('',(4.049892829375,4.050112787929,0.));
#671 = DIRECTION('',(-0.999390827019,-4.368476020347E-08,
    -3.48994967025E-02));
#672 = DIRECTION('',(4.3711388E-08,-1.,0.));
#673 = ADVANCED_FACE('',(#674,#761),#827,.T.);
#674 = FACE_BOUND('',#675,.T.);
#675 = EDGE_LOOP('',(#676,#686,#695,#703,#712,#720,#729,#737,#746,#754)
  );
#676 = ORIENTED_EDGE('',*,*,#677,.F.);
#677 = EDGE_CURVE('',#678,#680,#682,.T.);
#678 = VERTEX_POINT('',#679);
#679 = CARTESIAN_POINT('',(2.249892897128,2.500112709249,5.25));
#680 = VERTEX_POINT('',#681);
#681 = CARTESIAN_POINT('',(-0.896553712279,2.500112571713,5.25));
#682 = LINE('',#683,#684);
#683 = CARTESIAN_POINT('',(-1.071028724701E-04,2.500112610898,5.25));
#684 = VECTOR('',#685,1.);
#685 = DIRECTION('',(-1.,-4.371138805329E-08,0.));
#686 = ORIENTED_EDGE('',*,*,#687,.T.);
#687 = EDGE_CURVE('',#678,#688,#690,.T.);
#688 = VERTEX_POINT('',#689);
#689 = CARTESIAN_POINT('',(2.499892908055,2.250112720176,5.25));
#690 = CIRCLE('',#691,0.25);
#691 = AXIS2_PLACEMENT_3D('',#692,#693,#694);
#692 = CARTESIAN_POINT('',(2.249892908055,2.250112709249,5.25));
#693 = DIRECTION('',(0.,-0.,-1.));
#694 = DIRECTION('',(1.,4.371138520587E-08,-0.));
#695 = ORIENTED_EDGE('',*,*,#696,.T.);
#696 = EDGE_CURVE('',#688,#697,#699,.T.);
#697 = VERTEX_POINT('',#698);
#698 = CARTESIAN_POINT('',(2.499893104757,-2.249887279824,5.25));
#699 = LINE('',#700,#701);
#700 = CARTESIAN_POINT('',(2.499893006406,1.127201764693E-04,5.25));
#701 = VECTOR('',#702,1.);
#702 = DIRECTION('',(4.371138805329E-08,-1.,0.));
#703 = ORIENTED_EDGE('',*,*,#704,.T.);
#704 = EDGE_CURVE('',#697,#705,#707,.T.);
#705 = VERTEX_POINT('',#706);
#706 = CARTESIAN_POINT('',(2.249893115684,-2.499887290751,5.25));
#707 = CIRCLE('',#708,0.25);
#708 = AXIS2_PLACEMENT_3D('',#709,#710,#711);
#709 = CARTESIAN_POINT('',(2.249893104757,-2.249887290751,5.25));
#710 = DIRECTION('',(0.,-0.,-1.));
#711 = DIRECTION('',(1.,4.371138694059E-08,-0.));
#712 = ORIENTED_EDGE('',*,*,#713,.T.);
#713 = EDGE_CURVE('',#705,#714,#716,.T.);
#714 = VERTEX_POINT('',#715);
#715 = CARTESIAN_POINT('',(-2.250106884316,-2.499887487453,5.25));
#716 = LINE('',#717,#718);
#717 = CARTESIAN_POINT('',(-1.068843155294E-04,-2.499887389102,5.25));
#718 = VECTOR('',#719,1.);
#719 = DIRECTION('',(-1.,-4.371138805329E-08,0.));
#720 = ORIENTED_EDGE('',*,*,#721,.T.);
#721 = EDGE_CURVE('',#714,#722,#724,.T.);
#722 = VERTEX_POINT('',#723);
#723 = CARTESIAN_POINT('',(-2.500106895243,-2.24988749838,5.25));
#724 = CIRCLE('',#725,0.25);
#725 = AXIS2_PLACEMENT_3D('',#726,#727,#728);
#726 = CARTESIAN_POINT('',(-2.250106895243,-2.249887487453,5.25));
#727 = DIRECTION('',(0.,-0.,-1.));
#728 = DIRECTION('',(1.,4.371138867532E-08,-0.));
#729 = ORIENTED_EDGE('',*,*,#730,.F.);
#730 = EDGE_CURVE('',#731,#722,#733,.T.);
#731 = VERTEX_POINT('',#732);
#732 = CARTESIAN_POINT('',(-2.500107032779,0.896559111026,5.25));
#733 = LINE('',#734,#735);
#734 = CARTESIAN_POINT('',(-2.500106993594,1.12501619529E-04,5.25));
#735 = VECTOR('',#736,1.);
#736 = DIRECTION('',(4.371138805329E-08,-1.,0.));
#737 = ORIENTED_EDGE('',*,*,#738,.T.);
#738 = EDGE_CURVE('',#731,#739,#741,.T.);
#739 = VERTEX_POINT('',#740);
#740 = CARTESIAN_POINT('',(-2.426883735803,1.073335809524,5.25));
#741 = CIRCLE('',#742,0.25);
#742 = AXIS2_PLACEMENT_3D('',#743,#744,#745);
#743 = CARTESIAN_POINT('',(-2.250107032779,0.896559121954,5.25));
#744 = DIRECTION('',(0.,-0.,-1.));
#745 = DIRECTION('',(1.,4.371138824164E-08,-0.));
#746 = ORIENTED_EDGE('',*,*,#747,.T.);
#747 = EDGE_CURVE('',#739,#748,#750,.T.);
#748 = VERTEX_POINT('',#749);
#749 = CARTESIAN_POINT('',(-1.073330404375,2.426889259283,5.25));
#750 = LINE('',#751,#752);
#751 = CARTESIAN_POINT('',(-2.500107037305,1.00011250162,5.25));
#752 = VECTOR('',#753,1.);
#753 = DIRECTION('',(0.707106750278,0.707106812095,0.));
#754 = ORIENTED_EDGE('',*,*,#755,.T.);
#755 = EDGE_CURVE('',#748,#680,#756,.T.);
#756 = CIRCLE('',#757,0.25);
#757 = AXIS2_PLACEMENT_3D('',#758,#759,#760);
#758 = CARTESIAN_POINT('',(-0.896553701351,2.250112571713,5.25));
#759 = DIRECTION('',(0.,-0.,-1.));
#760 = DIRECTION('',(1.,4.371138520587E-08,-0.));
#761 = FACE_BOUND('',#762,.T.);
#762 = EDGE_LOOP('',(#763,#771,#772,#781,#787,#788,#797,#803,#804,#813,
    #819,#820));
#763 = ORIENTED_EDGE('',*,*,#764,.T.);
#764 = EDGE_CURVE('',#765,#340,#767,.T.);
#765 = VERTEX_POINT('',#766);
#766 = CARTESIAN_POINT('',(3.238861371548,-2.484315429666,5.25));
#767 = LINE('',#768,#769);
#768 = CARTESIAN_POINT('',(3.23886126295,1.127524777982E-04,5.25));
#769 = VECTOR('',#770,1.);
#770 = DIRECTION('',(-4.3711388E-08,1.,0.));
#771 = ORIENTED_EDGE('',*,*,#339,.T.);
#772 = ORIENTED_EDGE('',*,*,#773,.T.);
#773 = EDGE_CURVE('',#331,#774,#776,.T.);
#774 = VERTEX_POINT('',#775);
#775 = CARTESIAN_POINT('',(2.48432104697,3.23908097604,5.25));
#776 = ( BOUNDED_CURVE() B_SPLINE_CURVE(3,(#777,#778,#779,#780),
.UNSPECIFIED.,.F.,.F.) B_SPLINE_CURVE_WITH_KNOTS((4,4),(
7.180146837652E-17,0.784789175812),.PIECEWISE_BEZIER_KNOTS.) CURVE() 
GEOMETRIC_REPRESENTATION_ITEM() RATIONAL_B_SPLINE_CURVE((1.,
0.949330676273,0.949330676273,1.)) REPRESENTATION_ITEM('') );
#777 = CARTESIAN_POINT('',(3.017917176255,3.018137044591,5.25));
#778 = CARTESIAN_POINT('',(2.874552068153,3.161502140158,5.25));
#779 = CARTESIAN_POINT('',(2.687193352298,3.239080984908,5.25));
#780 = CARTESIAN_POINT('',(2.48432104697,3.23908097604,5.25));
#781 = ORIENTED_EDGE('',*,*,#782,.T.);
#782 = EDGE_CURVE('',#774,#394,#783,.T.);
#783 = LINE('',#784,#785);
#784 = CARTESIAN_POINT('',(-1.071351737978E-04,3.239080867442,5.25));
#785 = VECTOR('',#786,1.);
#786 = DIRECTION('',(-1.,-4.371138789292E-08,0.));
#787 = ORIENTED_EDGE('',*,*,#393,.T.);
#788 = ORIENTED_EDGE('',*,*,#789,.T.);
#789 = EDGE_CURVE('',#385,#790,#792,.T.);
#790 = VERTEX_POINT('',#791);
#791 = CARTESIAN_POINT('',(-3.239075358736,2.484540651462,5.25));
#792 = ( BOUNDED_CURVE() B_SPLINE_CURVE(3,(#793,#794,#795,#796),
.UNSPECIFIED.,.F.,.F.) B_SPLINE_CURVE_WITH_KNOTS((4,4),(
1.43602936753E-16,0.784789175812),.PIECEWISE_BEZIER_KNOTS.) CURVE() 
GEOMETRIC_REPRESENTATION_ITEM() RATIONAL_B_SPLINE_CURVE((1.,
0.949330676273,0.949330676273,1.)) REPRESENTATION_ITEM('') );
#793 = CARTESIAN_POINT('',(-3.018131427287,3.018136780747,5.25));
#794 = CARTESIAN_POINT('',(-3.161496522854,2.874771672645,5.25));
#795 = CARTESIAN_POINT('',(-3.239075367604,2.68741295679,5.25));
#796 = CARTESIAN_POINT('',(-3.239075358736,2.484540651462,5.25));
#797 = ORIENTED_EDGE('',*,*,#798,.T.);
#798 = EDGE_CURVE('',#790,#502,#799,.T.);
#799 = LINE('',#800,#801);
#800 = CARTESIAN_POINT('',(-3.239075250138,1.124693182018E-04,5.25));
#801 = VECTOR('',#802,1.);
#802 = DIRECTION('',(4.3711388E-08,-1.,0.));
#803 = ORIENTED_EDGE('',*,*,#501,.T.);
#804 = ORIENTED_EDGE('',*,*,#805,.T.);
#805 = EDGE_CURVE('',#493,#806,#808,.T.);
#806 = VERTEX_POINT('',#807);
#807 = CARTESIAN_POINT('',(-2.484535034158,-3.238855754244,5.25));
#808 = ( BOUNDED_CURVE() B_SPLINE_CURVE(3,(#809,#810,#811,#812),
.UNSPECIFIED.,.F.,.F.) B_SPLINE_CURVE_WITH_KNOTS((4,4),(
7.180146837652E-17,0.784789175812),.PIECEWISE_BEZIER_KNOTS.) CURVE() 
GEOMETRIC_REPRESENTATION_ITEM() RATIONAL_B_SPLINE_CURVE((1.,
0.949330676273,0.949330676273,1.)) REPRESENTATION_ITEM('') );
#809 = CARTESIAN_POINT('',(-3.018131163443,-3.017911822795,5.25));
#810 = CARTESIAN_POINT('',(-2.874766055341,-3.161276918362,5.25));
#811 = CARTESIAN_POINT('',(-2.687407339486,-3.238855763112,5.25));
#812 = CARTESIAN_POINT('',(-2.484535034158,-3.238855754244,5.25));
#813 = ORIENTED_EDGE('',*,*,#814,.T.);
#814 = EDGE_CURVE('',#806,#448,#815,.T.);
#815 = LINE('',#816,#817);
#816 = CARTESIAN_POINT('',(-1.068520142025E-04,-3.238855645646,5.25));
#817 = VECTOR('',#818,1.);
#818 = DIRECTION('',(1.,4.371138778584E-08,0.));
#819 = ORIENTED_EDGE('',*,*,#447,.T.);
#820 = ORIENTED_EDGE('',*,*,#821,.T.);
#821 = EDGE_CURVE('',#439,#765,#822,.T.);
#822 = ( BOUNDED_CURVE() B_SPLINE_CURVE(3,(#823,#824,#825,#826),
.UNSPECIFIED.,.F.,.F.) B_SPLINE_CURVE_WITH_KNOTS((4,4),(0.,
0.784789175812),.PIECEWISE_BEZIER_KNOTS.) CURVE() 
GEOMETRIC_REPRESENTATION_ITEM() RATIONAL_B_SPLINE_CURVE((1.,
0.949330676273,0.949330676273,1.)) REPRESENTATION_ITEM('') );
#823 = CARTESIAN_POINT('',(3.017917440099,-3.017911558951,5.25));
#824 = CARTESIAN_POINT('',(3.161282535666,-2.874546450849,5.25));
#825 = CARTESIAN_POINT('',(3.238861380416,-2.687187734994,5.25));
#826 = CARTESIAN_POINT('',(3.238861371548,-2.484315429666,5.25));
#827 = PLANE('',#828);
#828 = AXIS2_PLACEMENT_3D('',#829,#830,#831);
#829 = CARTESIAN_POINT('',(-1.06993594E-04,1.12610898E-04,5.25));
#830 = DIRECTION('',(0.,0.,1.));
#831 = DIRECTION('',(-4.3711388E-08,1.,0.));
#832 = ADVANCED_FACE('',(#833),#867,.T.);
#833 = FACE_BOUND('',#834,.T.);
#834 = EDGE_LOOP('',(#835,#845,#853,#861));
#835 = ORIENTED_EDGE('',*,*,#836,.F.);
#836 = EDGE_CURVE('',#837,#839,#841,.T.);
#837 = VERTEX_POINT('',#838);
#838 = CARTESIAN_POINT('',(-2.670107179367,4.250112494189,0.));
#839 = VERTEX_POINT('',#840);
#840 = CARTESIAN_POINT('',(2.669892820633,4.250112727607,0.));
#841 = LINE('',#842,#843);
#842 = CARTESIAN_POINT('',(-4.250107179367,4.250112425125,0.));
#843 = VECTOR('',#844,1.);
#844 = DIRECTION('',(1.,4.3711388E-08,0.));
#845 = ORIENTED_EDGE('',*,*,#846,.T.);
#846 = EDGE_CURVE('',#837,#847,#849,.T.);
#847 = VERTEX_POINT('',#848);
#848 = CARTESIAN_POINT('',(-2.670107179367,4.250112494189,0.15));
#849 = LINE('',#850,#851);
#850 = CARTESIAN_POINT('',(-2.670107179367,4.250112494189,0.15));
#851 = VECTOR('',#852,1.);
#852 = DIRECTION('',(0.,0.,1.));
#853 = ORIENTED_EDGE('',*,*,#854,.T.);
#854 = EDGE_CURVE('',#847,#855,#857,.T.);
#855 = VERTEX_POINT('',#856);
#856 = CARTESIAN_POINT('',(2.669892820633,4.250112727607,0.15));
#857 = LINE('',#858,#859);
#858 = CARTESIAN_POINT('',(-4.250107179367,4.250112425125,0.15));
#859 = VECTOR('',#860,1.);
#860 = DIRECTION('',(1.,4.3711388E-08,0.));
#861 = ORIENTED_EDGE('',*,*,#862,.T.);
#862 = EDGE_CURVE('',#855,#839,#863,.T.);
#863 = LINE('',#864,#865);
#864 = CARTESIAN_POINT('',(2.669892820633,4.250112727607,0.15));
#865 = VECTOR('',#866,1.);
#866 = DIRECTION('',(-0.,0.,-1.));
#867 = PLANE('',#868);
#868 = AXIS2_PLACEMENT_3D('',#869,#870,#871);
#869 = CARTESIAN_POINT('',(-4.250107179367,4.250112425125,0.15));
#870 = DIRECTION('',(-4.3711388E-08,1.,0.));
#871 = DIRECTION('',(-1.,-4.3711388E-08,0.));
#872 = ADVANCED_FACE('',(#873),#907,.T.);
#873 = FACE_BOUND('',#874,.T.);
#874 = EDGE_LOOP('',(#875,#885,#893,#901));
#875 = ORIENTED_EDGE('',*,*,#876,.F.);
#876 = EDGE_CURVE('',#877,#879,#881,.T.);
#877 = VERTEX_POINT('',#878);
#878 = CARTESIAN_POINT('',(-4.250106876885,-2.669887574875,0.));
#879 = VERTEX_POINT('',#880);
#880 = CARTESIAN_POINT('',(-4.250107110303,2.670112425125,0.));
#881 = LINE('',#882,#883);
#882 = CARTESIAN_POINT('',(-4.250107179367,4.250112425125,0.));
#883 = VECTOR('',#884,1.);
#884 = DIRECTION('',(-4.371138789796E-08,1.,0.));
#885 = ORIENTED_EDGE('',*,*,#886,.T.);
#886 = EDGE_CURVE('',#877,#887,#889,.T.);
#887 = VERTEX_POINT('',#888);
#888 = CARTESIAN_POINT('',(-4.250106876885,-2.669887574875,0.15));
#889 = LINE('',#890,#891);
#890 = CARTESIAN_POINT('',(-4.250106876885,-2.669887574875,0.15));
#891 = VECTOR('',#892,1.);
#892 = DIRECTION('',(0.,0.,1.));
#893 = ORIENTED_EDGE('',*,*,#894,.T.);
#894 = EDGE_CURVE('',#887,#895,#897,.T.);
#895 = VERTEX_POINT('',#896);
#896 = CARTESIAN_POINT('',(-4.250107110303,2.670112425125,0.15));
#897 = LINE('',#898,#899);
#898 = CARTESIAN_POINT('',(-4.250107179367,4.250112425125,0.15));
#899 = VECTOR('',#900,1.);
#900 = DIRECTION('',(-4.371138789796E-08,1.,0.));
#901 = ORIENTED_EDGE('',*,*,#902,.T.);
#902 = EDGE_CURVE('',#895,#879,#903,.T.);
#903 = LINE('',#904,#905);
#904 = CARTESIAN_POINT('',(-4.250107110303,2.670112425125,0.15));
#905 = VECTOR('',#906,1.);
#906 = DIRECTION('',(-0.,0.,-1.));
#907 = PLANE('',#908);
#908 = AXIS2_PLACEMENT_3D('',#909,#910,#911);
#909 = CARTESIAN_POINT('',(-4.250107179367,4.250112425125,0.15));
#910 = DIRECTION('',(-1.,-4.3711388E-08,1.041268324322E-32));
#911 = DIRECTION('',(-4.3711388E-08,1.,-1.020425574104E-16));
#912 = ADVANCED_FACE('',(#913),#947,.T.);
#913 = FACE_BOUND('',#914,.T.);
#914 = EDGE_LOOP('',(#915,#925,#933,#941));
#915 = ORIENTED_EDGE('',*,*,#916,.F.);
#916 = EDGE_CURVE('',#917,#919,#921,.T.);
#917 = VERTEX_POINT('',#918);
#918 = CARTESIAN_POINT('',(2.669893192179,-4.249887272393,0.));
#919 = VERTEX_POINT('',#920);
#920 = CARTESIAN_POINT('',(-2.670106807821,-4.249887505811,0.));
#921 = LINE('',#922,#923);
#922 = CARTESIAN_POINT('',(-4.250106807821,-4.249887574875,0.));
#923 = VECTOR('',#924,1.);
#924 = DIRECTION('',(-1.,-4.3711388E-08,0.));
#925 = ORIENTED_EDGE('',*,*,#926,.T.);
#926 = EDGE_CURVE('',#917,#927,#929,.T.);
#927 = VERTEX_POINT('',#928);
#928 = CARTESIAN_POINT('',(2.669893192179,-4.249887272393,0.15));
#929 = LINE('',#930,#931);
#930 = CARTESIAN_POINT('',(2.669893192179,-4.249887272393,0.15));
#931 = VECTOR('',#932,1.);
#932 = DIRECTION('',(0.,0.,1.));
#933 = ORIENTED_EDGE('',*,*,#934,.T.);
#934 = EDGE_CURVE('',#927,#935,#937,.T.);
#935 = VERTEX_POINT('',#936);
#936 = CARTESIAN_POINT('',(-2.670106807821,-4.249887505811,0.15));
#937 = LINE('',#938,#939);
#938 = CARTESIAN_POINT('',(-4.250106807821,-4.249887574875,0.15));
#939 = VECTOR('',#940,1.);
#940 = DIRECTION('',(-1.,-4.3711388E-08,0.));
#941 = ORIENTED_EDGE('',*,*,#942,.T.);
#942 = EDGE_CURVE('',#935,#919,#943,.T.);
#943 = LINE('',#944,#945);
#944 = CARTESIAN_POINT('',(-2.670106807821,-4.249887505811,0.15));
#945 = VECTOR('',#946,1.);
#946 = DIRECTION('',(-0.,0.,-1.));
#947 = PLANE('',#948);
#948 = AXIS2_PLACEMENT_3D('',#949,#950,#951);
#949 = CARTESIAN_POINT('',(-4.250106807821,-4.249887574875,0.15));
#950 = DIRECTION('',(4.3711388E-08,-1.,0.));
#951 = DIRECTION('',(0.,0.,1.));
#952 = ADVANCED_FACE('',(#953),#987,.T.);
#953 = FACE_BOUND('',#954,.T.);
#954 = EDGE_LOOP('',(#955,#965,#973,#981));
#955 = ORIENTED_EDGE('',*,*,#956,.T.);
#956 = EDGE_CURVE('',#957,#959,#961,.T.);
#957 = VERTEX_POINT('',#958);
#958 = CARTESIAN_POINT('',(4.249892889697,2.670112796671,0.15));
#959 = VERTEX_POINT('',#960);
#960 = CARTESIAN_POINT('',(4.249893123115,-2.669887203329,0.15));
#961 = LINE('',#962,#963);
#962 = CARTESIAN_POINT('',(4.249892820633,4.250112796671,0.15));
#963 = VECTOR('',#964,1.);
#964 = DIRECTION('',(4.371138810204E-08,-1.,0.));
#965 = ORIENTED_EDGE('',*,*,#966,.T.);
#966 = EDGE_CURVE('',#959,#967,#969,.T.);
#967 = VERTEX_POINT('',#968);
#968 = CARTESIAN_POINT('',(4.249893123115,-2.669887203329,0.));
#969 = LINE('',#970,#971);
#970 = CARTESIAN_POINT('',(4.249893123115,-2.669887203329,0.15));
#971 = VECTOR('',#972,1.);
#972 = DIRECTION('',(-0.,0.,-1.));
#973 = ORIENTED_EDGE('',*,*,#974,.F.);
#974 = EDGE_CURVE('',#975,#967,#977,.T.);
#975 = VERTEX_POINT('',#976);
#976 = CARTESIAN_POINT('',(4.249892889697,2.670112796671,0.));
#977 = LINE('',#978,#979);
#978 = CARTESIAN_POINT('',(4.249892820633,4.250112796671,0.));
#979 = VECTOR('',#980,1.);
#980 = DIRECTION('',(4.371138810204E-08,-1.,0.));
#981 = ORIENTED_EDGE('',*,*,#982,.T.);
#982 = EDGE_CURVE('',#975,#957,#983,.T.);
#983 = LINE('',#984,#985);
#984 = CARTESIAN_POINT('',(4.249892889697,2.670112796671,0.15));
#985 = VECTOR('',#986,1.);
#986 = DIRECTION('',(0.,0.,1.));
#987 = PLANE('',#988);
#988 = AXIS2_PLACEMENT_3D('',#989,#990,#991);
#989 = CARTESIAN_POINT('',(4.249892820633,4.250112796671,0.15));
#990 = DIRECTION('',(1.,4.371138810204E-08,0.));
#991 = DIRECTION('',(0.,0.,-1.));
#992 = ADVANCED_FACE('',(#993,#1059),#1093,.F.);
#993 = FACE_BOUND('',#994,.T.);
#994 = EDGE_LOOP('',(#995,#1004,#1005,#1013,#1020,#1021,#1029,#1036,
    #1037,#1045,#1052,#1053));
#995 = ORIENTED_EDGE('',*,*,#996,.T.);
#996 = EDGE_CURVE('',#997,#124,#999,.T.);
#997 = VERTEX_POINT('',#998);
#998 = CARTESIAN_POINT('',(-4.189722309595,2.635674892547,0.15));
#999 = ( BOUNDED_CURVE() B_SPLINE_CURVE(3,(#1000,#1001,#1002,#1003),
.UNSPECIFIED.,.F.,.F.) B_SPLINE_CURVE_WITH_KNOTS((4,4),(5.498396131368,
6.28318530718),.PIECEWISE_BEZIER_KNOTS.) CURVE() 
GEOMETRIC_REPRESENTATION_ITEM() RATIONAL_B_SPLINE_CURVE((1.,
0.949330676273,0.949330676273,1.)) REPRESENTATION_ITEM('') );
#1000 = CARTESIAN_POINT('',(-4.189722309595,2.635674892547,0.15));
#1001 = CARTESIAN_POINT('',(-4.189722327859,3.05351123001,0.15));
#1002 = CARTESIAN_POINT('',(-4.029940733709,3.439395737498,0.15));
#1003 = CARTESIAN_POINT('',(-3.734665603101,3.734670893919,0.15));
#1004 = ORIENTED_EDGE('',*,*,#132,.T.);
#1005 = ORIENTED_EDGE('',*,*,#1006,.T.);
#1006 = EDGE_CURVE('',#102,#1007,#1009,.T.);
#1007 = VERTEX_POINT('',#1008);
#1008 = CARTESIAN_POINT('',(2.635455288055,4.189727926899,0.15));
#1009 = LINE('',#1010,#1011);
#1010 = CARTESIAN_POINT('',(-1.071767278952E-04,4.189727811695,0.15));
#1011 = VECTOR('',#1012,1.);
#1012 = DIRECTION('',(1.,4.371138789292E-08,0.));
#1013 = ORIENTED_EDGE('',*,*,#1014,.T.);
#1014 = EDGE_CURVE('',#1007,#178,#1015,.T.);
#1015 = ( BOUNDED_CURVE() B_SPLINE_CURVE(3,(#1016,#1017,#1018,#1019),
.UNSPECIFIED.,.F.,.F.) B_SPLINE_CURVE_WITH_KNOTS((4,4),(5.498396131368,
6.28318530718),.PIECEWISE_BEZIER_KNOTS.) CURVE() 
GEOMETRIC_REPRESENTATION_ITEM() RATIONAL_B_SPLINE_CURVE((1.,
0.949330676273,0.949330676273,1.)) REPRESENTATION_ITEM('') );
#1016 = CARTESIAN_POINT('',(2.635455288055,4.189727926899,0.15));
#1017 = CARTESIAN_POINT('',(3.053291625518,4.189727945163,0.15));
#1018 = CARTESIAN_POINT('',(3.439176133006,4.029946351013,0.15));
#1019 = CARTESIAN_POINT('',(3.734451289427,3.734671220405,0.15));
#1020 = ORIENTED_EDGE('',*,*,#186,.T.);
#1021 = ORIENTED_EDGE('',*,*,#1022,.T.);
#1022 = EDGE_CURVE('',#158,#1023,#1025,.T.);
#1023 = VERTEX_POINT('',#1024);
#1024 = CARTESIAN_POINT('',(4.189508322407,-2.635449670751,0.15));
#1025 = LINE('',#1026,#1027);
#1026 = CARTESIAN_POINT('',(4.189508207203,1.127940318956E-04,0.15));
#1027 = VECTOR('',#1028,1.);
#1028 = DIRECTION('',(4.3711388E-08,-1.,0.));
#1029 = ORIENTED_EDGE('',*,*,#1030,.T.);
#1030 = EDGE_CURVE('',#1023,#286,#1031,.T.);
#1031 = ( BOUNDED_CURVE() B_SPLINE_CURVE(3,(#1032,#1033,#1034,#1035),
.UNSPECIFIED.,.F.,.F.) B_SPLINE_CURVE_WITH_KNOTS((4,4),(5.498396131368,
6.28318530718),.PIECEWISE_BEZIER_KNOTS.) CURVE() 
GEOMETRIC_REPRESENTATION_ITEM() RATIONAL_B_SPLINE_CURVE((1.,
0.949330676273,0.949330676273,1.)) REPRESENTATION_ITEM('') );
#1032 = CARTESIAN_POINT('',(4.189508322407,-2.635449670751,0.15));
#1033 = CARTESIAN_POINT('',(4.189508340671,-3.053286008214,0.15));
#1034 = CARTESIAN_POINT('',(4.029726746521,-3.439170515702,0.15));
#1035 = CARTESIAN_POINT('',(3.734451615913,-3.734445672123,0.15));
#1036 = ORIENTED_EDGE('',*,*,#294,.T.);
#1037 = ORIENTED_EDGE('',*,*,#1038,.T.);
#1038 = EDGE_CURVE('',#266,#1039,#1041,.T.);
#1039 = VERTEX_POINT('',#1040);
#1040 = CARTESIAN_POINT('',(-2.635669275243,-4.189502705103,0.15));
#1041 = LINE('',#1042,#1043);
#1042 = CARTESIAN_POINT('',(-1.068104601053E-04,-4.189502589899,0.15));
#1043 = VECTOR('',#1044,1.);
#1044 = DIRECTION('',(-1.,-4.371138778584E-08,0.));
#1045 = ORIENTED_EDGE('',*,*,#1046,.T.);
#1046 = EDGE_CURVE('',#1039,#232,#1047,.T.);
#1047 = ( BOUNDED_CURVE() B_SPLINE_CURVE(3,(#1048,#1049,#1050,#1051),
.UNSPECIFIED.,.F.,.F.) B_SPLINE_CURVE_WITH_KNOTS((4,4),(5.498396131368,
6.28318530718),.PIECEWISE_BEZIER_KNOTS.) CURVE() 
GEOMETRIC_REPRESENTATION_ITEM() RATIONAL_B_SPLINE_CURVE((1.,
0.949330676273,0.949330676273,1.)) REPRESENTATION_ITEM('') );
#1048 = CARTESIAN_POINT('',(-2.635669275243,-4.189502705103,0.15));
#1049 = CARTESIAN_POINT('',(-3.053505612706,-4.189502723367,0.15));
#1050 = CARTESIAN_POINT('',(-3.439390120194,-4.029721129217,0.15));
#1051 = CARTESIAN_POINT('',(-3.734665276615,-3.734445998609,0.15));
#1052 = ORIENTED_EDGE('',*,*,#240,.T.);
#1053 = ORIENTED_EDGE('',*,*,#1054,.T.);
#1054 = EDGE_CURVE('',#210,#997,#1055,.T.);
#1055 = LINE('',#1056,#1057);
#1056 = CARTESIAN_POINT('',(-4.189722194391,1.124277641044E-04,0.15));
#1057 = VECTOR('',#1058,1.);
#1058 = DIRECTION('',(-4.3711388E-08,1.,0.));
#1059 = FACE_BOUND('',#1060,.T.);
#1060 = EDGE_LOOP('',(#1061,#1062,#1069,#1070,#1077,#1078,#1085,#1086));
#1061 = ORIENTED_EDGE('',*,*,#934,.F.);
#1062 = ORIENTED_EDGE('',*,*,#1063,.T.);
#1063 = EDGE_CURVE('',#927,#959,#1064,.T.);
#1064 = CIRCLE('',#1065,1.58);
#1065 = AXIS2_PLACEMENT_3D('',#1066,#1067,#1068);
#1066 = CARTESIAN_POINT('',(2.669893123115,-2.669887272393,0.15));
#1067 = DIRECTION('',(0.,0.,1.));
#1068 = DIRECTION('',(4.371138812635E-08,-1.,0.));
#1069 = ORIENTED_EDGE('',*,*,#956,.F.);
#1070 = ORIENTED_EDGE('',*,*,#1071,.T.);
#1071 = EDGE_CURVE('',#957,#855,#1072,.T.);
#1072 = CIRCLE('',#1073,1.58);
#1073 = AXIS2_PLACEMENT_3D('',#1074,#1075,#1076);
#1074 = CARTESIAN_POINT('',(2.669892889697,2.670112727607,0.15));
#1075 = DIRECTION('',(0.,0.,1.));
#1076 = DIRECTION('',(4.371138730291E-08,-1.,0.));
#1077 = ORIENTED_EDGE('',*,*,#854,.F.);
#1078 = ORIENTED_EDGE('',*,*,#1079,.T.);
#1079 = EDGE_CURVE('',#847,#895,#1080,.T.);
#1080 = CIRCLE('',#1081,1.58);
#1081 = AXIS2_PLACEMENT_3D('',#1082,#1083,#1084);
#1082 = CARTESIAN_POINT('',(-2.670107110303,2.670112494189,0.15));
#1083 = DIRECTION('',(0.,0.,1.));
#1084 = DIRECTION('',(4.371138812635E-08,-1.,0.));
#1085 = ORIENTED_EDGE('',*,*,#894,.F.);
#1086 = ORIENTED_EDGE('',*,*,#1087,.T.);
#1087 = EDGE_CURVE('',#887,#935,#1088,.T.);
#1088 = CIRCLE('',#1089,1.58);
#1089 = AXIS2_PLACEMENT_3D('',#1090,#1091,#1092);
#1090 = CARTESIAN_POINT('',(-2.670106876885,-2.669887505811,0.15));
#1091 = DIRECTION('',(0.,0.,1.));
#1092 = DIRECTION('',(4.371138812635E-08,-1.,0.));
#1093 = PLANE('',#1094);
#1094 = AXIS2_PLACEMENT_3D('',#1095,#1096,#1097);
#1095 = CARTESIAN_POINT('',(-1.06993594E-04,1.12610898E-04,0.15));
#1096 = DIRECTION('',(0.,0.,-1.));
#1097 = DIRECTION('',(1.,4.3711388E-08,0.));
#1098 = ADVANCED_FACE('',(#1099),#1123,.T.);
#1099 = FACE_BOUND('',#1100,.T.);
#1100 = EDGE_LOOP('',(#1101,#1102,#1103,#1112,#1113,#1122));
#1101 = ORIENTED_EDGE('',*,*,#657,.F.);
#1102 = ORIENTED_EDGE('',*,*,#166,.T.);
#1103 = ORIENTED_EDGE('',*,*,#1104,.T.);
#1104 = EDGE_CURVE('',#167,#536,#1105,.T.);
#1105 = B_SPLINE_CURVE_WITH_KNOTS('',3,(#1106,#1107,#1108,#1109,#1110,
    #1111),.UNSPECIFIED.,.F.,.F.,(4,2,4),(0.,0.5,1.),.UNSPECIFIED.);
#1106 = CARTESIAN_POINT('',(3.628514384047,3.628734305763,0.29260120317)
  );
#1107 = CARTESIAN_POINT('',(3.505675814876,3.751572864194,0.29260120317)
  );
#1108 = CARTESIAN_POINT('',(3.35595045075,3.855054742228,0.292860249881)
  );
#1109 = CARTESIAN_POINT('',(3.0178146026,3.99930270993,0.293585154407));
#1110 = CARTESIAN_POINT('',(2.82942145023,4.039844499354,0.29404378472)
  );
#1111 = CARTESIAN_POINT('',(2.635455294608,4.039819302846,0.294765075495
    ));
#1112 = ORIENTED_EDGE('',*,*,#533,.F.);
#1113 = ORIENTED_EDGE('',*,*,#1114,.T.);
#1114 = EDGE_CURVE('',#534,#318,#1115,.T.);
#1115 = B_SPLINE_CURVE_WITH_KNOTS('',3,(#1116,#1117,#1118,#1119,#1120,
    #1121),.UNSPECIFIED.,.F.,.F.,(4,2,4),(0.,0.5,1.),.UNSPECIFIED.);
#1116 = CARTESIAN_POINT('',(2.484321018575,3.888685013602,4.622684672857
    ));
#1117 = CARTESIAN_POINT('',(2.678152838054,3.888575873949,4.625810266215
    ));
#1118 = CARTESIAN_POINT('',(2.866445238315,3.847933332404,4.628236799002
    ));
#1119 = CARTESIAN_POINT('',(3.204446750316,3.703551028541,4.631358778609
    ));
#1120 = CARTESIAN_POINT('',(3.354138530403,3.600035566467,4.632061452931
    ));
#1121 = CARTESIAN_POINT('',(3.476977099571,3.477197008039,4.632061452931
    ));
#1122 = ORIENTED_EDGE('',*,*,#317,.T.);
#1123 = CYLINDRICAL_SURFACE('',#1124,1.405);
#1124 = AXIS2_PLACEMENT_3D('',#1125,#1126,#1127);
#1125 = CARTESIAN_POINT('',(2.63760331591,2.637823150998,0.184221755461)
  );
#1126 = DIRECTION('',(3.48782612178E-02,3.487826426694E-02,
    -0.998782765959));
#1127 = DIRECTION('',(-0.999390827019,-4.368476005392E-08,
    -3.48994967025E-02));
#1128 = ADVANCED_FACE('',(#1129),#1153,.T.);
#1129 = FACE_BOUND('',#1130,.T.);
#1130 = EDGE_LOOP('',(#1131,#1132,#1133,#1142,#1143,#1152));
#1131 = ORIENTED_EDGE('',*,*,#621,.F.);
#1132 = ORIENTED_EDGE('',*,*,#274,.T.);
#1133 = ORIENTED_EDGE('',*,*,#1134,.T.);
#1134 = EDGE_CURVE('',#275,#644,#1135,.T.);
#1135 = B_SPLINE_CURVE_WITH_KNOTS('',3,(#1136,#1137,#1138,#1139,#1140,
    #1141),.UNSPECIFIED.,.F.,.F.,(4,2,4),(0.,0.5,1.),.UNSPECIFIED.);
#1136 = CARTESIAN_POINT('',(3.628514701271,-3.628508766743,0.29260120317
    ));
#1137 = CARTESIAN_POINT('',(3.751353259702,-3.505670197572,0.29260120317
    ));
#1138 = CARTESIAN_POINT('',(3.854835137736,-3.355944833446,
    0.292860249881));
#1139 = CARTESIAN_POINT('',(3.999083105438,-3.017808985296,
    0.293585154407));
#1140 = CARTESIAN_POINT('',(4.039624894862,-2.829415832926,0.29404378472
    ));
#1141 = CARTESIAN_POINT('',(4.039599698354,-2.635449677304,
    0.294765075495));
#1142 = ORIENTED_EDGE('',*,*,#641,.F.);
#1143 = ORIENTED_EDGE('',*,*,#1144,.T.);
#1144 = EDGE_CURVE('',#642,#426,#1145,.T.);
#1145 = B_SPLINE_CURVE_WITH_KNOTS('',3,(#1146,#1147,#1148,#1149,#1150,
    #1151),.UNSPECIFIED.,.F.,.F.,(4,2,4),(0.,0.5,1.),.UNSPECIFIED.);
#1146 = CARTESIAN_POINT('',(3.88846540911,-2.484315401271,4.622684672857
    ));
#1147 = CARTESIAN_POINT('',(3.888356269457,-2.67814722075,4.625810266215
    ));
#1148 = CARTESIAN_POINT('',(3.847713727912,-2.866439621011,
    4.628236799002));
#1149 = CARTESIAN_POINT('',(3.703331424049,-3.204441133012,
    4.631358778609));
#1150 = CARTESIAN_POINT('',(3.599815961975,-3.354132913099,
    4.632061452931));
#1151 = CARTESIAN_POINT('',(3.476977403547,-3.476971482267,
    4.632061452931));
#1152 = ORIENTED_EDGE('',*,*,#425,.T.);
#1153 = CYLINDRICAL_SURFACE('',#1154,1.405);
#1154 = AXIS2_PLACEMENT_3D('',#1155,#1156,#1157);
#1155 = CARTESIAN_POINT('',(2.637603546506,-2.637597698606,
    0.184221755461));
#1156 = DIRECTION('',(3.487826426694E-02,-3.48782612178E-02,
    -0.998782765959));
#1157 = DIRECTION('',(4.368476005413E-08,-0.999390827019,
    3.48994967025E-02));
#1158 = ADVANCED_FACE('',(#1159),#1183,.T.);
#1159 = FACE_BOUND('',#1160,.T.);
#1160 = EDGE_LOOP('',(#1161,#1162,#1163,#1172,#1173,#1182));
#1161 = ORIENTED_EDGE('',*,*,#585,.F.);
#1162 = ORIENTED_EDGE('',*,*,#220,.T.);
#1163 = ORIENTED_EDGE('',*,*,#1164,.T.);
#1164 = EDGE_CURVE('',#221,#608,#1165,.T.);
#1165 = B_SPLINE_CURVE_WITH_KNOTS('',3,(#1166,#1167,#1168,#1169,#1170,
    #1171),.UNSPECIFIED.,.F.,.F.,(4,2,4),(0.,0.5,1.),.UNSPECIFIED.);
#1166 = CARTESIAN_POINT('',(-3.628728371235,-3.628509083967,
    0.29260120317));
#1167 = CARTESIAN_POINT('',(-3.505889802065,-3.751347642399,
    0.29260120317));
#1168 = CARTESIAN_POINT('',(-3.356164437939,-3.854829520433,
    0.292860249881));
#1169 = CARTESIAN_POINT('',(-3.018028589788,-3.999077488135,
    0.293585154407));
#1170 = CARTESIAN_POINT('',(-2.829635437418,-4.039619277558,
    0.29404378472));
#1171 = CARTESIAN_POINT('',(-2.635669281796,-4.03959408105,
    0.294765075495));
#1172 = ORIENTED_EDGE('',*,*,#605,.F.);
#1173 = ORIENTED_EDGE('',*,*,#1174,.T.);
#1174 = EDGE_CURVE('',#606,#480,#1175,.T.);
#1175 = B_SPLINE_CURVE_WITH_KNOTS('',3,(#1176,#1177,#1178,#1179,#1180,
    #1181),.UNSPECIFIED.,.F.,.F.,(4,2,4),(0.,0.5,1.),.UNSPECIFIED.);
#1176 = CARTESIAN_POINT('',(-2.484535005763,-3.888459791806,
    4.622684672857));
#1177 = CARTESIAN_POINT('',(-2.678366825242,-3.888350652154,
    4.625810266215));
#1178 = CARTESIAN_POINT('',(-2.866659225503,-3.847708110609,
    4.628236799002));
#1179 = CARTESIAN_POINT('',(-3.204660737505,-3.703325806745,
    4.631358778609));
#1180 = CARTESIAN_POINT('',(-3.354352517591,-3.599810344671,
    4.632061452931));
#1181 = CARTESIAN_POINT('',(-3.477191086759,-3.476971786243,
    4.632061452931));
#1182 = ORIENTED_EDGE('',*,*,#479,.T.);
#1183 = CYLINDRICAL_SURFACE('',#1184,1.405);
#1184 = AXIS2_PLACEMENT_3D('',#1185,#1186,#1187);
#1185 = CARTESIAN_POINT('',(-2.647670897684,-2.64745152465,
    -9.794828718167E-02));
#1186 = DIRECTION('',(-3.48782612178E-02,-3.487826426694E-02,
    -0.998782765959));
#1187 = DIRECTION('',(-0.999390827019,-4.368476005392E-08,
    3.48994967025E-02));
#1188 = ADVANCED_FACE('',(#1189),#1213,.T.);
#1189 = FACE_BOUND('',#1190,.T.);
#1190 = EDGE_LOOP('',(#1191,#1192,#1193,#1202,#1203,#1212));
#1191 = ORIENTED_EDGE('',*,*,#549,.F.);
#1192 = ORIENTED_EDGE('',*,*,#112,.T.);
#1193 = ORIENTED_EDGE('',*,*,#1194,.T.);
#1194 = EDGE_CURVE('',#113,#572,#1195,.T.);
#1195 = B_SPLINE_CURVE_WITH_KNOTS('',3,(#1196,#1197,#1198,#1199,#1200,
    #1201),.UNSPECIFIED.,.F.,.F.,(4,2,4),(0.,0.5,1.),.UNSPECIFIED.);
#1196 = CARTESIAN_POINT('',(-3.628728688459,3.628733988539,0.29260120317
    ));
#1197 = CARTESIAN_POINT('',(-3.751567246891,3.505895419369,0.29260120317
    ));
#1198 = CARTESIAN_POINT('',(-3.855049124925,3.356170055243,
    0.292860249881));
#1199 = CARTESIAN_POINT('',(-3.999297092627,3.018034207092,
    0.293585154407));
#1200 = CARTESIAN_POINT('',(-4.03983888205,2.829641054722,0.29404378472)
  );
#1201 = CARTESIAN_POINT('',(-4.039813685542,2.6356748991,0.294765075495)
  );
#1202 = ORIENTED_EDGE('',*,*,#569,.F.);
#1203 = ORIENTED_EDGE('',*,*,#1204,.T.);
#1204 = EDGE_CURVE('',#570,#372,#1205,.T.);
#1205 = B_SPLINE_CURVE_WITH_KNOTS('',3,(#1206,#1207,#1208,#1209,#1210,
    #1211),.UNSPECIFIED.,.F.,.F.,(4,2,4),(0.,0.5,1.),.UNSPECIFIED.);
#1206 = CARTESIAN_POINT('',(-3.888679396298,2.484540623067,
    4.622684672857));
#1207 = CARTESIAN_POINT('',(-3.888570256646,2.678372442546,
    4.625810266215));
#1208 = CARTESIAN_POINT('',(-3.847927715101,2.866664842807,
    4.628236799002));
#1209 = CARTESIAN_POINT('',(-3.703545411237,3.204666354809,
    4.631358778609));
#1210 = CARTESIAN_POINT('',(-3.600029949163,3.354358134895,
    4.632061452931));
#1211 = CARTESIAN_POINT('',(-3.477191390735,3.477196704063,
    4.632061452931));
#1212 = ORIENTED_EDGE('',*,*,#371,.T.);
#1213 = CYLINDRICAL_SURFACE('',#1214,1.405);
#1214 = AXIS2_PLACEMENT_3D('',#1215,#1216,#1217);
#1215 = CARTESIAN_POINT('',(-2.647671129142,2.647676514988,
    -9.794828718167E-02));
#1216 = DIRECTION('',(-3.487826426694E-02,3.48782612178E-02,
    -0.998782765959));
#1217 = DIRECTION('',(4.36847600537E-08,-0.999390827019,
    -3.48994967025E-02));
#1218 = ADVANCED_FACE('',(#1219),#1231,.T.);
#1219 = FACE_BOUND('',#1220,.T.);
#1220 = EDGE_LOOP('',(#1221,#1222,#1223,#1230));
#1221 = ORIENTED_EDGE('',*,*,#492,.F.);
#1222 = ORIENTED_EDGE('',*,*,#1174,.F.);
#1223 = ORIENTED_EDGE('',*,*,#1224,.F.);
#1224 = EDGE_CURVE('',#806,#606,#1225,.T.);
#1225 = CIRCLE('',#1226,0.65);
#1226 = AXIS2_PLACEMENT_3D('',#1227,#1228,#1229);
#1227 = CARTESIAN_POINT('',(-2.484535034158,-3.238855754244,4.6));
#1228 = DIRECTION('',(1.,4.3711388E-08,0.));
#1229 = DIRECTION('',(0.,0.,-1.));
#1230 = ORIENTED_EDGE('',*,*,#805,.F.);
#1231 = ( BOUNDED_SURFACE() B_SPLINE_SURFACE(3,2,(
    (#1232,#1233,#1234)
    ,(#1235,#1236,#1237)
    ,(#1238,#1239,#1240)
    ,(#1241,#1242,#1243
)),.UNSPECIFIED.,.F.,.F.,.F.) B_SPLINE_SURFACE_WITH_KNOTS((4,4),(3,3),(
    7.180146837652E-17,0.784789175812),(0.,1.),
.PIECEWISE_BEZIER_KNOTS.) GEOMETRIC_REPRESENTATION_ITEM() 
RATIONAL_B_SPLINE_SURFACE((
    (1.,0.724336010496,1.)
    ,(1.,0.72435306311,1.)
    ,(1.,0.722525265143,1.)
,(1.,0.719339800339,1.))) REPRESENTATION_ITEM('') SURFACE() );
#1232 = CARTESIAN_POINT('',(-3.477191086759,-3.476971786243,
    4.632061452931));
#1233 = CARTESIAN_POINT('',(-3.455612198139,-3.455392895737,5.25));
#1234 = CARTESIAN_POINT('',(-3.018131163443,-3.017911822795,5.25));
#1235 = CARTESIAN_POINT('',(-3.215745702811,-3.738417147334,
    4.632061452937));
#1236 = CARTESIAN_POINT('',(-3.200108924295,-3.710896146991,5.25));
#1237 = CARTESIAN_POINT('',(-2.87763882272,-3.158404151072,5.25));
#1238 = CARTESIAN_POINT('',(-2.854291801214,-3.888251595193,
    4.62864710662));
#1239 = CARTESIAN_POINT('',(-2.846714426707,-3.860817293732,5.25));
#1240 = CARTESIAN_POINT('',(-2.683342751259,-3.238855762818,5.25));
#1241 = CARTESIAN_POINT('',(-2.484535005763,-3.888459791806,
    4.622684672857));
#1242 = CARTESIAN_POINT('',(-2.484535006721,-3.866553457868,5.25));
#1243 = CARTESIAN_POINT('',(-2.484535034158,-3.238855754244,5.25));
#1244 = ADVANCED_FACE('',(#1245),#1251,.T.);
#1245 = FACE_BOUND('',#1246,.T.);
#1246 = EDGE_LOOP('',(#1247,#1248,#1249,#1250));
#1247 = ORIENTED_EDGE('',*,*,#1224,.T.);
#1248 = ORIENTED_EDGE('',*,*,#627,.F.);
#1249 = ORIENTED_EDGE('',*,*,#456,.F.);
#1250 = ORIENTED_EDGE('',*,*,#814,.F.);
#1251 = CYLINDRICAL_SURFACE('',#1252,0.65);
#1252 = AXIS2_PLACEMENT_3D('',#1253,#1254,#1255);
#1253 = CARTESIAN_POINT('',(-1.068520142025E-04,-3.238855645646,4.6));
#1254 = DIRECTION('',(-1.,-4.371138778584E-08,0.));
#1255 = DIRECTION('',(4.371138778584E-08,-1.,0.));
#1256 = ADVANCED_FACE('',(#1257),#1269,.T.);
#1257 = FACE_BOUND('',#1258,.T.);
#1258 = EDGE_LOOP('',(#1259,#1260,#1261,#1268));
#1259 = ORIENTED_EDGE('',*,*,#510,.T.);
#1260 = ORIENTED_EDGE('',*,*,#798,.F.);
#1261 = ORIENTED_EDGE('',*,*,#1262,.F.);
#1262 = EDGE_CURVE('',#570,#790,#1263,.T.);
#1263 = CIRCLE('',#1264,0.65);
#1264 = AXIS2_PLACEMENT_3D('',#1265,#1266,#1267);
#1265 = CARTESIAN_POINT('',(-3.239075358736,2.484540651462,4.6));
#1266 = DIRECTION('',(-4.3711388E-08,1.,0.));
#1267 = DIRECTION('',(0.,0.,-1.));
#1268 = ORIENTED_EDGE('',*,*,#591,.F.);
#1269 = CYLINDRICAL_SURFACE('',#1270,0.65);
#1270 = AXIS2_PLACEMENT_3D('',#1271,#1272,#1273);
#1271 = CARTESIAN_POINT('',(-3.239075250138,1.124693182018E-04,4.6));
#1272 = DIRECTION('',(-4.3711388E-08,1.,0.));
#1273 = DIRECTION('',(0.,0.,-1.));
#1274 = ADVANCED_FACE('',(#1275),#1287,.T.);
#1275 = FACE_BOUND('',#1276,.T.);
#1276 = EDGE_LOOP('',(#1277,#1278,#1279,#1286));
#1277 = ORIENTED_EDGE('',*,*,#438,.F.);
#1278 = ORIENTED_EDGE('',*,*,#1144,.F.);
#1279 = ORIENTED_EDGE('',*,*,#1280,.F.);
#1280 = EDGE_CURVE('',#765,#642,#1281,.T.);
#1281 = CIRCLE('',#1282,0.65);
#1282 = AXIS2_PLACEMENT_3D('',#1283,#1284,#1285);
#1283 = CARTESIAN_POINT('',(3.238861371548,-2.484315429666,4.6));
#1284 = DIRECTION('',(-4.3711388E-08,1.,0.));
#1285 = DIRECTION('',(0.,0.,-1.));
#1286 = ORIENTED_EDGE('',*,*,#821,.F.);
#1287 = ( BOUNDED_SURFACE() B_SPLINE_SURFACE(3,2,(
    (#1288,#1289,#1290)
    ,(#1291,#1292,#1293)
    ,(#1294,#1295,#1296)
    ,(#1297,#1298,#1299
)),.UNSPECIFIED.,.F.,.F.,.F.) B_SPLINE_SURFACE_WITH_KNOTS((4,4),(3,3),(
    0.,0.784789175812),(0.,1.),.PIECEWISE_BEZIER_KNOTS.) 
GEOMETRIC_REPRESENTATION_ITEM() RATIONAL_B_SPLINE_SURFACE((
    (1.,0.724336010496,1.)
    ,(1.,0.72435306311,1.)
    ,(1.,0.722525265143,1.)
,(1.,0.719339800339,1.))) REPRESENTATION_ITEM('') SURFACE() );
#1288 = CARTESIAN_POINT('',(3.476977403547,-3.476971482267,
    4.632061452931));
#1289 = CARTESIAN_POINT('',(3.455398513041,-3.455392593647,5.25));
#1290 = CARTESIAN_POINT('',(3.017917440099,-3.017911558951,5.25));
#1291 = CARTESIAN_POINT('',(3.738422764638,-3.215526098319,
    4.632061452937));
#1292 = CARTESIAN_POINT('',(3.710901764294,-3.199889319803,5.25));
#1293 = CARTESIAN_POINT('',(3.158409768375,-2.877419218228,5.25));
#1294 = CARTESIAN_POINT('',(3.888257212497,-2.854072196722,4.62864710662
    ));
#1295 = CARTESIAN_POINT('',(3.860822911037,-2.846494822215,5.25));
#1296 = CARTESIAN_POINT('',(3.238861380123,-2.683123146767,5.25));
#1297 = CARTESIAN_POINT('',(3.88846540911,-2.484315401271,4.622684672857
    ));
#1298 = CARTESIAN_POINT('',(3.866559075172,-2.484315402229,5.25));
#1299 = CARTESIAN_POINT('',(3.238861371548,-2.484315429666,5.25));
#1300 = ADVANCED_FACE('',(#1301),#1307,.T.);
#1301 = FACE_BOUND('',#1302,.T.);
#1302 = EDGE_LOOP('',(#1303,#1304,#1305,#1306));
#1303 = ORIENTED_EDGE('',*,*,#384,.F.);
#1304 = ORIENTED_EDGE('',*,*,#1204,.F.);
#1305 = ORIENTED_EDGE('',*,*,#1262,.T.);
#1306 = ORIENTED_EDGE('',*,*,#789,.F.);
#1307 = ( BOUNDED_SURFACE() B_SPLINE_SURFACE(3,2,(
    (#1308,#1309,#1310)
    ,(#1311,#1312,#1313)
    ,(#1314,#1315,#1316)
    ,(#1317,#1318,#1319
)),.UNSPECIFIED.,.F.,.F.,.F.) B_SPLINE_SURFACE_WITH_KNOTS((4,4),(3,3),(
    1.43602936753E-16,0.784789175812),(0.,1.),.PIECEWISE_BEZIER_KNOTS.) 
GEOMETRIC_REPRESENTATION_ITEM() RATIONAL_B_SPLINE_SURFACE((
    (1.,0.724336010496,1.)
    ,(1.,0.72435306311,1.)
    ,(1.,0.722525265143,1.)
,(1.,0.719339800339,1.))) REPRESENTATION_ITEM('') SURFACE() );
#1308 = CARTESIAN_POINT('',(-3.477191390735,3.477196704063,
    4.632061452931));
#1309 = CARTESIAN_POINT('',(-3.455612500229,3.455617815443,5.25));
#1310 = CARTESIAN_POINT('',(-3.018131427287,3.018136780747,5.25));
#1311 = CARTESIAN_POINT('',(-3.738636751826,3.215751320115,
    4.632061452937));
#1312 = CARTESIAN_POINT('',(-3.711115751482,3.200114541599,5.25));
#1313 = CARTESIAN_POINT('',(-3.158623755564,2.877644440024,5.25));
#1314 = CARTESIAN_POINT('',(-3.888471199685,2.854297418518,4.62864710662
    ));
#1315 = CARTESIAN_POINT('',(-3.861036898224,2.846720044011,5.25));
#1316 = CARTESIAN_POINT('',(-3.23907536731,2.683348368563,5.25));
#1317 = CARTESIAN_POINT('',(-3.888679396298,2.484540623067,
    4.622684672857));
#1318 = CARTESIAN_POINT('',(-3.86677306236,2.484540624025,5.25));
#1319 = CARTESIAN_POINT('',(-3.239075358736,2.484540651462,5.25));
#1320 = ADVANCED_FACE('',(#1321),#1327,.T.);
#1321 = FACE_BOUND('',#1322,.T.);
#1322 = EDGE_LOOP('',(#1323,#1324,#1325,#1326));
#1323 = ORIENTED_EDGE('',*,*,#1280,.T.);
#1324 = ORIENTED_EDGE('',*,*,#663,.F.);
#1325 = ORIENTED_EDGE('',*,*,#348,.F.);
#1326 = ORIENTED_EDGE('',*,*,#764,.F.);
#1327 = CYLINDRICAL_SURFACE('',#1328,0.65);
#1328 = AXIS2_PLACEMENT_3D('',#1329,#1330,#1331);
#1329 = CARTESIAN_POINT('',(3.23886126295,1.127524777982E-04,4.6));
#1330 = DIRECTION('',(4.3711388E-08,-1.,0.));
#1331 = DIRECTION('',(0.,0.,1.));
#1332 = ADVANCED_FACE('',(#1333),#1345,.T.);
#1333 = FACE_BOUND('',#1334,.T.);
#1334 = EDGE_LOOP('',(#1335,#1336,#1337,#1344));
#1335 = ORIENTED_EDGE('',*,*,#402,.T.);
#1336 = ORIENTED_EDGE('',*,*,#782,.F.);
#1337 = ORIENTED_EDGE('',*,*,#1338,.F.);
#1338 = EDGE_CURVE('',#534,#774,#1339,.T.);
#1339 = CIRCLE('',#1340,0.65);
#1340 = AXIS2_PLACEMENT_3D('',#1341,#1342,#1343);
#1341 = CARTESIAN_POINT('',(2.48432104697,3.23908097604,4.6));
#1342 = DIRECTION('',(1.,4.37113880233E-08,-6.672013369142E-16));
#1343 = DIRECTION('',(-6.672013369142E-16,-1.91605579184E-36,-1.));
#1344 = ORIENTED_EDGE('',*,*,#555,.F.);
#1345 = CYLINDRICAL_SURFACE('',#1346,0.65);
#1346 = AXIS2_PLACEMENT_3D('',#1347,#1348,#1349);
#1347 = CARTESIAN_POINT('',(-1.071351737978E-04,3.239080867442,4.6));
#1348 = DIRECTION('',(1.,4.371138789292E-08,0.));
#1349 = DIRECTION('',(-4.371138789292E-08,1.,0.));
#1350 = ADVANCED_FACE('',(#1351),#1357,.T.);
#1351 = FACE_BOUND('',#1352,.T.);
#1352 = EDGE_LOOP('',(#1353,#1354,#1355,#1356));
#1353 = ORIENTED_EDGE('',*,*,#330,.F.);
#1354 = ORIENTED_EDGE('',*,*,#1114,.F.);
#1355 = ORIENTED_EDGE('',*,*,#1338,.T.);
#1356 = ORIENTED_EDGE('',*,*,#773,.F.);
#1357 = ( BOUNDED_SURFACE() B_SPLINE_SURFACE(3,2,(
    (#1358,#1359,#1360)
    ,(#1361,#1362,#1363)
    ,(#1364,#1365,#1366)
    ,(#1367,#1368,#1369
)),.UNSPECIFIED.,.F.,.F.,.F.) B_SPLINE_SURFACE_WITH_KNOTS((4,4),(3,3),(
    7.180146837652E-17,0.784789175812),(0.,1.),
.PIECEWISE_BEZIER_KNOTS.) GEOMETRIC_REPRESENTATION_ITEM() 
RATIONAL_B_SPLINE_SURFACE((
    (1.,0.724336010496,1.)
    ,(1.,0.72435306311,1.)
    ,(1.,0.722525265143,1.)
,(1.,0.719339800339,1.))) REPRESENTATION_ITEM('') SURFACE() );
#1358 = CARTESIAN_POINT('',(3.476977099571,3.477197008039,4.632061452931
    ));
#1359 = CARTESIAN_POINT('',(3.455398210951,3.455618117533,5.25));
#1360 = CARTESIAN_POINT('',(3.017917176255,3.018137044591,5.25));
#1361 = CARTESIAN_POINT('',(3.215531715623,3.73864236913,4.632061452937)
  );
#1362 = CARTESIAN_POINT('',(3.199894937108,3.711121368786,5.25));
#1363 = CARTESIAN_POINT('',(2.877424835532,3.158629372867,5.25));
#1364 = CARTESIAN_POINT('',(2.854077814026,3.888476816989,4.62864710662)
  );
#1365 = CARTESIAN_POINT('',(2.846500439519,3.861042515529,5.25));
#1366 = CARTESIAN_POINT('',(2.683128764071,3.239080984615,5.25));
#1367 = CARTESIAN_POINT('',(2.484321018575,3.888685013602,4.622684672857
    ));
#1368 = CARTESIAN_POINT('',(2.484321019533,3.866778679664,5.25));
#1369 = CARTESIAN_POINT('',(2.48432104697,3.23908097604,5.25));
#1370 = ADVANCED_FACE('',(#1371),#1383,.T.);
#1371 = FACE_BOUND('',#1372,.T.);
#1372 = EDGE_LOOP('',(#1373,#1374,#1375,#1382));
#1373 = ORIENTED_EDGE('',*,*,#1063,.F.);
#1374 = ORIENTED_EDGE('',*,*,#926,.F.);
#1375 = ORIENTED_EDGE('',*,*,#1376,.F.);
#1376 = EDGE_CURVE('',#967,#917,#1377,.T.);
#1377 = CIRCLE('',#1378,1.58);
#1378 = AXIS2_PLACEMENT_3D('',#1379,#1380,#1381);
#1379 = CARTESIAN_POINT('',(2.669893123115,-2.669887272393,0.));
#1380 = DIRECTION('',(0.,0.,-1.));
#1381 = DIRECTION('',(-4.37113889498E-08,1.,0.));
#1382 = ORIENTED_EDGE('',*,*,#966,.F.);
#1383 = CYLINDRICAL_SURFACE('',#1384,1.58);
#1384 = AXIS2_PLACEMENT_3D('',#1385,#1386,#1387);
#1385 = CARTESIAN_POINT('',(2.669893123115,-2.669887272393,0.15));
#1386 = DIRECTION('',(-0.,0.,-1.));
#1387 = DIRECTION('',(4.371138812635E-08,-1.,-0.));
#1388 = ADVANCED_FACE('',(#1389),#1401,.T.);
#1389 = FACE_BOUND('',#1390,.T.);
#1390 = EDGE_LOOP('',(#1391,#1392,#1393,#1400));
#1391 = ORIENTED_EDGE('',*,*,#1087,.F.);
#1392 = ORIENTED_EDGE('',*,*,#886,.F.);
#1393 = ORIENTED_EDGE('',*,*,#1394,.F.);
#1394 = EDGE_CURVE('',#919,#877,#1395,.T.);
#1395 = CIRCLE('',#1396,1.58);
#1396 = AXIS2_PLACEMENT_3D('',#1397,#1398,#1399);
#1397 = CARTESIAN_POINT('',(-2.670106876885,-2.669887505811,0.));
#1398 = DIRECTION('',(0.,0.,-1.));
#1399 = DIRECTION('',(-4.371138812635E-08,1.,0.));
#1400 = ORIENTED_EDGE('',*,*,#942,.F.);
#1401 = CYLINDRICAL_SURFACE('',#1402,1.58);
#1402 = AXIS2_PLACEMENT_3D('',#1403,#1404,#1405);
#1403 = CARTESIAN_POINT('',(-2.670106876885,-2.669887505811,0.15));
#1404 = DIRECTION('',(-0.,0.,-1.));
#1405 = DIRECTION('',(4.371138812635E-08,-1.,-0.));
#1406 = ADVANCED_FACE('',(#1407),#1419,.T.);
#1407 = FACE_BOUND('',#1408,.T.);
#1408 = EDGE_LOOP('',(#1409,#1410,#1411,#1418));
#1409 = ORIENTED_EDGE('',*,*,#1079,.F.);
#1410 = ORIENTED_EDGE('',*,*,#846,.F.);
#1411 = ORIENTED_EDGE('',*,*,#1412,.F.);
#1412 = EDGE_CURVE('',#879,#837,#1413,.T.);
#1413 = CIRCLE('',#1414,1.58);
#1414 = AXIS2_PLACEMENT_3D('',#1415,#1416,#1417);
#1415 = CARTESIAN_POINT('',(-2.670107110303,2.670112494189,0.));
#1416 = DIRECTION('',(0.,0.,-1.));
#1417 = DIRECTION('',(-4.371138812635E-08,1.,0.));
#1418 = ORIENTED_EDGE('',*,*,#902,.F.);
#1419 = CYLINDRICAL_SURFACE('',#1420,1.58);
#1420 = AXIS2_PLACEMENT_3D('',#1421,#1422,#1423);
#1421 = CARTESIAN_POINT('',(-2.670107110303,2.670112494189,0.15));
#1422 = DIRECTION('',(-0.,0.,-1.));
#1423 = DIRECTION('',(4.371138812635E-08,-1.,-0.));
#1424 = ADVANCED_FACE('',(#1425),#1437,.T.);
#1425 = FACE_BOUND('',#1426,.T.);
#1426 = EDGE_LOOP('',(#1427,#1428,#1429,#1436));
#1427 = ORIENTED_EDGE('',*,*,#1071,.F.);
#1428 = ORIENTED_EDGE('',*,*,#982,.F.);
#1429 = ORIENTED_EDGE('',*,*,#1430,.F.);
#1430 = EDGE_CURVE('',#839,#975,#1431,.T.);
#1431 = CIRCLE('',#1432,1.58);
#1432 = AXIS2_PLACEMENT_3D('',#1433,#1434,#1435);
#1433 = CARTESIAN_POINT('',(2.669892889697,2.670112727607,0.));
#1434 = DIRECTION('',(0.,0.,-1.));
#1435 = DIRECTION('',(-4.371138812635E-08,1.,0.));
#1436 = ORIENTED_EDGE('',*,*,#862,.F.);
#1437 = CYLINDRICAL_SURFACE('',#1438,1.58);
#1438 = AXIS2_PLACEMENT_3D('',#1439,#1440,#1441);
#1439 = CARTESIAN_POINT('',(2.669892889697,2.670112727607,0.15));
#1440 = DIRECTION('',(-0.,0.,-1.));
#1441 = DIRECTION('',(4.371138812635E-08,-1.,-0.));
#1442 = ADVANCED_FACE('',(#1443),#1455,.F.);
#1443 = FACE_BOUND('',#1444,.F.);
#1444 = EDGE_LOOP('',(#1445,#1446,#1447,#1448));
#1445 = ORIENTED_EDGE('',*,*,#615,.T.);
#1446 = ORIENTED_EDGE('',*,*,#263,.T.);
#1447 = ORIENTED_EDGE('',*,*,#1038,.T.);
#1448 = ORIENTED_EDGE('',*,*,#1449,.T.);
#1449 = EDGE_CURVE('',#1039,#608,#1450,.T.);
#1450 = CIRCLE('',#1451,0.15);
#1451 = AXIS2_PLACEMENT_3D('',#1452,#1453,#1454);
#1452 = CARTESIAN_POINT('',(-2.635669275243,-4.189502705103,0.3));
#1453 = DIRECTION('',(1.,4.3711388E-08,0.));
#1454 = DIRECTION('',(0.,0.,-1.));
#1455 = CYLINDRICAL_SURFACE('',#1456,0.15);
#1456 = AXIS2_PLACEMENT_3D('',#1457,#1458,#1459);
#1457 = CARTESIAN_POINT('',(-4.05010681046,-4.18950276693,0.3));
#1458 = DIRECTION('',(-1.,-4.371138778584E-08,0.));
#1459 = DIRECTION('',(4.371138778584E-08,-1.,0.));
#1460 = ADVANCED_FACE('',(#1461),#1473,.F.);
#1461 = FACE_BOUND('',#1462,.F.);
#1462 = EDGE_LOOP('',(#1463,#1464,#1471,#1472));
#1463 = ORIENTED_EDGE('',*,*,#1134,.T.);
#1464 = ORIENTED_EDGE('',*,*,#1465,.T.);
#1465 = EDGE_CURVE('',#644,#1023,#1466,.T.);
#1466 = CIRCLE('',#1467,0.15);
#1467 = AXIS2_PLACEMENT_3D('',#1468,#1469,#1470);
#1468 = CARTESIAN_POINT('',(4.189508322407,-2.635449670751,0.3));
#1469 = DIRECTION('',(4.3711388E-08,-1.,0.));
#1470 = DIRECTION('',(0.,0.,1.));
#1471 = ORIENTED_EDGE('',*,*,#1030,.T.);
#1472 = ORIENTED_EDGE('',*,*,#285,.T.);
#1473 = ( BOUNDED_SURFACE() B_SPLINE_SURFACE(3,2,(
    (#1474,#1475,#1476)
    ,(#1477,#1478,#1479)
    ,(#1480,#1481,#1482)
    ,(#1483,#1484,#1485
)),.UNSPECIFIED.,.F.,.F.,.F.) B_SPLINE_SURFACE_WITH_KNOTS((4,4),(3,3),(
    5.498396131368,6.28318530718),(0.,1.),.PIECEWISE_BEZIER_KNOTS.) 
GEOMETRIC_REPRESENTATION_ITEM() RATIONAL_B_SPLINE_SURFACE((
    (1.,0.719339800339,1.)
    ,(1.,0.722525265143,1.)
    ,(1.,0.72435306311,1.)
,(1.,0.724336010496,1.))) REPRESENTATION_ITEM('') SURFACE() );
#1474 = CARTESIAN_POINT('',(4.189508322407,-2.635449670751,0.15));
#1475 = CARTESIAN_POINT('',(4.044655006186,-2.635449677083,0.15));
#1476 = CARTESIAN_POINT('',(4.039599698354,-2.635449677304,
    0.294765075495));
#1477 = CARTESIAN_POINT('',(4.189508340278,-3.044914571297,0.15));
#1478 = CARTESIAN_POINT('',(4.045979695253,-3.005206580346,0.15));
#1479 = CARTESIAN_POINT('',(4.039647763916,-3.005464932694,0.29338912107
    ));
#1480 = CARTESIAN_POINT('',(4.023809987379,-3.445087275323,0.15));
#1481 = CARTESIAN_POINT('',(3.896304161786,-3.370678770706,0.15));
#1482 = CARTESIAN_POINT('',(3.889960887689,-3.367062557469,
    0.292601203171));
#1483 = CARTESIAN_POINT('',(3.734451615913,-3.734445672123,0.15));
#1484 = CARTESIAN_POINT('',(3.633494445234,-3.63348851027,0.15));
#1485 = CARTESIAN_POINT('',(3.628514701271,-3.628508766743,0.29260120317
    ));
#1486 = ADVANCED_FACE('',(#1487),#1493,.F.);
#1487 = FACE_BOUND('',#1488,.F.);
#1488 = EDGE_LOOP('',(#1489,#1490,#1491,#1492));
#1489 = ORIENTED_EDGE('',*,*,#1164,.T.);
#1490 = ORIENTED_EDGE('',*,*,#1449,.F.);
#1491 = ORIENTED_EDGE('',*,*,#1046,.T.);
#1492 = ORIENTED_EDGE('',*,*,#231,.T.);
#1493 = ( BOUNDED_SURFACE() B_SPLINE_SURFACE(3,2,(
    (#1494,#1495,#1496)
    ,(#1497,#1498,#1499)
    ,(#1500,#1501,#1502)
    ,(#1503,#1504,#1505
)),.UNSPECIFIED.,.F.,.F.,.F.) B_SPLINE_SURFACE_WITH_KNOTS((4,4),(3,3),(
    5.498396131368,6.28318530718),(0.,1.),.PIECEWISE_BEZIER_KNOTS.) 
GEOMETRIC_REPRESENTATION_ITEM() RATIONAL_B_SPLINE_SURFACE((
    (1.,0.719339800339,1.)
    ,(1.,0.722525265143,1.)
    ,(1.,0.72435306311,1.)
,(1.,0.724336010496,1.))) REPRESENTATION_ITEM('') SURFACE() );
#1494 = CARTESIAN_POINT('',(-2.635669275243,-4.189502705103,0.15));
#1495 = CARTESIAN_POINT('',(-2.635669281575,-4.044649388882,0.15));
#1496 = CARTESIAN_POINT('',(-2.635669281796,-4.03959408105,
    0.294765075495));
#1497 = CARTESIAN_POINT('',(-3.045134175789,-4.189502722974,0.15));
#1498 = CARTESIAN_POINT('',(-3.005426184838,-4.045974077949,0.15));
#1499 = CARTESIAN_POINT('',(-3.005684537186,-4.039642146612,
    0.29338912107));
#1500 = CARTESIAN_POINT('',(-3.445306879815,-4.023804370075,0.15));
#1501 = CARTESIAN_POINT('',(-3.370898375198,-3.896298544482,0.15));
#1502 = CARTESIAN_POINT('',(-3.367282161961,-3.889955270385,
    0.292601203171));
#1503 = CARTESIAN_POINT('',(-3.734665276615,-3.734445998609,0.15));
#1504 = CARTESIAN_POINT('',(-3.633708114762,-3.63348882793,0.15));
#1505 = CARTESIAN_POINT('',(-3.628728371235,-3.628509083967,
    0.29260120317));
#1506 = ADVANCED_FACE('',(#1507),#1513,.F.);
#1507 = FACE_BOUND('',#1508,.F.);
#1508 = EDGE_LOOP('',(#1509,#1510,#1511,#1512));
#1509 = ORIENTED_EDGE('',*,*,#651,.T.);
#1510 = ORIENTED_EDGE('',*,*,#155,.T.);
#1511 = ORIENTED_EDGE('',*,*,#1022,.T.);
#1512 = ORIENTED_EDGE('',*,*,#1465,.F.);
#1513 = CYLINDRICAL_SURFACE('',#1514,0.15);
#1514 = AXIS2_PLACEMENT_3D('',#1515,#1516,#1517);
#1515 = CARTESIAN_POINT('',(4.189508030172,4.050112794032,0.3));
#1516 = DIRECTION('',(4.3711388E-08,-1.,0.));
#1517 = DIRECTION('',(0.,0.,1.));
#1518 = ADVANCED_FACE('',(#1519),#1531,.F.);
#1519 = FACE_BOUND('',#1520,.F.);
#1520 = EDGE_LOOP('',(#1521,#1522,#1529,#1530));
#1521 = ORIENTED_EDGE('',*,*,#1054,.T.);
#1522 = ORIENTED_EDGE('',*,*,#1523,.T.);
#1523 = EDGE_CURVE('',#997,#572,#1524,.T.);
#1524 = CIRCLE('',#1525,0.15);
#1525 = AXIS2_PLACEMENT_3D('',#1526,#1527,#1528);
#1526 = CARTESIAN_POINT('',(-4.189722309595,2.635674892547,0.3));
#1527 = DIRECTION('',(4.3711388E-08,-1.,0.));
#1528 = DIRECTION('',(0.,0.,1.));
#1529 = ORIENTED_EDGE('',*,*,#579,.T.);
#1530 = ORIENTED_EDGE('',*,*,#209,.F.);
#1531 = CYLINDRICAL_SURFACE('',#1532,0.15);
#1532 = AXIS2_PLACEMENT_3D('',#1533,#1534,#1535);
#1533 = CARTESIAN_POINT('',(-4.189722371422,4.050112427764,0.3));
#1534 = DIRECTION('',(-4.3711388E-08,1.,0.));
#1535 = DIRECTION('',(0.,0.,-1.));
#1536 = ADVANCED_FACE('',(#1537),#1549,.F.);
#1537 = FACE_BOUND('',#1538,.F.);
#1538 = EDGE_LOOP('',(#1539,#1540,#1547,#1548));
#1539 = ORIENTED_EDGE('',*,*,#1104,.T.);
#1540 = ORIENTED_EDGE('',*,*,#1541,.T.);
#1541 = EDGE_CURVE('',#536,#1007,#1542,.T.);
#1542 = CIRCLE('',#1543,0.15);
#1543 = AXIS2_PLACEMENT_3D('',#1544,#1545,#1546);
#1544 = CARTESIAN_POINT('',(2.635455288055,4.189727926899,0.3));
#1545 = DIRECTION('',(1.,4.3711388E-08,0.));
#1546 = DIRECTION('',(0.,0.,-1.));
#1547 = ORIENTED_EDGE('',*,*,#1014,.T.);
#1548 = ORIENTED_EDGE('',*,*,#177,.T.);
#1549 = ( BOUNDED_SURFACE() B_SPLINE_SURFACE(3,2,(
    (#1550,#1551,#1552)
    ,(#1553,#1554,#1555)
    ,(#1556,#1557,#1558)
    ,(#1559,#1560,#1561
)),.UNSPECIFIED.,.F.,.F.,.F.) B_SPLINE_SURFACE_WITH_KNOTS((4,4),(3,3),(
    5.498396131368,6.28318530718),(0.,1.),.PIECEWISE_BEZIER_KNOTS.) 
GEOMETRIC_REPRESENTATION_ITEM() RATIONAL_B_SPLINE_SURFACE((
    (1.,0.719339800339,1.)
    ,(1.,0.722525265143,1.)
    ,(1.,0.72435306311,1.)
,(1.,0.724336010496,1.))) REPRESENTATION_ITEM('') SURFACE() );
#1550 = CARTESIAN_POINT('',(2.635455288055,4.189727926899,0.15));
#1551 = CARTESIAN_POINT('',(2.635455294387,4.044874610678,0.15));
#1552 = CARTESIAN_POINT('',(2.635455294608,4.039819302846,0.294765075495
    ));
#1553 = CARTESIAN_POINT('',(3.044920188601,4.18972794477,0.15));
#1554 = CARTESIAN_POINT('',(3.00521219765,4.046199299745,0.15));
#1555 = CARTESIAN_POINT('',(3.005470549998,4.039867368408,0.29338912107)
  );
#1556 = CARTESIAN_POINT('',(3.445092892627,4.02402959187,0.15));
#1557 = CARTESIAN_POINT('',(3.37068438801,3.896523766278,0.15));
#1558 = CARTESIAN_POINT('',(3.367068174773,3.890180492181,0.292601203171
    ));
#1559 = CARTESIAN_POINT('',(3.734451289427,3.734671220405,0.15));
#1560 = CARTESIAN_POINT('',(3.633494127574,3.633714049726,0.15));
#1561 = CARTESIAN_POINT('',(3.628514384047,3.628734305763,0.29260120317)
  );
#1562 = ADVANCED_FACE('',(#1563),#1569,.F.);
#1563 = FACE_BOUND('',#1564,.F.);
#1564 = EDGE_LOOP('',(#1565,#1566,#1567,#1568));
#1565 = ORIENTED_EDGE('',*,*,#1194,.T.);
#1566 = ORIENTED_EDGE('',*,*,#1523,.F.);
#1567 = ORIENTED_EDGE('',*,*,#996,.T.);
#1568 = ORIENTED_EDGE('',*,*,#123,.T.);
#1569 = ( BOUNDED_SURFACE() B_SPLINE_SURFACE(3,2,(
    (#1570,#1571,#1572)
    ,(#1573,#1574,#1575)
    ,(#1576,#1577,#1578)
    ,(#1579,#1580,#1581
)),.UNSPECIFIED.,.F.,.F.,.F.) B_SPLINE_SURFACE_WITH_KNOTS((4,4),(3,3),(
    5.498396131368,6.28318530718),(0.,1.),.PIECEWISE_BEZIER_KNOTS.) 
GEOMETRIC_REPRESENTATION_ITEM() RATIONAL_B_SPLINE_SURFACE((
    (1.,0.719339800339,1.)
    ,(1.,0.722525265143,1.)
    ,(1.,0.72435306311,1.)
,(1.,0.724336010496,1.))) REPRESENTATION_ITEM('') SURFACE() );
#1570 = CARTESIAN_POINT('',(-4.189722309595,2.635674892547,0.15));
#1571 = CARTESIAN_POINT('',(-4.044868993374,2.635674898879,0.15));
#1572 = CARTESIAN_POINT('',(-4.039813685542,2.6356748991,0.294765075495)
  );
#1573 = CARTESIAN_POINT('',(-4.189722327466,3.045139793093,0.15));
#1574 = CARTESIAN_POINT('',(-4.046193682441,3.005431802142,0.15));
#1575 = CARTESIAN_POINT('',(-4.039861751104,3.00569015449,0.29338912107)
  );
#1576 = CARTESIAN_POINT('',(-4.024023974567,3.445312497119,0.15));
#1577 = CARTESIAN_POINT('',(-3.896518148974,3.370903992502,
    0.149999999999));
#1578 = CARTESIAN_POINT('',(-3.890174874877,3.367287779265,
    0.292601203171));
#1579 = CARTESIAN_POINT('',(-3.734665603101,3.734670893919,0.15));
#1580 = CARTESIAN_POINT('',(-3.633708432422,3.633713732066,0.15));
#1581 = CARTESIAN_POINT('',(-3.628728688459,3.628733988539,0.29260120317
    ));
#1582 = ADVANCED_FACE('',(#1583),#1589,.F.);
#1583 = FACE_BOUND('',#1584,.F.);
#1584 = EDGE_LOOP('',(#1585,#1586,#1587,#1588));
#1585 = ORIENTED_EDGE('',*,*,#543,.T.);
#1586 = ORIENTED_EDGE('',*,*,#101,.F.);
#1587 = ORIENTED_EDGE('',*,*,#1006,.T.);
#1588 = ORIENTED_EDGE('',*,*,#1541,.F.);
#1589 = CYLINDRICAL_SURFACE('',#1590,0.15);
#1590 = AXIS2_PLACEMENT_3D('',#1591,#1592,#1593);
#1591 = CARTESIAN_POINT('',(-4.050107176728,4.189727634664,0.3));
#1592 = DIRECTION('',(1.,4.371138789292E-08,0.));
#1593 = DIRECTION('',(-4.371138789292E-08,1.,0.));
#1594 = ADVANCED_FACE('',(#1595),#1621,.T.);
#1595 = FACE_BOUND('',#1596,.T.);
#1596 = EDGE_LOOP('',(#1597,#1608,#1614,#1615));
#1597 = ORIENTED_EDGE('',*,*,#1598,.F.);
#1598 = EDGE_CURVE('',#1599,#1601,#1603,.T.);
#1599 = VERTEX_POINT('',#1600);
#1600 = CARTESIAN_POINT('',(-2.500106895243,-2.24988749838,5.3));
#1601 = VERTEX_POINT('',#1602);
#1602 = CARTESIAN_POINT('',(-2.250106884316,-2.499887487453,5.3));
#1603 = CIRCLE('',#1604,0.25);
#1604 = AXIS2_PLACEMENT_3D('',#1605,#1606,#1607);
#1605 = CARTESIAN_POINT('',(-2.250106895243,-2.249887487453,5.3));
#1606 = DIRECTION('',(6.263858510042E-24,6.617444900424E-24,1.));
#1607 = DIRECTION('',(4.145073855426E-47,-1.,6.617444900424E-24));
#1608 = ORIENTED_EDGE('',*,*,#1609,.F.);
#1609 = EDGE_CURVE('',#722,#1599,#1610,.T.);
#1610 = LINE('',#1611,#1612);
#1611 = CARTESIAN_POINT('',(-2.500106895243,-2.24988749838,5.3262));
#1612 = VECTOR('',#1613,1.);
#1613 = DIRECTION('',(-0.,-0.,1.));
#1614 = ORIENTED_EDGE('',*,*,#721,.F.);
#1615 = ORIENTED_EDGE('',*,*,#1616,.F.);
#1616 = EDGE_CURVE('',#1601,#714,#1617,.T.);
#1617 = LINE('',#1618,#1619);
#1618 = CARTESIAN_POINT('',(-2.250106884316,-2.499887487453,5.25));
#1619 = VECTOR('',#1620,1.);
#1620 = DIRECTION('',(0.,0.,-1.));
#1621 = CYLINDRICAL_SURFACE('',#1622,0.25);
#1622 = AXIS2_PLACEMENT_3D('',#1623,#1624,#1625);
#1623 = CARTESIAN_POINT('',(-2.250106895243,-2.249887487453,5.3262));
#1624 = DIRECTION('',(0.,0.,1.));
#1625 = DIRECTION('',(1.,4.371138867532E-08,-0.));
#1626 = ADVANCED_FACE('',(#1627),#1653,.T.);
#1627 = FACE_BOUND('',#1628,.T.);
#1628 = EDGE_LOOP('',(#1629,#1640,#1646,#1647));
#1629 = ORIENTED_EDGE('',*,*,#1630,.F.);
#1630 = EDGE_CURVE('',#1631,#1633,#1635,.T.);
#1631 = VERTEX_POINT('',#1632);
#1632 = CARTESIAN_POINT('',(2.499892908055,2.250112720176,5.3));
#1633 = VERTEX_POINT('',#1634);
#1634 = CARTESIAN_POINT('',(2.249892897128,2.500112709249,5.3));
#1635 = CIRCLE('',#1636,0.25);
#1636 = AXIS2_PLACEMENT_3D('',#1637,#1638,#1639);
#1637 = CARTESIAN_POINT('',(2.249892908055,2.250112709249,5.3));
#1638 = DIRECTION('',(6.263858510042E-24,6.617444900424E-24,1.));
#1639 = DIRECTION('',(4.145073855426E-47,-1.,6.617444900424E-24));
#1640 = ORIENTED_EDGE('',*,*,#1641,.F.);
#1641 = EDGE_CURVE('',#688,#1631,#1642,.T.);
#1642 = LINE('',#1643,#1644);
#1643 = CARTESIAN_POINT('',(2.499892908055,2.250112720176,5.3262));
#1644 = VECTOR('',#1645,1.);
#1645 = DIRECTION('',(-0.,-0.,1.));
#1646 = ORIENTED_EDGE('',*,*,#687,.F.);
#1647 = ORIENTED_EDGE('',*,*,#1648,.F.);
#1648 = EDGE_CURVE('',#1633,#678,#1649,.T.);
#1649 = LINE('',#1650,#1651);
#1650 = CARTESIAN_POINT('',(2.249892897128,2.500112709249,5.25));
#1651 = VECTOR('',#1652,1.);
#1652 = DIRECTION('',(0.,0.,-1.));
#1653 = CYLINDRICAL_SURFACE('',#1654,0.25);
#1654 = AXIS2_PLACEMENT_3D('',#1655,#1656,#1657);
#1655 = CARTESIAN_POINT('',(2.249892908055,2.250112709249,5.3262));
#1656 = DIRECTION('',(0.,0.,1.));
#1657 = DIRECTION('',(1.,4.371138867532E-08,-0.));
#1658 = ADVANCED_FACE('',(#1659),#1685,.T.);
#1659 = FACE_BOUND('',#1660,.T.);
#1660 = EDGE_LOOP('',(#1661,#1672,#1678,#1679));
#1661 = ORIENTED_EDGE('',*,*,#1662,.F.);
#1662 = EDGE_CURVE('',#1663,#1665,#1667,.T.);
#1663 = VERTEX_POINT('',#1664);
#1664 = CARTESIAN_POINT('',(2.249893115684,-2.499887290751,5.3));
#1665 = VERTEX_POINT('',#1666);
#1666 = CARTESIAN_POINT('',(2.499893104757,-2.249887279824,5.3));
#1667 = CIRCLE('',#1668,0.25);
#1668 = AXIS2_PLACEMENT_3D('',#1669,#1670,#1671);
#1669 = CARTESIAN_POINT('',(2.249893104757,-2.249887290751,5.3));
#1670 = DIRECTION('',(6.263858510042E-24,6.617444900424E-24,1.));
#1671 = DIRECTION('',(4.145073855426E-47,-1.,6.617444900424E-24));
#1672 = ORIENTED_EDGE('',*,*,#1673,.F.);
#1673 = EDGE_CURVE('',#705,#1663,#1674,.T.);
#1674 = LINE('',#1675,#1676);
#1675 = CARTESIAN_POINT('',(2.249893115684,-2.499887290751,5.3262));
#1676 = VECTOR('',#1677,1.);
#1677 = DIRECTION('',(-0.,-0.,1.));
#1678 = ORIENTED_EDGE('',*,*,#704,.F.);
#1679 = ORIENTED_EDGE('',*,*,#1680,.F.);
#1680 = EDGE_CURVE('',#1665,#697,#1681,.T.);
#1681 = LINE('',#1682,#1683);
#1682 = CARTESIAN_POINT('',(2.499893104757,-2.249887279824,5.3262));
#1683 = VECTOR('',#1684,1.);
#1684 = DIRECTION('',(0.,0.,-1.));
#1685 = CYLINDRICAL_SURFACE('',#1686,0.25);
#1686 = AXIS2_PLACEMENT_3D('',#1687,#1688,#1689);
#1687 = CARTESIAN_POINT('',(2.249893104757,-2.249887290751,5.3262));
#1688 = DIRECTION('',(0.,0.,-1.));
#1689 = DIRECTION('',(-1.,-4.371138867532E-08,-0.));
#1690 = ADVANCED_FACE('',(#1691),#1702,.T.);
#1691 = FACE_BOUND('',#1692,.T.);
#1692 = EDGE_LOOP('',(#1693,#1699,#1700,#1701));
#1693 = ORIENTED_EDGE('',*,*,#1694,.T.);
#1694 = EDGE_CURVE('',#1663,#1601,#1695,.T.);
#1695 = LINE('',#1696,#1697);
#1696 = CARTESIAN_POINT('',(-1.068843155294E-04,-2.499887389102,5.3));
#1697 = VECTOR('',#1698,1.);
#1698 = DIRECTION('',(-1.,-4.371138805329E-08,6.2638587993E-24));
#1699 = ORIENTED_EDGE('',*,*,#1616,.T.);
#1700 = ORIENTED_EDGE('',*,*,#713,.F.);
#1701 = ORIENTED_EDGE('',*,*,#1673,.T.);
#1702 = PLANE('',#1703);
#1703 = AXIS2_PLACEMENT_3D('',#1704,#1705,#1706);
#1704 = CARTESIAN_POINT('',(-1.068843155294E-04,-2.499887389102,5.3262)
  );
#1705 = DIRECTION('',(4.371138805329E-08,-1.,0.));
#1706 = DIRECTION('',(1.,4.371138805329E-08,0.));
#1707 = ADVANCED_FACE('',(#1708),#1719,.T.);
#1708 = FACE_BOUND('',#1709,.T.);
#1709 = EDGE_LOOP('',(#1710,#1711,#1712,#1718));
#1710 = ORIENTED_EDGE('',*,*,#696,.F.);
#1711 = ORIENTED_EDGE('',*,*,#1641,.T.);
#1712 = ORIENTED_EDGE('',*,*,#1713,.T.);
#1713 = EDGE_CURVE('',#1631,#1665,#1714,.T.);
#1714 = LINE('',#1715,#1716);
#1715 = CARTESIAN_POINT('',(2.499893006406,1.127201764693E-04,5.3));
#1716 = VECTOR('',#1717,1.);
#1717 = DIRECTION('',(4.371138805329E-08,-1.,6.617444626622E-24));
#1718 = ORIENTED_EDGE('',*,*,#1680,.T.);
#1719 = PLANE('',#1720);
#1720 = AXIS2_PLACEMENT_3D('',#1721,#1722,#1723);
#1721 = CARTESIAN_POINT('',(2.499893006406,1.127201764693E-04,5.3262));
#1722 = DIRECTION('',(1.,4.371138805329E-08,0.));
#1723 = DIRECTION('',(-4.371138805329E-08,1.,0.));
#1724 = ADVANCED_FACE('',(#1725),#1743,.F.);
#1725 = FACE_BOUND('',#1726,.T.);
#1726 = EDGE_LOOP('',(#1727,#1728,#1736,#1742));
#1727 = ORIENTED_EDGE('',*,*,#677,.T.);
#1728 = ORIENTED_EDGE('',*,*,#1729,.T.);
#1729 = EDGE_CURVE('',#680,#1730,#1732,.T.);
#1730 = VERTEX_POINT('',#1731);
#1731 = CARTESIAN_POINT('',(-0.896553712279,2.500112571713,5.3));
#1732 = LINE('',#1733,#1734);
#1733 = CARTESIAN_POINT('',(-0.896553712279,2.500112571713,5.3262));
#1734 = VECTOR('',#1735,1.);
#1735 = DIRECTION('',(0.,0.,1.));
#1736 = ORIENTED_EDGE('',*,*,#1737,.F.);
#1737 = EDGE_CURVE('',#1633,#1730,#1738,.T.);
#1738 = LINE('',#1739,#1740);
#1739 = CARTESIAN_POINT('',(-1.071028724701E-04,2.500112610898,5.3));
#1740 = VECTOR('',#1741,1.);
#1741 = DIRECTION('',(-1.,-4.371138805329E-08,6.2638587993E-24));
#1742 = ORIENTED_EDGE('',*,*,#1648,.T.);
#1743 = PLANE('',#1744);
#1744 = AXIS2_PLACEMENT_3D('',#1745,#1746,#1747);
#1745 = CARTESIAN_POINT('',(-1.071028724701E-04,2.500112610898,5.3262));
#1746 = DIRECTION('',(4.371138805329E-08,-1.,0.));
#1747 = DIRECTION('',(1.,4.371138805329E-08,0.));
#1748 = ADVANCED_FACE('',(#1749),#1767,.F.);
#1749 = FACE_BOUND('',#1750,.T.);
#1750 = EDGE_LOOP('',(#1751,#1759,#1765,#1766));
#1751 = ORIENTED_EDGE('',*,*,#1752,.F.);
#1752 = EDGE_CURVE('',#1753,#1599,#1755,.T.);
#1753 = VERTEX_POINT('',#1754);
#1754 = CARTESIAN_POINT('',(-2.500107032779,0.896559111026,5.3));
#1755 = LINE('',#1756,#1757);
#1756 = CARTESIAN_POINT('',(-2.500106993594,1.12501619529E-04,5.3));
#1757 = VECTOR('',#1758,1.);
#1758 = DIRECTION('',(4.371138805329E-08,-1.,6.617444626622E-24));
#1759 = ORIENTED_EDGE('',*,*,#1760,.T.);
#1760 = EDGE_CURVE('',#1753,#731,#1761,.T.);
#1761 = LINE('',#1762,#1763);
#1762 = CARTESIAN_POINT('',(-2.500107032779,0.896559111026,5.3262));
#1763 = VECTOR('',#1764,1.);
#1764 = DIRECTION('',(-0.,-0.,-1.));
#1765 = ORIENTED_EDGE('',*,*,#730,.T.);
#1766 = ORIENTED_EDGE('',*,*,#1609,.T.);
#1767 = PLANE('',#1768);
#1768 = AXIS2_PLACEMENT_3D('',#1769,#1770,#1771);
#1769 = CARTESIAN_POINT('',(-2.500106993594,1.12501619529E-04,5.3262));
#1770 = DIRECTION('',(1.,4.371138805329E-08,0.));
#1771 = DIRECTION('',(-4.371138805329E-08,1.,0.));
#1772 = ADVANCED_FACE('',(#1773),#1798,.F.);
#1773 = FACE_BOUND('',#1774,.T.);
#1774 = EDGE_LOOP('',(#1775,#1785,#1791,#1792));
#1775 = ORIENTED_EDGE('',*,*,#1776,.T.);
#1776 = EDGE_CURVE('',#1777,#1779,#1781,.T.);
#1777 = VERTEX_POINT('',#1778);
#1778 = CARTESIAN_POINT('',(-2.426883735803,1.073335809524,5.3));
#1779 = VERTEX_POINT('',#1780);
#1780 = CARTESIAN_POINT('',(-1.073330404375,2.426889259283,5.3));
#1781 = LINE('',#1782,#1783);
#1782 = CARTESIAN_POINT('',(-1.750107070089,1.750112534403,5.3));
#1783 = VECTOR('',#1784,1.);
#1784 = DIRECTION('',(0.707106750278,0.707106812095,-9.108457002991E-24)
  );
#1785 = ORIENTED_EDGE('',*,*,#1786,.T.);
#1786 = EDGE_CURVE('',#1779,#748,#1787,.T.);
#1787 = LINE('',#1788,#1789);
#1788 = CARTESIAN_POINT('',(-1.073330404375,2.426889259283,5.25));
#1789 = VECTOR('',#1790,1.);
#1790 = DIRECTION('',(-0.,-0.,-1.));
#1791 = ORIENTED_EDGE('',*,*,#747,.F.);
#1792 = ORIENTED_EDGE('',*,*,#1793,.T.);
#1793 = EDGE_CURVE('',#739,#1777,#1794,.T.);
#1794 = LINE('',#1795,#1796);
#1795 = CARTESIAN_POINT('',(-2.426883735803,1.073335809524,5.25));
#1796 = VECTOR('',#1797,1.);
#1797 = DIRECTION('',(0.,0.,1.));
#1798 = PLANE('',#1799);
#1799 = AXIS2_PLACEMENT_3D('',#1800,#1801,#1802);
#1800 = CARTESIAN_POINT('',(-2.500107037305,1.00011250162,5.25));
#1801 = DIRECTION('',(0.707106812095,-0.707106750278,0.));
#1802 = DIRECTION('',(0.707106750278,0.707106812095,0.));
#1803 = ADVANCED_FACE('',(#1804),#1816,.T.);
#1804 = FACE_BOUND('',#1805,.T.);
#1805 = EDGE_LOOP('',(#1806,#1807,#1808,#1815));
#1806 = ORIENTED_EDGE('',*,*,#755,.F.);
#1807 = ORIENTED_EDGE('',*,*,#1786,.F.);
#1808 = ORIENTED_EDGE('',*,*,#1809,.F.);
#1809 = EDGE_CURVE('',#1730,#1779,#1810,.T.);
#1810 = CIRCLE('',#1811,0.25);
#1811 = AXIS2_PLACEMENT_3D('',#1812,#1813,#1814);
#1812 = CARTESIAN_POINT('',(-0.896553701351,2.250112571713,5.3));
#1813 = DIRECTION('',(6.263858510042E-24,6.617444900424E-24,1.));
#1814 = DIRECTION('',(4.145073855426E-47,-1.,6.617444900424E-24));
#1815 = ORIENTED_EDGE('',*,*,#1729,.F.);
#1816 = CYLINDRICAL_SURFACE('',#1817,0.25);
#1817 = AXIS2_PLACEMENT_3D('',#1818,#1819,#1820);
#1818 = CARTESIAN_POINT('',(-0.896553701351,2.250112571713,5.3262));
#1819 = DIRECTION('',(0.,0.,1.));
#1820 = DIRECTION('',(1.,4.371138867532E-08,-0.));
#1821 = ADVANCED_FACE('',(#1822),#1834,.T.);
#1822 = FACE_BOUND('',#1823,.T.);
#1823 = EDGE_LOOP('',(#1824,#1825,#1826,#1833));
#1824 = ORIENTED_EDGE('',*,*,#738,.F.);
#1825 = ORIENTED_EDGE('',*,*,#1760,.F.);
#1826 = ORIENTED_EDGE('',*,*,#1827,.F.);
#1827 = EDGE_CURVE('',#1777,#1753,#1828,.T.);
#1828 = CIRCLE('',#1829,0.25);
#1829 = AXIS2_PLACEMENT_3D('',#1830,#1831,#1832);
#1830 = CARTESIAN_POINT('',(-2.250107032779,0.896559121954,5.3));
#1831 = DIRECTION('',(6.263858510042E-24,6.617444900424E-24,1.));
#1832 = DIRECTION('',(4.145073855426E-47,-1.,6.617444900424E-24));
#1833 = ORIENTED_EDGE('',*,*,#1793,.F.);
#1834 = CYLINDRICAL_SURFACE('',#1835,0.25);
#1835 = AXIS2_PLACEMENT_3D('',#1836,#1837,#1838);
#1836 = CARTESIAN_POINT('',(-2.250107032779,0.896559121954,5.25));
#1837 = DIRECTION('',(0.,0.,1.));
#1838 = DIRECTION('',(1.,4.371138824164E-08,-0.));
#1839 = ADVANCED_FACE('',(#1840),#1874,.F.);
#1840 = FACE_BOUND('',#1841,.T.);
#1841 = EDGE_LOOP('',(#1842,#1852,#1860,#1868));
#1842 = ORIENTED_EDGE('',*,*,#1843,.T.);
#1843 = EDGE_CURVE('',#1844,#1846,#1848,.T.);
#1844 = VERTEX_POINT('',#1845);
#1845 = CARTESIAN_POINT('',(-2.300106879944,-2.599887489638,5.3));
#1846 = VERTEX_POINT('',#1847);
#1847 = CARTESIAN_POINT('',(2.299893120056,-2.599887288566,5.3));
#1848 = LINE('',#1849,#1850);
#1849 = CARTESIAN_POINT('',(2.599893120056,-2.599887275452,5.3));
#1850 = VECTOR('',#1851,1.);
#1851 = DIRECTION('',(1.,4.371138797898E-08,-6.2638587993E-24));
#1852 = ORIENTED_EDGE('',*,*,#1853,.T.);
#1853 = EDGE_CURVE('',#1846,#1854,#1856,.T.);
#1854 = VERTEX_POINT('',#1855);
#1855 = CARTESIAN_POINT('',(2.299893120056,-2.599887288566,5.48));
#1856 = LINE('',#1857,#1858);
#1857 = CARTESIAN_POINT('',(2.299893120056,-2.599887288566,5.4262));
#1858 = VECTOR('',#1859,1.);
#1859 = DIRECTION('',(6.263858510042E-24,6.617444900424E-24,1.));
#1860 = ORIENTED_EDGE('',*,*,#1861,.F.);
#1861 = EDGE_CURVE('',#1862,#1854,#1864,.T.);
#1862 = VERTEX_POINT('',#1863);
#1863 = CARTESIAN_POINT('',(-2.300106879944,-2.599887489638,5.48));
#1864 = LINE('',#1865,#1866);
#1865 = CARTESIAN_POINT('',(2.599893120056,-2.599887275452,5.48));
#1866 = VECTOR('',#1867,1.);
#1867 = DIRECTION('',(1.,4.371138797898E-08,-6.2638587993E-24));
#1868 = ORIENTED_EDGE('',*,*,#1869,.T.);
#1869 = EDGE_CURVE('',#1862,#1844,#1870,.T.);
#1870 = LINE('',#1871,#1872);
#1871 = CARTESIAN_POINT('',(-2.300106879944,-2.599887489638,5.4262));
#1872 = VECTOR('',#1873,1.);
#1873 = DIRECTION('',(-6.263858510042E-24,-6.617444900424E-24,-1.));
#1874 = PLANE('',#1875);
#1875 = AXIS2_PLACEMENT_3D('',#1876,#1877,#1878);
#1876 = CARTESIAN_POINT('',(2.599893120056,-2.599887275452,5.4262));
#1877 = DIRECTION('',(-4.371138797898E-08,1.,-1.323488980085E-23));
#1878 = DIRECTION('',(-1.,-4.371138797898E-08,-2.892577036271E-31));
#1879 = ADVANCED_FACE('',(#1880,#1892),#1970,.F.);
#1880 = FACE_BOUND('',#1881,.T.);
#1881 = EDGE_LOOP('',(#1882,#1883,#1884,#1885,#1886,#1887,#1888,#1889,
    #1890,#1891));
#1882 = ORIENTED_EDGE('',*,*,#1630,.T.);
#1883 = ORIENTED_EDGE('',*,*,#1737,.T.);
#1884 = ORIENTED_EDGE('',*,*,#1809,.T.);
#1885 = ORIENTED_EDGE('',*,*,#1776,.F.);
#1886 = ORIENTED_EDGE('',*,*,#1827,.T.);
#1887 = ORIENTED_EDGE('',*,*,#1752,.T.);
#1888 = ORIENTED_EDGE('',*,*,#1598,.T.);
#1889 = ORIENTED_EDGE('',*,*,#1694,.F.);
#1890 = ORIENTED_EDGE('',*,*,#1662,.T.);
#1891 = ORIENTED_EDGE('',*,*,#1713,.F.);
#1892 = FACE_BOUND('',#1893,.T.);
#1893 = EDGE_LOOP('',(#1894,#1904,#1913,#1921,#1930,#1938,#1945,#1946,
    #1955,#1963));
#1894 = ORIENTED_EDGE('',*,*,#1895,.F.);
#1895 = EDGE_CURVE('',#1896,#1898,#1900,.T.);
#1896 = VERTEX_POINT('',#1897);
#1897 = CARTESIAN_POINT('',(-1.137975069047,2.512244595516,5.3));
#1898 = VERTEX_POINT('',#1899);
#1899 = CARTESIAN_POINT('',(-2.512239077688,1.137980466733,5.3));
#1900 = LINE('',#1901,#1902);
#1901 = CARTESIAN_POINT('',(-1.050107107244,2.600112565001,5.3));
#1902 = VECTOR('',#1903,1.);
#1903 = DIRECTION('',(-0.707106750278,-0.707106812095,9.108457002991E-24
    ));
#1904 = ORIENTED_EDGE('',*,*,#1905,.T.);
#1905 = EDGE_CURVE('',#1896,#1906,#1908,.T.);
#1906 = VERTEX_POINT('',#1907);
#1907 = CARTESIAN_POINT('',(-0.925843038532,2.600112570433,5.3));
#1908 = CIRCLE('',#1909,0.3);
#1909 = AXIS2_PLACEMENT_3D('',#1910,#1911,#1912);
#1910 = CARTESIAN_POINT('',(-0.925843025418,2.300112570433,5.3));
#1911 = DIRECTION('',(-6.263858510042E-24,-6.617444900424E-24,-1.));
#1912 = DIRECTION('',(-1.807003620809E-15,-1.,6.617444900424E-24));
#1913 = ORIENTED_EDGE('',*,*,#1914,.F.);
#1914 = EDGE_CURVE('',#1915,#1906,#1917,.T.);
#1915 = VERTEX_POINT('',#1916);
#1916 = CARTESIAN_POINT('',(2.299892892756,2.600112711434,5.3));
#1917 = LINE('',#1918,#1919);
#1918 = CARTESIAN_POINT('',(2.599892892756,2.600112724548,5.3));
#1919 = VECTOR('',#1920,1.);
#1920 = DIRECTION('',(-1.,-4.371138797898E-08,6.2638587993E-24));
#1921 = ORIENTED_EDGE('',*,*,#1922,.T.);
#1922 = EDGE_CURVE('',#1915,#1923,#1925,.T.);
#1923 = VERTEX_POINT('',#1924);
#1924 = CARTESIAN_POINT('',(2.59989290587,2.300112724548,5.3));
#1925 = CIRCLE('',#1926,0.3);
#1926 = AXIS2_PLACEMENT_3D('',#1927,#1928,#1929);
#1927 = CARTESIAN_POINT('',(2.29989290587,2.300112711434,5.3));
#1928 = DIRECTION('',(-6.263858510042E-24,-6.617444900424E-24,-1.));
#1929 = DIRECTION('',(-1.445602896647E-15,-1.,6.617444900424E-24));
#1930 = ORIENTED_EDGE('',*,*,#1931,.F.);
#1931 = EDGE_CURVE('',#1932,#1923,#1934,.T.);
#1932 = VERTEX_POINT('',#1933);
#1933 = CARTESIAN_POINT('',(2.599893106942,-2.299887275452,5.3));
#1934 = LINE('',#1935,#1936);
#1935 = CARTESIAN_POINT('',(2.599892892756,2.600112724548,5.3));
#1936 = VECTOR('',#1937,1.);
#1937 = DIRECTION('',(-4.371138814578E-08,1.,-6.617444626622E-24));
#1938 = ORIENTED_EDGE('',*,*,#1939,.T.);
#1939 = EDGE_CURVE('',#1932,#1846,#1940,.T.);
#1940 = CIRCLE('',#1941,0.3);
#1941 = AXIS2_PLACEMENT_3D('',#1942,#1943,#1944);
#1942 = CARTESIAN_POINT('',(2.299893106942,-2.299887288566,5.3));
#1943 = DIRECTION('',(-6.263858510042E-24,-6.617444900424E-24,-1.));
#1944 = DIRECTION('',(4.145073855426E-47,-1.,6.617444900424E-24));
#1945 = ORIENTED_EDGE('',*,*,#1843,.F.);
#1946 = ORIENTED_EDGE('',*,*,#1947,.T.);
#1947 = EDGE_CURVE('',#1844,#1948,#1950,.T.);
#1948 = VERTEX_POINT('',#1949);
#1949 = CARTESIAN_POINT('',(-2.600106893058,-2.299887502752,5.3));
#1950 = CIRCLE('',#1951,0.3);
#1951 = AXIS2_PLACEMENT_3D('',#1952,#1953,#1954);
#1952 = CARTESIAN_POINT('',(-2.300106893058,-2.299887489638,5.3));
#1953 = DIRECTION('',(-6.263858510042E-24,-6.617444900424E-24,-1.));
#1954 = DIRECTION('',(4.145073855426E-47,-1.,6.617444900424E-24));
#1955 = ORIENTED_EDGE('',*,*,#1956,.F.);
#1956 = EDGE_CURVE('',#1957,#1948,#1959,.T.);
#1957 = VERTEX_POINT('',#1958);
#1958 = CARTESIAN_POINT('',(-2.600107034059,0.925848428536,5.3));
#1959 = LINE('',#1960,#1961);
#1960 = CARTESIAN_POINT('',(-2.600107107244,2.600112497248,5.3));
#1961 = VECTOR('',#1962,1.);
#1962 = DIRECTION('',(4.371138806238E-08,-1.,6.617444626622E-24));
#1963 = ORIENTED_EDGE('',*,*,#1964,.T.);
#1964 = EDGE_CURVE('',#1957,#1898,#1965,.T.);
#1965 = CIRCLE('',#1966,0.3);
#1966 = AXIS2_PLACEMENT_3D('',#1967,#1968,#1969);
#1967 = CARTESIAN_POINT('',(-2.300107034059,0.92584844165,5.3));
#1968 = DIRECTION('',(-6.263858510042E-24,-6.617444900424E-24,-1.));
#1969 = DIRECTION('',(1.445602896647E-15,-1.,6.617444900424E-24));
#1970 = PLANE('',#1971);
#1971 = AXIS2_PLACEMENT_3D('',#1972,#1973,#1974);
#1972 = CARTESIAN_POINT('',(-1.069935939985E-04,1.126108979984E-04,5.3)
  );
#1973 = DIRECTION('',(-5.785153931307E-31,6.617444626622E-24,1.));
#1974 = DIRECTION('',(1.,4.371138797898E-08,2.892577036271E-31));
#1975 = ADVANCED_FACE('',(#1976),#2001,.F.);
#1976 = FACE_BOUND('',#1977,.T.);
#1977 = EDGE_LOOP('',(#1978,#1988,#1994,#1995));
#1978 = ORIENTED_EDGE('',*,*,#1979,.F.);
#1979 = EDGE_CURVE('',#1980,#1982,#1984,.T.);
#1980 = VERTEX_POINT('',#1981);
#1981 = CARTESIAN_POINT('',(-2.600107034059,0.925848428536,5.48));
#1982 = VERTEX_POINT('',#1983);
#1983 = CARTESIAN_POINT('',(-2.600106893058,-2.299887502752,5.48));
#1984 = LINE('',#1985,#1986);
#1985 = CARTESIAN_POINT('',(-2.600107107244,2.600112497248,5.48));
#1986 = VECTOR('',#1987,1.);
#1987 = DIRECTION('',(4.371138806238E-08,-1.,6.617444626622E-24));
#1988 = ORIENTED_EDGE('',*,*,#1989,.T.);
#1989 = EDGE_CURVE('',#1980,#1957,#1990,.T.);
#1990 = LINE('',#1991,#1992);
#1991 = CARTESIAN_POINT('',(-2.600107034059,0.925848428536,5.4262));
#1992 = VECTOR('',#1993,1.);
#1993 = DIRECTION('',(-6.263858510042E-24,-6.617444900424E-24,-1.));
#1994 = ORIENTED_EDGE('',*,*,#1956,.T.);
#1995 = ORIENTED_EDGE('',*,*,#1996,.T.);
#1996 = EDGE_CURVE('',#1948,#1982,#1997,.T.);
#1997 = LINE('',#1998,#1999);
#1998 = CARTESIAN_POINT('',(-2.600106893058,-2.299887502752,5.4262));
#1999 = VECTOR('',#2000,1.);
#2000 = DIRECTION('',(6.263858510042E-24,6.617444900424E-24,1.));
#2001 = PLANE('',#2002);
#2002 = AXIS2_PLACEMENT_3D('',#2003,#2004,#2005);
#2003 = CARTESIAN_POINT('',(-2.600107107244,2.600112497248,5.4262));
#2004 = DIRECTION('',(1.,4.371138806238E-08,2.892577025233E-31));
#2005 = DIRECTION('',(-4.371138806238E-08,1.,-1.323488980085E-23));
#2006 = ADVANCED_FACE('',(#2007),#2019,.T.);
#2007 = FACE_BOUND('',#2008,.T.);
#2008 = EDGE_LOOP('',(#2009,#2016,#2017,#2018));
#2009 = ORIENTED_EDGE('',*,*,#2010,.F.);
#2010 = EDGE_CURVE('',#1982,#1862,#2011,.T.);
#2011 = CIRCLE('',#2012,0.3);
#2012 = AXIS2_PLACEMENT_3D('',#2013,#2014,#2015);
#2013 = CARTESIAN_POINT('',(-2.300106893058,-2.299887489638,5.48));
#2014 = DIRECTION('',(6.263858510042E-24,6.617444900424E-24,1.));
#2015 = DIRECTION('',(4.145073855426E-47,-1.,6.617444900424E-24));
#2016 = ORIENTED_EDGE('',*,*,#1996,.F.);
#2017 = ORIENTED_EDGE('',*,*,#1947,.F.);
#2018 = ORIENTED_EDGE('',*,*,#1869,.F.);
#2019 = CYLINDRICAL_SURFACE('',#2020,0.3);
#2020 = AXIS2_PLACEMENT_3D('',#2021,#2022,#2023);
#2021 = CARTESIAN_POINT('',(-2.300106893058,-2.299887489638,5.4262));
#2022 = DIRECTION('',(-6.263858510042E-24,-6.617444900424E-24,-1.));
#2023 = DIRECTION('',(-1.,-4.371138867532E-08,6.2638587993E-24));
#2024 = ADVANCED_FACE('',(#2025),#2050,.F.);
#2025 = FACE_BOUND('',#2026,.T.);
#2026 = EDGE_LOOP('',(#2027,#2028,#2036,#2044));
#2027 = ORIENTED_EDGE('',*,*,#1914,.T.);
#2028 = ORIENTED_EDGE('',*,*,#2029,.T.);
#2029 = EDGE_CURVE('',#1906,#2030,#2032,.T.);
#2030 = VERTEX_POINT('',#2031);
#2031 = CARTESIAN_POINT('',(-0.925843038532,2.600112570433,5.48));
#2032 = LINE('',#2033,#2034);
#2033 = CARTESIAN_POINT('',(-0.925843038532,2.600112570433,5.4262));
#2034 = VECTOR('',#2035,1.);
#2035 = DIRECTION('',(6.263858510042E-24,6.617444900424E-24,1.));
#2036 = ORIENTED_EDGE('',*,*,#2037,.F.);
#2037 = EDGE_CURVE('',#2038,#2030,#2040,.T.);
#2038 = VERTEX_POINT('',#2039);
#2039 = CARTESIAN_POINT('',(2.299892892756,2.600112711434,5.48));
#2040 = LINE('',#2041,#2042);
#2041 = CARTESIAN_POINT('',(2.599892892756,2.600112724548,5.48));
#2042 = VECTOR('',#2043,1.);
#2043 = DIRECTION('',(-1.,-4.371138797898E-08,6.2638587993E-24));
#2044 = ORIENTED_EDGE('',*,*,#2045,.T.);
#2045 = EDGE_CURVE('',#2038,#1915,#2046,.T.);
#2046 = LINE('',#2047,#2048);
#2047 = CARTESIAN_POINT('',(2.299892892756,2.600112711434,5.4262));
#2048 = VECTOR('',#2049,1.);
#2049 = DIRECTION('',(-6.263858510042E-24,-6.617444900424E-24,-1.));
#2050 = PLANE('',#2051);
#2051 = AXIS2_PLACEMENT_3D('',#2052,#2053,#2054);
#2052 = CARTESIAN_POINT('',(2.599892892756,2.600112724548,5.4262));
#2053 = DIRECTION('',(4.371138797898E-08,-1.,1.323488980085E-23));
#2054 = DIRECTION('',(1.,4.371138797898E-08,2.892577036271E-31));
#2055 = ADVANCED_FACE('',(#2056),#2081,.F.);
#2056 = FACE_BOUND('',#2057,.T.);
#2057 = EDGE_LOOP('',(#2058,#2068,#2074,#2075));
#2058 = ORIENTED_EDGE('',*,*,#2059,.F.);
#2059 = EDGE_CURVE('',#2060,#2062,#2064,.T.);
#2060 = VERTEX_POINT('',#2061);
#2061 = CARTESIAN_POINT('',(2.599893106942,-2.299887275452,5.48));
#2062 = VERTEX_POINT('',#2063);
#2063 = CARTESIAN_POINT('',(2.59989290587,2.300112724548,5.48));
#2064 = LINE('',#2065,#2066);
#2065 = CARTESIAN_POINT('',(2.599892892756,2.600112724548,5.48));
#2066 = VECTOR('',#2067,1.);
#2067 = DIRECTION('',(-4.371138814578E-08,1.,-6.617444626622E-24));
#2068 = ORIENTED_EDGE('',*,*,#2069,.T.);
#2069 = EDGE_CURVE('',#2060,#1932,#2070,.T.);
#2070 = LINE('',#2071,#2072);
#2071 = CARTESIAN_POINT('',(2.599893106942,-2.299887275452,5.4262));
#2072 = VECTOR('',#2073,1.);
#2073 = DIRECTION('',(-6.263858510042E-24,-6.617444900424E-24,-1.));
#2074 = ORIENTED_EDGE('',*,*,#1931,.T.);
#2075 = ORIENTED_EDGE('',*,*,#2076,.T.);
#2076 = EDGE_CURVE('',#1923,#2062,#2077,.T.);
#2077 = LINE('',#2078,#2079);
#2078 = CARTESIAN_POINT('',(2.59989290587,2.300112724548,5.4262));
#2079 = VECTOR('',#2080,1.);
#2080 = DIRECTION('',(6.263858510042E-24,6.617444900424E-24,1.));
#2081 = PLANE('',#2082);
#2082 = AXIS2_PLACEMENT_3D('',#2083,#2084,#2085);
#2083 = CARTESIAN_POINT('',(2.599892892756,2.600112724548,5.4262));
#2084 = DIRECTION('',(-1.,-4.371138814578E-08,-2.892577014195E-31));
#2085 = DIRECTION('',(4.371138814578E-08,-1.,1.323488980085E-23));
#2086 = ADVANCED_FACE('',(#2087),#2099,.T.);
#2087 = FACE_BOUND('',#2088,.T.);
#2088 = EDGE_LOOP('',(#2089,#2096,#2097,#2098));
#2089 = ORIENTED_EDGE('',*,*,#2090,.F.);
#2090 = EDGE_CURVE('',#2062,#2038,#2091,.T.);
#2091 = CIRCLE('',#2092,0.3);
#2092 = AXIS2_PLACEMENT_3D('',#2093,#2094,#2095);
#2093 = CARTESIAN_POINT('',(2.29989290587,2.300112711434,5.48));
#2094 = DIRECTION('',(6.263858510042E-24,6.617444900424E-24,1.));
#2095 = DIRECTION('',(4.145073855426E-47,-1.,6.617444900424E-24));
#2096 = ORIENTED_EDGE('',*,*,#2076,.F.);
#2097 = ORIENTED_EDGE('',*,*,#1922,.F.);
#2098 = ORIENTED_EDGE('',*,*,#2045,.F.);
#2099 = CYLINDRICAL_SURFACE('',#2100,0.3);
#2100 = AXIS2_PLACEMENT_3D('',#2101,#2102,#2103);
#2101 = CARTESIAN_POINT('',(2.29989290587,2.300112711434,5.4262));
#2102 = DIRECTION('',(-6.263858510042E-24,-6.617444900424E-24,-1.));
#2103 = DIRECTION('',(-1.,-4.371138867532E-08,6.2638587993E-24));
#2104 = ADVANCED_FACE('',(#2105),#2117,.T.);
#2105 = FACE_BOUND('',#2106,.T.);
#2106 = EDGE_LOOP('',(#2107,#2114,#2115,#2116));
#2107 = ORIENTED_EDGE('',*,*,#2108,.F.);
#2108 = EDGE_CURVE('',#1854,#2060,#2109,.T.);
#2109 = CIRCLE('',#2110,0.3);
#2110 = AXIS2_PLACEMENT_3D('',#2111,#2112,#2113);
#2111 = CARTESIAN_POINT('',(2.299893106942,-2.299887288566,5.48));
#2112 = DIRECTION('',(6.263858510042E-24,6.617444900424E-24,1.));
#2113 = DIRECTION('',(4.145073855426E-47,-1.,6.617444900424E-24));
#2114 = ORIENTED_EDGE('',*,*,#1853,.F.);
#2115 = ORIENTED_EDGE('',*,*,#1939,.F.);
#2116 = ORIENTED_EDGE('',*,*,#2069,.F.);
#2117 = CYLINDRICAL_SURFACE('',#2118,0.3);
#2118 = AXIS2_PLACEMENT_3D('',#2119,#2120,#2121);
#2119 = CARTESIAN_POINT('',(2.299893106942,-2.299887288566,5.4262));
#2120 = DIRECTION('',(-6.263858510042E-24,-6.617444900424E-24,-1.));
#2121 = DIRECTION('',(-1.,-4.371138867532E-08,6.2638587993E-24));
#2122 = ADVANCED_FACE('',(#2123),#2156,.T.);
#2123 = FACE_BOUND('',#2124,.T.);
#2124 = EDGE_LOOP('',(#2125,#2126,#2135,#2143,#2150,#2151,#2152,#2153,
    #2154,#2155));
#2125 = ORIENTED_EDGE('',*,*,#2037,.T.);
#2126 = ORIENTED_EDGE('',*,*,#2127,.T.);
#2127 = EDGE_CURVE('',#2030,#2128,#2130,.T.);
#2128 = VERTEX_POINT('',#2129);
#2129 = CARTESIAN_POINT('',(-1.137975069047,2.512244595516,5.48));
#2130 = CIRCLE('',#2131,0.3);
#2131 = AXIS2_PLACEMENT_3D('',#2132,#2133,#2134);
#2132 = CARTESIAN_POINT('',(-0.925843025418,2.300112570433,5.48));
#2133 = DIRECTION('',(6.263858510042E-24,6.617444900424E-24,1.));
#2134 = DIRECTION('',(4.145073855426E-47,-1.,6.617444900424E-24));
#2135 = ORIENTED_EDGE('',*,*,#2136,.T.);
#2136 = EDGE_CURVE('',#2128,#2137,#2139,.T.);
#2137 = VERTEX_POINT('',#2138);
#2138 = CARTESIAN_POINT('',(-2.512239077688,1.137980466733,5.48));
#2139 = LINE('',#2140,#2141);
#2140 = CARTESIAN_POINT('',(-1.050107107244,2.600112565001,5.48));
#2141 = VECTOR('',#2142,1.);
#2142 = DIRECTION('',(-0.707106750278,-0.707106812095,9.108457002991E-24
    ));
#2143 = ORIENTED_EDGE('',*,*,#2144,.T.);
#2144 = EDGE_CURVE('',#2137,#1980,#2145,.T.);
#2145 = CIRCLE('',#2146,0.3);
#2146 = AXIS2_PLACEMENT_3D('',#2147,#2148,#2149);
#2147 = CARTESIAN_POINT('',(-2.300107034059,0.92584844165,5.48));
#2148 = DIRECTION('',(6.263858510042E-24,6.617444900424E-24,1.));
#2149 = DIRECTION('',(4.145073855426E-47,-1.,6.617444900424E-24));
#2150 = ORIENTED_EDGE('',*,*,#1979,.T.);
#2151 = ORIENTED_EDGE('',*,*,#2010,.T.);
#2152 = ORIENTED_EDGE('',*,*,#1861,.T.);
#2153 = ORIENTED_EDGE('',*,*,#2108,.T.);
#2154 = ORIENTED_EDGE('',*,*,#2059,.T.);
#2155 = ORIENTED_EDGE('',*,*,#2090,.T.);
#2156 = PLANE('',#2157);
#2157 = AXIS2_PLACEMENT_3D('',#2158,#2159,#2160);
#2158 = CARTESIAN_POINT('',(2.299893120056,-2.599887288566,5.48));
#2159 = DIRECTION('',(-5.785153931307E-31,6.617444626622E-24,1.));
#2160 = DIRECTION('',(1.,4.371138797898E-08,2.892577036271E-31));
#2161 = ADVANCED_FACE('',(#2162),#2178,.F.);
#2162 = FACE_BOUND('',#2163,.T.);
#2163 = EDGE_LOOP('',(#2164,#2165,#2171,#2172));
#2164 = ORIENTED_EDGE('',*,*,#2136,.F.);
#2165 = ORIENTED_EDGE('',*,*,#2166,.T.);
#2166 = EDGE_CURVE('',#2128,#1896,#2167,.T.);
#2167 = LINE('',#2168,#2169);
#2168 = CARTESIAN_POINT('',(-1.137975069047,2.512244595516,5.4262));
#2169 = VECTOR('',#2170,1.);
#2170 = DIRECTION('',(-6.263858510042E-24,-6.617444900424E-24,-1.));
#2171 = ORIENTED_EDGE('',*,*,#1895,.T.);
#2172 = ORIENTED_EDGE('',*,*,#2173,.T.);
#2173 = EDGE_CURVE('',#1898,#2137,#2174,.T.);
#2174 = LINE('',#2175,#2176);
#2175 = CARTESIAN_POINT('',(-2.512239077688,1.137980466733,5.4262));
#2176 = VECTOR('',#2177,1.);
#2177 = DIRECTION('',(6.263858510042E-24,6.617444900424E-24,1.));
#2178 = PLANE('',#2179);
#2179 = AXIS2_PLACEMENT_3D('',#2180,#2181,#2182);
#2180 = CARTESIAN_POINT('',(-1.050107107244,2.600112565001,5.4262));
#2181 = DIRECTION('',(0.707106812095,-0.707106750278,9.358480530973E-24)
  );
#2182 = DIRECTION('',(0.707106750278,0.707106812095,-9.358480121901E-24)
  );
#2183 = ADVANCED_FACE('',(#2184),#2190,.T.);
#2184 = FACE_BOUND('',#2185,.T.);
#2185 = EDGE_LOOP('',(#2186,#2187,#2188,#2189));
#2186 = ORIENTED_EDGE('',*,*,#2127,.F.);
#2187 = ORIENTED_EDGE('',*,*,#2029,.F.);
#2188 = ORIENTED_EDGE('',*,*,#1905,.F.);
#2189 = ORIENTED_EDGE('',*,*,#2166,.F.);
#2190 = CYLINDRICAL_SURFACE('',#2191,0.3);
#2191 = AXIS2_PLACEMENT_3D('',#2192,#2193,#2194);
#2192 = CARTESIAN_POINT('',(-0.925843025418,2.300112570433,5.4262));
#2193 = DIRECTION('',(-6.263858510042E-24,-6.617444900424E-24,-1.));
#2194 = DIRECTION('',(-1.,-4.371138867532E-08,6.2638587993E-24));
#2195 = ADVANCED_FACE('',(#2196),#2202,.T.);
#2196 = FACE_BOUND('',#2197,.T.);
#2197 = EDGE_LOOP('',(#2198,#2199,#2200,#2201));
#2198 = ORIENTED_EDGE('',*,*,#2144,.F.);
#2199 = ORIENTED_EDGE('',*,*,#2173,.F.);
#2200 = ORIENTED_EDGE('',*,*,#1964,.F.);
#2201 = ORIENTED_EDGE('',*,*,#1989,.F.);
#2202 = CYLINDRICAL_SURFACE('',#2203,0.3);
#2203 = AXIS2_PLACEMENT_3D('',#2204,#2205,#2206);
#2204 = CARTESIAN_POINT('',(-2.300107034059,0.92584844165,5.4262));
#2205 = DIRECTION('',(-6.263858510042E-24,-6.617444900424E-24,-1.));
#2206 = DIRECTION('',(-1.,-4.371138795251E-08,6.2638587993E-24));
#2207 = ADVANCED_FACE('',(#2208),#2242,.T.);
#2208 = FACE_BOUND('',#2209,.T.);
#2209 = EDGE_LOOP('',(#2210,#2220,#2228,#2236));
#2210 = ORIENTED_EDGE('',*,*,#2211,.T.);
#2211 = EDGE_CURVE('',#2212,#2214,#2216,.T.);
#2212 = VERTEX_POINT('',#2213);
#2213 = CARTESIAN_POINT('',(-4.749985963281,-2.100010259414,
    -0.818999767303));
#2214 = VERTEX_POINT('',#2215);
#2215 = CARTESIAN_POINT('',(-4.749985963281,-2.100010259414,-0.79999892)
  );
#2216 = LINE('',#2217,#2218);
#2217 = CARTESIAN_POINT('',(-4.749985963281,-2.100010259414,
    -0.818999767303));
#2218 = VECTOR('',#2219,1.);
#2219 = DIRECTION('',(0.,0.,1.));
#2220 = ORIENTED_EDGE('',*,*,#2221,.T.);
#2221 = EDGE_CURVE('',#2214,#2222,#2224,.T.);
#2222 = VERTEX_POINT('',#2223);
#2223 = CARTESIAN_POINT('',(-3.249983883281,-2.100010259414,-0.79999892)
  );
#2224 = LINE('',#2225,#2226);
#2225 = CARTESIAN_POINT('',(-4.749985963281,-2.100010259414,-0.79999892)
  );
#2226 = VECTOR('',#2227,1.);
#2227 = DIRECTION('',(1.,0.,0.));
#2228 = ORIENTED_EDGE('',*,*,#2229,.F.);
#2229 = EDGE_CURVE('',#2230,#2222,#2232,.T.);
#2230 = VERTEX_POINT('',#2231);
#2231 = CARTESIAN_POINT('',(-3.249983883281,-2.100010259414,
    -0.818999767303));
#2232 = LINE('',#2233,#2234);
#2233 = CARTESIAN_POINT('',(-3.249983883281,-2.100010259414,
    -0.818999767303));
#2234 = VECTOR('',#2235,1.);
#2235 = DIRECTION('',(0.,0.,1.));
#2236 = ORIENTED_EDGE('',*,*,#2237,.F.);
#2237 = EDGE_CURVE('',#2212,#2230,#2238,.T.);
#2238 = LINE('',#2239,#2240);
#2239 = CARTESIAN_POINT('',(-4.749985963281,-2.100010259414,
    -0.818999767303));
#2240 = VECTOR('',#2241,1.);
#2241 = DIRECTION('',(1.,0.,0.));
#2242 = PLANE('',#2243);
#2243 = AXIS2_PLACEMENT_3D('',#2244,#2245,#2246);
#2244 = CARTESIAN_POINT('',(-4.749985963281,-2.100010259414,
    -0.818999767303));
#2245 = DIRECTION('',(-0.,1.,0.));
#2246 = DIRECTION('',(1.,0.,0.));
#2247 = ADVANCED_FACE('',(#2248),#2273,.T.);
#2248 = FACE_BOUND('',#2249,.T.);
#2249 = EDGE_LOOP('',(#2250,#2251,#2259,#2267));
#2250 = ORIENTED_EDGE('',*,*,#2229,.T.);
#2251 = ORIENTED_EDGE('',*,*,#2252,.T.);
#2252 = EDGE_CURVE('',#2222,#2253,#2255,.T.);
#2253 = VERTEX_POINT('',#2254);
#2254 = CARTESIAN_POINT('',(-3.249983883281,-2.900008659414,-0.79999892)
  );
#2255 = LINE('',#2256,#2257);
#2256 = CARTESIAN_POINT('',(-3.249983883281,-2.100010259414,-0.79999892)
  );
#2257 = VECTOR('',#2258,1.);
#2258 = DIRECTION('',(0.,-1.,0.));
#2259 = ORIENTED_EDGE('',*,*,#2260,.F.);
#2260 = EDGE_CURVE('',#2261,#2253,#2263,.T.);
#2261 = VERTEX_POINT('',#2262);
#2262 = CARTESIAN_POINT('',(-3.249983883281,-2.900008659414,
    -0.818999767303));
#2263 = LINE('',#2264,#2265);
#2264 = CARTESIAN_POINT('',(-3.249983883281,-2.900008659414,
    -0.818999767303));
#2265 = VECTOR('',#2266,1.);
#2266 = DIRECTION('',(0.,0.,1.));
#2267 = ORIENTED_EDGE('',*,*,#2268,.F.);
#2268 = EDGE_CURVE('',#2230,#2261,#2269,.T.);
#2269 = LINE('',#2270,#2271);
#2270 = CARTESIAN_POINT('',(-3.249983883281,-2.100010259414,
    -0.818999767303));
#2271 = VECTOR('',#2272,1.);
#2272 = DIRECTION('',(0.,-1.,0.));
#2273 = PLANE('',#2274);
#2274 = AXIS2_PLACEMENT_3D('',#2275,#2276,#2277);
#2275 = CARTESIAN_POINT('',(-3.249983883281,-2.100010259414,
    -0.818999767303));
#2276 = DIRECTION('',(1.,0.,0.));
#2277 = DIRECTION('',(-0.,1.,0.));
#2278 = ADVANCED_FACE('',(#2279),#2304,.T.);
#2279 = FACE_BOUND('',#2280,.T.);
#2280 = EDGE_LOOP('',(#2281,#2282,#2290,#2298));
#2281 = ORIENTED_EDGE('',*,*,#2260,.T.);
#2282 = ORIENTED_EDGE('',*,*,#2283,.T.);
#2283 = EDGE_CURVE('',#2253,#2284,#2286,.T.);
#2284 = VERTEX_POINT('',#2285);
#2285 = CARTESIAN_POINT('',(-4.749985963281,-2.900008659414,-0.79999892)
  );
#2286 = LINE('',#2287,#2288);
#2287 = CARTESIAN_POINT('',(-3.249983883281,-2.900008659414,-0.79999892)
  );
#2288 = VECTOR('',#2289,1.);
#2289 = DIRECTION('',(-1.,0.,0.));
#2290 = ORIENTED_EDGE('',*,*,#2291,.F.);
#2291 = EDGE_CURVE('',#2292,#2284,#2294,.T.);
#2292 = VERTEX_POINT('',#2293);
#2293 = CARTESIAN_POINT('',(-4.749985963281,-2.900008659414,
    -0.818999767303));
#2294 = LINE('',#2295,#2296);
#2295 = CARTESIAN_POINT('',(-4.749985963281,-2.900008659414,
    -0.818999767303));
#2296 = VECTOR('',#2297,1.);
#2297 = DIRECTION('',(0.,0.,1.));
#2298 = ORIENTED_EDGE('',*,*,#2299,.F.);
#2299 = EDGE_CURVE('',#2261,#2292,#2300,.T.);
#2300 = LINE('',#2301,#2302);
#2301 = CARTESIAN_POINT('',(-3.249983883281,-2.900008659414,
    -0.818999767303));
#2302 = VECTOR('',#2303,1.);
#2303 = DIRECTION('',(-1.,0.,0.));
#2304 = PLANE('',#2305);
#2305 = AXIS2_PLACEMENT_3D('',#2306,#2307,#2308);
#2306 = CARTESIAN_POINT('',(-3.249983883281,-2.900008659414,
    -0.818999767303));
#2307 = DIRECTION('',(0.,-1.,0.));
#2308 = DIRECTION('',(0.,0.,-1.));
#2309 = ADVANCED_FACE('',(#2310),#2326,.T.);
#2310 = FACE_BOUND('',#2311,.T.);
#2311 = EDGE_LOOP('',(#2312,#2313,#2319,#2320));
#2312 = ORIENTED_EDGE('',*,*,#2291,.T.);
#2313 = ORIENTED_EDGE('',*,*,#2314,.T.);
#2314 = EDGE_CURVE('',#2284,#2214,#2315,.T.);
#2315 = LINE('',#2316,#2317);
#2316 = CARTESIAN_POINT('',(-4.749985963281,-2.900008659414,-0.79999892)
  );
#2317 = VECTOR('',#2318,1.);
#2318 = DIRECTION('',(0.,1.,-0.));
#2319 = ORIENTED_EDGE('',*,*,#2211,.F.);
#2320 = ORIENTED_EDGE('',*,*,#2321,.F.);
#2321 = EDGE_CURVE('',#2292,#2212,#2322,.T.);
#2322 = LINE('',#2323,#2324);
#2323 = CARTESIAN_POINT('',(-4.749985963281,-2.900008659414,
    -0.818999767303));
#2324 = VECTOR('',#2325,1.);
#2325 = DIRECTION('',(0.,1.,0.));
#2326 = PLANE('',#2327);
#2327 = AXIS2_PLACEMENT_3D('',#2328,#2329,#2330);
#2328 = CARTESIAN_POINT('',(-4.749985963281,-2.900008659414,
    -0.818999767303));
#2329 = DIRECTION('',(-1.,0.,0.));
#2330 = DIRECTION('',(0.,0.,1.));
#2331 = ADVANCED_FACE('',(#2332),#2338,.F.);
#2332 = FACE_BOUND('',#2333,.T.);
#2333 = EDGE_LOOP('',(#2334,#2335,#2336,#2337));
#2334 = ORIENTED_EDGE('',*,*,#2237,.T.);
#2335 = ORIENTED_EDGE('',*,*,#2268,.T.);
#2336 = ORIENTED_EDGE('',*,*,#2299,.T.);
#2337 = ORIENTED_EDGE('',*,*,#2321,.T.);
#2338 = PLANE('',#2339);
#2339 = AXIS2_PLACEMENT_3D('',#2340,#2341,#2342);
#2340 = CARTESIAN_POINT('',(-4.749985963281,-2.100010259414,
    -0.818999767303));
#2341 = DIRECTION('',(0.,0.,1.));
#2342 = DIRECTION('',(1.,0.,-0.));
#2343 = ADVANCED_FACE('',(#2344),#2378,.T.);
#2344 = FACE_BOUND('',#2345,.T.);
#2345 = EDGE_LOOP('',(#2346,#2356,#2364,#2372));
#2346 = ORIENTED_EDGE('',*,*,#2347,.T.);
#2347 = EDGE_CURVE('',#2348,#2350,#2352,.T.);
#2348 = VERTEX_POINT('',#2349);
#2349 = CARTESIAN_POINT('',(-4.749985963281,-0.850010259414,
    -0.818999767303));
#2350 = VERTEX_POINT('',#2351);
#2351 = CARTESIAN_POINT('',(-4.749985963281,-0.850010259414,-0.79999892)
  );
#2352 = LINE('',#2353,#2354);
#2353 = CARTESIAN_POINT('',(-4.749985963281,-0.850010259414,
    -0.818999767303));
#2354 = VECTOR('',#2355,1.);
#2355 = DIRECTION('',(0.,0.,1.));
#2356 = ORIENTED_EDGE('',*,*,#2357,.T.);
#2357 = EDGE_CURVE('',#2350,#2358,#2360,.T.);
#2358 = VERTEX_POINT('',#2359);
#2359 = CARTESIAN_POINT('',(-3.249983883281,-0.850010259414,-0.79999892)
  );
#2360 = LINE('',#2361,#2362);
#2361 = CARTESIAN_POINT('',(-4.749985963281,-0.850010259414,-0.79999892)
  );
#2362 = VECTOR('',#2363,1.);
#2363 = DIRECTION('',(1.,0.,0.));
#2364 = ORIENTED_EDGE('',*,*,#2365,.F.);
#2365 = EDGE_CURVE('',#2366,#2358,#2368,.T.);
#2366 = VERTEX_POINT('',#2367);
#2367 = CARTESIAN_POINT('',(-3.249983883281,-0.850010259414,
    -0.818999767303));
#2368 = LINE('',#2369,#2370);
#2369 = CARTESIAN_POINT('',(-3.249983883281,-0.850010259414,
    -0.818999767303));
#2370 = VECTOR('',#2371,1.);
#2371 = DIRECTION('',(0.,0.,1.));
#2372 = ORIENTED_EDGE('',*,*,#2373,.F.);
#2373 = EDGE_CURVE('',#2348,#2366,#2374,.T.);
#2374 = LINE('',#2375,#2376);
#2375 = CARTESIAN_POINT('',(-4.749985963281,-0.850010259414,
    -0.818999767303));
#2376 = VECTOR('',#2377,1.);
#2377 = DIRECTION('',(1.,0.,0.));
#2378 = PLANE('',#2379);
#2379 = AXIS2_PLACEMENT_3D('',#2380,#2381,#2382);
#2380 = CARTESIAN_POINT('',(-4.749985963281,-0.850010259414,
    -0.818999767303));
#2381 = DIRECTION('',(-0.,1.,0.));
#2382 = DIRECTION('',(1.,0.,0.));
#2383 = ADVANCED_FACE('',(#2384),#2409,.T.);
#2384 = FACE_BOUND('',#2385,.T.);
#2385 = EDGE_LOOP('',(#2386,#2387,#2395,#2403));
#2386 = ORIENTED_EDGE('',*,*,#2365,.T.);
#2387 = ORIENTED_EDGE('',*,*,#2388,.T.);
#2388 = EDGE_CURVE('',#2358,#2389,#2391,.T.);
#2389 = VERTEX_POINT('',#2390);
#2390 = CARTESIAN_POINT('',(-3.249983883281,-1.650008659414,-0.79999892)
  );
#2391 = LINE('',#2392,#2393);
#2392 = CARTESIAN_POINT('',(-3.249983883281,-0.850010259414,-0.79999892)
  );
#2393 = VECTOR('',#2394,1.);
#2394 = DIRECTION('',(0.,-1.,0.));
#2395 = ORIENTED_EDGE('',*,*,#2396,.F.);
#2396 = EDGE_CURVE('',#2397,#2389,#2399,.T.);
#2397 = VERTEX_POINT('',#2398);
#2398 = CARTESIAN_POINT('',(-3.249983883281,-1.650008659414,
    -0.818999767303));
#2399 = LINE('',#2400,#2401);
#2400 = CARTESIAN_POINT('',(-3.249983883281,-1.650008659414,
    -0.818999767303));
#2401 = VECTOR('',#2402,1.);
#2402 = DIRECTION('',(0.,0.,1.));
#2403 = ORIENTED_EDGE('',*,*,#2404,.F.);
#2404 = EDGE_CURVE('',#2366,#2397,#2405,.T.);
#2405 = LINE('',#2406,#2407);
#2406 = CARTESIAN_POINT('',(-3.249983883281,-0.850010259414,
    -0.818999767303));
#2407 = VECTOR('',#2408,1.);
#2408 = DIRECTION('',(0.,-1.,0.));
#2409 = PLANE('',#2410);
#2410 = AXIS2_PLACEMENT_3D('',#2411,#2412,#2413);
#2411 = CARTESIAN_POINT('',(-3.249983883281,-0.850010259414,
    -0.818999767303));
#2412 = DIRECTION('',(1.,0.,0.));
#2413 = DIRECTION('',(-0.,1.,0.));
#2414 = ADVANCED_FACE('',(#2415),#2440,.T.);
#2415 = FACE_BOUND('',#2416,.T.);
#2416 = EDGE_LOOP('',(#2417,#2418,#2426,#2434));
#2417 = ORIENTED_EDGE('',*,*,#2396,.T.);
#2418 = ORIENTED_EDGE('',*,*,#2419,.T.);
#2419 = EDGE_CURVE('',#2389,#2420,#2422,.T.);
#2420 = VERTEX_POINT('',#2421);
#2421 = CARTESIAN_POINT('',(-4.749985963281,-1.650008659414,-0.79999892)
  );
#2422 = LINE('',#2423,#2424);
#2423 = CARTESIAN_POINT('',(-3.249983883281,-1.650008659414,-0.79999892)
  );
#2424 = VECTOR('',#2425,1.);
#2425 = DIRECTION('',(-1.,0.,0.));
#2426 = ORIENTED_EDGE('',*,*,#2427,.F.);
#2427 = EDGE_CURVE('',#2428,#2420,#2430,.T.);
#2428 = VERTEX_POINT('',#2429);
#2429 = CARTESIAN_POINT('',(-4.749985963281,-1.650008659414,
    -0.818999767303));
#2430 = LINE('',#2431,#2432);
#2431 = CARTESIAN_POINT('',(-4.749985963281,-1.650008659414,
    -0.818999767303));
#2432 = VECTOR('',#2433,1.);
#2433 = DIRECTION('',(0.,0.,1.));
#2434 = ORIENTED_EDGE('',*,*,#2435,.F.);
#2435 = EDGE_CURVE('',#2397,#2428,#2436,.T.);
#2436 = LINE('',#2437,#2438);
#2437 = CARTESIAN_POINT('',(-3.249983883281,-1.650008659414,
    -0.818999767303));
#2438 = VECTOR('',#2439,1.);
#2439 = DIRECTION('',(-1.,0.,0.));
#2440 = PLANE('',#2441);
#2441 = AXIS2_PLACEMENT_3D('',#2442,#2443,#2444);
#2442 = CARTESIAN_POINT('',(-3.249983883281,-1.650008659414,
    -0.818999767303));
#2443 = DIRECTION('',(0.,-1.,0.));
#2444 = DIRECTION('',(0.,0.,-1.));
#2445 = ADVANCED_FACE('',(#2446),#2462,.T.);
#2446 = FACE_BOUND('',#2447,.T.);
#2447 = EDGE_LOOP('',(#2448,#2449,#2455,#2456));
#2448 = ORIENTED_EDGE('',*,*,#2427,.T.);
#2449 = ORIENTED_EDGE('',*,*,#2450,.T.);
#2450 = EDGE_CURVE('',#2420,#2350,#2451,.T.);
#2451 = LINE('',#2452,#2453);
#2452 = CARTESIAN_POINT('',(-4.749985963281,-1.650008659414,-0.79999892)
  );
#2453 = VECTOR('',#2454,1.);
#2454 = DIRECTION('',(0.,1.,-0.));
#2455 = ORIENTED_EDGE('',*,*,#2347,.F.);
#2456 = ORIENTED_EDGE('',*,*,#2457,.F.);
#2457 = EDGE_CURVE('',#2428,#2348,#2458,.T.);
#2458 = LINE('',#2459,#2460);
#2459 = CARTESIAN_POINT('',(-4.749985963281,-1.650008659414,
    -0.818999767303));
#2460 = VECTOR('',#2461,1.);
#2461 = DIRECTION('',(0.,1.,0.));
#2462 = PLANE('',#2463);
#2463 = AXIS2_PLACEMENT_3D('',#2464,#2465,#2466);
#2464 = CARTESIAN_POINT('',(-4.749985963281,-1.650008659414,
    -0.818999767303));
#2465 = DIRECTION('',(-1.,0.,0.));
#2466 = DIRECTION('',(0.,0.,1.));
#2467 = ADVANCED_FACE('',(#2468),#2474,.F.);
#2468 = FACE_BOUND('',#2469,.T.);
#2469 = EDGE_LOOP('',(#2470,#2471,#2472,#2473));
#2470 = ORIENTED_EDGE('',*,*,#2373,.T.);
#2471 = ORIENTED_EDGE('',*,*,#2404,.T.);
#2472 = ORIENTED_EDGE('',*,*,#2435,.T.);
#2473 = ORIENTED_EDGE('',*,*,#2457,.T.);
#2474 = PLANE('',#2475);
#2475 = AXIS2_PLACEMENT_3D('',#2476,#2477,#2478);
#2476 = CARTESIAN_POINT('',(-4.749985963281,-0.850010259414,
    -0.818999767303));
#2477 = DIRECTION('',(0.,0.,1.));
#2478 = DIRECTION('',(1.,0.,-0.));
#2479 = ADVANCED_FACE('',(#2480),#2514,.T.);
#2480 = FACE_BOUND('',#2481,.T.);
#2481 = EDGE_LOOP('',(#2482,#2492,#2500,#2508));
#2482 = ORIENTED_EDGE('',*,*,#2483,.T.);
#2483 = EDGE_CURVE('',#2484,#2486,#2488,.T.);
#2484 = VERTEX_POINT('',#2485);
#2485 = CARTESIAN_POINT('',(-4.749985963281,0.400004999375,
    -0.818999767303));
#2486 = VERTEX_POINT('',#2487);
#2487 = CARTESIAN_POINT('',(-4.749985963281,0.400004999375,-0.79999892)
  );
#2488 = LINE('',#2489,#2490);
#2489 = CARTESIAN_POINT('',(-4.749985963281,0.400004999375,
    -0.818999767303));
#2490 = VECTOR('',#2491,1.);
#2491 = DIRECTION('',(0.,0.,1.));
#2492 = ORIENTED_EDGE('',*,*,#2493,.T.);
#2493 = EDGE_CURVE('',#2486,#2494,#2496,.T.);
#2494 = VERTEX_POINT('',#2495);
#2495 = CARTESIAN_POINT('',(-3.249983883281,0.400004999375,-0.79999892)
  );
#2496 = LINE('',#2497,#2498);
#2497 = CARTESIAN_POINT('',(-4.749985963281,0.400004999375,-0.79999892)
  );
#2498 = VECTOR('',#2499,1.);
#2499 = DIRECTION('',(1.,0.,0.));
#2500 = ORIENTED_EDGE('',*,*,#2501,.F.);
#2501 = EDGE_CURVE('',#2502,#2494,#2504,.T.);
#2502 = VERTEX_POINT('',#2503);
#2503 = CARTESIAN_POINT('',(-3.249983883281,0.400004999375,
    -0.818999767303));
#2504 = LINE('',#2505,#2506);
#2505 = CARTESIAN_POINT('',(-3.249983883281,0.400004999375,
    -0.818999767303));
#2506 = VECTOR('',#2507,1.);
#2507 = DIRECTION('',(0.,0.,1.));
#2508 = ORIENTED_EDGE('',*,*,#2509,.F.);
#2509 = EDGE_CURVE('',#2484,#2502,#2510,.T.);
#2510 = LINE('',#2511,#2512);
#2511 = CARTESIAN_POINT('',(-4.749985963281,0.400004999375,
    -0.818999767303));
#2512 = VECTOR('',#2513,1.);
#2513 = DIRECTION('',(1.,0.,0.));
#2514 = PLANE('',#2515);
#2515 = AXIS2_PLACEMENT_3D('',#2516,#2517,#2518);
#2516 = CARTESIAN_POINT('',(-4.749985963281,0.400004999375,
    -0.818999767303));
#2517 = DIRECTION('',(-0.,1.,0.));
#2518 = DIRECTION('',(1.,0.,0.));
#2519 = ADVANCED_FACE('',(#2520),#2545,.T.);
#2520 = FACE_BOUND('',#2521,.T.);
#2521 = EDGE_LOOP('',(#2522,#2523,#2531,#2539));
#2522 = ORIENTED_EDGE('',*,*,#2501,.T.);
#2523 = ORIENTED_EDGE('',*,*,#2524,.T.);
#2524 = EDGE_CURVE('',#2494,#2525,#2527,.T.);
#2525 = VERTEX_POINT('',#2526);
#2526 = CARTESIAN_POINT('',(-3.249983883281,-0.399993400625,-0.79999892)
  );
#2527 = LINE('',#2528,#2529);
#2528 = CARTESIAN_POINT('',(-3.249983883281,0.400004999375,-0.79999892)
  );
#2529 = VECTOR('',#2530,1.);
#2530 = DIRECTION('',(0.,-1.,0.));
#2531 = ORIENTED_EDGE('',*,*,#2532,.F.);
#2532 = EDGE_CURVE('',#2533,#2525,#2535,.T.);
#2533 = VERTEX_POINT('',#2534);
#2534 = CARTESIAN_POINT('',(-3.249983883281,-0.399993400625,
    -0.818999767303));
#2535 = LINE('',#2536,#2537);
#2536 = CARTESIAN_POINT('',(-3.249983883281,-0.399993400625,
    -0.818999767303));
#2537 = VECTOR('',#2538,1.);
#2538 = DIRECTION('',(0.,0.,1.));
#2539 = ORIENTED_EDGE('',*,*,#2540,.F.);
#2540 = EDGE_CURVE('',#2502,#2533,#2541,.T.);
#2541 = LINE('',#2542,#2543);
#2542 = CARTESIAN_POINT('',(-3.249983883281,0.400004999375,
    -0.818999767303));
#2543 = VECTOR('',#2544,1.);
#2544 = DIRECTION('',(0.,-1.,0.));
#2545 = PLANE('',#2546);
#2546 = AXIS2_PLACEMENT_3D('',#2547,#2548,#2549);
#2547 = CARTESIAN_POINT('',(-3.249983883281,0.400004999375,
    -0.818999767303));
#2548 = DIRECTION('',(1.,0.,0.));
#2549 = DIRECTION('',(-0.,1.,0.));
#2550 = ADVANCED_FACE('',(#2551),#2576,.T.);
#2551 = FACE_BOUND('',#2552,.T.);
#2552 = EDGE_LOOP('',(#2553,#2554,#2562,#2570));
#2553 = ORIENTED_EDGE('',*,*,#2532,.T.);
#2554 = ORIENTED_EDGE('',*,*,#2555,.T.);
#2555 = EDGE_CURVE('',#2525,#2556,#2558,.T.);
#2556 = VERTEX_POINT('',#2557);
#2557 = CARTESIAN_POINT('',(-4.749985963281,-0.399993400625,-0.79999892)
  );
#2558 = LINE('',#2559,#2560);
#2559 = CARTESIAN_POINT('',(-3.249983883281,-0.399993400625,-0.79999892)
  );
#2560 = VECTOR('',#2561,1.);
#2561 = DIRECTION('',(-1.,0.,0.));
#2562 = ORIENTED_EDGE('',*,*,#2563,.F.);
#2563 = EDGE_CURVE('',#2564,#2556,#2566,.T.);
#2564 = VERTEX_POINT('',#2565);
#2565 = CARTESIAN_POINT('',(-4.749985963281,-0.399993400625,
    -0.818999767303));
#2566 = LINE('',#2567,#2568);
#2567 = CARTESIAN_POINT('',(-4.749985963281,-0.399993400625,
    -0.818999767303));
#2568 = VECTOR('',#2569,1.);
#2569 = DIRECTION('',(0.,0.,1.));
#2570 = ORIENTED_EDGE('',*,*,#2571,.F.);
#2571 = EDGE_CURVE('',#2533,#2564,#2572,.T.);
#2572 = LINE('',#2573,#2574);
#2573 = CARTESIAN_POINT('',(-3.249983883281,-0.399993400625,
    -0.818999767303));
#2574 = VECTOR('',#2575,1.);
#2575 = DIRECTION('',(-1.,0.,0.));
#2576 = PLANE('',#2577);
#2577 = AXIS2_PLACEMENT_3D('',#2578,#2579,#2580);
#2578 = CARTESIAN_POINT('',(-3.249983883281,-0.399993400625,
    -0.818999767303));
#2579 = DIRECTION('',(0.,-1.,0.));
#2580 = DIRECTION('',(0.,0.,-1.));
#2581 = ADVANCED_FACE('',(#2582),#2598,.T.);
#2582 = FACE_BOUND('',#2583,.T.);
#2583 = EDGE_LOOP('',(#2584,#2585,#2591,#2592));
#2584 = ORIENTED_EDGE('',*,*,#2563,.T.);
#2585 = ORIENTED_EDGE('',*,*,#2586,.T.);
#2586 = EDGE_CURVE('',#2556,#2486,#2587,.T.);
#2587 = LINE('',#2588,#2589);
#2588 = CARTESIAN_POINT('',(-4.749985963281,-0.399993400625,-0.79999892)
  );
#2589 = VECTOR('',#2590,1.);
#2590 = DIRECTION('',(0.,1.,-0.));
#2591 = ORIENTED_EDGE('',*,*,#2483,.F.);
#2592 = ORIENTED_EDGE('',*,*,#2593,.F.);
#2593 = EDGE_CURVE('',#2564,#2484,#2594,.T.);
#2594 = LINE('',#2595,#2596);
#2595 = CARTESIAN_POINT('',(-4.749985963281,-0.399993400625,
    -0.818999767303));
#2596 = VECTOR('',#2597,1.);
#2597 = DIRECTION('',(0.,1.,0.));
#2598 = PLANE('',#2599);
#2599 = AXIS2_PLACEMENT_3D('',#2600,#2601,#2602);
#2600 = CARTESIAN_POINT('',(-4.749985963281,-0.399993400625,
    -0.818999767303));
#2601 = DIRECTION('',(-1.,0.,0.));
#2602 = DIRECTION('',(0.,0.,1.));
#2603 = ADVANCED_FACE('',(#2604),#2610,.F.);
#2604 = FACE_BOUND('',#2605,.T.);
#2605 = EDGE_LOOP('',(#2606,#2607,#2608,#2609));
#2606 = ORIENTED_EDGE('',*,*,#2509,.T.);
#2607 = ORIENTED_EDGE('',*,*,#2540,.T.);
#2608 = ORIENTED_EDGE('',*,*,#2571,.T.);
#2609 = ORIENTED_EDGE('',*,*,#2593,.T.);
#2610 = PLANE('',#2611);
#2611 = AXIS2_PLACEMENT_3D('',#2612,#2613,#2614);
#2612 = CARTESIAN_POINT('',(-4.749985963281,0.400004999375,
    -0.818999767303));
#2613 = DIRECTION('',(0.,0.,1.));
#2614 = DIRECTION('',(1.,0.,-0.));
#2615 = ADVANCED_FACE('',(#2616),#2650,.T.);
#2616 = FACE_BOUND('',#2617,.T.);
#2617 = EDGE_LOOP('',(#2618,#2628,#2636,#2644));
#2618 = ORIENTED_EDGE('',*,*,#2619,.T.);
#2619 = EDGE_CURVE('',#2620,#2622,#2624,.T.);
#2620 = VERTEX_POINT('',#2621);
#2621 = CARTESIAN_POINT('',(-4.749985963281,1.650004999375,
    -0.818999767303));
#2622 = VERTEX_POINT('',#2623);
#2623 = CARTESIAN_POINT('',(-4.749985963281,1.650004999375,-0.79999892)
  );
#2624 = LINE('',#2625,#2626);
#2625 = CARTESIAN_POINT('',(-4.749985963281,1.650004999375,
    -0.818999767303));
#2626 = VECTOR('',#2627,1.);
#2627 = DIRECTION('',(0.,0.,1.));
#2628 = ORIENTED_EDGE('',*,*,#2629,.T.);
#2629 = EDGE_CURVE('',#2622,#2630,#2632,.T.);
#2630 = VERTEX_POINT('',#2631);
#2631 = CARTESIAN_POINT('',(-3.249983883281,1.650004999375,-0.79999892)
  );
#2632 = LINE('',#2633,#2634);
#2633 = CARTESIAN_POINT('',(-4.749985963281,1.650004999375,-0.79999892)
  );
#2634 = VECTOR('',#2635,1.);
#2635 = DIRECTION('',(1.,0.,0.));
#2636 = ORIENTED_EDGE('',*,*,#2637,.F.);
#2637 = EDGE_CURVE('',#2638,#2630,#2640,.T.);
#2638 = VERTEX_POINT('',#2639);
#2639 = CARTESIAN_POINT('',(-3.249983883281,1.650004999375,
    -0.818999767303));
#2640 = LINE('',#2641,#2642);
#2641 = CARTESIAN_POINT('',(-3.249983883281,1.650004999375,
    -0.818999767303));
#2642 = VECTOR('',#2643,1.);
#2643 = DIRECTION('',(0.,0.,1.));
#2644 = ORIENTED_EDGE('',*,*,#2645,.F.);
#2645 = EDGE_CURVE('',#2620,#2638,#2646,.T.);
#2646 = LINE('',#2647,#2648);
#2647 = CARTESIAN_POINT('',(-4.749985963281,1.650004999375,
    -0.818999767303));
#2648 = VECTOR('',#2649,1.);
#2649 = DIRECTION('',(1.,0.,0.));
#2650 = PLANE('',#2651);
#2651 = AXIS2_PLACEMENT_3D('',#2652,#2653,#2654);
#2652 = CARTESIAN_POINT('',(-4.749985963281,1.650004999375,
    -0.818999767303));
#2653 = DIRECTION('',(-0.,1.,0.));
#2654 = DIRECTION('',(1.,0.,0.));
#2655 = ADVANCED_FACE('',(#2656),#2681,.T.);
#2656 = FACE_BOUND('',#2657,.T.);
#2657 = EDGE_LOOP('',(#2658,#2659,#2667,#2675));
#2658 = ORIENTED_EDGE('',*,*,#2637,.T.);
#2659 = ORIENTED_EDGE('',*,*,#2660,.T.);
#2660 = EDGE_CURVE('',#2630,#2661,#2663,.T.);
#2661 = VERTEX_POINT('',#2662);
#2662 = CARTESIAN_POINT('',(-3.249983883281,0.850006599375,-0.79999892)
  );
#2663 = LINE('',#2664,#2665);
#2664 = CARTESIAN_POINT('',(-3.249983883281,1.650004999375,-0.79999892)
  );
#2665 = VECTOR('',#2666,1.);
#2666 = DIRECTION('',(0.,-1.,0.));
#2667 = ORIENTED_EDGE('',*,*,#2668,.F.);
#2668 = EDGE_CURVE('',#2669,#2661,#2671,.T.);
#2669 = VERTEX_POINT('',#2670);
#2670 = CARTESIAN_POINT('',(-3.249983883281,0.850006599375,
    -0.818999767303));
#2671 = LINE('',#2672,#2673);
#2672 = CARTESIAN_POINT('',(-3.249983883281,0.850006599375,
    -0.818999767303));
#2673 = VECTOR('',#2674,1.);
#2674 = DIRECTION('',(0.,0.,1.));
#2675 = ORIENTED_EDGE('',*,*,#2676,.F.);
#2676 = EDGE_CURVE('',#2638,#2669,#2677,.T.);
#2677 = LINE('',#2678,#2679);
#2678 = CARTESIAN_POINT('',(-3.249983883281,1.650004999375,
    -0.818999767303));
#2679 = VECTOR('',#2680,1.);
#2680 = DIRECTION('',(0.,-1.,0.));
#2681 = PLANE('',#2682);
#2682 = AXIS2_PLACEMENT_3D('',#2683,#2684,#2685);
#2683 = CARTESIAN_POINT('',(-3.249983883281,1.650004999375,
    -0.818999767303));
#2684 = DIRECTION('',(1.,0.,0.));
#2685 = DIRECTION('',(-0.,1.,0.));
#2686 = ADVANCED_FACE('',(#2687),#2712,.T.);
#2687 = FACE_BOUND('',#2688,.T.);
#2688 = EDGE_LOOP('',(#2689,#2690,#2698,#2706));
#2689 = ORIENTED_EDGE('',*,*,#2668,.T.);
#2690 = ORIENTED_EDGE('',*,*,#2691,.T.);
#2691 = EDGE_CURVE('',#2661,#2692,#2694,.T.);
#2692 = VERTEX_POINT('',#2693);
#2693 = CARTESIAN_POINT('',(-4.749985963281,0.850006599375,-0.79999892)
  );
#2694 = LINE('',#2695,#2696);
#2695 = CARTESIAN_POINT('',(-3.249983883281,0.850006599375,-0.79999892)
  );
#2696 = VECTOR('',#2697,1.);
#2697 = DIRECTION('',(-1.,0.,0.));
#2698 = ORIENTED_EDGE('',*,*,#2699,.F.);
#2699 = EDGE_CURVE('',#2700,#2692,#2702,.T.);
#2700 = VERTEX_POINT('',#2701);
#2701 = CARTESIAN_POINT('',(-4.749985963281,0.850006599375,
    -0.818999767303));
#2702 = LINE('',#2703,#2704);
#2703 = CARTESIAN_POINT('',(-4.749985963281,0.850006599375,
    -0.818999767303));
#2704 = VECTOR('',#2705,1.);
#2705 = DIRECTION('',(0.,0.,1.));
#2706 = ORIENTED_EDGE('',*,*,#2707,.F.);
#2707 = EDGE_CURVE('',#2669,#2700,#2708,.T.);
#2708 = LINE('',#2709,#2710);
#2709 = CARTESIAN_POINT('',(-3.249983883281,0.850006599375,
    -0.818999767303));
#2710 = VECTOR('',#2711,1.);
#2711 = DIRECTION('',(-1.,0.,0.));
#2712 = PLANE('',#2713);
#2713 = AXIS2_PLACEMENT_3D('',#2714,#2715,#2716);
#2714 = CARTESIAN_POINT('',(-3.249983883281,0.850006599375,
    -0.818999767303));
#2715 = DIRECTION('',(0.,-1.,0.));
#2716 = DIRECTION('',(0.,0.,-1.));
#2717 = ADVANCED_FACE('',(#2718),#2734,.T.);
#2718 = FACE_BOUND('',#2719,.T.);
#2719 = EDGE_LOOP('',(#2720,#2721,#2727,#2728));
#2720 = ORIENTED_EDGE('',*,*,#2699,.T.);
#2721 = ORIENTED_EDGE('',*,*,#2722,.T.);
#2722 = EDGE_CURVE('',#2692,#2622,#2723,.T.);
#2723 = LINE('',#2724,#2725);
#2724 = CARTESIAN_POINT('',(-4.749985963281,0.850006599375,-0.79999892)
  );
#2725 = VECTOR('',#2726,1.);
#2726 = DIRECTION('',(0.,1.,-0.));
#2727 = ORIENTED_EDGE('',*,*,#2619,.F.);
#2728 = ORIENTED_EDGE('',*,*,#2729,.F.);
#2729 = EDGE_CURVE('',#2700,#2620,#2730,.T.);
#2730 = LINE('',#2731,#2732);
#2731 = CARTESIAN_POINT('',(-4.749985963281,0.850006599375,
    -0.818999767303));
#2732 = VECTOR('',#2733,1.);
#2733 = DIRECTION('',(0.,1.,0.));
#2734 = PLANE('',#2735);
#2735 = AXIS2_PLACEMENT_3D('',#2736,#2737,#2738);
#2736 = CARTESIAN_POINT('',(-4.749985963281,0.850006599375,
    -0.818999767303));
#2737 = DIRECTION('',(-1.,0.,0.));
#2738 = DIRECTION('',(0.,0.,1.));
#2739 = ADVANCED_FACE('',(#2740),#2746,.F.);
#2740 = FACE_BOUND('',#2741,.T.);
#2741 = EDGE_LOOP('',(#2742,#2743,#2744,#2745));
#2742 = ORIENTED_EDGE('',*,*,#2645,.T.);
#2743 = ORIENTED_EDGE('',*,*,#2676,.T.);
#2744 = ORIENTED_EDGE('',*,*,#2707,.T.);
#2745 = ORIENTED_EDGE('',*,*,#2729,.T.);
#2746 = PLANE('',#2747);
#2747 = AXIS2_PLACEMENT_3D('',#2748,#2749,#2750);
#2748 = CARTESIAN_POINT('',(-4.749985963281,1.650004999375,
    -0.818999767303));
#2749 = DIRECTION('',(0.,0.,1.));
#2750 = DIRECTION('',(1.,0.,-0.));
#2751 = ADVANCED_FACE('',(#2752),#2786,.T.);
#2752 = FACE_BOUND('',#2753,.T.);
#2753 = EDGE_LOOP('',(#2754,#2764,#2772,#2780));
#2754 = ORIENTED_EDGE('',*,*,#2755,.T.);
#2755 = EDGE_CURVE('',#2756,#2758,#2760,.T.);
#2756 = VERTEX_POINT('',#2757);
#2757 = CARTESIAN_POINT('',(-4.749985963281,2.900004999375,
    -0.818999767303));
#2758 = VERTEX_POINT('',#2759);
#2759 = CARTESIAN_POINT('',(-4.749985963281,2.900004999375,-0.79999892)
  );
#2760 = LINE('',#2761,#2762);
#2761 = CARTESIAN_POINT('',(-4.749985963281,2.900004999375,
    -0.818999767303));
#2762 = VECTOR('',#2763,1.);
#2763 = DIRECTION('',(0.,0.,1.));
#2764 = ORIENTED_EDGE('',*,*,#2765,.T.);
#2765 = EDGE_CURVE('',#2758,#2766,#2768,.T.);
#2766 = VERTEX_POINT('',#2767);
#2767 = CARTESIAN_POINT('',(-3.249983883281,2.900004999375,-0.79999892)
  );
#2768 = LINE('',#2769,#2770);
#2769 = CARTESIAN_POINT('',(-4.749985963281,2.900004999375,-0.79999892)
  );
#2770 = VECTOR('',#2771,1.);
#2771 = DIRECTION('',(1.,0.,0.));
#2772 = ORIENTED_EDGE('',*,*,#2773,.F.);
#2773 = EDGE_CURVE('',#2774,#2766,#2776,.T.);
#2774 = VERTEX_POINT('',#2775);
#2775 = CARTESIAN_POINT('',(-3.249983883281,2.900004999375,
    -0.818999767303));
#2776 = LINE('',#2777,#2778);
#2777 = CARTESIAN_POINT('',(-3.249983883281,2.900004999375,
    -0.818999767303));
#2778 = VECTOR('',#2779,1.);
#2779 = DIRECTION('',(0.,0.,1.));
#2780 = ORIENTED_EDGE('',*,*,#2781,.F.);
#2781 = EDGE_CURVE('',#2756,#2774,#2782,.T.);
#2782 = LINE('',#2783,#2784);
#2783 = CARTESIAN_POINT('',(-4.749985963281,2.900004999375,
    -0.818999767303));
#2784 = VECTOR('',#2785,1.);
#2785 = DIRECTION('',(1.,0.,0.));
#2786 = PLANE('',#2787);
#2787 = AXIS2_PLACEMENT_3D('',#2788,#2789,#2790);
#2788 = CARTESIAN_POINT('',(-4.749985963281,2.900004999375,
    -0.818999767303));
#2789 = DIRECTION('',(-0.,1.,0.));
#2790 = DIRECTION('',(1.,0.,0.));
#2791 = ADVANCED_FACE('',(#2792),#2817,.T.);
#2792 = FACE_BOUND('',#2793,.T.);
#2793 = EDGE_LOOP('',(#2794,#2795,#2803,#2811));
#2794 = ORIENTED_EDGE('',*,*,#2773,.T.);
#2795 = ORIENTED_EDGE('',*,*,#2796,.T.);
#2796 = EDGE_CURVE('',#2766,#2797,#2799,.T.);
#2797 = VERTEX_POINT('',#2798);
#2798 = CARTESIAN_POINT('',(-3.249983883281,2.100006599375,-0.79999892)
  );
#2799 = LINE('',#2800,#2801);
#2800 = CARTESIAN_POINT('',(-3.249983883281,2.900004999375,-0.79999892)
  );
#2801 = VECTOR('',#2802,1.);
#2802 = DIRECTION('',(0.,-1.,0.));
#2803 = ORIENTED_EDGE('',*,*,#2804,.F.);
#2804 = EDGE_CURVE('',#2805,#2797,#2807,.T.);
#2805 = VERTEX_POINT('',#2806);
#2806 = CARTESIAN_POINT('',(-3.249983883281,2.100006599375,
    -0.818999767303));
#2807 = LINE('',#2808,#2809);
#2808 = CARTESIAN_POINT('',(-3.249983883281,2.100006599375,
    -0.818999767303));
#2809 = VECTOR('',#2810,1.);
#2810 = DIRECTION('',(0.,0.,1.));
#2811 = ORIENTED_EDGE('',*,*,#2812,.F.);
#2812 = EDGE_CURVE('',#2774,#2805,#2813,.T.);
#2813 = LINE('',#2814,#2815);
#2814 = CARTESIAN_POINT('',(-3.249983883281,2.900004999375,
    -0.818999767303));
#2815 = VECTOR('',#2816,1.);
#2816 = DIRECTION('',(0.,-1.,0.));
#2817 = PLANE('',#2818);
#2818 = AXIS2_PLACEMENT_3D('',#2819,#2820,#2821);
#2819 = CARTESIAN_POINT('',(-3.249983883281,2.900004999375,
    -0.818999767303));
#2820 = DIRECTION('',(1.,0.,0.));
#2821 = DIRECTION('',(-0.,1.,0.));
#2822 = ADVANCED_FACE('',(#2823),#2848,.T.);
#2823 = FACE_BOUND('',#2824,.T.);
#2824 = EDGE_LOOP('',(#2825,#2826,#2834,#2842));
#2825 = ORIENTED_EDGE('',*,*,#2804,.T.);
#2826 = ORIENTED_EDGE('',*,*,#2827,.T.);
#2827 = EDGE_CURVE('',#2797,#2828,#2830,.T.);
#2828 = VERTEX_POINT('',#2829);
#2829 = CARTESIAN_POINT('',(-4.749985963281,2.100006599375,-0.79999892)
  );
#2830 = LINE('',#2831,#2832);
#2831 = CARTESIAN_POINT('',(-3.249983883281,2.100006599375,-0.79999892)
  );
#2832 = VECTOR('',#2833,1.);
#2833 = DIRECTION('',(-1.,0.,0.));
#2834 = ORIENTED_EDGE('',*,*,#2835,.F.);
#2835 = EDGE_CURVE('',#2836,#2828,#2838,.T.);
#2836 = VERTEX_POINT('',#2837);
#2837 = CARTESIAN_POINT('',(-4.749985963281,2.100006599375,
    -0.818999767303));
#2838 = LINE('',#2839,#2840);
#2839 = CARTESIAN_POINT('',(-4.749985963281,2.100006599375,
    -0.818999767303));
#2840 = VECTOR('',#2841,1.);
#2841 = DIRECTION('',(0.,0.,1.));
#2842 = ORIENTED_EDGE('',*,*,#2843,.F.);
#2843 = EDGE_CURVE('',#2805,#2836,#2844,.T.);
#2844 = LINE('',#2845,#2846);
#2845 = CARTESIAN_POINT('',(-3.249983883281,2.100006599375,
    -0.818999767303));
#2846 = VECTOR('',#2847,1.);
#2847 = DIRECTION('',(-1.,0.,0.));
#2848 = PLANE('',#2849);
#2849 = AXIS2_PLACEMENT_3D('',#2850,#2851,#2852);
#2850 = CARTESIAN_POINT('',(-3.249983883281,2.100006599375,
    -0.818999767303));
#2851 = DIRECTION('',(0.,-1.,0.));
#2852 = DIRECTION('',(0.,0.,-1.));
#2853 = ADVANCED_FACE('',(#2854),#2870,.T.);
#2854 = FACE_BOUND('',#2855,.T.);
#2855 = EDGE_LOOP('',(#2856,#2857,#2863,#2864));
#2856 = ORIENTED_EDGE('',*,*,#2835,.T.);
#2857 = ORIENTED_EDGE('',*,*,#2858,.T.);
#2858 = EDGE_CURVE('',#2828,#2758,#2859,.T.);
#2859 = LINE('',#2860,#2861);
#2860 = CARTESIAN_POINT('',(-4.749985963281,2.100006599375,-0.79999892)
  );
#2861 = VECTOR('',#2862,1.);
#2862 = DIRECTION('',(0.,1.,-0.));
#2863 = ORIENTED_EDGE('',*,*,#2755,.F.);
#2864 = ORIENTED_EDGE('',*,*,#2865,.F.);
#2865 = EDGE_CURVE('',#2836,#2756,#2866,.T.);
#2866 = LINE('',#2867,#2868);
#2867 = CARTESIAN_POINT('',(-4.749985963281,2.100006599375,
    -0.818999767303));
#2868 = VECTOR('',#2869,1.);
#2869 = DIRECTION('',(0.,1.,0.));
#2870 = PLANE('',#2871);
#2871 = AXIS2_PLACEMENT_3D('',#2872,#2873,#2874);
#2872 = CARTESIAN_POINT('',(-4.749985963281,2.100006599375,
    -0.818999767303));
#2873 = DIRECTION('',(-1.,0.,0.));
#2874 = DIRECTION('',(0.,0.,1.));
#2875 = ADVANCED_FACE('',(#2876),#2882,.F.);
#2876 = FACE_BOUND('',#2877,.T.);
#2877 = EDGE_LOOP('',(#2878,#2879,#2880,#2881));
#2878 = ORIENTED_EDGE('',*,*,#2781,.T.);
#2879 = ORIENTED_EDGE('',*,*,#2812,.T.);
#2880 = ORIENTED_EDGE('',*,*,#2843,.T.);
#2881 = ORIENTED_EDGE('',*,*,#2865,.T.);
#2882 = PLANE('',#2883);
#2883 = AXIS2_PLACEMENT_3D('',#2884,#2885,#2886);
#2884 = CARTESIAN_POINT('',(-4.749985963281,2.900004999375,
    -0.818999767303));
#2885 = DIRECTION('',(0.,0.,1.));
#2886 = DIRECTION('',(1.,0.,-0.));
#2887 = ADVANCED_FACE('',(#2888),#2922,.F.);
#2888 = FACE_BOUND('',#2889,.T.);
#2889 = EDGE_LOOP('',(#2890,#2900,#2908,#2916));
#2890 = ORIENTED_EDGE('',*,*,#2891,.T.);
#2891 = EDGE_CURVE('',#2892,#2894,#2896,.T.);
#2892 = VERTEX_POINT('',#2893);
#2893 = CARTESIAN_POINT('',(-2.249993083281,2.250008879375,
    -0.828999757767));
#2894 = VERTEX_POINT('',#2895);
#2895 = CARTESIAN_POINT('',(-2.249985463281,0.250002719375,
    -0.828999757767));
#2896 = LINE('',#2897,#2898);
#2897 = CARTESIAN_POINT('',(-2.249993083281,2.250008879375,
    -0.828999757767));
#2898 = VECTOR('',#2899,1.);
#2899 = DIRECTION('',(3.809988274914E-06,-0.999999999993,0.));
#2900 = ORIENTED_EDGE('',*,*,#2901,.T.);
#2901 = EDGE_CURVE('',#2894,#2902,#2904,.T.);
#2902 = VERTEX_POINT('',#2903);
#2903 = CARTESIAN_POINT('',(-2.249985463281,0.250002719375,-0.79999892)
  );
#2904 = LINE('',#2905,#2906);
#2905 = CARTESIAN_POINT('',(-2.249985463281,0.250002719375,
    -0.828999757767));
#2906 = VECTOR('',#2907,1.);
#2907 = DIRECTION('',(0.,0.,1.));
#2908 = ORIENTED_EDGE('',*,*,#2909,.F.);
#2909 = EDGE_CURVE('',#2910,#2902,#2912,.T.);
#2910 = VERTEX_POINT('',#2911);
#2911 = CARTESIAN_POINT('',(-2.249993083281,2.250008879375,-0.79999892)
  );
#2912 = LINE('',#2913,#2914);
#2913 = CARTESIAN_POINT('',(-2.249993083281,2.250008879375,-0.79999892)
  );
#2914 = VECTOR('',#2915,1.);
#2915 = DIRECTION('',(3.809988274914E-06,-0.999999999993,0.));
#2916 = ORIENTED_EDGE('',*,*,#2917,.F.);
#2917 = EDGE_CURVE('',#2892,#2910,#2918,.T.);
#2918 = LINE('',#2919,#2920);
#2919 = CARTESIAN_POINT('',(-2.249993083281,2.250008879375,
    -0.828999757767));
#2920 = VECTOR('',#2921,1.);
#2921 = DIRECTION('',(0.,0.,1.));
#2922 = PLANE('',#2923);
#2923 = AXIS2_PLACEMENT_3D('',#2924,#2925,#2926);
#2924 = CARTESIAN_POINT('',(-2.249993083281,2.250008879375,
    -0.828999757767));
#2925 = DIRECTION('',(0.999999999993,3.809988274914E-06,0.));
#2926 = DIRECTION('',(0.,0.,-1.));
#2927 = ADVANCED_FACE('',(#2928),#2953,.F.);
#2928 = FACE_BOUND('',#2929,.T.);
#2929 = EDGE_LOOP('',(#2930,#2938,#2946,#2952));
#2930 = ORIENTED_EDGE('',*,*,#2931,.T.);
#2931 = EDGE_CURVE('',#2894,#2932,#2934,.T.);
#2932 = VERTEX_POINT('',#2933);
#2933 = CARTESIAN_POINT('',(-0.249974223281,0.250005259375,
    -0.828999757767));
#2934 = LINE('',#2935,#2936);
#2935 = CARTESIAN_POINT('',(-2.249985463281,0.250002719375,
    -0.828999757767));
#2936 = VECTOR('',#2937,1.);
#2937 = DIRECTION('',(0.999999999999,1.269992861138E-06,0.));
#2938 = ORIENTED_EDGE('',*,*,#2939,.T.);
#2939 = EDGE_CURVE('',#2932,#2940,#2942,.T.);
#2940 = VERTEX_POINT('',#2941);
#2941 = CARTESIAN_POINT('',(-0.249974223281,0.250005259375,-0.79999892)
  );
#2942 = LINE('',#2943,#2944);
#2943 = CARTESIAN_POINT('',(-0.249974223281,0.250005259375,
    -0.828999757767));
#2944 = VECTOR('',#2945,1.);
#2945 = DIRECTION('',(0.,0.,1.));
#2946 = ORIENTED_EDGE('',*,*,#2947,.F.);
#2947 = EDGE_CURVE('',#2902,#2940,#2948,.T.);
#2948 = LINE('',#2949,#2950);
#2949 = CARTESIAN_POINT('',(-2.249985463281,0.250002719375,-0.79999892)
  );
#2950 = VECTOR('',#2951,1.);
#2951 = DIRECTION('',(0.999999999999,1.269992861138E-06,-0.));
#2952 = ORIENTED_EDGE('',*,*,#2901,.F.);
#2953 = PLANE('',#2954);
#2954 = AXIS2_PLACEMENT_3D('',#2955,#2956,#2957);
#2955 = CARTESIAN_POINT('',(-2.249985463281,0.250002719375,
    -0.828999757767));
#2956 = DIRECTION('',(-1.269992861138E-06,0.999999999999,0.));
#2957 = DIRECTION('',(0.,0.,1.));
#2958 = ADVANCED_FACE('',(#2959),#2984,.F.);
#2959 = FACE_BOUND('',#2960,.T.);
#2960 = EDGE_LOOP('',(#2961,#2969,#2977,#2983));
#2961 = ORIENTED_EDGE('',*,*,#2962,.T.);
#2962 = EDGE_CURVE('',#2932,#2963,#2965,.T.);
#2963 = VERTEX_POINT('',#2964);
#2964 = CARTESIAN_POINT('',(-0.249999623281,2.250003799375,
    -0.828999757767));
#2965 = LINE('',#2966,#2967);
#2966 = CARTESIAN_POINT('',(-0.249974223281,0.250005259375,
    -0.828999757767));
#2967 = VECTOR('',#2968,1.);
#2968 = DIRECTION('',(-1.270000928339E-05,0.999999999919,0.));
#2969 = ORIENTED_EDGE('',*,*,#2970,.T.);
#2970 = EDGE_CURVE('',#2963,#2971,#2973,.T.);
#2971 = VERTEX_POINT('',#2972);
#2972 = CARTESIAN_POINT('',(-0.249999623281,2.250003799375,-0.79999892)
  );
#2973 = LINE('',#2974,#2975);
#2974 = CARTESIAN_POINT('',(-0.249999623281,2.250003799375,
    -0.828999757767));
#2975 = VECTOR('',#2976,1.);
#2976 = DIRECTION('',(0.,0.,1.));
#2977 = ORIENTED_EDGE('',*,*,#2978,.F.);
#2978 = EDGE_CURVE('',#2940,#2971,#2979,.T.);
#2979 = LINE('',#2980,#2981);
#2980 = CARTESIAN_POINT('',(-0.249974223281,0.250005259375,-0.79999892)
  );
#2981 = VECTOR('',#2982,1.);
#2982 = DIRECTION('',(-1.270000928339E-05,0.999999999919,0.));
#2983 = ORIENTED_EDGE('',*,*,#2939,.F.);
#2984 = PLANE('',#2985);
#2985 = AXIS2_PLACEMENT_3D('',#2986,#2987,#2988);
#2986 = CARTESIAN_POINT('',(-0.249974223281,0.250005259375,
    -0.828999757767));
#2987 = DIRECTION('',(-0.999999999919,-1.270000928339E-05,0.));
#2988 = DIRECTION('',(-1.270000928339E-05,0.999999999919,0.));
#2989 = ADVANCED_FACE('',(#2990),#3006,.F.);
#2990 = FACE_BOUND('',#2991,.T.);
#2991 = EDGE_LOOP('',(#2992,#2998,#2999,#3005));
#2992 = ORIENTED_EDGE('',*,*,#2993,.T.);
#2993 = EDGE_CURVE('',#2963,#2892,#2994,.T.);
#2994 = LINE('',#2995,#2996);
#2995 = CARTESIAN_POINT('',(-0.249999623281,2.250003799375,
    -0.828999757767));
#2996 = VECTOR('',#2997,1.);
#2997 = DIRECTION('',(-0.999999999997,2.540008302815E-06,0.));
#2998 = ORIENTED_EDGE('',*,*,#2917,.T.);
#2999 = ORIENTED_EDGE('',*,*,#3000,.F.);
#3000 = EDGE_CURVE('',#2971,#2910,#3001,.T.);
#3001 = LINE('',#3002,#3003);
#3002 = CARTESIAN_POINT('',(-0.249999623281,2.250003799375,-0.79999892)
  );
#3003 = VECTOR('',#3004,1.);
#3004 = DIRECTION('',(-0.999999999997,2.540008302815E-06,0.));
#3005 = ORIENTED_EDGE('',*,*,#2970,.F.);
#3006 = PLANE('',#3007);
#3007 = AXIS2_PLACEMENT_3D('',#3008,#3009,#3010);
#3008 = CARTESIAN_POINT('',(-0.249999623281,2.250003799375,
    -0.828999757767));
#3009 = DIRECTION('',(-2.540008302815E-06,-0.999999999997,0.));
#3010 = DIRECTION('',(-0.999999999997,2.540008302815E-06,0.));
#3011 = ADVANCED_FACE('',(#3012),#3018,.T.);
#3012 = FACE_BOUND('',#3013,.T.);
#3013 = EDGE_LOOP('',(#3014,#3015,#3016,#3017));
#3014 = ORIENTED_EDGE('',*,*,#2993,.F.);
#3015 = ORIENTED_EDGE('',*,*,#2962,.F.);
#3016 = ORIENTED_EDGE('',*,*,#2931,.F.);
#3017 = ORIENTED_EDGE('',*,*,#2891,.F.);
#3018 = PLANE('',#3019);
#3019 = AXIS2_PLACEMENT_3D('',#3020,#3021,#3022);
#3020 = CARTESIAN_POINT('',(-2.249993083281,2.250008879375,
    -0.828999757767));
#3021 = DIRECTION('',(0.,0.,-1.));
#3022 = DIRECTION('',(0.,-1.,0.));
#3023 = ADVANCED_FACE('',(#3024,#3030,#3036,#3042,#3048,#3054,#3088,
    #3122,#3156,#3190,#3224,#3258,#3292,#3326,#3360,#3394,#3428,#3462,
    #3496,#3530,#3540,#3574,#3608,#3642,#3676,#3710),#3716,.F.);
#3024 = FACE_BOUND('',#3025,.T.);
#3025 = EDGE_LOOP('',(#3026,#3027,#3028,#3029));
#3026 = ORIENTED_EDGE('',*,*,#2221,.F.);
#3027 = ORIENTED_EDGE('',*,*,#2314,.F.);
#3028 = ORIENTED_EDGE('',*,*,#2283,.F.);
#3029 = ORIENTED_EDGE('',*,*,#2252,.F.);
#3030 = FACE_BOUND('',#3031,.T.);
#3031 = EDGE_LOOP('',(#3032,#3033,#3034,#3035));
#3032 = ORIENTED_EDGE('',*,*,#2357,.F.);
#3033 = ORIENTED_EDGE('',*,*,#2450,.F.);
#3034 = ORIENTED_EDGE('',*,*,#2419,.F.);
#3035 = ORIENTED_EDGE('',*,*,#2388,.F.);
#3036 = FACE_BOUND('',#3037,.T.);
#3037 = EDGE_LOOP('',(#3038,#3039,#3040,#3041));
#3038 = ORIENTED_EDGE('',*,*,#2493,.F.);
#3039 = ORIENTED_EDGE('',*,*,#2586,.F.);
#3040 = ORIENTED_EDGE('',*,*,#2555,.F.);
#3041 = ORIENTED_EDGE('',*,*,#2524,.F.);
#3042 = FACE_BOUND('',#3043,.T.);
#3043 = EDGE_LOOP('',(#3044,#3045,#3046,#3047));
#3044 = ORIENTED_EDGE('',*,*,#2629,.F.);
#3045 = ORIENTED_EDGE('',*,*,#2722,.F.);
#3046 = ORIENTED_EDGE('',*,*,#2691,.F.);
#3047 = ORIENTED_EDGE('',*,*,#2660,.F.);
#3048 = FACE_BOUND('',#3049,.T.);
#3049 = EDGE_LOOP('',(#3050,#3051,#3052,#3053));
#3050 = ORIENTED_EDGE('',*,*,#2765,.F.);
#3051 = ORIENTED_EDGE('',*,*,#2858,.F.);
#3052 = ORIENTED_EDGE('',*,*,#2827,.F.);
#3053 = ORIENTED_EDGE('',*,*,#2796,.F.);
#3054 = FACE_BOUND('',#3055,.T.);
#3055 = EDGE_LOOP('',(#3056,#3066,#3074,#3082));
#3056 = ORIENTED_EDGE('',*,*,#3057,.F.);
#3057 = EDGE_CURVE('',#3058,#3060,#3062,.T.);
#3058 = VERTEX_POINT('',#3059);
#3059 = CARTESIAN_POINT('',(-2.899984123281,-4.749995240625,-0.79999892)
  );
#3060 = VERTEX_POINT('',#3061);
#3061 = CARTESIAN_POINT('',(-2.899984123281,-3.249993160625,-0.79999892)
  );
#3062 = LINE('',#3063,#3064);
#3063 = CARTESIAN_POINT('',(-2.899984123281,-4.749995240625,-0.79999892)
  );
#3064 = VECTOR('',#3065,1.);
#3065 = DIRECTION('',(0.,1.,-0.));
#3066 = ORIENTED_EDGE('',*,*,#3067,.F.);
#3067 = EDGE_CURVE('',#3068,#3058,#3070,.T.);
#3068 = VERTEX_POINT('',#3069);
#3069 = CARTESIAN_POINT('',(-2.099985723281,-4.749995240625,-0.79999892)
  );
#3070 = LINE('',#3071,#3072);
#3071 = CARTESIAN_POINT('',(-2.099985723281,-4.749995240625,-0.79999892)
  );
#3072 = VECTOR('',#3073,1.);
#3073 = DIRECTION('',(-1.,0.,0.));
#3074 = ORIENTED_EDGE('',*,*,#3075,.F.);
#3075 = EDGE_CURVE('',#3076,#3068,#3078,.T.);
#3076 = VERTEX_POINT('',#3077);
#3077 = CARTESIAN_POINT('',(-2.099985723281,-3.249993160625,-0.79999892)
  );
#3078 = LINE('',#3079,#3080);
#3079 = CARTESIAN_POINT('',(-2.099985723281,-3.249993160625,-0.79999892)
  );
#3080 = VECTOR('',#3081,1.);
#3081 = DIRECTION('',(0.,-1.,0.));
#3082 = ORIENTED_EDGE('',*,*,#3083,.F.);
#3083 = EDGE_CURVE('',#3060,#3076,#3084,.T.);
#3084 = LINE('',#3085,#3086);
#3085 = CARTESIAN_POINT('',(-2.899984123281,-3.249993160625,-0.79999892)
  );
#3086 = VECTOR('',#3087,1.);
#3087 = DIRECTION('',(1.,0.,0.));
#3088 = FACE_BOUND('',#3089,.T.);
#3089 = EDGE_LOOP('',(#3090,#3100,#3108,#3116));
#3090 = ORIENTED_EDGE('',*,*,#3091,.F.);
#3091 = EDGE_CURVE('',#3092,#3094,#3096,.T.);
#3092 = VERTEX_POINT('',#3093);
#3093 = CARTESIAN_POINT('',(-1.649984123281,-4.749995240625,-0.79999892)
  );
#3094 = VERTEX_POINT('',#3095);
#3095 = CARTESIAN_POINT('',(-1.649984123281,-3.249993160625,-0.79999892)
  );
#3096 = LINE('',#3097,#3098);
#3097 = CARTESIAN_POINT('',(-1.649984123281,-4.749995240625,-0.79999892)
  );
#3098 = VECTOR('',#3099,1.);
#3099 = DIRECTION('',(0.,1.,-0.));
#3100 = ORIENTED_EDGE('',*,*,#3101,.F.);
#3101 = EDGE_CURVE('',#3102,#3092,#3104,.T.);
#3102 = VERTEX_POINT('',#3103);
#3103 = CARTESIAN_POINT('',(-0.849985723281,-4.749995240625,-0.79999892)
  );
#3104 = LINE('',#3105,#3106);
#3105 = CARTESIAN_POINT('',(-0.849985723281,-4.749995240625,-0.79999892)
  );
#3106 = VECTOR('',#3107,1.);
#3107 = DIRECTION('',(-1.,0.,0.));
#3108 = ORIENTED_EDGE('',*,*,#3109,.F.);
#3109 = EDGE_CURVE('',#3110,#3102,#3112,.T.);
#3110 = VERTEX_POINT('',#3111);
#3111 = CARTESIAN_POINT('',(-0.849985723281,-3.249993160625,-0.79999892)
  );
#3112 = LINE('',#3113,#3114);
#3113 = CARTESIAN_POINT('',(-0.849985723281,-3.249993160625,-0.79999892)
  );
#3114 = VECTOR('',#3115,1.);
#3115 = DIRECTION('',(0.,-1.,0.));
#3116 = ORIENTED_EDGE('',*,*,#3117,.F.);
#3117 = EDGE_CURVE('',#3094,#3110,#3118,.T.);
#3118 = LINE('',#3119,#3120);
#3119 = CARTESIAN_POINT('',(-1.649984123281,-3.249993160625,-0.79999892)
  );
#3120 = VECTOR('',#3121,1.);
#3121 = DIRECTION('',(1.,0.,0.));
#3122 = FACE_BOUND('',#3123,.T.);
#3123 = EDGE_LOOP('',(#3124,#3134,#3142,#3150));
#3124 = ORIENTED_EDGE('',*,*,#3125,.F.);
#3125 = EDGE_CURVE('',#3126,#3128,#3130,.T.);
#3126 = VERTEX_POINT('',#3127);
#3127 = CARTESIAN_POINT('',(-0.399984123281,-4.749995240625,-0.79999892)
  );
#3128 = VERTEX_POINT('',#3129);
#3129 = CARTESIAN_POINT('',(-0.399984123281,-3.249993160625,-0.79999892)
  );
#3130 = LINE('',#3131,#3132);
#3131 = CARTESIAN_POINT('',(-0.399984123281,-4.749995240625,-0.79999892)
  );
#3132 = VECTOR('',#3133,1.);
#3133 = DIRECTION('',(0.,1.,-0.));
#3134 = ORIENTED_EDGE('',*,*,#3135,.F.);
#3135 = EDGE_CURVE('',#3136,#3126,#3138,.T.);
#3136 = VERTEX_POINT('',#3137);
#3137 = CARTESIAN_POINT('',(0.400014276719,-4.749995240625,-0.79999892)
  );
#3138 = LINE('',#3139,#3140);
#3139 = CARTESIAN_POINT('',(0.400014276719,-4.749995240625,-0.79999892)
  );
#3140 = VECTOR('',#3141,1.);
#3141 = DIRECTION('',(-1.,0.,0.));
#3142 = ORIENTED_EDGE('',*,*,#3143,.F.);
#3143 = EDGE_CURVE('',#3144,#3136,#3146,.T.);
#3144 = VERTEX_POINT('',#3145);
#3145 = CARTESIAN_POINT('',(0.400014276719,-3.249993160625,-0.79999892)
  );
#3146 = LINE('',#3147,#3148);
#3147 = CARTESIAN_POINT('',(0.400014276719,-3.249993160625,-0.79999892)
  );
#3148 = VECTOR('',#3149,1.);
#3149 = DIRECTION('',(0.,-1.,0.));
#3150 = ORIENTED_EDGE('',*,*,#3151,.F.);
#3151 = EDGE_CURVE('',#3128,#3144,#3152,.T.);
#3152 = LINE('',#3153,#3154);
#3153 = CARTESIAN_POINT('',(-0.399984123281,-3.249993160625,-0.79999892)
  );
#3154 = VECTOR('',#3155,1.);
#3155 = DIRECTION('',(1.,0.,0.));
#3156 = FACE_BOUND('',#3157,.T.);
#3157 = EDGE_LOOP('',(#3158,#3168,#3176,#3184));
#3158 = ORIENTED_EDGE('',*,*,#3159,.F.);
#3159 = EDGE_CURVE('',#3160,#3162,#3164,.T.);
#3160 = VERTEX_POINT('',#3161);
#3161 = CARTESIAN_POINT('',(0.850015876719,-4.749995240625,-0.79999892)
  );
#3162 = VERTEX_POINT('',#3163);
#3163 = CARTESIAN_POINT('',(0.850015876719,-3.249993160625,-0.79999892)
  );
#3164 = LINE('',#3165,#3166);
#3165 = CARTESIAN_POINT('',(0.850015876719,-4.749995240625,-0.79999892)
  );
#3166 = VECTOR('',#3167,1.);
#3167 = DIRECTION('',(0.,1.,-0.));
#3168 = ORIENTED_EDGE('',*,*,#3169,.F.);
#3169 = EDGE_CURVE('',#3170,#3160,#3172,.T.);
#3170 = VERTEX_POINT('',#3171);
#3171 = CARTESIAN_POINT('',(1.650014276719,-4.749995240625,-0.79999892)
  );
#3172 = LINE('',#3173,#3174);
#3173 = CARTESIAN_POINT('',(1.650014276719,-4.749995240625,-0.79999892)
  );
#3174 = VECTOR('',#3175,1.);
#3175 = DIRECTION('',(-1.,0.,0.));
#3176 = ORIENTED_EDGE('',*,*,#3177,.F.);
#3177 = EDGE_CURVE('',#3178,#3170,#3180,.T.);
#3178 = VERTEX_POINT('',#3179);
#3179 = CARTESIAN_POINT('',(1.650014276719,-3.249993160625,-0.79999892)
  );
#3180 = LINE('',#3181,#3182);
#3181 = CARTESIAN_POINT('',(1.650014276719,-3.249993160625,-0.79999892)
  );
#3182 = VECTOR('',#3183,1.);
#3183 = DIRECTION('',(0.,-1.,0.));
#3184 = ORIENTED_EDGE('',*,*,#3185,.F.);
#3185 = EDGE_CURVE('',#3162,#3178,#3186,.T.);
#3186 = LINE('',#3187,#3188);
#3187 = CARTESIAN_POINT('',(0.850015876719,-3.249993160625,-0.79999892)
  );
#3188 = VECTOR('',#3189,1.);
#3189 = DIRECTION('',(1.,0.,0.));
#3190 = FACE_BOUND('',#3191,.T.);
#3191 = EDGE_LOOP('',(#3192,#3202,#3210,#3218));
#3192 = ORIENTED_EDGE('',*,*,#3193,.F.);
#3193 = EDGE_CURVE('',#3194,#3196,#3198,.T.);
#3194 = VERTEX_POINT('',#3195);
#3195 = CARTESIAN_POINT('',(2.100015876719,-4.749995240625,-0.79999892)
  );
#3196 = VERTEX_POINT('',#3197);
#3197 = CARTESIAN_POINT('',(2.100015876719,-3.249993160625,-0.79999892)
  );
#3198 = LINE('',#3199,#3200);
#3199 = CARTESIAN_POINT('',(2.100015876719,-4.749995240625,-0.79999892)
  );
#3200 = VECTOR('',#3201,1.);
#3201 = DIRECTION('',(0.,1.,-0.));
#3202 = ORIENTED_EDGE('',*,*,#3203,.F.);
#3203 = EDGE_CURVE('',#3204,#3194,#3206,.T.);
#3204 = VERTEX_POINT('',#3205);
#3205 = CARTESIAN_POINT('',(2.900014276719,-4.749995240625,-0.79999892)
  );
#3206 = LINE('',#3207,#3208);
#3207 = CARTESIAN_POINT('',(2.900014276719,-4.749995240625,-0.79999892)
  );
#3208 = VECTOR('',#3209,1.);
#3209 = DIRECTION('',(-1.,0.,0.));
#3210 = ORIENTED_EDGE('',*,*,#3211,.F.);
#3211 = EDGE_CURVE('',#3212,#3204,#3214,.T.);
#3212 = VERTEX_POINT('',#3213);
#3213 = CARTESIAN_POINT('',(2.900014276719,-3.249993160625,-0.79999892)
  );
#3214 = LINE('',#3215,#3216);
#3215 = CARTESIAN_POINT('',(2.900014276719,-3.249993160625,-0.79999892)
  );
#3216 = VECTOR('',#3217,1.);
#3217 = DIRECTION('',(0.,-1.,0.));
#3218 = ORIENTED_EDGE('',*,*,#3219,.F.);
#3219 = EDGE_CURVE('',#3196,#3212,#3220,.T.);
#3220 = LINE('',#3221,#3222);
#3221 = CARTESIAN_POINT('',(2.100015876719,-3.249993160625,-0.79999892)
  );
#3222 = VECTOR('',#3223,1.);
#3223 = DIRECTION('',(1.,0.,0.));
#3224 = FACE_BOUND('',#3225,.T.);
#3225 = EDGE_LOOP('',(#3226,#3236,#3244,#3252));
#3226 = ORIENTED_EDGE('',*,*,#3227,.F.);
#3227 = EDGE_CURVE('',#3228,#3230,#3232,.T.);
#3228 = VERTEX_POINT('',#3229);
#3229 = CARTESIAN_POINT('',(3.249983519141,-2.100010259414,-0.79999892)
  );
#3230 = VERTEX_POINT('',#3231);
#3231 = CARTESIAN_POINT('',(4.749985599141,-2.100010259414,-0.79999892)
  );
#3232 = LINE('',#3233,#3234);
#3233 = CARTESIAN_POINT('',(3.249983519141,-2.100010259414,-0.79999892)
  );
#3234 = VECTOR('',#3235,1.);
#3235 = DIRECTION('',(1.,0.,0.));
#3236 = ORIENTED_EDGE('',*,*,#3237,.F.);
#3237 = EDGE_CURVE('',#3238,#3228,#3240,.T.);
#3238 = VERTEX_POINT('',#3239);
#3239 = CARTESIAN_POINT('',(3.249983519141,-2.900008659414,-0.79999892)
  );
#3240 = LINE('',#3241,#3242);
#3241 = CARTESIAN_POINT('',(3.249983519141,-2.900008659414,-0.79999892)
  );
#3242 = VECTOR('',#3243,1.);
#3243 = DIRECTION('',(0.,1.,-0.));
#3244 = ORIENTED_EDGE('',*,*,#3245,.F.);
#3245 = EDGE_CURVE('',#3246,#3238,#3248,.T.);
#3246 = VERTEX_POINT('',#3247);
#3247 = CARTESIAN_POINT('',(4.749985599141,-2.900008659414,-0.79999892)
  );
#3248 = LINE('',#3249,#3250);
#3249 = CARTESIAN_POINT('',(4.749985599141,-2.900008659414,-0.79999892)
  );
#3250 = VECTOR('',#3251,1.);
#3251 = DIRECTION('',(-1.,0.,0.));
#3252 = ORIENTED_EDGE('',*,*,#3253,.F.);
#3253 = EDGE_CURVE('',#3230,#3246,#3254,.T.);
#3254 = LINE('',#3255,#3256);
#3255 = CARTESIAN_POINT('',(4.749985599141,-2.100010259414,-0.79999892)
  );
#3256 = VECTOR('',#3257,1.);
#3257 = DIRECTION('',(0.,-1.,0.));
#3258 = FACE_BOUND('',#3259,.T.);
#3259 = EDGE_LOOP('',(#3260,#3270,#3278,#3286));
#3260 = ORIENTED_EDGE('',*,*,#3261,.F.);
#3261 = EDGE_CURVE('',#3262,#3264,#3266,.T.);
#3262 = VERTEX_POINT('',#3263);
#3263 = CARTESIAN_POINT('',(3.249983519141,-0.850010259414,-0.79999892)
  );
#3264 = VERTEX_POINT('',#3265);
#3265 = CARTESIAN_POINT('',(4.749985599141,-0.850010259414,-0.79999892)
  );
#3266 = LINE('',#3267,#3268);
#3267 = CARTESIAN_POINT('',(3.249983519141,-0.850010259414,-0.79999892)
  );
#3268 = VECTOR('',#3269,1.);
#3269 = DIRECTION('',(1.,0.,0.));
#3270 = ORIENTED_EDGE('',*,*,#3271,.F.);
#3271 = EDGE_CURVE('',#3272,#3262,#3274,.T.);
#3272 = VERTEX_POINT('',#3273);
#3273 = CARTESIAN_POINT('',(3.249983519141,-1.650008659414,-0.79999892)
  );
#3274 = LINE('',#3275,#3276);
#3275 = CARTESIAN_POINT('',(3.249983519141,-1.650008659414,-0.79999892)
  );
#3276 = VECTOR('',#3277,1.);
#3277 = DIRECTION('',(0.,1.,-0.));
#3278 = ORIENTED_EDGE('',*,*,#3279,.F.);
#3279 = EDGE_CURVE('',#3280,#3272,#3282,.T.);
#3280 = VERTEX_POINT('',#3281);
#3281 = CARTESIAN_POINT('',(4.749985599141,-1.650008659414,-0.79999892)
  );
#3282 = LINE('',#3283,#3284);
#3283 = CARTESIAN_POINT('',(4.749985599141,-1.650008659414,-0.79999892)
  );
#3284 = VECTOR('',#3285,1.);
#3285 = DIRECTION('',(-1.,0.,0.));
#3286 = ORIENTED_EDGE('',*,*,#3287,.F.);
#3287 = EDGE_CURVE('',#3264,#3280,#3288,.T.);
#3288 = LINE('',#3289,#3290);
#3289 = CARTESIAN_POINT('',(4.749985599141,-0.850010259414,-0.79999892)
  );
#3290 = VECTOR('',#3291,1.);
#3291 = DIRECTION('',(0.,-1.,0.));
#3292 = FACE_BOUND('',#3293,.T.);
#3293 = EDGE_LOOP('',(#3294,#3304,#3312,#3320));
#3294 = ORIENTED_EDGE('',*,*,#3295,.F.);
#3295 = EDGE_CURVE('',#3296,#3298,#3300,.T.);
#3296 = VERTEX_POINT('',#3297);
#3297 = CARTESIAN_POINT('',(3.249983519141,0.400004999375,-0.79999892));
#3298 = VERTEX_POINT('',#3299);
#3299 = CARTESIAN_POINT('',(4.749985599141,0.400004999375,-0.79999892));
#3300 = LINE('',#3301,#3302);
#3301 = CARTESIAN_POINT('',(3.249983519141,0.400004999375,-0.79999892));
#3302 = VECTOR('',#3303,1.);
#3303 = DIRECTION('',(1.,0.,0.));
#3304 = ORIENTED_EDGE('',*,*,#3305,.F.);
#3305 = EDGE_CURVE('',#3306,#3296,#3308,.T.);
#3306 = VERTEX_POINT('',#3307);
#3307 = CARTESIAN_POINT('',(3.249983519141,-0.399993400625,-0.79999892)
  );
#3308 = LINE('',#3309,#3310);
#3309 = CARTESIAN_POINT('',(3.249983519141,-0.399993400625,-0.79999892)
  );
#3310 = VECTOR('',#3311,1.);
#3311 = DIRECTION('',(0.,1.,-0.));
#3312 = ORIENTED_EDGE('',*,*,#3313,.F.);
#3313 = EDGE_CURVE('',#3314,#3306,#3316,.T.);
#3314 = VERTEX_POINT('',#3315);
#3315 = CARTESIAN_POINT('',(4.749985599141,-0.399993400625,-0.79999892)
  );
#3316 = LINE('',#3317,#3318);
#3317 = CARTESIAN_POINT('',(4.749985599141,-0.399993400625,-0.79999892)
  );
#3318 = VECTOR('',#3319,1.);
#3319 = DIRECTION('',(-1.,0.,0.));
#3320 = ORIENTED_EDGE('',*,*,#3321,.F.);
#3321 = EDGE_CURVE('',#3298,#3314,#3322,.T.);
#3322 = LINE('',#3323,#3324);
#3323 = CARTESIAN_POINT('',(4.749985599141,0.400004999375,-0.79999892));
#3324 = VECTOR('',#3325,1.);
#3325 = DIRECTION('',(0.,-1.,0.));
#3326 = FACE_BOUND('',#3327,.T.);
#3327 = EDGE_LOOP('',(#3328,#3338,#3346,#3354));
#3328 = ORIENTED_EDGE('',*,*,#3329,.F.);
#3329 = EDGE_CURVE('',#3330,#3332,#3334,.T.);
#3330 = VERTEX_POINT('',#3331);
#3331 = CARTESIAN_POINT('',(3.249983519141,1.650004999375,-0.79999892));
#3332 = VERTEX_POINT('',#3333);
#3333 = CARTESIAN_POINT('',(4.749985599141,1.650004999375,-0.79999892));
#3334 = LINE('',#3335,#3336);
#3335 = CARTESIAN_POINT('',(3.249983519141,1.650004999375,-0.79999892));
#3336 = VECTOR('',#3337,1.);
#3337 = DIRECTION('',(1.,0.,0.));
#3338 = ORIENTED_EDGE('',*,*,#3339,.F.);
#3339 = EDGE_CURVE('',#3340,#3330,#3342,.T.);
#3340 = VERTEX_POINT('',#3341);
#3341 = CARTESIAN_POINT('',(3.249983519141,0.850006599375,-0.79999892));
#3342 = LINE('',#3343,#3344);
#3343 = CARTESIAN_POINT('',(3.249983519141,0.850006599375,-0.79999892));
#3344 = VECTOR('',#3345,1.);
#3345 = DIRECTION('',(0.,1.,-0.));
#3346 = ORIENTED_EDGE('',*,*,#3347,.F.);
#3347 = EDGE_CURVE('',#3348,#3340,#3350,.T.);
#3348 = VERTEX_POINT('',#3349);
#3349 = CARTESIAN_POINT('',(4.749985599141,0.850006599375,-0.79999892));
#3350 = LINE('',#3351,#3352);
#3351 = CARTESIAN_POINT('',(4.749985599141,0.850006599375,-0.79999892));
#3352 = VECTOR('',#3353,1.);
#3353 = DIRECTION('',(-1.,0.,0.));
#3354 = ORIENTED_EDGE('',*,*,#3355,.F.);
#3355 = EDGE_CURVE('',#3332,#3348,#3356,.T.);
#3356 = LINE('',#3357,#3358);
#3357 = CARTESIAN_POINT('',(4.749985599141,1.650004999375,-0.79999892));
#3358 = VECTOR('',#3359,1.);
#3359 = DIRECTION('',(0.,-1.,0.));
#3360 = FACE_BOUND('',#3361,.T.);
#3361 = EDGE_LOOP('',(#3362,#3372,#3380,#3388));
#3362 = ORIENTED_EDGE('',*,*,#3363,.F.);
#3363 = EDGE_CURVE('',#3364,#3366,#3368,.T.);
#3364 = VERTEX_POINT('',#3365);
#3365 = CARTESIAN_POINT('',(3.249983519141,2.900004999375,-0.79999892));
#3366 = VERTEX_POINT('',#3367);
#3367 = CARTESIAN_POINT('',(4.749985599141,2.900004999375,-0.79999892));
#3368 = LINE('',#3369,#3370);
#3369 = CARTESIAN_POINT('',(3.249983519141,2.900004999375,-0.79999892));
#3370 = VECTOR('',#3371,1.);
#3371 = DIRECTION('',(1.,0.,0.));
#3372 = ORIENTED_EDGE('',*,*,#3373,.F.);
#3373 = EDGE_CURVE('',#3374,#3364,#3376,.T.);
#3374 = VERTEX_POINT('',#3375);
#3375 = CARTESIAN_POINT('',(3.249983519141,2.100006599375,-0.79999892));
#3376 = LINE('',#3377,#3378);
#3377 = CARTESIAN_POINT('',(3.249983519141,2.100006599375,-0.79999892));
#3378 = VECTOR('',#3379,1.);
#3379 = DIRECTION('',(0.,1.,-0.));
#3380 = ORIENTED_EDGE('',*,*,#3381,.F.);
#3381 = EDGE_CURVE('',#3382,#3374,#3384,.T.);
#3382 = VERTEX_POINT('',#3383);
#3383 = CARTESIAN_POINT('',(4.749985599141,2.100006599375,-0.79999892));
#3384 = LINE('',#3385,#3386);
#3385 = CARTESIAN_POINT('',(4.749985599141,2.100006599375,-0.79999892));
#3386 = VECTOR('',#3387,1.);
#3387 = DIRECTION('',(-1.,0.,0.));
#3388 = ORIENTED_EDGE('',*,*,#3389,.F.);
#3389 = EDGE_CURVE('',#3366,#3382,#3390,.T.);
#3390 = LINE('',#3391,#3392);
#3391 = CARTESIAN_POINT('',(4.749985599141,2.900004999375,-0.79999892));
#3392 = VECTOR('',#3393,1.);
#3393 = DIRECTION('',(0.,-1.,0.));
#3394 = FACE_BOUND('',#3395,.T.);
#3395 = EDGE_LOOP('',(#3396,#3406,#3414,#3422));
#3396 = ORIENTED_EDGE('',*,*,#3397,.F.);
#3397 = EDGE_CURVE('',#3398,#3400,#3402,.T.);
#3398 = VERTEX_POINT('',#3399);
#3399 = CARTESIAN_POINT('',(-2.899984123281,4.750006839375,-0.79999892)
  );
#3400 = VERTEX_POINT('',#3401);
#3401 = CARTESIAN_POINT('',(-2.099985723281,4.750006839375,-0.79999892)
  );
#3402 = LINE('',#3403,#3404);
#3403 = CARTESIAN_POINT('',(-2.899984123281,4.750006839375,-0.79999892)
  );
#3404 = VECTOR('',#3405,1.);
#3405 = DIRECTION('',(1.,0.,0.));
#3406 = ORIENTED_EDGE('',*,*,#3407,.F.);
#3407 = EDGE_CURVE('',#3408,#3398,#3410,.T.);
#3408 = VERTEX_POINT('',#3409);
#3409 = CARTESIAN_POINT('',(-2.899984123281,3.250004759375,-0.79999892)
  );
#3410 = LINE('',#3411,#3412);
#3411 = CARTESIAN_POINT('',(-2.899984123281,3.250004759375,-0.79999892)
  );
#3412 = VECTOR('',#3413,1.);
#3413 = DIRECTION('',(0.,1.,-0.));
#3414 = ORIENTED_EDGE('',*,*,#3415,.F.);
#3415 = EDGE_CURVE('',#3416,#3408,#3418,.T.);
#3416 = VERTEX_POINT('',#3417);
#3417 = CARTESIAN_POINT('',(-2.099985723281,3.250004759375,-0.79999892)
  );
#3418 = LINE('',#3419,#3420);
#3419 = CARTESIAN_POINT('',(-2.099985723281,3.250004759375,-0.79999892)
  );
#3420 = VECTOR('',#3421,1.);
#3421 = DIRECTION('',(-1.,0.,0.));
#3422 = ORIENTED_EDGE('',*,*,#3423,.F.);
#3423 = EDGE_CURVE('',#3400,#3416,#3424,.T.);
#3424 = LINE('',#3425,#3426);
#3425 = CARTESIAN_POINT('',(-2.099985723281,4.750006839375,-0.79999892)
  );
#3426 = VECTOR('',#3427,1.);
#3427 = DIRECTION('',(0.,-1.,0.));
#3428 = FACE_BOUND('',#3429,.T.);
#3429 = EDGE_LOOP('',(#3430,#3440,#3448,#3456));
#3430 = ORIENTED_EDGE('',*,*,#3431,.F.);
#3431 = EDGE_CURVE('',#3432,#3434,#3436,.T.);
#3432 = VERTEX_POINT('',#3433);
#3433 = CARTESIAN_POINT('',(-1.649984123281,4.750006839375,-0.79999892)
  );
#3434 = VERTEX_POINT('',#3435);
#3435 = CARTESIAN_POINT('',(-0.849985723281,4.750006839375,-0.79999892)
  );
#3436 = LINE('',#3437,#3438);
#3437 = CARTESIAN_POINT('',(-1.649984123281,4.750006839375,-0.79999892)
  );
#3438 = VECTOR('',#3439,1.);
#3439 = DIRECTION('',(1.,0.,0.));
#3440 = ORIENTED_EDGE('',*,*,#3441,.F.);
#3441 = EDGE_CURVE('',#3442,#3432,#3444,.T.);
#3442 = VERTEX_POINT('',#3443);
#3443 = CARTESIAN_POINT('',(-1.649984123281,3.250004759375,-0.79999892)
  );
#3444 = LINE('',#3445,#3446);
#3445 = CARTESIAN_POINT('',(-1.649984123281,3.250004759375,-0.79999892)
  );
#3446 = VECTOR('',#3447,1.);
#3447 = DIRECTION('',(0.,1.,-0.));
#3448 = ORIENTED_EDGE('',*,*,#3449,.F.);
#3449 = EDGE_CURVE('',#3450,#3442,#3452,.T.);
#3450 = VERTEX_POINT('',#3451);
#3451 = CARTESIAN_POINT('',(-0.849985723281,3.250004759375,-0.79999892)
  );
#3452 = LINE('',#3453,#3454);
#3453 = CARTESIAN_POINT('',(-0.849985723281,3.250004759375,-0.79999892)
  );
#3454 = VECTOR('',#3455,1.);
#3455 = DIRECTION('',(-1.,0.,0.));
#3456 = ORIENTED_EDGE('',*,*,#3457,.F.);
#3457 = EDGE_CURVE('',#3434,#3450,#3458,.T.);
#3458 = LINE('',#3459,#3460);
#3459 = CARTESIAN_POINT('',(-0.849985723281,4.750006839375,-0.79999892)
  );
#3460 = VECTOR('',#3461,1.);
#3461 = DIRECTION('',(0.,-1.,0.));
#3462 = FACE_BOUND('',#3463,.T.);
#3463 = EDGE_LOOP('',(#3464,#3474,#3482,#3490));
#3464 = ORIENTED_EDGE('',*,*,#3465,.F.);
#3465 = EDGE_CURVE('',#3466,#3468,#3470,.T.);
#3466 = VERTEX_POINT('',#3467);
#3467 = CARTESIAN_POINT('',(-0.399984123281,4.750006839375,-0.79999892)
  );
#3468 = VERTEX_POINT('',#3469);
#3469 = CARTESIAN_POINT('',(0.400014276719,4.750006839375,-0.79999892));
#3470 = LINE('',#3471,#3472);
#3471 = CARTESIAN_POINT('',(-0.399984123281,4.750006839375,-0.79999892)
  );
#3472 = VECTOR('',#3473,1.);
#3473 = DIRECTION('',(1.,0.,0.));
#3474 = ORIENTED_EDGE('',*,*,#3475,.F.);
#3475 = EDGE_CURVE('',#3476,#3466,#3478,.T.);
#3476 = VERTEX_POINT('',#3477);
#3477 = CARTESIAN_POINT('',(-0.399984123281,3.250004759375,-0.79999892)
  );
#3478 = LINE('',#3479,#3480);
#3479 = CARTESIAN_POINT('',(-0.399984123281,3.250004759375,-0.79999892)
  );
#3480 = VECTOR('',#3481,1.);
#3481 = DIRECTION('',(0.,1.,-0.));
#3482 = ORIENTED_EDGE('',*,*,#3483,.F.);
#3483 = EDGE_CURVE('',#3484,#3476,#3486,.T.);
#3484 = VERTEX_POINT('',#3485);
#3485 = CARTESIAN_POINT('',(0.400014276719,3.250004759375,-0.79999892));
#3486 = LINE('',#3487,#3488);
#3487 = CARTESIAN_POINT('',(0.400014276719,3.250004759375,-0.79999892));
#3488 = VECTOR('',#3489,1.);
#3489 = DIRECTION('',(-1.,0.,0.));
#3490 = ORIENTED_EDGE('',*,*,#3491,.F.);
#3491 = EDGE_CURVE('',#3468,#3484,#3492,.T.);
#3492 = LINE('',#3493,#3494);
#3493 = CARTESIAN_POINT('',(0.400014276719,4.750006839375,-0.79999892));
#3494 = VECTOR('',#3495,1.);
#3495 = DIRECTION('',(0.,-1.,0.));
#3496 = FACE_BOUND('',#3497,.T.);
#3497 = EDGE_LOOP('',(#3498,#3508,#3516,#3524));
#3498 = ORIENTED_EDGE('',*,*,#3499,.F.);
#3499 = EDGE_CURVE('',#3500,#3502,#3504,.T.);
#3500 = VERTEX_POINT('',#3501);
#3501 = CARTESIAN_POINT('',(0.849985359141,4.750006839375,-0.79999892));
#3502 = VERTEX_POINT('',#3503);
#3503 = CARTESIAN_POINT('',(1.649983759141,4.750006839375,-0.79999892));
#3504 = LINE('',#3505,#3506);
#3505 = CARTESIAN_POINT('',(0.849985359141,4.750006839375,-0.79999892));
#3506 = VECTOR('',#3507,1.);
#3507 = DIRECTION('',(1.,0.,0.));
#3508 = ORIENTED_EDGE('',*,*,#3509,.F.);
#3509 = EDGE_CURVE('',#3510,#3500,#3512,.T.);
#3510 = VERTEX_POINT('',#3511);
#3511 = CARTESIAN_POINT('',(0.849985359141,3.250004759375,-0.79999892));
#3512 = LINE('',#3513,#3514);
#3513 = CARTESIAN_POINT('',(0.849985359141,3.250004759375,-0.79999892));
#3514 = VECTOR('',#3515,1.);
#3515 = DIRECTION('',(0.,1.,-0.));
#3516 = ORIENTED_EDGE('',*,*,#3517,.F.);
#3517 = EDGE_CURVE('',#3518,#3510,#3520,.T.);
#3518 = VERTEX_POINT('',#3519);
#3519 = CARTESIAN_POINT('',(1.649983759141,3.250004759375,-0.79999892));
#3520 = LINE('',#3521,#3522);
#3521 = CARTESIAN_POINT('',(1.649983759141,3.250004759375,-0.79999892));
#3522 = VECTOR('',#3523,1.);
#3523 = DIRECTION('',(-1.,0.,0.));
#3524 = ORIENTED_EDGE('',*,*,#3525,.F.);
#3525 = EDGE_CURVE('',#3502,#3518,#3526,.T.);
#3526 = LINE('',#3527,#3528);
#3527 = CARTESIAN_POINT('',(1.649983759141,4.750006839375,-0.79999892));
#3528 = VECTOR('',#3529,1.);
#3529 = DIRECTION('',(0.,-1.,0.));
#3530 = FACE_BOUND('',#3531,.T.);
#3531 = EDGE_LOOP('',(#3532,#3533));
#3532 = ORIENTED_EDGE('',*,*,#69,.T.);
#3533 = ORIENTED_EDGE('',*,*,#3534,.T.);
#3534 = EDGE_CURVE('',#70,#62,#3535,.T.);
#3535 = CIRCLE('',#3536,9.99998E-02);
#3536 = AXIS2_PLACEMENT_3D('',#3537,#3538,#3539);
#3537 = CARTESIAN_POINT('',(2.92499796,-2.92499796,-0.79999892));
#3538 = DIRECTION('',(0.,0.,1.));
#3539 = DIRECTION('',(1.,0.,-0.));
#3540 = FACE_BOUND('',#3541,.T.);
#3541 = EDGE_LOOP('',(#3542,#3552,#3560,#3568));
#3542 = ORIENTED_EDGE('',*,*,#3543,.T.);
#3543 = EDGE_CURVE('',#3544,#3546,#3548,.T.);
#3544 = VERTEX_POINT('',#3545);
#3545 = CARTESIAN_POINT('',(-5.050000190735,-5.050000190735,-0.79999892)
  );
#3546 = VERTEX_POINT('',#3547);
#3547 = CARTESIAN_POINT('',(-5.050000190735,5.050000190735,-0.79999892)
  );
#3548 = LINE('',#3549,#3550);
#3549 = CARTESIAN_POINT('',(-5.050000190735,-5.050000190735,-0.79999892)
  );
#3550 = VECTOR('',#3551,1.);
#3551 = DIRECTION('',(0.,1.,-0.));
#3552 = ORIENTED_EDGE('',*,*,#3553,.T.);
#3553 = EDGE_CURVE('',#3546,#3554,#3556,.T.);
#3554 = VERTEX_POINT('',#3555);
#3555 = CARTESIAN_POINT('',(5.050000190735,5.050000190735,-0.79999892));
#3556 = LINE('',#3557,#3558);
#3557 = CARTESIAN_POINT('',(-5.050000190735,5.050000190735,-0.79999892)
  );
#3558 = VECTOR('',#3559,1.);
#3559 = DIRECTION('',(1.,0.,0.));
#3560 = ORIENTED_EDGE('',*,*,#3561,.T.);
#3561 = EDGE_CURVE('',#3554,#3562,#3564,.T.);
#3562 = VERTEX_POINT('',#3563);
#3563 = CARTESIAN_POINT('',(5.050000190735,-5.050000190735,-0.79999892)
  );
#3564 = LINE('',#3565,#3566);
#3565 = CARTESIAN_POINT('',(5.050000190735,5.050000190735,-0.79999892));
#3566 = VECTOR('',#3567,1.);
#3567 = DIRECTION('',(0.,-1.,0.));
#3568 = ORIENTED_EDGE('',*,*,#3569,.T.);
#3569 = EDGE_CURVE('',#3562,#3544,#3570,.T.);
#3570 = LINE('',#3571,#3572);
#3571 = CARTESIAN_POINT('',(5.050000190735,-5.050000190735,-0.79999892)
  );
#3572 = VECTOR('',#3573,1.);
#3573 = DIRECTION('',(-1.,0.,0.));
#3574 = FACE_BOUND('',#3575,.T.);
#3575 = EDGE_LOOP('',(#3576,#3586,#3594,#3602));
#3576 = ORIENTED_EDGE('',*,*,#3577,.F.);
#3577 = EDGE_CURVE('',#3578,#3580,#3582,.T.);
#3578 = VERTEX_POINT('',#3579);
#3579 = CARTESIAN_POINT('',(2.899983759141,3.250004759375,-0.79999892));
#3580 = VERTEX_POINT('',#3581);
#3581 = CARTESIAN_POINT('',(2.099985359141,3.250004759375,-0.79999892));
#3582 = LINE('',#3583,#3584);
#3583 = CARTESIAN_POINT('',(2.899983759141,3.250004759375,-0.79999892));
#3584 = VECTOR('',#3585,1.);
#3585 = DIRECTION('',(-1.,0.,0.));
#3586 = ORIENTED_EDGE('',*,*,#3587,.F.);
#3587 = EDGE_CURVE('',#3588,#3578,#3590,.T.);
#3588 = VERTEX_POINT('',#3589);
#3589 = CARTESIAN_POINT('',(2.899983759141,4.750006839375,-0.79999892));
#3590 = LINE('',#3591,#3592);
#3591 = CARTESIAN_POINT('',(2.899983759141,4.750006839375,-0.79999892));
#3592 = VECTOR('',#3593,1.);
#3593 = DIRECTION('',(0.,-1.,0.));
#3594 = ORIENTED_EDGE('',*,*,#3595,.F.);
#3595 = EDGE_CURVE('',#3596,#3588,#3598,.T.);
#3596 = VERTEX_POINT('',#3597);
#3597 = CARTESIAN_POINT('',(2.099985359141,4.750006839375,-0.79999892));
#3598 = LINE('',#3599,#3600);
#3599 = CARTESIAN_POINT('',(2.099985359141,4.750006839375,-0.79999892));
#3600 = VECTOR('',#3601,1.);
#3601 = DIRECTION('',(1.,0.,0.));
#3602 = ORIENTED_EDGE('',*,*,#3603,.F.);
#3603 = EDGE_CURVE('',#3580,#3596,#3604,.T.);
#3604 = LINE('',#3605,#3606);
#3605 = CARTESIAN_POINT('',(2.099985359141,3.250004759375,-0.79999892));
#3606 = VECTOR('',#3607,1.);
#3607 = DIRECTION('',(0.,1.,-0.));
#3608 = FACE_BOUND('',#3609,.T.);
#3609 = EDGE_LOOP('',(#3610,#3620,#3628,#3636));
#3610 = ORIENTED_EDGE('',*,*,#3611,.T.);
#3611 = EDGE_CURVE('',#3612,#3614,#3616,.T.);
#3612 = VERTEX_POINT('',#3613);
#3613 = CARTESIAN_POINT('',(2.250000376719,2.250003799375,-0.79999892));
#3614 = VERTEX_POINT('',#3615);
#3615 = CARTESIAN_POINT('',(0.250006916719,2.250008879375,-0.79999892));
#3616 = LINE('',#3617,#3618);
#3617 = CARTESIAN_POINT('',(2.250000376719,2.250003799375,-0.79999892));
#3618 = VECTOR('',#3619,1.);
#3619 = DIRECTION('',(-0.999999999997,2.540008302815E-06,0.));
#3620 = ORIENTED_EDGE('',*,*,#3621,.T.);
#3621 = EDGE_CURVE('',#3614,#3622,#3624,.T.);
#3622 = VERTEX_POINT('',#3623);
#3623 = CARTESIAN_POINT('',(0.250014536719,0.250002719375,-0.79999892));
#3624 = LINE('',#3625,#3626);
#3625 = CARTESIAN_POINT('',(0.250006916719,2.250008879375,-0.79999892));
#3626 = VECTOR('',#3627,1.);
#3627 = DIRECTION('',(3.809988274914E-06,-0.999999999993,0.));
#3628 = ORIENTED_EDGE('',*,*,#3629,.T.);
#3629 = EDGE_CURVE('',#3622,#3630,#3632,.T.);
#3630 = VERTEX_POINT('',#3631);
#3631 = CARTESIAN_POINT('',(2.250025776719,0.250005259375,-0.79999892));
#3632 = LINE('',#3633,#3634);
#3633 = CARTESIAN_POINT('',(0.250014536719,0.250002719375,-0.79999892));
#3634 = VECTOR('',#3635,1.);
#3635 = DIRECTION('',(0.999999999999,1.269992861138E-06,-0.));
#3636 = ORIENTED_EDGE('',*,*,#3637,.T.);
#3637 = EDGE_CURVE('',#3630,#3612,#3638,.T.);
#3638 = LINE('',#3639,#3640);
#3639 = CARTESIAN_POINT('',(2.250025776719,0.250005259375,-0.79999892));
#3640 = VECTOR('',#3641,1.);
#3641 = DIRECTION('',(-1.270000928339E-05,0.999999999919,0.));
#3642 = FACE_BOUND('',#3643,.T.);
#3643 = EDGE_LOOP('',(#3644,#3654,#3662,#3670));
#3644 = ORIENTED_EDGE('',*,*,#3645,.T.);
#3645 = EDGE_CURVE('',#3646,#3648,#3650,.T.);
#3646 = VERTEX_POINT('',#3647);
#3647 = CARTESIAN_POINT('',(2.250000376719,-0.249996200625,-0.79999892)
  );
#3648 = VERTEX_POINT('',#3649);
#3649 = CARTESIAN_POINT('',(0.250006916719,-0.249991120625,-0.79999892)
  );
#3650 = LINE('',#3651,#3652);
#3651 = CARTESIAN_POINT('',(2.250000376719,-0.249996200625,-0.79999892)
  );
#3652 = VECTOR('',#3653,1.);
#3653 = DIRECTION('',(-0.999999999997,2.540008302815E-06,0.));
#3654 = ORIENTED_EDGE('',*,*,#3655,.T.);
#3655 = EDGE_CURVE('',#3648,#3656,#3658,.T.);
#3656 = VERTEX_POINT('',#3657);
#3657 = CARTESIAN_POINT('',(0.250014536719,-2.249997280625,-0.79999892)
  );
#3658 = LINE('',#3659,#3660);
#3659 = CARTESIAN_POINT('',(0.250006916719,-0.249991120625,-0.79999892)
  );
#3660 = VECTOR('',#3661,1.);
#3661 = DIRECTION('',(3.809988274914E-06,-0.999999999993,0.));
#3662 = ORIENTED_EDGE('',*,*,#3663,.T.);
#3663 = EDGE_CURVE('',#3656,#3664,#3666,.T.);
#3664 = VERTEX_POINT('',#3665);
#3665 = CARTESIAN_POINT('',(2.250025776719,-2.249994740625,-0.79999892)
  );
#3666 = LINE('',#3667,#3668);
#3667 = CARTESIAN_POINT('',(0.250014536719,-2.249997280625,-0.79999892)
  );
#3668 = VECTOR('',#3669,1.);
#3669 = DIRECTION('',(0.999999999999,1.269992861138E-06,-0.));
#3670 = ORIENTED_EDGE('',*,*,#3671,.T.);
#3671 = EDGE_CURVE('',#3664,#3646,#3672,.T.);
#3672 = LINE('',#3673,#3674);
#3673 = CARTESIAN_POINT('',(2.250025776719,-2.249994740625,-0.79999892)
  );
#3674 = VECTOR('',#3675,1.);
#3675 = DIRECTION('',(-1.270000928339E-05,0.999999999919,0.));
#3676 = FACE_BOUND('',#3677,.T.);
#3677 = EDGE_LOOP('',(#3678,#3688,#3696,#3704));
#3678 = ORIENTED_EDGE('',*,*,#3679,.T.);
#3679 = EDGE_CURVE('',#3680,#3682,#3684,.T.);
#3680 = VERTEX_POINT('',#3681);
#3681 = CARTESIAN_POINT('',(-0.249999623281,-0.249996200625,-0.79999892)
  );
#3682 = VERTEX_POINT('',#3683);
#3683 = CARTESIAN_POINT('',(-2.249993083281,-0.249991120625,-0.79999892)
  );
#3684 = LINE('',#3685,#3686);
#3685 = CARTESIAN_POINT('',(-0.249999623281,-0.249996200625,-0.79999892)
  );
#3686 = VECTOR('',#3687,1.);
#3687 = DIRECTION('',(-0.999999999997,2.540008302815E-06,0.));
#3688 = ORIENTED_EDGE('',*,*,#3689,.T.);
#3689 = EDGE_CURVE('',#3682,#3690,#3692,.T.);
#3690 = VERTEX_POINT('',#3691);
#3691 = CARTESIAN_POINT('',(-2.249985463281,-2.249997280625,-0.79999892)
  );
#3692 = LINE('',#3693,#3694);
#3693 = CARTESIAN_POINT('',(-2.249993083281,-0.249991120625,-0.79999892)
  );
#3694 = VECTOR('',#3695,1.);
#3695 = DIRECTION('',(3.809988274914E-06,-0.999999999993,0.));
#3696 = ORIENTED_EDGE('',*,*,#3697,.T.);
#3697 = EDGE_CURVE('',#3690,#3698,#3700,.T.);
#3698 = VERTEX_POINT('',#3699);
#3699 = CARTESIAN_POINT('',(-0.249974223281,-2.249994740625,-0.79999892)
  );
#3700 = LINE('',#3701,#3702);
#3701 = CARTESIAN_POINT('',(-2.249985463281,-2.249997280625,-0.79999892)
  );
#3702 = VECTOR('',#3703,1.);
#3703 = DIRECTION('',(0.999999999999,1.269992861138E-06,-0.));
#3704 = ORIENTED_EDGE('',*,*,#3705,.T.);
#3705 = EDGE_CURVE('',#3698,#3680,#3706,.T.);
#3706 = LINE('',#3707,#3708);
#3707 = CARTESIAN_POINT('',(-0.249974223281,-2.249994740625,-0.79999892)
  );
#3708 = VECTOR('',#3709,1.);
#3709 = DIRECTION('',(-1.270000928339E-05,0.999999999919,0.));
#3710 = FACE_BOUND('',#3711,.T.);
#3711 = EDGE_LOOP('',(#3712,#3713,#3714,#3715));
#3712 = ORIENTED_EDGE('',*,*,#3000,.T.);
#3713 = ORIENTED_EDGE('',*,*,#2909,.T.);
#3714 = ORIENTED_EDGE('',*,*,#2947,.T.);
#3715 = ORIENTED_EDGE('',*,*,#2978,.T.);
#3716 = PLANE('',#3717);
#3717 = AXIS2_PLACEMENT_3D('',#3718,#3719,#3720);
#3718 = CARTESIAN_POINT('',(-5.050000190735,-5.050000190735,-0.79999892)
  );
#3719 = DIRECTION('',(0.,0.,1.));
#3720 = DIRECTION('',(1.,0.,-0.));
#3721 = ADVANCED_FACE('',(#3722),#3747,.F.);
#3722 = FACE_BOUND('',#3723,.T.);
#3723 = EDGE_LOOP('',(#3724,#3734,#3740,#3741));
#3724 = ORIENTED_EDGE('',*,*,#3725,.T.);
#3725 = EDGE_CURVE('',#3726,#3728,#3730,.T.);
#3726 = VERTEX_POINT('',#3727);
#3727 = CARTESIAN_POINT('',(-2.249993083281,-0.249991120625,
    -0.828999757767));
#3728 = VERTEX_POINT('',#3729);
#3729 = CARTESIAN_POINT('',(-2.249985463281,-2.249997280625,
    -0.828999757767));
#3730 = LINE('',#3731,#3732);
#3731 = CARTESIAN_POINT('',(-2.249993083281,-0.249991120625,
    -0.828999757767));
#3732 = VECTOR('',#3733,1.);
#3733 = DIRECTION('',(3.809988274914E-06,-0.999999999993,0.));
#3734 = ORIENTED_EDGE('',*,*,#3735,.T.);
#3735 = EDGE_CURVE('',#3728,#3690,#3736,.T.);
#3736 = LINE('',#3737,#3738);
#3737 = CARTESIAN_POINT('',(-2.249985463281,-2.249997280625,
    -0.828999757767));
#3738 = VECTOR('',#3739,1.);
#3739 = DIRECTION('',(0.,0.,1.));
#3740 = ORIENTED_EDGE('',*,*,#3689,.F.);
#3741 = ORIENTED_EDGE('',*,*,#3742,.F.);
#3742 = EDGE_CURVE('',#3726,#3682,#3743,.T.);
#3743 = LINE('',#3744,#3745);
#3744 = CARTESIAN_POINT('',(-2.249993083281,-0.249991120625,
    -0.828999757767));
#3745 = VECTOR('',#3746,1.);
#3746 = DIRECTION('',(0.,0.,1.));
#3747 = PLANE('',#3748);
#3748 = AXIS2_PLACEMENT_3D('',#3749,#3750,#3751);
#3749 = CARTESIAN_POINT('',(-2.249993083281,-0.249991120625,
    -0.828999757767));
#3750 = DIRECTION('',(0.999999999993,3.809988274914E-06,0.));
#3751 = DIRECTION('',(0.,0.,-1.));
#3752 = ADVANCED_FACE('',(#3753),#3771,.F.);
#3753 = FACE_BOUND('',#3754,.T.);
#3754 = EDGE_LOOP('',(#3755,#3763,#3769,#3770));
#3755 = ORIENTED_EDGE('',*,*,#3756,.T.);
#3756 = EDGE_CURVE('',#3728,#3757,#3759,.T.);
#3757 = VERTEX_POINT('',#3758);
#3758 = CARTESIAN_POINT('',(-0.249974223281,-2.249994740625,
    -0.828999757767));
#3759 = LINE('',#3760,#3761);
#3760 = CARTESIAN_POINT('',(-2.249985463281,-2.249997280625,
    -0.828999757767));
#3761 = VECTOR('',#3762,1.);
#3762 = DIRECTION('',(0.999999999999,1.269992861138E-06,0.));
#3763 = ORIENTED_EDGE('',*,*,#3764,.T.);
#3764 = EDGE_CURVE('',#3757,#3698,#3765,.T.);
#3765 = LINE('',#3766,#3767);
#3766 = CARTESIAN_POINT('',(-0.249974223281,-2.249994740625,
    -0.828999757767));
#3767 = VECTOR('',#3768,1.);
#3768 = DIRECTION('',(0.,0.,1.));
#3769 = ORIENTED_EDGE('',*,*,#3697,.F.);
#3770 = ORIENTED_EDGE('',*,*,#3735,.F.);
#3771 = PLANE('',#3772);
#3772 = AXIS2_PLACEMENT_3D('',#3773,#3774,#3775);
#3773 = CARTESIAN_POINT('',(-2.249985463281,-2.249997280625,
    -0.828999757767));
#3774 = DIRECTION('',(-1.269992861138E-06,0.999999999999,0.));
#3775 = DIRECTION('',(0.,0.,1.));
#3776 = ADVANCED_FACE('',(#3777),#3795,.F.);
#3777 = FACE_BOUND('',#3778,.T.);
#3778 = EDGE_LOOP('',(#3779,#3787,#3793,#3794));
#3779 = ORIENTED_EDGE('',*,*,#3780,.T.);
#3780 = EDGE_CURVE('',#3757,#3781,#3783,.T.);
#3781 = VERTEX_POINT('',#3782);
#3782 = CARTESIAN_POINT('',(-0.249999623281,-0.249996200625,
    -0.828999757767));
#3783 = LINE('',#3784,#3785);
#3784 = CARTESIAN_POINT('',(-0.249974223281,-2.249994740625,
    -0.828999757767));
#3785 = VECTOR('',#3786,1.);
#3786 = DIRECTION('',(-1.270000928339E-05,0.999999999919,0.));
#3787 = ORIENTED_EDGE('',*,*,#3788,.T.);
#3788 = EDGE_CURVE('',#3781,#3680,#3789,.T.);
#3789 = LINE('',#3790,#3791);
#3790 = CARTESIAN_POINT('',(-0.249999623281,-0.249996200625,
    -0.828999757767));
#3791 = VECTOR('',#3792,1.);
#3792 = DIRECTION('',(0.,0.,1.));
#3793 = ORIENTED_EDGE('',*,*,#3705,.F.);
#3794 = ORIENTED_EDGE('',*,*,#3764,.F.);
#3795 = PLANE('',#3796);
#3796 = AXIS2_PLACEMENT_3D('',#3797,#3798,#3799);
#3797 = CARTESIAN_POINT('',(-0.249974223281,-2.249994740625,
    -0.828999757767));
#3798 = DIRECTION('',(-0.999999999919,-1.270000928339E-05,0.));
#3799 = DIRECTION('',(-1.270000928339E-05,0.999999999919,0.));
#3800 = ADVANCED_FACE('',(#3801),#3812,.F.);
#3801 = FACE_BOUND('',#3802,.T.);
#3802 = EDGE_LOOP('',(#3803,#3809,#3810,#3811));
#3803 = ORIENTED_EDGE('',*,*,#3804,.T.);
#3804 = EDGE_CURVE('',#3781,#3726,#3805,.T.);
#3805 = LINE('',#3806,#3807);
#3806 = CARTESIAN_POINT('',(-0.249999623281,-0.249996200625,
    -0.828999757767));
#3807 = VECTOR('',#3808,1.);
#3808 = DIRECTION('',(-0.999999999997,2.540008302815E-06,0.));
#3809 = ORIENTED_EDGE('',*,*,#3742,.T.);
#3810 = ORIENTED_EDGE('',*,*,#3679,.F.);
#3811 = ORIENTED_EDGE('',*,*,#3788,.F.);
#3812 = PLANE('',#3813);
#3813 = AXIS2_PLACEMENT_3D('',#3814,#3815,#3816);
#3814 = CARTESIAN_POINT('',(-0.249999623281,-0.249996200625,
    -0.828999757767));
#3815 = DIRECTION('',(-2.540008302815E-06,-0.999999999997,0.));
#3816 = DIRECTION('',(-0.999999999997,2.540008302815E-06,0.));
#3817 = ADVANCED_FACE('',(#3818),#3824,.T.);
#3818 = FACE_BOUND('',#3819,.T.);
#3819 = EDGE_LOOP('',(#3820,#3821,#3822,#3823));
#3820 = ORIENTED_EDGE('',*,*,#3804,.F.);
#3821 = ORIENTED_EDGE('',*,*,#3780,.F.);
#3822 = ORIENTED_EDGE('',*,*,#3756,.F.);
#3823 = ORIENTED_EDGE('',*,*,#3725,.F.);
#3824 = PLANE('',#3825);
#3825 = AXIS2_PLACEMENT_3D('',#3826,#3827,#3828);
#3826 = CARTESIAN_POINT('',(-2.249993083281,-0.249991120625,
    -0.828999757767));
#3827 = DIRECTION('',(0.,0.,-1.));
#3828 = DIRECTION('',(0.,-1.,0.));
#3829 = ADVANCED_FACE('',(#3830),#3855,.T.);
#3830 = FACE_BOUND('',#3831,.T.);
#3831 = EDGE_LOOP('',(#3832,#3840,#3841,#3849));
#3832 = ORIENTED_EDGE('',*,*,#3833,.T.);
#3833 = EDGE_CURVE('',#3834,#3058,#3836,.T.);
#3834 = VERTEX_POINT('',#3835);
#3835 = CARTESIAN_POINT('',(-2.899984123281,-4.749995240625,
    -0.818999767303));
#3836 = LINE('',#3837,#3838);
#3837 = CARTESIAN_POINT('',(-2.899984123281,-4.749995240625,
    -0.818999767303));
#3838 = VECTOR('',#3839,1.);
#3839 = DIRECTION('',(0.,0.,1.));
#3840 = ORIENTED_EDGE('',*,*,#3057,.T.);
#3841 = ORIENTED_EDGE('',*,*,#3842,.F.);
#3842 = EDGE_CURVE('',#3843,#3060,#3845,.T.);
#3843 = VERTEX_POINT('',#3844);
#3844 = CARTESIAN_POINT('',(-2.899984123281,-3.249993160625,
    -0.818999767303));
#3845 = LINE('',#3846,#3847);
#3846 = CARTESIAN_POINT('',(-2.899984123281,-3.249993160625,
    -0.818999767303));
#3847 = VECTOR('',#3848,1.);
#3848 = DIRECTION('',(0.,0.,1.));
#3849 = ORIENTED_EDGE('',*,*,#3850,.F.);
#3850 = EDGE_CURVE('',#3834,#3843,#3851,.T.);
#3851 = LINE('',#3852,#3853);
#3852 = CARTESIAN_POINT('',(-2.899984123281,-4.749995240625,
    -0.818999767303));
#3853 = VECTOR('',#3854,1.);
#3854 = DIRECTION('',(0.,1.,0.));
#3855 = PLANE('',#3856);
#3856 = AXIS2_PLACEMENT_3D('',#3857,#3858,#3859);
#3857 = CARTESIAN_POINT('',(-2.899984123281,-4.749995240625,
    -0.818999767303));
#3858 = DIRECTION('',(-1.,0.,0.));
#3859 = DIRECTION('',(0.,0.,1.));
#3860 = ADVANCED_FACE('',(#3861),#3879,.T.);
#3861 = FACE_BOUND('',#3862,.T.);
#3862 = EDGE_LOOP('',(#3863,#3864,#3865,#3873));
#3863 = ORIENTED_EDGE('',*,*,#3842,.T.);
#3864 = ORIENTED_EDGE('',*,*,#3083,.T.);
#3865 = ORIENTED_EDGE('',*,*,#3866,.F.);
#3866 = EDGE_CURVE('',#3867,#3076,#3869,.T.);
#3867 = VERTEX_POINT('',#3868);
#3868 = CARTESIAN_POINT('',(-2.099985723281,-3.249993160625,
    -0.818999767303));
#3869 = LINE('',#3870,#3871);
#3870 = CARTESIAN_POINT('',(-2.099985723281,-3.249993160625,
    -0.818999767303));
#3871 = VECTOR('',#3872,1.);
#3872 = DIRECTION('',(0.,0.,1.));
#3873 = ORIENTED_EDGE('',*,*,#3874,.F.);
#3874 = EDGE_CURVE('',#3843,#3867,#3875,.T.);
#3875 = LINE('',#3876,#3877);
#3876 = CARTESIAN_POINT('',(-2.899984123281,-3.249993160625,
    -0.818999767303));
#3877 = VECTOR('',#3878,1.);
#3878 = DIRECTION('',(1.,0.,0.));
#3879 = PLANE('',#3880);
#3880 = AXIS2_PLACEMENT_3D('',#3881,#3882,#3883);
#3881 = CARTESIAN_POINT('',(-2.899984123281,-3.249993160625,
    -0.818999767303));
#3882 = DIRECTION('',(-0.,1.,0.));
#3883 = DIRECTION('',(1.,0.,0.));
#3884 = ADVANCED_FACE('',(#3885),#3903,.T.);
#3885 = FACE_BOUND('',#3886,.T.);
#3886 = EDGE_LOOP('',(#3887,#3888,#3889,#3897));
#3887 = ORIENTED_EDGE('',*,*,#3866,.T.);
#3888 = ORIENTED_EDGE('',*,*,#3075,.T.);
#3889 = ORIENTED_EDGE('',*,*,#3890,.F.);
#3890 = EDGE_CURVE('',#3891,#3068,#3893,.T.);
#3891 = VERTEX_POINT('',#3892);
#3892 = CARTESIAN_POINT('',(-2.099985723281,-4.749995240625,
    -0.818999767303));
#3893 = LINE('',#3894,#3895);
#3894 = CARTESIAN_POINT('',(-2.099985723281,-4.749995240625,
    -0.818999767303));
#3895 = VECTOR('',#3896,1.);
#3896 = DIRECTION('',(0.,0.,1.));
#3897 = ORIENTED_EDGE('',*,*,#3898,.F.);
#3898 = EDGE_CURVE('',#3867,#3891,#3899,.T.);
#3899 = LINE('',#3900,#3901);
#3900 = CARTESIAN_POINT('',(-2.099985723281,-3.249993160625,
    -0.818999767303));
#3901 = VECTOR('',#3902,1.);
#3902 = DIRECTION('',(0.,-1.,0.));
#3903 = PLANE('',#3904);
#3904 = AXIS2_PLACEMENT_3D('',#3905,#3906,#3907);
#3905 = CARTESIAN_POINT('',(-2.099985723281,-3.249993160625,
    -0.818999767303));
#3906 = DIRECTION('',(1.,0.,0.));
#3907 = DIRECTION('',(-0.,1.,0.));
#3908 = ADVANCED_FACE('',(#3909),#3920,.T.);
#3909 = FACE_BOUND('',#3910,.T.);
#3910 = EDGE_LOOP('',(#3911,#3912,#3913,#3914));
#3911 = ORIENTED_EDGE('',*,*,#3890,.T.);
#3912 = ORIENTED_EDGE('',*,*,#3067,.T.);
#3913 = ORIENTED_EDGE('',*,*,#3833,.F.);
#3914 = ORIENTED_EDGE('',*,*,#3915,.F.);
#3915 = EDGE_CURVE('',#3891,#3834,#3916,.T.);
#3916 = LINE('',#3917,#3918);
#3917 = CARTESIAN_POINT('',(-2.099985723281,-4.749995240625,
    -0.818999767303));
#3918 = VECTOR('',#3919,1.);
#3919 = DIRECTION('',(-1.,0.,0.));
#3920 = PLANE('',#3921);
#3921 = AXIS2_PLACEMENT_3D('',#3922,#3923,#3924);
#3922 = CARTESIAN_POINT('',(-2.099985723281,-4.749995240625,
    -0.818999767303));
#3923 = DIRECTION('',(0.,-1.,0.));
#3924 = DIRECTION('',(0.,0.,-1.));
#3925 = ADVANCED_FACE('',(#3926),#3932,.F.);
#3926 = FACE_BOUND('',#3927,.T.);
#3927 = EDGE_LOOP('',(#3928,#3929,#3930,#3931));
#3928 = ORIENTED_EDGE('',*,*,#3850,.T.);
#3929 = ORIENTED_EDGE('',*,*,#3874,.T.);
#3930 = ORIENTED_EDGE('',*,*,#3898,.T.);
#3931 = ORIENTED_EDGE('',*,*,#3915,.T.);
#3932 = PLANE('',#3933);
#3933 = AXIS2_PLACEMENT_3D('',#3934,#3935,#3936);
#3934 = CARTESIAN_POINT('',(-2.899984123281,-4.749995240625,
    -0.818999767303));
#3935 = DIRECTION('',(0.,0.,1.));
#3936 = DIRECTION('',(1.,0.,-0.));
#3937 = ADVANCED_FACE('',(#3938),#3963,.T.);
#3938 = FACE_BOUND('',#3939,.T.);
#3939 = EDGE_LOOP('',(#3940,#3948,#3949,#3957));
#3940 = ORIENTED_EDGE('',*,*,#3941,.T.);
#3941 = EDGE_CURVE('',#3942,#3092,#3944,.T.);
#3942 = VERTEX_POINT('',#3943);
#3943 = CARTESIAN_POINT('',(-1.649984123281,-4.749995240625,
    -0.818999767303));
#3944 = LINE('',#3945,#3946);
#3945 = CARTESIAN_POINT('',(-1.649984123281,-4.749995240625,
    -0.818999767303));
#3946 = VECTOR('',#3947,1.);
#3947 = DIRECTION('',(0.,0.,1.));
#3948 = ORIENTED_EDGE('',*,*,#3091,.T.);
#3949 = ORIENTED_EDGE('',*,*,#3950,.F.);
#3950 = EDGE_CURVE('',#3951,#3094,#3953,.T.);
#3951 = VERTEX_POINT('',#3952);
#3952 = CARTESIAN_POINT('',(-1.649984123281,-3.249993160625,
    -0.818999767303));
#3953 = LINE('',#3954,#3955);
#3954 = CARTESIAN_POINT('',(-1.649984123281,-3.249993160625,
    -0.818999767303));
#3955 = VECTOR('',#3956,1.);
#3956 = DIRECTION('',(0.,0.,1.));
#3957 = ORIENTED_EDGE('',*,*,#3958,.F.);
#3958 = EDGE_CURVE('',#3942,#3951,#3959,.T.);
#3959 = LINE('',#3960,#3961);
#3960 = CARTESIAN_POINT('',(-1.649984123281,-4.749995240625,
    -0.818999767303));
#3961 = VECTOR('',#3962,1.);
#3962 = DIRECTION('',(0.,1.,0.));
#3963 = PLANE('',#3964);
#3964 = AXIS2_PLACEMENT_3D('',#3965,#3966,#3967);
#3965 = CARTESIAN_POINT('',(-1.649984123281,-4.749995240625,
    -0.818999767303));
#3966 = DIRECTION('',(-1.,0.,0.));
#3967 = DIRECTION('',(0.,0.,1.));
#3968 = ADVANCED_FACE('',(#3969),#3987,.T.);
#3969 = FACE_BOUND('',#3970,.T.);
#3970 = EDGE_LOOP('',(#3971,#3972,#3973,#3981));
#3971 = ORIENTED_EDGE('',*,*,#3950,.T.);
#3972 = ORIENTED_EDGE('',*,*,#3117,.T.);
#3973 = ORIENTED_EDGE('',*,*,#3974,.F.);
#3974 = EDGE_CURVE('',#3975,#3110,#3977,.T.);
#3975 = VERTEX_POINT('',#3976);
#3976 = CARTESIAN_POINT('',(-0.849985723281,-3.249993160625,
    -0.818999767303));
#3977 = LINE('',#3978,#3979);
#3978 = CARTESIAN_POINT('',(-0.849985723281,-3.249993160625,
    -0.818999767303));
#3979 = VECTOR('',#3980,1.);
#3980 = DIRECTION('',(0.,0.,1.));
#3981 = ORIENTED_EDGE('',*,*,#3982,.F.);
#3982 = EDGE_CURVE('',#3951,#3975,#3983,.T.);
#3983 = LINE('',#3984,#3985);
#3984 = CARTESIAN_POINT('',(-1.649984123281,-3.249993160625,
    -0.818999767303));
#3985 = VECTOR('',#3986,1.);
#3986 = DIRECTION('',(1.,0.,0.));
#3987 = PLANE('',#3988);
#3988 = AXIS2_PLACEMENT_3D('',#3989,#3990,#3991);
#3989 = CARTESIAN_POINT('',(-1.649984123281,-3.249993160625,
    -0.818999767303));
#3990 = DIRECTION('',(-0.,1.,0.));
#3991 = DIRECTION('',(1.,0.,0.));
#3992 = ADVANCED_FACE('',(#3993),#4011,.T.);
#3993 = FACE_BOUND('',#3994,.T.);
#3994 = EDGE_LOOP('',(#3995,#3996,#3997,#4005));
#3995 = ORIENTED_EDGE('',*,*,#3974,.T.);
#3996 = ORIENTED_EDGE('',*,*,#3109,.T.);
#3997 = ORIENTED_EDGE('',*,*,#3998,.F.);
#3998 = EDGE_CURVE('',#3999,#3102,#4001,.T.);
#3999 = VERTEX_POINT('',#4000);
#4000 = CARTESIAN_POINT('',(-0.849985723281,-4.749995240625,
    -0.818999767303));
#4001 = LINE('',#4002,#4003);
#4002 = CARTESIAN_POINT('',(-0.849985723281,-4.749995240625,
    -0.818999767303));
#4003 = VECTOR('',#4004,1.);
#4004 = DIRECTION('',(0.,0.,1.));
#4005 = ORIENTED_EDGE('',*,*,#4006,.F.);
#4006 = EDGE_CURVE('',#3975,#3999,#4007,.T.);
#4007 = LINE('',#4008,#4009);
#4008 = CARTESIAN_POINT('',(-0.849985723281,-3.249993160625,
    -0.818999767303));
#4009 = VECTOR('',#4010,1.);
#4010 = DIRECTION('',(0.,-1.,0.));
#4011 = PLANE('',#4012);
#4012 = AXIS2_PLACEMENT_3D('',#4013,#4014,#4015);
#4013 = CARTESIAN_POINT('',(-0.849985723281,-3.249993160625,
    -0.818999767303));
#4014 = DIRECTION('',(1.,0.,0.));
#4015 = DIRECTION('',(-0.,1.,0.));
#4016 = ADVANCED_FACE('',(#4017),#4028,.T.);
#4017 = FACE_BOUND('',#4018,.T.);
#4018 = EDGE_LOOP('',(#4019,#4020,#4021,#4022));
#4019 = ORIENTED_EDGE('',*,*,#3998,.T.);
#4020 = ORIENTED_EDGE('',*,*,#3101,.T.);
#4021 = ORIENTED_EDGE('',*,*,#3941,.F.);
#4022 = ORIENTED_EDGE('',*,*,#4023,.F.);
#4023 = EDGE_CURVE('',#3999,#3942,#4024,.T.);
#4024 = LINE('',#4025,#4026);
#4025 = CARTESIAN_POINT('',(-0.849985723281,-4.749995240625,
    -0.818999767303));
#4026 = VECTOR('',#4027,1.);
#4027 = DIRECTION('',(-1.,0.,0.));
#4028 = PLANE('',#4029);
#4029 = AXIS2_PLACEMENT_3D('',#4030,#4031,#4032);
#4030 = CARTESIAN_POINT('',(-0.849985723281,-4.749995240625,
    -0.818999767303));
#4031 = DIRECTION('',(0.,-1.,0.));
#4032 = DIRECTION('',(0.,0.,-1.));
#4033 = ADVANCED_FACE('',(#4034),#4040,.F.);
#4034 = FACE_BOUND('',#4035,.T.);
#4035 = EDGE_LOOP('',(#4036,#4037,#4038,#4039));
#4036 = ORIENTED_EDGE('',*,*,#3958,.T.);
#4037 = ORIENTED_EDGE('',*,*,#3982,.T.);
#4038 = ORIENTED_EDGE('',*,*,#4006,.T.);
#4039 = ORIENTED_EDGE('',*,*,#4023,.T.);
#4040 = PLANE('',#4041);
#4041 = AXIS2_PLACEMENT_3D('',#4042,#4043,#4044);
#4042 = CARTESIAN_POINT('',(-1.649984123281,-4.749995240625,
    -0.818999767303));
#4043 = DIRECTION('',(0.,0.,1.));
#4044 = DIRECTION('',(1.,0.,-0.));
#4045 = ADVANCED_FACE('',(#4046),#4071,.T.);
#4046 = FACE_BOUND('',#4047,.T.);
#4047 = EDGE_LOOP('',(#4048,#4056,#4057,#4065));
#4048 = ORIENTED_EDGE('',*,*,#4049,.T.);
#4049 = EDGE_CURVE('',#4050,#3126,#4052,.T.);
#4050 = VERTEX_POINT('',#4051);
#4051 = CARTESIAN_POINT('',(-0.399984123281,-4.749995240625,
    -0.818999767303));
#4052 = LINE('',#4053,#4054);
#4053 = CARTESIAN_POINT('',(-0.399984123281,-4.749995240625,
    -0.818999767303));
#4054 = VECTOR('',#4055,1.);
#4055 = DIRECTION('',(0.,0.,1.));
#4056 = ORIENTED_EDGE('',*,*,#3125,.T.);
#4057 = ORIENTED_EDGE('',*,*,#4058,.F.);
#4058 = EDGE_CURVE('',#4059,#3128,#4061,.T.);
#4059 = VERTEX_POINT('',#4060);
#4060 = CARTESIAN_POINT('',(-0.399984123281,-3.249993160625,
    -0.818999767303));
#4061 = LINE('',#4062,#4063);
#4062 = CARTESIAN_POINT('',(-0.399984123281,-3.249993160625,
    -0.818999767303));
#4063 = VECTOR('',#4064,1.);
#4064 = DIRECTION('',(0.,0.,1.));
#4065 = ORIENTED_EDGE('',*,*,#4066,.F.);
#4066 = EDGE_CURVE('',#4050,#4059,#4067,.T.);
#4067 = LINE('',#4068,#4069);
#4068 = CARTESIAN_POINT('',(-0.399984123281,-4.749995240625,
    -0.818999767303));
#4069 = VECTOR('',#4070,1.);
#4070 = DIRECTION('',(0.,1.,0.));
#4071 = PLANE('',#4072);
#4072 = AXIS2_PLACEMENT_3D('',#4073,#4074,#4075);
#4073 = CARTESIAN_POINT('',(-0.399984123281,-4.749995240625,
    -0.818999767303));
#4074 = DIRECTION('',(-1.,0.,0.));
#4075 = DIRECTION('',(0.,0.,1.));
#4076 = ADVANCED_FACE('',(#4077),#4095,.T.);
#4077 = FACE_BOUND('',#4078,.T.);
#4078 = EDGE_LOOP('',(#4079,#4080,#4081,#4089));
#4079 = ORIENTED_EDGE('',*,*,#4058,.T.);
#4080 = ORIENTED_EDGE('',*,*,#3151,.T.);
#4081 = ORIENTED_EDGE('',*,*,#4082,.F.);
#4082 = EDGE_CURVE('',#4083,#3144,#4085,.T.);
#4083 = VERTEX_POINT('',#4084);
#4084 = CARTESIAN_POINT('',(0.400014276719,-3.249993160625,
    -0.818999767303));
#4085 = LINE('',#4086,#4087);
#4086 = CARTESIAN_POINT('',(0.400014276719,-3.249993160625,
    -0.818999767303));
#4087 = VECTOR('',#4088,1.);
#4088 = DIRECTION('',(0.,0.,1.));
#4089 = ORIENTED_EDGE('',*,*,#4090,.F.);
#4090 = EDGE_CURVE('',#4059,#4083,#4091,.T.);
#4091 = LINE('',#4092,#4093);
#4092 = CARTESIAN_POINT('',(-0.399984123281,-3.249993160625,
    -0.818999767303));
#4093 = VECTOR('',#4094,1.);
#4094 = DIRECTION('',(1.,0.,0.));
#4095 = PLANE('',#4096);
#4096 = AXIS2_PLACEMENT_3D('',#4097,#4098,#4099);
#4097 = CARTESIAN_POINT('',(-0.399984123281,-3.249993160625,
    -0.818999767303));
#4098 = DIRECTION('',(-0.,1.,0.));
#4099 = DIRECTION('',(1.,0.,0.));
#4100 = ADVANCED_FACE('',(#4101),#4119,.T.);
#4101 = FACE_BOUND('',#4102,.T.);
#4102 = EDGE_LOOP('',(#4103,#4104,#4105,#4113));
#4103 = ORIENTED_EDGE('',*,*,#4082,.T.);
#4104 = ORIENTED_EDGE('',*,*,#3143,.T.);
#4105 = ORIENTED_EDGE('',*,*,#4106,.F.);
#4106 = EDGE_CURVE('',#4107,#3136,#4109,.T.);
#4107 = VERTEX_POINT('',#4108);
#4108 = CARTESIAN_POINT('',(0.400014276719,-4.749995240625,
    -0.818999767303));
#4109 = LINE('',#4110,#4111);
#4110 = CARTESIAN_POINT('',(0.400014276719,-4.749995240625,
    -0.818999767303));
#4111 = VECTOR('',#4112,1.);
#4112 = DIRECTION('',(0.,0.,1.));
#4113 = ORIENTED_EDGE('',*,*,#4114,.F.);
#4114 = EDGE_CURVE('',#4083,#4107,#4115,.T.);
#4115 = LINE('',#4116,#4117);
#4116 = CARTESIAN_POINT('',(0.400014276719,-3.249993160625,
    -0.818999767303));
#4117 = VECTOR('',#4118,1.);
#4118 = DIRECTION('',(0.,-1.,0.));
#4119 = PLANE('',#4120);
#4120 = AXIS2_PLACEMENT_3D('',#4121,#4122,#4123);
#4121 = CARTESIAN_POINT('',(0.400014276719,-3.249993160625,
    -0.818999767303));
#4122 = DIRECTION('',(1.,0.,0.));
#4123 = DIRECTION('',(-0.,1.,0.));
#4124 = ADVANCED_FACE('',(#4125),#4136,.T.);
#4125 = FACE_BOUND('',#4126,.T.);
#4126 = EDGE_LOOP('',(#4127,#4128,#4129,#4130));
#4127 = ORIENTED_EDGE('',*,*,#4106,.T.);
#4128 = ORIENTED_EDGE('',*,*,#3135,.T.);
#4129 = ORIENTED_EDGE('',*,*,#4049,.F.);
#4130 = ORIENTED_EDGE('',*,*,#4131,.F.);
#4131 = EDGE_CURVE('',#4107,#4050,#4132,.T.);
#4132 = LINE('',#4133,#4134);
#4133 = CARTESIAN_POINT('',(0.400014276719,-4.749995240625,
    -0.818999767303));
#4134 = VECTOR('',#4135,1.);
#4135 = DIRECTION('',(-1.,0.,0.));
#4136 = PLANE('',#4137);
#4137 = AXIS2_PLACEMENT_3D('',#4138,#4139,#4140);
#4138 = CARTESIAN_POINT('',(0.400014276719,-4.749995240625,
    -0.818999767303));
#4139 = DIRECTION('',(0.,-1.,0.));
#4140 = DIRECTION('',(0.,0.,-1.));
#4141 = ADVANCED_FACE('',(#4142),#4148,.F.);
#4142 = FACE_BOUND('',#4143,.T.);
#4143 = EDGE_LOOP('',(#4144,#4145,#4146,#4147));
#4144 = ORIENTED_EDGE('',*,*,#4066,.T.);
#4145 = ORIENTED_EDGE('',*,*,#4090,.T.);
#4146 = ORIENTED_EDGE('',*,*,#4114,.T.);
#4147 = ORIENTED_EDGE('',*,*,#4131,.T.);
#4148 = PLANE('',#4149);
#4149 = AXIS2_PLACEMENT_3D('',#4150,#4151,#4152);
#4150 = CARTESIAN_POINT('',(-0.399984123281,-4.749995240625,
    -0.818999767303));
#4151 = DIRECTION('',(0.,0.,1.));
#4152 = DIRECTION('',(1.,0.,-0.));
#4153 = ADVANCED_FACE('',(#4154),#4179,.T.);
#4154 = FACE_BOUND('',#4155,.T.);
#4155 = EDGE_LOOP('',(#4156,#4164,#4165,#4173));
#4156 = ORIENTED_EDGE('',*,*,#4157,.T.);
#4157 = EDGE_CURVE('',#4158,#3160,#4160,.T.);
#4158 = VERTEX_POINT('',#4159);
#4159 = CARTESIAN_POINT('',(0.850015876719,-4.749995240625,
    -0.818999767303));
#4160 = LINE('',#4161,#4162);
#4161 = CARTESIAN_POINT('',(0.850015876719,-4.749995240625,
    -0.818999767303));
#4162 = VECTOR('',#4163,1.);
#4163 = DIRECTION('',(0.,0.,1.));
#4164 = ORIENTED_EDGE('',*,*,#3159,.T.);
#4165 = ORIENTED_EDGE('',*,*,#4166,.F.);
#4166 = EDGE_CURVE('',#4167,#3162,#4169,.T.);
#4167 = VERTEX_POINT('',#4168);
#4168 = CARTESIAN_POINT('',(0.850015876719,-3.249993160625,
    -0.818999767303));
#4169 = LINE('',#4170,#4171);
#4170 = CARTESIAN_POINT('',(0.850015876719,-3.249993160625,
    -0.818999767303));
#4171 = VECTOR('',#4172,1.);
#4172 = DIRECTION('',(0.,0.,1.));
#4173 = ORIENTED_EDGE('',*,*,#4174,.F.);
#4174 = EDGE_CURVE('',#4158,#4167,#4175,.T.);
#4175 = LINE('',#4176,#4177);
#4176 = CARTESIAN_POINT('',(0.850015876719,-4.749995240625,
    -0.818999767303));
#4177 = VECTOR('',#4178,1.);
#4178 = DIRECTION('',(0.,1.,0.));
#4179 = PLANE('',#4180);
#4180 = AXIS2_PLACEMENT_3D('',#4181,#4182,#4183);
#4181 = CARTESIAN_POINT('',(0.850015876719,-4.749995240625,
    -0.818999767303));
#4182 = DIRECTION('',(-1.,0.,0.));
#4183 = DIRECTION('',(0.,0.,1.));
#4184 = ADVANCED_FACE('',(#4185),#4203,.T.);
#4185 = FACE_BOUND('',#4186,.T.);
#4186 = EDGE_LOOP('',(#4187,#4188,#4189,#4197));
#4187 = ORIENTED_EDGE('',*,*,#4166,.T.);
#4188 = ORIENTED_EDGE('',*,*,#3185,.T.);
#4189 = ORIENTED_EDGE('',*,*,#4190,.F.);
#4190 = EDGE_CURVE('',#4191,#3178,#4193,.T.);
#4191 = VERTEX_POINT('',#4192);
#4192 = CARTESIAN_POINT('',(1.650014276719,-3.249993160625,
    -0.818999767303));
#4193 = LINE('',#4194,#4195);
#4194 = CARTESIAN_POINT('',(1.650014276719,-3.249993160625,
    -0.818999767303));
#4195 = VECTOR('',#4196,1.);
#4196 = DIRECTION('',(0.,0.,1.));
#4197 = ORIENTED_EDGE('',*,*,#4198,.F.);
#4198 = EDGE_CURVE('',#4167,#4191,#4199,.T.);
#4199 = LINE('',#4200,#4201);
#4200 = CARTESIAN_POINT('',(0.850015876719,-3.249993160625,
    -0.818999767303));
#4201 = VECTOR('',#4202,1.);
#4202 = DIRECTION('',(1.,0.,0.));
#4203 = PLANE('',#4204);
#4204 = AXIS2_PLACEMENT_3D('',#4205,#4206,#4207);
#4205 = CARTESIAN_POINT('',(0.850015876719,-3.249993160625,
    -0.818999767303));
#4206 = DIRECTION('',(-0.,1.,0.));
#4207 = DIRECTION('',(1.,0.,0.));
#4208 = ADVANCED_FACE('',(#4209),#4227,.T.);
#4209 = FACE_BOUND('',#4210,.T.);
#4210 = EDGE_LOOP('',(#4211,#4212,#4213,#4221));
#4211 = ORIENTED_EDGE('',*,*,#4190,.T.);
#4212 = ORIENTED_EDGE('',*,*,#3177,.T.);
#4213 = ORIENTED_EDGE('',*,*,#4214,.F.);
#4214 = EDGE_CURVE('',#4215,#3170,#4217,.T.);
#4215 = VERTEX_POINT('',#4216);
#4216 = CARTESIAN_POINT('',(1.650014276719,-4.749995240625,
    -0.818999767303));
#4217 = LINE('',#4218,#4219);
#4218 = CARTESIAN_POINT('',(1.650014276719,-4.749995240625,
    -0.818999767303));
#4219 = VECTOR('',#4220,1.);
#4220 = DIRECTION('',(0.,0.,1.));
#4221 = ORIENTED_EDGE('',*,*,#4222,.F.);
#4222 = EDGE_CURVE('',#4191,#4215,#4223,.T.);
#4223 = LINE('',#4224,#4225);
#4224 = CARTESIAN_POINT('',(1.650014276719,-3.249993160625,
    -0.818999767303));
#4225 = VECTOR('',#4226,1.);
#4226 = DIRECTION('',(0.,-1.,0.));
#4227 = PLANE('',#4228);
#4228 = AXIS2_PLACEMENT_3D('',#4229,#4230,#4231);
#4229 = CARTESIAN_POINT('',(1.650014276719,-3.249993160625,
    -0.818999767303));
#4230 = DIRECTION('',(1.,0.,0.));
#4231 = DIRECTION('',(-0.,1.,0.));
#4232 = ADVANCED_FACE('',(#4233),#4244,.T.);
#4233 = FACE_BOUND('',#4234,.T.);
#4234 = EDGE_LOOP('',(#4235,#4236,#4237,#4238));
#4235 = ORIENTED_EDGE('',*,*,#4214,.T.);
#4236 = ORIENTED_EDGE('',*,*,#3169,.T.);
#4237 = ORIENTED_EDGE('',*,*,#4157,.F.);
#4238 = ORIENTED_EDGE('',*,*,#4239,.F.);
#4239 = EDGE_CURVE('',#4215,#4158,#4240,.T.);
#4240 = LINE('',#4241,#4242);
#4241 = CARTESIAN_POINT('',(1.650014276719,-4.749995240625,
    -0.818999767303));
#4242 = VECTOR('',#4243,1.);
#4243 = DIRECTION('',(-1.,0.,0.));
#4244 = PLANE('',#4245);
#4245 = AXIS2_PLACEMENT_3D('',#4246,#4247,#4248);
#4246 = CARTESIAN_POINT('',(1.650014276719,-4.749995240625,
    -0.818999767303));
#4247 = DIRECTION('',(0.,-1.,0.));
#4248 = DIRECTION('',(0.,0.,-1.));
#4249 = ADVANCED_FACE('',(#4250),#4256,.F.);
#4250 = FACE_BOUND('',#4251,.T.);
#4251 = EDGE_LOOP('',(#4252,#4253,#4254,#4255));
#4252 = ORIENTED_EDGE('',*,*,#4174,.T.);
#4253 = ORIENTED_EDGE('',*,*,#4198,.T.);
#4254 = ORIENTED_EDGE('',*,*,#4222,.T.);
#4255 = ORIENTED_EDGE('',*,*,#4239,.T.);
#4256 = PLANE('',#4257);
#4257 = AXIS2_PLACEMENT_3D('',#4258,#4259,#4260);
#4258 = CARTESIAN_POINT('',(0.850015876719,-4.749995240625,
    -0.818999767303));
#4259 = DIRECTION('',(0.,0.,1.));
#4260 = DIRECTION('',(1.,0.,-0.));
#4261 = ADVANCED_FACE('',(#4262),#4287,.T.);
#4262 = FACE_BOUND('',#4263,.T.);
#4263 = EDGE_LOOP('',(#4264,#4272,#4273,#4281));
#4264 = ORIENTED_EDGE('',*,*,#4265,.T.);
#4265 = EDGE_CURVE('',#4266,#3194,#4268,.T.);
#4266 = VERTEX_POINT('',#4267);
#4267 = CARTESIAN_POINT('',(2.100015876719,-4.749995240625,
    -0.818999767303));
#4268 = LINE('',#4269,#4270);
#4269 = CARTESIAN_POINT('',(2.100015876719,-4.749995240625,
    -0.818999767303));
#4270 = VECTOR('',#4271,1.);
#4271 = DIRECTION('',(0.,0.,1.));
#4272 = ORIENTED_EDGE('',*,*,#3193,.T.);
#4273 = ORIENTED_EDGE('',*,*,#4274,.F.);
#4274 = EDGE_CURVE('',#4275,#3196,#4277,.T.);
#4275 = VERTEX_POINT('',#4276);
#4276 = CARTESIAN_POINT('',(2.100015876719,-3.249993160625,
    -0.818999767303));
#4277 = LINE('',#4278,#4279);
#4278 = CARTESIAN_POINT('',(2.100015876719,-3.249993160625,
    -0.818999767303));
#4279 = VECTOR('',#4280,1.);
#4280 = DIRECTION('',(0.,0.,1.));
#4281 = ORIENTED_EDGE('',*,*,#4282,.F.);
#4282 = EDGE_CURVE('',#4266,#4275,#4283,.T.);
#4283 = LINE('',#4284,#4285);
#4284 = CARTESIAN_POINT('',(2.100015876719,-4.749995240625,
    -0.818999767303));
#4285 = VECTOR('',#4286,1.);
#4286 = DIRECTION('',(0.,1.,0.));
#4287 = PLANE('',#4288);
#4288 = AXIS2_PLACEMENT_3D('',#4289,#4290,#4291);
#4289 = CARTESIAN_POINT('',(2.100015876719,-4.749995240625,
    -0.818999767303));
#4290 = DIRECTION('',(-1.,0.,0.));
#4291 = DIRECTION('',(0.,0.,1.));
#4292 = ADVANCED_FACE('',(#4293),#4311,.T.);
#4293 = FACE_BOUND('',#4294,.T.);
#4294 = EDGE_LOOP('',(#4295,#4296,#4297,#4305));
#4295 = ORIENTED_EDGE('',*,*,#4274,.T.);
#4296 = ORIENTED_EDGE('',*,*,#3219,.T.);
#4297 = ORIENTED_EDGE('',*,*,#4298,.F.);
#4298 = EDGE_CURVE('',#4299,#3212,#4301,.T.);
#4299 = VERTEX_POINT('',#4300);
#4300 = CARTESIAN_POINT('',(2.900014276719,-3.249993160625,
    -0.818999767303));
#4301 = LINE('',#4302,#4303);
#4302 = CARTESIAN_POINT('',(2.900014276719,-3.249993160625,
    -0.818999767303));
#4303 = VECTOR('',#4304,1.);
#4304 = DIRECTION('',(0.,0.,1.));
#4305 = ORIENTED_EDGE('',*,*,#4306,.F.);
#4306 = EDGE_CURVE('',#4275,#4299,#4307,.T.);
#4307 = LINE('',#4308,#4309);
#4308 = CARTESIAN_POINT('',(2.100015876719,-3.249993160625,
    -0.818999767303));
#4309 = VECTOR('',#4310,1.);
#4310 = DIRECTION('',(1.,0.,0.));
#4311 = PLANE('',#4312);
#4312 = AXIS2_PLACEMENT_3D('',#4313,#4314,#4315);
#4313 = CARTESIAN_POINT('',(2.100015876719,-3.249993160625,
    -0.818999767303));
#4314 = DIRECTION('',(-0.,1.,0.));
#4315 = DIRECTION('',(1.,0.,0.));
#4316 = ADVANCED_FACE('',(#4317),#4335,.T.);
#4317 = FACE_BOUND('',#4318,.T.);
#4318 = EDGE_LOOP('',(#4319,#4320,#4321,#4329));
#4319 = ORIENTED_EDGE('',*,*,#4298,.T.);
#4320 = ORIENTED_EDGE('',*,*,#3211,.T.);
#4321 = ORIENTED_EDGE('',*,*,#4322,.F.);
#4322 = EDGE_CURVE('',#4323,#3204,#4325,.T.);
#4323 = VERTEX_POINT('',#4324);
#4324 = CARTESIAN_POINT('',(2.900014276719,-4.749995240625,
    -0.818999767303));
#4325 = LINE('',#4326,#4327);
#4326 = CARTESIAN_POINT('',(2.900014276719,-4.749995240625,
    -0.818999767303));
#4327 = VECTOR('',#4328,1.);
#4328 = DIRECTION('',(0.,0.,1.));
#4329 = ORIENTED_EDGE('',*,*,#4330,.F.);
#4330 = EDGE_CURVE('',#4299,#4323,#4331,.T.);
#4331 = LINE('',#4332,#4333);
#4332 = CARTESIAN_POINT('',(2.900014276719,-3.249993160625,
    -0.818999767303));
#4333 = VECTOR('',#4334,1.);
#4334 = DIRECTION('',(0.,-1.,0.));
#4335 = PLANE('',#4336);
#4336 = AXIS2_PLACEMENT_3D('',#4337,#4338,#4339);
#4337 = CARTESIAN_POINT('',(2.900014276719,-3.249993160625,
    -0.818999767303));
#4338 = DIRECTION('',(1.,0.,0.));
#4339 = DIRECTION('',(-0.,1.,0.));
#4340 = ADVANCED_FACE('',(#4341),#4352,.T.);
#4341 = FACE_BOUND('',#4342,.T.);
#4342 = EDGE_LOOP('',(#4343,#4344,#4345,#4346));
#4343 = ORIENTED_EDGE('',*,*,#4322,.T.);
#4344 = ORIENTED_EDGE('',*,*,#3203,.T.);
#4345 = ORIENTED_EDGE('',*,*,#4265,.F.);
#4346 = ORIENTED_EDGE('',*,*,#4347,.F.);
#4347 = EDGE_CURVE('',#4323,#4266,#4348,.T.);
#4348 = LINE('',#4349,#4350);
#4349 = CARTESIAN_POINT('',(2.900014276719,-4.749995240625,
    -0.818999767303));
#4350 = VECTOR('',#4351,1.);
#4351 = DIRECTION('',(-1.,0.,0.));
#4352 = PLANE('',#4353);
#4353 = AXIS2_PLACEMENT_3D('',#4354,#4355,#4356);
#4354 = CARTESIAN_POINT('',(2.900014276719,-4.749995240625,
    -0.818999767303));
#4355 = DIRECTION('',(0.,-1.,0.));
#4356 = DIRECTION('',(0.,0.,-1.));
#4357 = ADVANCED_FACE('',(#4358),#4364,.F.);
#4358 = FACE_BOUND('',#4359,.T.);
#4359 = EDGE_LOOP('',(#4360,#4361,#4362,#4363));
#4360 = ORIENTED_EDGE('',*,*,#4282,.T.);
#4361 = ORIENTED_EDGE('',*,*,#4306,.T.);
#4362 = ORIENTED_EDGE('',*,*,#4330,.T.);
#4363 = ORIENTED_EDGE('',*,*,#4347,.T.);
#4364 = PLANE('',#4365);
#4365 = AXIS2_PLACEMENT_3D('',#4366,#4367,#4368);
#4366 = CARTESIAN_POINT('',(2.100015876719,-4.749995240625,
    -0.818999767303));
#4367 = DIRECTION('',(0.,0.,1.));
#4368 = DIRECTION('',(1.,0.,-0.));
#4369 = ADVANCED_FACE('',(#4370),#4395,.T.);
#4370 = FACE_BOUND('',#4371,.T.);
#4371 = EDGE_LOOP('',(#4372,#4380,#4381,#4389));
#4372 = ORIENTED_EDGE('',*,*,#4373,.T.);
#4373 = EDGE_CURVE('',#4374,#3228,#4376,.T.);
#4374 = VERTEX_POINT('',#4375);
#4375 = CARTESIAN_POINT('',(3.249983519141,-2.100010259414,
    -0.818999767303));
#4376 = LINE('',#4377,#4378);
#4377 = CARTESIAN_POINT('',(3.249983519141,-2.100010259414,
    -0.818999767303));
#4378 = VECTOR('',#4379,1.);
#4379 = DIRECTION('',(0.,0.,1.));
#4380 = ORIENTED_EDGE('',*,*,#3227,.T.);
#4381 = ORIENTED_EDGE('',*,*,#4382,.F.);
#4382 = EDGE_CURVE('',#4383,#3230,#4385,.T.);
#4383 = VERTEX_POINT('',#4384);
#4384 = CARTESIAN_POINT('',(4.749985599141,-2.100010259414,
    -0.818999767303));
#4385 = LINE('',#4386,#4387);
#4386 = CARTESIAN_POINT('',(4.749985599141,-2.100010259414,
    -0.818999767303));
#4387 = VECTOR('',#4388,1.);
#4388 = DIRECTION('',(0.,0.,1.));
#4389 = ORIENTED_EDGE('',*,*,#4390,.F.);
#4390 = EDGE_CURVE('',#4374,#4383,#4391,.T.);
#4391 = LINE('',#4392,#4393);
#4392 = CARTESIAN_POINT('',(3.249983519141,-2.100010259414,
    -0.818999767303));
#4393 = VECTOR('',#4394,1.);
#4394 = DIRECTION('',(1.,0.,0.));
#4395 = PLANE('',#4396);
#4396 = AXIS2_PLACEMENT_3D('',#4397,#4398,#4399);
#4397 = CARTESIAN_POINT('',(3.249983519141,-2.100010259414,
    -0.818999767303));
#4398 = DIRECTION('',(-0.,1.,0.));
#4399 = DIRECTION('',(1.,0.,0.));
#4400 = ADVANCED_FACE('',(#4401),#4419,.T.);
#4401 = FACE_BOUND('',#4402,.T.);
#4402 = EDGE_LOOP('',(#4403,#4404,#4405,#4413));
#4403 = ORIENTED_EDGE('',*,*,#4382,.T.);
#4404 = ORIENTED_EDGE('',*,*,#3253,.T.);
#4405 = ORIENTED_EDGE('',*,*,#4406,.F.);
#4406 = EDGE_CURVE('',#4407,#3246,#4409,.T.);
#4407 = VERTEX_POINT('',#4408);
#4408 = CARTESIAN_POINT('',(4.749985599141,-2.900008659414,
    -0.818999767303));
#4409 = LINE('',#4410,#4411);
#4410 = CARTESIAN_POINT('',(4.749985599141,-2.900008659414,
    -0.818999767303));
#4411 = VECTOR('',#4412,1.);
#4412 = DIRECTION('',(0.,0.,1.));
#4413 = ORIENTED_EDGE('',*,*,#4414,.F.);
#4414 = EDGE_CURVE('',#4383,#4407,#4415,.T.);
#4415 = LINE('',#4416,#4417);
#4416 = CARTESIAN_POINT('',(4.749985599141,-2.100010259414,
    -0.818999767303));
#4417 = VECTOR('',#4418,1.);
#4418 = DIRECTION('',(0.,-1.,0.));
#4419 = PLANE('',#4420);
#4420 = AXIS2_PLACEMENT_3D('',#4421,#4422,#4423);
#4421 = CARTESIAN_POINT('',(4.749985599141,-2.100010259414,
    -0.818999767303));
#4422 = DIRECTION('',(1.,0.,0.));
#4423 = DIRECTION('',(-0.,1.,0.));
#4424 = ADVANCED_FACE('',(#4425),#4443,.T.);
#4425 = FACE_BOUND('',#4426,.T.);
#4426 = EDGE_LOOP('',(#4427,#4428,#4429,#4437));
#4427 = ORIENTED_EDGE('',*,*,#4406,.T.);
#4428 = ORIENTED_EDGE('',*,*,#3245,.T.);
#4429 = ORIENTED_EDGE('',*,*,#4430,.F.);
#4430 = EDGE_CURVE('',#4431,#3238,#4433,.T.);
#4431 = VERTEX_POINT('',#4432);
#4432 = CARTESIAN_POINT('',(3.249983519141,-2.900008659414,
    -0.818999767303));
#4433 = LINE('',#4434,#4435);
#4434 = CARTESIAN_POINT('',(3.249983519141,-2.900008659414,
    -0.818999767303));
#4435 = VECTOR('',#4436,1.);
#4436 = DIRECTION('',(0.,0.,1.));
#4437 = ORIENTED_EDGE('',*,*,#4438,.F.);
#4438 = EDGE_CURVE('',#4407,#4431,#4439,.T.);
#4439 = LINE('',#4440,#4441);
#4440 = CARTESIAN_POINT('',(4.749985599141,-2.900008659414,
    -0.818999767303));
#4441 = VECTOR('',#4442,1.);
#4442 = DIRECTION('',(-1.,0.,0.));
#4443 = PLANE('',#4444);
#4444 = AXIS2_PLACEMENT_3D('',#4445,#4446,#4447);
#4445 = CARTESIAN_POINT('',(4.749985599141,-2.900008659414,
    -0.818999767303));
#4446 = DIRECTION('',(0.,-1.,0.));
#4447 = DIRECTION('',(0.,0.,-1.));
#4448 = ADVANCED_FACE('',(#4449),#4460,.T.);
#4449 = FACE_BOUND('',#4450,.T.);
#4450 = EDGE_LOOP('',(#4451,#4452,#4453,#4454));
#4451 = ORIENTED_EDGE('',*,*,#4430,.T.);
#4452 = ORIENTED_EDGE('',*,*,#3237,.T.);
#4453 = ORIENTED_EDGE('',*,*,#4373,.F.);
#4454 = ORIENTED_EDGE('',*,*,#4455,.F.);
#4455 = EDGE_CURVE('',#4431,#4374,#4456,.T.);
#4456 = LINE('',#4457,#4458);
#4457 = CARTESIAN_POINT('',(3.249983519141,-2.900008659414,
    -0.818999767303));
#4458 = VECTOR('',#4459,1.);
#4459 = DIRECTION('',(0.,1.,0.));
#4460 = PLANE('',#4461);
#4461 = AXIS2_PLACEMENT_3D('',#4462,#4463,#4464);
#4462 = CARTESIAN_POINT('',(3.249983519141,-2.900008659414,
    -0.818999767303));
#4463 = DIRECTION('',(-1.,0.,0.));
#4464 = DIRECTION('',(0.,0.,1.));
#4465 = ADVANCED_FACE('',(#4466),#4472,.F.);
#4466 = FACE_BOUND('',#4467,.T.);
#4467 = EDGE_LOOP('',(#4468,#4469,#4470,#4471));
#4468 = ORIENTED_EDGE('',*,*,#4390,.T.);
#4469 = ORIENTED_EDGE('',*,*,#4414,.T.);
#4470 = ORIENTED_EDGE('',*,*,#4438,.T.);
#4471 = ORIENTED_EDGE('',*,*,#4455,.T.);
#4472 = PLANE('',#4473);
#4473 = AXIS2_PLACEMENT_3D('',#4474,#4475,#4476);
#4474 = CARTESIAN_POINT('',(3.249983519141,-2.100010259414,
    -0.818999767303));
#4475 = DIRECTION('',(0.,0.,1.));
#4476 = DIRECTION('',(1.,0.,-0.));
#4477 = ADVANCED_FACE('',(#4478),#4503,.F.);
#4478 = FACE_BOUND('',#4479,.T.);
#4479 = EDGE_LOOP('',(#4480,#4490,#4496,#4497));
#4480 = ORIENTED_EDGE('',*,*,#4481,.T.);
#4481 = EDGE_CURVE('',#4482,#4484,#4486,.T.);
#4482 = VERTEX_POINT('',#4483);
#4483 = CARTESIAN_POINT('',(0.250006916719,-0.249991120625,
    -0.828999757767));
#4484 = VERTEX_POINT('',#4485);
#4485 = CARTESIAN_POINT('',(0.250014536719,-2.249997280625,
    -0.828999757767));
#4486 = LINE('',#4487,#4488);
#4487 = CARTESIAN_POINT('',(0.250006916719,-0.249991120625,
    -0.828999757767));
#4488 = VECTOR('',#4489,1.);
#4489 = DIRECTION('',(3.809988274914E-06,-0.999999999993,0.));
#4490 = ORIENTED_EDGE('',*,*,#4491,.T.);
#4491 = EDGE_CURVE('',#4484,#3656,#4492,.T.);
#4492 = LINE('',#4493,#4494);
#4493 = CARTESIAN_POINT('',(0.250014536719,-2.249997280625,
    -0.828999757767));
#4494 = VECTOR('',#4495,1.);
#4495 = DIRECTION('',(0.,0.,1.));
#4496 = ORIENTED_EDGE('',*,*,#3655,.F.);
#4497 = ORIENTED_EDGE('',*,*,#4498,.F.);
#4498 = EDGE_CURVE('',#4482,#3648,#4499,.T.);
#4499 = LINE('',#4500,#4501);
#4500 = CARTESIAN_POINT('',(0.250006916719,-0.249991120625,
    -0.828999757767));
#4501 = VECTOR('',#4502,1.);
#4502 = DIRECTION('',(0.,0.,1.));
#4503 = PLANE('',#4504);
#4504 = AXIS2_PLACEMENT_3D('',#4505,#4506,#4507);
#4505 = CARTESIAN_POINT('',(0.250006916719,-0.249991120625,
    -0.828999757767));
#4506 = DIRECTION('',(0.999999999993,3.809988274914E-06,0.));
#4507 = DIRECTION('',(0.,0.,-1.));
#4508 = ADVANCED_FACE('',(#4509),#4527,.F.);
#4509 = FACE_BOUND('',#4510,.T.);
#4510 = EDGE_LOOP('',(#4511,#4519,#4525,#4526));
#4511 = ORIENTED_EDGE('',*,*,#4512,.T.);
#4512 = EDGE_CURVE('',#4484,#4513,#4515,.T.);
#4513 = VERTEX_POINT('',#4514);
#4514 = CARTESIAN_POINT('',(2.250025776719,-2.249994740625,
    -0.828999757767));
#4515 = LINE('',#4516,#4517);
#4516 = CARTESIAN_POINT('',(0.250014536719,-2.249997280625,
    -0.828999757767));
#4517 = VECTOR('',#4518,1.);
#4518 = DIRECTION('',(0.999999999999,1.269992861138E-06,0.));
#4519 = ORIENTED_EDGE('',*,*,#4520,.T.);
#4520 = EDGE_CURVE('',#4513,#3664,#4521,.T.);
#4521 = LINE('',#4522,#4523);
#4522 = CARTESIAN_POINT('',(2.250025776719,-2.249994740625,
    -0.828999757767));
#4523 = VECTOR('',#4524,1.);
#4524 = DIRECTION('',(0.,0.,1.));
#4525 = ORIENTED_EDGE('',*,*,#3663,.F.);
#4526 = ORIENTED_EDGE('',*,*,#4491,.F.);
#4527 = PLANE('',#4528);
#4528 = AXIS2_PLACEMENT_3D('',#4529,#4530,#4531);
#4529 = CARTESIAN_POINT('',(0.250014536719,-2.249997280625,
    -0.828999757767));
#4530 = DIRECTION('',(-1.269992861138E-06,0.999999999999,0.));
#4531 = DIRECTION('',(0.,0.,1.));
#4532 = ADVANCED_FACE('',(#4533),#4551,.F.);
#4533 = FACE_BOUND('',#4534,.T.);
#4534 = EDGE_LOOP('',(#4535,#4543,#4549,#4550));
#4535 = ORIENTED_EDGE('',*,*,#4536,.T.);
#4536 = EDGE_CURVE('',#4513,#4537,#4539,.T.);
#4537 = VERTEX_POINT('',#4538);
#4538 = CARTESIAN_POINT('',(2.250000376719,-0.249996200625,
    -0.828999757767));
#4539 = LINE('',#4540,#4541);
#4540 = CARTESIAN_POINT('',(2.250025776719,-2.249994740625,
    -0.828999757767));
#4541 = VECTOR('',#4542,1.);
#4542 = DIRECTION('',(-1.270000928339E-05,0.999999999919,0.));
#4543 = ORIENTED_EDGE('',*,*,#4544,.T.);
#4544 = EDGE_CURVE('',#4537,#3646,#4545,.T.);
#4545 = LINE('',#4546,#4547);
#4546 = CARTESIAN_POINT('',(2.250000376719,-0.249996200625,
    -0.828999757767));
#4547 = VECTOR('',#4548,1.);
#4548 = DIRECTION('',(0.,0.,1.));
#4549 = ORIENTED_EDGE('',*,*,#3671,.F.);
#4550 = ORIENTED_EDGE('',*,*,#4520,.F.);
#4551 = PLANE('',#4552);
#4552 = AXIS2_PLACEMENT_3D('',#4553,#4554,#4555);
#4553 = CARTESIAN_POINT('',(2.250025776719,-2.249994740625,
    -0.828999757767));
#4554 = DIRECTION('',(-0.999999999919,-1.270000928339E-05,0.));
#4555 = DIRECTION('',(-1.270000928339E-05,0.999999999919,0.));
#4556 = ADVANCED_FACE('',(#4557),#4568,.F.);
#4557 = FACE_BOUND('',#4558,.T.);
#4558 = EDGE_LOOP('',(#4559,#4565,#4566,#4567));
#4559 = ORIENTED_EDGE('',*,*,#4560,.T.);
#4560 = EDGE_CURVE('',#4537,#4482,#4561,.T.);
#4561 = LINE('',#4562,#4563);
#4562 = CARTESIAN_POINT('',(2.250000376719,-0.249996200625,
    -0.828999757767));
#4563 = VECTOR('',#4564,1.);
#4564 = DIRECTION('',(-0.999999999997,2.540008302815E-06,0.));
#4565 = ORIENTED_EDGE('',*,*,#4498,.T.);
#4566 = ORIENTED_EDGE('',*,*,#3645,.F.);
#4567 = ORIENTED_EDGE('',*,*,#4544,.F.);
#4568 = PLANE('',#4569);
#4569 = AXIS2_PLACEMENT_3D('',#4570,#4571,#4572);
#4570 = CARTESIAN_POINT('',(2.250000376719,-0.249996200625,
    -0.828999757767));
#4571 = DIRECTION('',(-2.540008302815E-06,-0.999999999997,0.));
#4572 = DIRECTION('',(-0.999999999997,2.540008302815E-06,0.));
#4573 = ADVANCED_FACE('',(#4574),#4580,.T.);
#4574 = FACE_BOUND('',#4575,.T.);
#4575 = EDGE_LOOP('',(#4576,#4577,#4578,#4579));
#4576 = ORIENTED_EDGE('',*,*,#4560,.F.);
#4577 = ORIENTED_EDGE('',*,*,#4536,.F.);
#4578 = ORIENTED_EDGE('',*,*,#4512,.F.);
#4579 = ORIENTED_EDGE('',*,*,#4481,.F.);
#4580 = PLANE('',#4581);
#4581 = AXIS2_PLACEMENT_3D('',#4582,#4583,#4584);
#4582 = CARTESIAN_POINT('',(0.250006916719,-0.249991120625,
    -0.828999757767));
#4583 = DIRECTION('',(0.,0.,-1.));
#4584 = DIRECTION('',(0.,-1.,0.));
#4585 = ADVANCED_FACE('',(#4586),#4611,.F.);
#4586 = FACE_BOUND('',#4587,.T.);
#4587 = EDGE_LOOP('',(#4588,#4598,#4604,#4605));
#4588 = ORIENTED_EDGE('',*,*,#4589,.T.);
#4589 = EDGE_CURVE('',#4590,#4592,#4594,.T.);
#4590 = VERTEX_POINT('',#4591);
#4591 = CARTESIAN_POINT('',(0.250006916719,2.250008879375,
    -0.828999757767));
#4592 = VERTEX_POINT('',#4593);
#4593 = CARTESIAN_POINT('',(0.250014536719,0.250002719375,
    -0.828999757767));
#4594 = LINE('',#4595,#4596);
#4595 = CARTESIAN_POINT('',(0.250006916719,2.250008879375,
    -0.828999757767));
#4596 = VECTOR('',#4597,1.);
#4597 = DIRECTION('',(3.809988274914E-06,-0.999999999993,0.));
#4598 = ORIENTED_EDGE('',*,*,#4599,.T.);
#4599 = EDGE_CURVE('',#4592,#3622,#4600,.T.);
#4600 = LINE('',#4601,#4602);
#4601 = CARTESIAN_POINT('',(0.250014536719,0.250002719375,
    -0.828999757767));
#4602 = VECTOR('',#4603,1.);
#4603 = DIRECTION('',(0.,0.,1.));
#4604 = ORIENTED_EDGE('',*,*,#3621,.F.);
#4605 = ORIENTED_EDGE('',*,*,#4606,.F.);
#4606 = EDGE_CURVE('',#4590,#3614,#4607,.T.);
#4607 = LINE('',#4608,#4609);
#4608 = CARTESIAN_POINT('',(0.250006916719,2.250008879375,
    -0.828999757767));
#4609 = VECTOR('',#4610,1.);
#4610 = DIRECTION('',(0.,0.,1.));
#4611 = PLANE('',#4612);
#4612 = AXIS2_PLACEMENT_3D('',#4613,#4614,#4615);
#4613 = CARTESIAN_POINT('',(0.250006916719,2.250008879375,
    -0.828999757767));
#4614 = DIRECTION('',(0.999999999993,3.809988274914E-06,0.));
#4615 = DIRECTION('',(0.,0.,-1.));
#4616 = ADVANCED_FACE('',(#4617),#4635,.F.);
#4617 = FACE_BOUND('',#4618,.T.);
#4618 = EDGE_LOOP('',(#4619,#4627,#4633,#4634));
#4619 = ORIENTED_EDGE('',*,*,#4620,.T.);
#4620 = EDGE_CURVE('',#4592,#4621,#4623,.T.);
#4621 = VERTEX_POINT('',#4622);
#4622 = CARTESIAN_POINT('',(2.250025776719,0.250005259375,
    -0.828999757767));
#4623 = LINE('',#4624,#4625);
#4624 = CARTESIAN_POINT('',(0.250014536719,0.250002719375,
    -0.828999757767));
#4625 = VECTOR('',#4626,1.);
#4626 = DIRECTION('',(0.999999999999,1.269992861138E-06,0.));
#4627 = ORIENTED_EDGE('',*,*,#4628,.T.);
#4628 = EDGE_CURVE('',#4621,#3630,#4629,.T.);
#4629 = LINE('',#4630,#4631);
#4630 = CARTESIAN_POINT('',(2.250025776719,0.250005259375,
    -0.828999757767));
#4631 = VECTOR('',#4632,1.);
#4632 = DIRECTION('',(0.,0.,1.));
#4633 = ORIENTED_EDGE('',*,*,#3629,.F.);
#4634 = ORIENTED_EDGE('',*,*,#4599,.F.);
#4635 = PLANE('',#4636);
#4636 = AXIS2_PLACEMENT_3D('',#4637,#4638,#4639);
#4637 = CARTESIAN_POINT('',(0.250014536719,0.250002719375,
    -0.828999757767));
#4638 = DIRECTION('',(-1.269992861138E-06,0.999999999999,0.));
#4639 = DIRECTION('',(0.,0.,1.));
#4640 = ADVANCED_FACE('',(#4641),#4659,.F.);
#4641 = FACE_BOUND('',#4642,.T.);
#4642 = EDGE_LOOP('',(#4643,#4651,#4657,#4658));
#4643 = ORIENTED_EDGE('',*,*,#4644,.T.);
#4644 = EDGE_CURVE('',#4621,#4645,#4647,.T.);
#4645 = VERTEX_POINT('',#4646);
#4646 = CARTESIAN_POINT('',(2.250000376719,2.250003799375,
    -0.828999757767));
#4647 = LINE('',#4648,#4649);
#4648 = CARTESIAN_POINT('',(2.250025776719,0.250005259375,
    -0.828999757767));
#4649 = VECTOR('',#4650,1.);
#4650 = DIRECTION('',(-1.270000928339E-05,0.999999999919,0.));
#4651 = ORIENTED_EDGE('',*,*,#4652,.T.);
#4652 = EDGE_CURVE('',#4645,#3612,#4653,.T.);
#4653 = LINE('',#4654,#4655);
#4654 = CARTESIAN_POINT('',(2.250000376719,2.250003799375,
    -0.828999757767));
#4655 = VECTOR('',#4656,1.);
#4656 = DIRECTION('',(0.,0.,1.));
#4657 = ORIENTED_EDGE('',*,*,#3637,.F.);
#4658 = ORIENTED_EDGE('',*,*,#4628,.F.);
#4659 = PLANE('',#4660);
#4660 = AXIS2_PLACEMENT_3D('',#4661,#4662,#4663);
#4661 = CARTESIAN_POINT('',(2.250025776719,0.250005259375,
    -0.828999757767));
#4662 = DIRECTION('',(-0.999999999919,-1.270000928339E-05,0.));
#4663 = DIRECTION('',(-1.270000928339E-05,0.999999999919,0.));
#4664 = ADVANCED_FACE('',(#4665),#4676,.F.);
#4665 = FACE_BOUND('',#4666,.T.);
#4666 = EDGE_LOOP('',(#4667,#4673,#4674,#4675));
#4667 = ORIENTED_EDGE('',*,*,#4668,.T.);
#4668 = EDGE_CURVE('',#4645,#4590,#4669,.T.);
#4669 = LINE('',#4670,#4671);
#4670 = CARTESIAN_POINT('',(2.250000376719,2.250003799375,
    -0.828999757767));
#4671 = VECTOR('',#4672,1.);
#4672 = DIRECTION('',(-0.999999999997,2.540008302815E-06,0.));
#4673 = ORIENTED_EDGE('',*,*,#4606,.T.);
#4674 = ORIENTED_EDGE('',*,*,#3611,.F.);
#4675 = ORIENTED_EDGE('',*,*,#4652,.F.);
#4676 = PLANE('',#4677);
#4677 = AXIS2_PLACEMENT_3D('',#4678,#4679,#4680);
#4678 = CARTESIAN_POINT('',(2.250000376719,2.250003799375,
    -0.828999757767));
#4679 = DIRECTION('',(-2.540008302815E-06,-0.999999999997,0.));
#4680 = DIRECTION('',(-0.999999999997,2.540008302815E-06,0.));
#4681 = ADVANCED_FACE('',(#4682),#4688,.T.);
#4682 = FACE_BOUND('',#4683,.T.);
#4683 = EDGE_LOOP('',(#4684,#4685,#4686,#4687));
#4684 = ORIENTED_EDGE('',*,*,#4668,.F.);
#4685 = ORIENTED_EDGE('',*,*,#4644,.F.);
#4686 = ORIENTED_EDGE('',*,*,#4620,.F.);
#4687 = ORIENTED_EDGE('',*,*,#4589,.F.);
#4688 = PLANE('',#4689);
#4689 = AXIS2_PLACEMENT_3D('',#4690,#4691,#4692);
#4690 = CARTESIAN_POINT('',(0.250006916719,2.250008879375,
    -0.828999757767));
#4691 = DIRECTION('',(0.,0.,-1.));
#4692 = DIRECTION('',(0.,-1.,0.));
#4693 = ADVANCED_FACE('',(#4694),#4719,.T.);
#4694 = FACE_BOUND('',#4695,.T.);
#4695 = EDGE_LOOP('',(#4696,#4704,#4705,#4713));
#4696 = ORIENTED_EDGE('',*,*,#4697,.T.);
#4697 = EDGE_CURVE('',#4698,#3262,#4700,.T.);
#4698 = VERTEX_POINT('',#4699);
#4699 = CARTESIAN_POINT('',(3.249983519141,-0.850010259414,
    -0.818999767303));
#4700 = LINE('',#4701,#4702);
#4701 = CARTESIAN_POINT('',(3.249983519141,-0.850010259414,
    -0.818999767303));
#4702 = VECTOR('',#4703,1.);
#4703 = DIRECTION('',(0.,0.,1.));
#4704 = ORIENTED_EDGE('',*,*,#3261,.T.);
#4705 = ORIENTED_EDGE('',*,*,#4706,.F.);
#4706 = EDGE_CURVE('',#4707,#3264,#4709,.T.);
#4707 = VERTEX_POINT('',#4708);
#4708 = CARTESIAN_POINT('',(4.749985599141,-0.850010259414,
    -0.818999767303));
#4709 = LINE('',#4710,#4711);
#4710 = CARTESIAN_POINT('',(4.749985599141,-0.850010259414,
    -0.818999767303));
#4711 = VECTOR('',#4712,1.);
#4712 = DIRECTION('',(0.,0.,1.));
#4713 = ORIENTED_EDGE('',*,*,#4714,.F.);
#4714 = EDGE_CURVE('',#4698,#4707,#4715,.T.);
#4715 = LINE('',#4716,#4717);
#4716 = CARTESIAN_POINT('',(3.249983519141,-0.850010259414,
    -0.818999767303));
#4717 = VECTOR('',#4718,1.);
#4718 = DIRECTION('',(1.,0.,0.));
#4719 = PLANE('',#4720);
#4720 = AXIS2_PLACEMENT_3D('',#4721,#4722,#4723);
#4721 = CARTESIAN_POINT('',(3.249983519141,-0.850010259414,
    -0.818999767303));
#4722 = DIRECTION('',(-0.,1.,0.));
#4723 = DIRECTION('',(1.,0.,0.));
#4724 = ADVANCED_FACE('',(#4725),#4743,.T.);
#4725 = FACE_BOUND('',#4726,.T.);
#4726 = EDGE_LOOP('',(#4727,#4728,#4729,#4737));
#4727 = ORIENTED_EDGE('',*,*,#4706,.T.);
#4728 = ORIENTED_EDGE('',*,*,#3287,.T.);
#4729 = ORIENTED_EDGE('',*,*,#4730,.F.);
#4730 = EDGE_CURVE('',#4731,#3280,#4733,.T.);
#4731 = VERTEX_POINT('',#4732);
#4732 = CARTESIAN_POINT('',(4.749985599141,-1.650008659414,
    -0.818999767303));
#4733 = LINE('',#4734,#4735);
#4734 = CARTESIAN_POINT('',(4.749985599141,-1.650008659414,
    -0.818999767303));
#4735 = VECTOR('',#4736,1.);
#4736 = DIRECTION('',(0.,0.,1.));
#4737 = ORIENTED_EDGE('',*,*,#4738,.F.);
#4738 = EDGE_CURVE('',#4707,#4731,#4739,.T.);
#4739 = LINE('',#4740,#4741);
#4740 = CARTESIAN_POINT('',(4.749985599141,-0.850010259414,
    -0.818999767303));
#4741 = VECTOR('',#4742,1.);
#4742 = DIRECTION('',(0.,-1.,0.));
#4743 = PLANE('',#4744);
#4744 = AXIS2_PLACEMENT_3D('',#4745,#4746,#4747);
#4745 = CARTESIAN_POINT('',(4.749985599141,-0.850010259414,
    -0.818999767303));
#4746 = DIRECTION('',(1.,0.,0.));
#4747 = DIRECTION('',(-0.,1.,0.));
#4748 = ADVANCED_FACE('',(#4749),#4767,.T.);
#4749 = FACE_BOUND('',#4750,.T.);
#4750 = EDGE_LOOP('',(#4751,#4752,#4753,#4761));
#4751 = ORIENTED_EDGE('',*,*,#4730,.T.);
#4752 = ORIENTED_EDGE('',*,*,#3279,.T.);
#4753 = ORIENTED_EDGE('',*,*,#4754,.F.);
#4754 = EDGE_CURVE('',#4755,#3272,#4757,.T.);
#4755 = VERTEX_POINT('',#4756);
#4756 = CARTESIAN_POINT('',(3.249983519141,-1.650008659414,
    -0.818999767303));
#4757 = LINE('',#4758,#4759);
#4758 = CARTESIAN_POINT('',(3.249983519141,-1.650008659414,
    -0.818999767303));
#4759 = VECTOR('',#4760,1.);
#4760 = DIRECTION('',(0.,0.,1.));
#4761 = ORIENTED_EDGE('',*,*,#4762,.F.);
#4762 = EDGE_CURVE('',#4731,#4755,#4763,.T.);
#4763 = LINE('',#4764,#4765);
#4764 = CARTESIAN_POINT('',(4.749985599141,-1.650008659414,
    -0.818999767303));
#4765 = VECTOR('',#4766,1.);
#4766 = DIRECTION('',(-1.,0.,0.));
#4767 = PLANE('',#4768);
#4768 = AXIS2_PLACEMENT_3D('',#4769,#4770,#4771);
#4769 = CARTESIAN_POINT('',(4.749985599141,-1.650008659414,
    -0.818999767303));
#4770 = DIRECTION('',(0.,-1.,0.));
#4771 = DIRECTION('',(0.,0.,-1.));
#4772 = ADVANCED_FACE('',(#4773),#4784,.T.);
#4773 = FACE_BOUND('',#4774,.T.);
#4774 = EDGE_LOOP('',(#4775,#4776,#4777,#4778));
#4775 = ORIENTED_EDGE('',*,*,#4754,.T.);
#4776 = ORIENTED_EDGE('',*,*,#3271,.T.);
#4777 = ORIENTED_EDGE('',*,*,#4697,.F.);
#4778 = ORIENTED_EDGE('',*,*,#4779,.F.);
#4779 = EDGE_CURVE('',#4755,#4698,#4780,.T.);
#4780 = LINE('',#4781,#4782);
#4781 = CARTESIAN_POINT('',(3.249983519141,-1.650008659414,
    -0.818999767303));
#4782 = VECTOR('',#4783,1.);
#4783 = DIRECTION('',(0.,1.,0.));
#4784 = PLANE('',#4785);
#4785 = AXIS2_PLACEMENT_3D('',#4786,#4787,#4788);
#4786 = CARTESIAN_POINT('',(3.249983519141,-1.650008659414,
    -0.818999767303));
#4787 = DIRECTION('',(-1.,0.,0.));
#4788 = DIRECTION('',(0.,0.,1.));
#4789 = ADVANCED_FACE('',(#4790),#4796,.F.);
#4790 = FACE_BOUND('',#4791,.T.);
#4791 = EDGE_LOOP('',(#4792,#4793,#4794,#4795));
#4792 = ORIENTED_EDGE('',*,*,#4714,.T.);
#4793 = ORIENTED_EDGE('',*,*,#4738,.T.);
#4794 = ORIENTED_EDGE('',*,*,#4762,.T.);
#4795 = ORIENTED_EDGE('',*,*,#4779,.T.);
#4796 = PLANE('',#4797);
#4797 = AXIS2_PLACEMENT_3D('',#4798,#4799,#4800);
#4798 = CARTESIAN_POINT('',(3.249983519141,-0.850010259414,
    -0.818999767303));
#4799 = DIRECTION('',(0.,0.,1.));
#4800 = DIRECTION('',(1.,0.,-0.));
#4801 = ADVANCED_FACE('',(#4802),#4827,.T.);
#4802 = FACE_BOUND('',#4803,.T.);
#4803 = EDGE_LOOP('',(#4804,#4812,#4813,#4821));
#4804 = ORIENTED_EDGE('',*,*,#4805,.T.);
#4805 = EDGE_CURVE('',#4806,#3296,#4808,.T.);
#4806 = VERTEX_POINT('',#4807);
#4807 = CARTESIAN_POINT('',(3.249983519141,0.400004999375,
    -0.818999767303));
#4808 = LINE('',#4809,#4810);
#4809 = CARTESIAN_POINT('',(3.249983519141,0.400004999375,
    -0.818999767303));
#4810 = VECTOR('',#4811,1.);
#4811 = DIRECTION('',(0.,0.,1.));
#4812 = ORIENTED_EDGE('',*,*,#3295,.T.);
#4813 = ORIENTED_EDGE('',*,*,#4814,.F.);
#4814 = EDGE_CURVE('',#4815,#3298,#4817,.T.);
#4815 = VERTEX_POINT('',#4816);
#4816 = CARTESIAN_POINT('',(4.749985599141,0.400004999375,
    -0.818999767303));
#4817 = LINE('',#4818,#4819);
#4818 = CARTESIAN_POINT('',(4.749985599141,0.400004999375,
    -0.818999767303));
#4819 = VECTOR('',#4820,1.);
#4820 = DIRECTION('',(0.,0.,1.));
#4821 = ORIENTED_EDGE('',*,*,#4822,.F.);
#4822 = EDGE_CURVE('',#4806,#4815,#4823,.T.);
#4823 = LINE('',#4824,#4825);
#4824 = CARTESIAN_POINT('',(3.249983519141,0.400004999375,
    -0.818999767303));
#4825 = VECTOR('',#4826,1.);
#4826 = DIRECTION('',(1.,0.,0.));
#4827 = PLANE('',#4828);
#4828 = AXIS2_PLACEMENT_3D('',#4829,#4830,#4831);
#4829 = CARTESIAN_POINT('',(3.249983519141,0.400004999375,
    -0.818999767303));
#4830 = DIRECTION('',(-0.,1.,0.));
#4831 = DIRECTION('',(1.,0.,0.));
#4832 = ADVANCED_FACE('',(#4833),#4851,.T.);
#4833 = FACE_BOUND('',#4834,.T.);
#4834 = EDGE_LOOP('',(#4835,#4836,#4837,#4845));
#4835 = ORIENTED_EDGE('',*,*,#4814,.T.);
#4836 = ORIENTED_EDGE('',*,*,#3321,.T.);
#4837 = ORIENTED_EDGE('',*,*,#4838,.F.);
#4838 = EDGE_CURVE('',#4839,#3314,#4841,.T.);
#4839 = VERTEX_POINT('',#4840);
#4840 = CARTESIAN_POINT('',(4.749985599141,-0.399993400625,
    -0.818999767303));
#4841 = LINE('',#4842,#4843);
#4842 = CARTESIAN_POINT('',(4.749985599141,-0.399993400625,
    -0.818999767303));
#4843 = VECTOR('',#4844,1.);
#4844 = DIRECTION('',(0.,0.,1.));
#4845 = ORIENTED_EDGE('',*,*,#4846,.F.);
#4846 = EDGE_CURVE('',#4815,#4839,#4847,.T.);
#4847 = LINE('',#4848,#4849);
#4848 = CARTESIAN_POINT('',(4.749985599141,0.400004999375,
    -0.818999767303));
#4849 = VECTOR('',#4850,1.);
#4850 = DIRECTION('',(0.,-1.,0.));
#4851 = PLANE('',#4852);
#4852 = AXIS2_PLACEMENT_3D('',#4853,#4854,#4855);
#4853 = CARTESIAN_POINT('',(4.749985599141,0.400004999375,
    -0.818999767303));
#4854 = DIRECTION('',(1.,0.,0.));
#4855 = DIRECTION('',(-0.,1.,0.));
#4856 = ADVANCED_FACE('',(#4857),#4875,.T.);
#4857 = FACE_BOUND('',#4858,.T.);
#4858 = EDGE_LOOP('',(#4859,#4860,#4861,#4869));
#4859 = ORIENTED_EDGE('',*,*,#4838,.T.);
#4860 = ORIENTED_EDGE('',*,*,#3313,.T.);
#4861 = ORIENTED_EDGE('',*,*,#4862,.F.);
#4862 = EDGE_CURVE('',#4863,#3306,#4865,.T.);
#4863 = VERTEX_POINT('',#4864);
#4864 = CARTESIAN_POINT('',(3.249983519141,-0.399993400625,
    -0.818999767303));
#4865 = LINE('',#4866,#4867);
#4866 = CARTESIAN_POINT('',(3.249983519141,-0.399993400625,
    -0.818999767303));
#4867 = VECTOR('',#4868,1.);
#4868 = DIRECTION('',(0.,0.,1.));
#4869 = ORIENTED_EDGE('',*,*,#4870,.F.);
#4870 = EDGE_CURVE('',#4839,#4863,#4871,.T.);
#4871 = LINE('',#4872,#4873);
#4872 = CARTESIAN_POINT('',(4.749985599141,-0.399993400625,
    -0.818999767303));
#4873 = VECTOR('',#4874,1.);
#4874 = DIRECTION('',(-1.,0.,0.));
#4875 = PLANE('',#4876);
#4876 = AXIS2_PLACEMENT_3D('',#4877,#4878,#4879);
#4877 = CARTESIAN_POINT('',(4.749985599141,-0.399993400625,
    -0.818999767303));
#4878 = DIRECTION('',(0.,-1.,0.));
#4879 = DIRECTION('',(0.,0.,-1.));
#4880 = ADVANCED_FACE('',(#4881),#4892,.T.);
#4881 = FACE_BOUND('',#4882,.T.);
#4882 = EDGE_LOOP('',(#4883,#4884,#4885,#4886));
#4883 = ORIENTED_EDGE('',*,*,#4862,.T.);
#4884 = ORIENTED_EDGE('',*,*,#3305,.T.);
#4885 = ORIENTED_EDGE('',*,*,#4805,.F.);
#4886 = ORIENTED_EDGE('',*,*,#4887,.F.);
#4887 = EDGE_CURVE('',#4863,#4806,#4888,.T.);
#4888 = LINE('',#4889,#4890);
#4889 = CARTESIAN_POINT('',(3.249983519141,-0.399993400625,
    -0.818999767303));
#4890 = VECTOR('',#4891,1.);
#4891 = DIRECTION('',(0.,1.,0.));
#4892 = PLANE('',#4893);
#4893 = AXIS2_PLACEMENT_3D('',#4894,#4895,#4896);
#4894 = CARTESIAN_POINT('',(3.249983519141,-0.399993400625,
    -0.818999767303));
#4895 = DIRECTION('',(-1.,0.,0.));
#4896 = DIRECTION('',(0.,0.,1.));
#4897 = ADVANCED_FACE('',(#4898),#4904,.F.);
#4898 = FACE_BOUND('',#4899,.T.);
#4899 = EDGE_LOOP('',(#4900,#4901,#4902,#4903));
#4900 = ORIENTED_EDGE('',*,*,#4822,.T.);
#4901 = ORIENTED_EDGE('',*,*,#4846,.T.);
#4902 = ORIENTED_EDGE('',*,*,#4870,.T.);
#4903 = ORIENTED_EDGE('',*,*,#4887,.T.);
#4904 = PLANE('',#4905);
#4905 = AXIS2_PLACEMENT_3D('',#4906,#4907,#4908);
#4906 = CARTESIAN_POINT('',(3.249983519141,0.400004999375,
    -0.818999767303));
#4907 = DIRECTION('',(0.,0.,1.));
#4908 = DIRECTION('',(1.,0.,-0.));
#4909 = ADVANCED_FACE('',(#4910),#4935,.T.);
#4910 = FACE_BOUND('',#4911,.T.);
#4911 = EDGE_LOOP('',(#4912,#4920,#4921,#4929));
#4912 = ORIENTED_EDGE('',*,*,#4913,.T.);
#4913 = EDGE_CURVE('',#4914,#3330,#4916,.T.);
#4914 = VERTEX_POINT('',#4915);
#4915 = CARTESIAN_POINT('',(3.249983519141,1.650004999375,
    -0.818999767303));
#4916 = LINE('',#4917,#4918);
#4917 = CARTESIAN_POINT('',(3.249983519141,1.650004999375,
    -0.818999767303));
#4918 = VECTOR('',#4919,1.);
#4919 = DIRECTION('',(0.,0.,1.));
#4920 = ORIENTED_EDGE('',*,*,#3329,.T.);
#4921 = ORIENTED_EDGE('',*,*,#4922,.F.);
#4922 = EDGE_CURVE('',#4923,#3332,#4925,.T.);
#4923 = VERTEX_POINT('',#4924);
#4924 = CARTESIAN_POINT('',(4.749985599141,1.650004999375,
    -0.818999767303));
#4925 = LINE('',#4926,#4927);
#4926 = CARTESIAN_POINT('',(4.749985599141,1.650004999375,
    -0.818999767303));
#4927 = VECTOR('',#4928,1.);
#4928 = DIRECTION('',(0.,0.,1.));
#4929 = ORIENTED_EDGE('',*,*,#4930,.F.);
#4930 = EDGE_CURVE('',#4914,#4923,#4931,.T.);
#4931 = LINE('',#4932,#4933);
#4932 = CARTESIAN_POINT('',(3.249983519141,1.650004999375,
    -0.818999767303));
#4933 = VECTOR('',#4934,1.);
#4934 = DIRECTION('',(1.,0.,0.));
#4935 = PLANE('',#4936);
#4936 = AXIS2_PLACEMENT_3D('',#4937,#4938,#4939);
#4937 = CARTESIAN_POINT('',(3.249983519141,1.650004999375,
    -0.818999767303));
#4938 = DIRECTION('',(-0.,1.,0.));
#4939 = DIRECTION('',(1.,0.,0.));
#4940 = ADVANCED_FACE('',(#4941),#4959,.T.);
#4941 = FACE_BOUND('',#4942,.T.);
#4942 = EDGE_LOOP('',(#4943,#4944,#4945,#4953));
#4943 = ORIENTED_EDGE('',*,*,#4922,.T.);
#4944 = ORIENTED_EDGE('',*,*,#3355,.T.);
#4945 = ORIENTED_EDGE('',*,*,#4946,.F.);
#4946 = EDGE_CURVE('',#4947,#3348,#4949,.T.);
#4947 = VERTEX_POINT('',#4948);
#4948 = CARTESIAN_POINT('',(4.749985599141,0.850006599375,
    -0.818999767303));
#4949 = LINE('',#4950,#4951);
#4950 = CARTESIAN_POINT('',(4.749985599141,0.850006599375,
    -0.818999767303));
#4951 = VECTOR('',#4952,1.);
#4952 = DIRECTION('',(0.,0.,1.));
#4953 = ORIENTED_EDGE('',*,*,#4954,.F.);
#4954 = EDGE_CURVE('',#4923,#4947,#4955,.T.);
#4955 = LINE('',#4956,#4957);
#4956 = CARTESIAN_POINT('',(4.749985599141,1.650004999375,
    -0.818999767303));
#4957 = VECTOR('',#4958,1.);
#4958 = DIRECTION('',(0.,-1.,0.));
#4959 = PLANE('',#4960);
#4960 = AXIS2_PLACEMENT_3D('',#4961,#4962,#4963);
#4961 = CARTESIAN_POINT('',(4.749985599141,1.650004999375,
    -0.818999767303));
#4962 = DIRECTION('',(1.,0.,0.));
#4963 = DIRECTION('',(-0.,1.,0.));
#4964 = ADVANCED_FACE('',(#4965),#4983,.T.);
#4965 = FACE_BOUND('',#4966,.T.);
#4966 = EDGE_LOOP('',(#4967,#4968,#4969,#4977));
#4967 = ORIENTED_EDGE('',*,*,#4946,.T.);
#4968 = ORIENTED_EDGE('',*,*,#3347,.T.);
#4969 = ORIENTED_EDGE('',*,*,#4970,.F.);
#4970 = EDGE_CURVE('',#4971,#3340,#4973,.T.);
#4971 = VERTEX_POINT('',#4972);
#4972 = CARTESIAN_POINT('',(3.249983519141,0.850006599375,
    -0.818999767303));
#4973 = LINE('',#4974,#4975);
#4974 = CARTESIAN_POINT('',(3.249983519141,0.850006599375,
    -0.818999767303));
#4975 = VECTOR('',#4976,1.);
#4976 = DIRECTION('',(0.,0.,1.));
#4977 = ORIENTED_EDGE('',*,*,#4978,.F.);
#4978 = EDGE_CURVE('',#4947,#4971,#4979,.T.);
#4979 = LINE('',#4980,#4981);
#4980 = CARTESIAN_POINT('',(4.749985599141,0.850006599375,
    -0.818999767303));
#4981 = VECTOR('',#4982,1.);
#4982 = DIRECTION('',(-1.,0.,0.));
#4983 = PLANE('',#4984);
#4984 = AXIS2_PLACEMENT_3D('',#4985,#4986,#4987);
#4985 = CARTESIAN_POINT('',(4.749985599141,0.850006599375,
    -0.818999767303));
#4986 = DIRECTION('',(0.,-1.,0.));
#4987 = DIRECTION('',(0.,0.,-1.));
#4988 = ADVANCED_FACE('',(#4989),#5000,.T.);
#4989 = FACE_BOUND('',#4990,.T.);
#4990 = EDGE_LOOP('',(#4991,#4992,#4993,#4994));
#4991 = ORIENTED_EDGE('',*,*,#4970,.T.);
#4992 = ORIENTED_EDGE('',*,*,#3339,.T.);
#4993 = ORIENTED_EDGE('',*,*,#4913,.F.);
#4994 = ORIENTED_EDGE('',*,*,#4995,.F.);
#4995 = EDGE_CURVE('',#4971,#4914,#4996,.T.);
#4996 = LINE('',#4997,#4998);
#4997 = CARTESIAN_POINT('',(3.249983519141,0.850006599375,
    -0.818999767303));
#4998 = VECTOR('',#4999,1.);
#4999 = DIRECTION('',(0.,1.,0.));
#5000 = PLANE('',#5001);
#5001 = AXIS2_PLACEMENT_3D('',#5002,#5003,#5004);
#5002 = CARTESIAN_POINT('',(3.249983519141,0.850006599375,
    -0.818999767303));
#5003 = DIRECTION('',(-1.,0.,0.));
#5004 = DIRECTION('',(0.,0.,1.));
#5005 = ADVANCED_FACE('',(#5006),#5012,.F.);
#5006 = FACE_BOUND('',#5007,.T.);
#5007 = EDGE_LOOP('',(#5008,#5009,#5010,#5011));
#5008 = ORIENTED_EDGE('',*,*,#4930,.T.);
#5009 = ORIENTED_EDGE('',*,*,#4954,.T.);
#5010 = ORIENTED_EDGE('',*,*,#4978,.T.);
#5011 = ORIENTED_EDGE('',*,*,#4995,.T.);
#5012 = PLANE('',#5013);
#5013 = AXIS2_PLACEMENT_3D('',#5014,#5015,#5016);
#5014 = CARTESIAN_POINT('',(3.249983519141,1.650004999375,
    -0.818999767303));
#5015 = DIRECTION('',(0.,0.,1.));
#5016 = DIRECTION('',(1.,0.,-0.));
#5017 = ADVANCED_FACE('',(#5018),#5043,.T.);
#5018 = FACE_BOUND('',#5019,.T.);
#5019 = EDGE_LOOP('',(#5020,#5028,#5029,#5037));
#5020 = ORIENTED_EDGE('',*,*,#5021,.T.);
#5021 = EDGE_CURVE('',#5022,#3364,#5024,.T.);
#5022 = VERTEX_POINT('',#5023);
#5023 = CARTESIAN_POINT('',(3.249983519141,2.900004999375,
    -0.818999767303));
#5024 = LINE('',#5025,#5026);
#5025 = CARTESIAN_POINT('',(3.249983519141,2.900004999375,
    -0.818999767303));
#5026 = VECTOR('',#5027,1.);
#5027 = DIRECTION('',(0.,0.,1.));
#5028 = ORIENTED_EDGE('',*,*,#3363,.T.);
#5029 = ORIENTED_EDGE('',*,*,#5030,.F.);
#5030 = EDGE_CURVE('',#5031,#3366,#5033,.T.);
#5031 = VERTEX_POINT('',#5032);
#5032 = CARTESIAN_POINT('',(4.749985599141,2.900004999375,
    -0.818999767303));
#5033 = LINE('',#5034,#5035);
#5034 = CARTESIAN_POINT('',(4.749985599141,2.900004999375,
    -0.818999767303));
#5035 = VECTOR('',#5036,1.);
#5036 = DIRECTION('',(0.,0.,1.));
#5037 = ORIENTED_EDGE('',*,*,#5038,.F.);
#5038 = EDGE_CURVE('',#5022,#5031,#5039,.T.);
#5039 = LINE('',#5040,#5041);
#5040 = CARTESIAN_POINT('',(3.249983519141,2.900004999375,
    -0.818999767303));
#5041 = VECTOR('',#5042,1.);
#5042 = DIRECTION('',(1.,0.,0.));
#5043 = PLANE('',#5044);
#5044 = AXIS2_PLACEMENT_3D('',#5045,#5046,#5047);
#5045 = CARTESIAN_POINT('',(3.249983519141,2.900004999375,
    -0.818999767303));
#5046 = DIRECTION('',(-0.,1.,0.));
#5047 = DIRECTION('',(1.,0.,0.));
#5048 = ADVANCED_FACE('',(#5049),#5067,.T.);
#5049 = FACE_BOUND('',#5050,.T.);
#5050 = EDGE_LOOP('',(#5051,#5052,#5053,#5061));
#5051 = ORIENTED_EDGE('',*,*,#5030,.T.);
#5052 = ORIENTED_EDGE('',*,*,#3389,.T.);
#5053 = ORIENTED_EDGE('',*,*,#5054,.F.);
#5054 = EDGE_CURVE('',#5055,#3382,#5057,.T.);
#5055 = VERTEX_POINT('',#5056);
#5056 = CARTESIAN_POINT('',(4.749985599141,2.100006599375,
    -0.818999767303));
#5057 = LINE('',#5058,#5059);
#5058 = CARTESIAN_POINT('',(4.749985599141,2.100006599375,
    -0.818999767303));
#5059 = VECTOR('',#5060,1.);
#5060 = DIRECTION('',(0.,0.,1.));
#5061 = ORIENTED_EDGE('',*,*,#5062,.F.);
#5062 = EDGE_CURVE('',#5031,#5055,#5063,.T.);
#5063 = LINE('',#5064,#5065);
#5064 = CARTESIAN_POINT('',(4.749985599141,2.900004999375,
    -0.818999767303));
#5065 = VECTOR('',#5066,1.);
#5066 = DIRECTION('',(0.,-1.,0.));
#5067 = PLANE('',#5068);
#5068 = AXIS2_PLACEMENT_3D('',#5069,#5070,#5071);
#5069 = CARTESIAN_POINT('',(4.749985599141,2.900004999375,
    -0.818999767303));
#5070 = DIRECTION('',(1.,0.,0.));
#5071 = DIRECTION('',(-0.,1.,0.));
#5072 = ADVANCED_FACE('',(#5073),#5091,.T.);
#5073 = FACE_BOUND('',#5074,.T.);
#5074 = EDGE_LOOP('',(#5075,#5076,#5077,#5085));
#5075 = ORIENTED_EDGE('',*,*,#5054,.T.);
#5076 = ORIENTED_EDGE('',*,*,#3381,.T.);
#5077 = ORIENTED_EDGE('',*,*,#5078,.F.);
#5078 = EDGE_CURVE('',#5079,#3374,#5081,.T.);
#5079 = VERTEX_POINT('',#5080);
#5080 = CARTESIAN_POINT('',(3.249983519141,2.100006599375,
    -0.818999767303));
#5081 = LINE('',#5082,#5083);
#5082 = CARTESIAN_POINT('',(3.249983519141,2.100006599375,
    -0.818999767303));
#5083 = VECTOR('',#5084,1.);
#5084 = DIRECTION('',(0.,0.,1.));
#5085 = ORIENTED_EDGE('',*,*,#5086,.F.);
#5086 = EDGE_CURVE('',#5055,#5079,#5087,.T.);
#5087 = LINE('',#5088,#5089);
#5088 = CARTESIAN_POINT('',(4.749985599141,2.100006599375,
    -0.818999767303));
#5089 = VECTOR('',#5090,1.);
#5090 = DIRECTION('',(-1.,0.,0.));
#5091 = PLANE('',#5092);
#5092 = AXIS2_PLACEMENT_3D('',#5093,#5094,#5095);
#5093 = CARTESIAN_POINT('',(4.749985599141,2.100006599375,
    -0.818999767303));
#5094 = DIRECTION('',(0.,-1.,0.));
#5095 = DIRECTION('',(0.,0.,-1.));
#5096 = ADVANCED_FACE('',(#5097),#5108,.T.);
#5097 = FACE_BOUND('',#5098,.T.);
#5098 = EDGE_LOOP('',(#5099,#5100,#5101,#5102));
#5099 = ORIENTED_EDGE('',*,*,#5078,.T.);
#5100 = ORIENTED_EDGE('',*,*,#3373,.T.);
#5101 = ORIENTED_EDGE('',*,*,#5021,.F.);
#5102 = ORIENTED_EDGE('',*,*,#5103,.F.);
#5103 = EDGE_CURVE('',#5079,#5022,#5104,.T.);
#5104 = LINE('',#5105,#5106);
#5105 = CARTESIAN_POINT('',(3.249983519141,2.100006599375,
    -0.818999767303));
#5106 = VECTOR('',#5107,1.);
#5107 = DIRECTION('',(0.,1.,0.));
#5108 = PLANE('',#5109);
#5109 = AXIS2_PLACEMENT_3D('',#5110,#5111,#5112);
#5110 = CARTESIAN_POINT('',(3.249983519141,2.100006599375,
    -0.818999767303));
#5111 = DIRECTION('',(-1.,0.,0.));
#5112 = DIRECTION('',(0.,0.,1.));
#5113 = ADVANCED_FACE('',(#5114),#5120,.F.);
#5114 = FACE_BOUND('',#5115,.T.);
#5115 = EDGE_LOOP('',(#5116,#5117,#5118,#5119));
#5116 = ORIENTED_EDGE('',*,*,#5038,.T.);
#5117 = ORIENTED_EDGE('',*,*,#5062,.T.);
#5118 = ORIENTED_EDGE('',*,*,#5086,.T.);
#5119 = ORIENTED_EDGE('',*,*,#5103,.T.);
#5120 = PLANE('',#5121);
#5121 = AXIS2_PLACEMENT_3D('',#5122,#5123,#5124);
#5122 = CARTESIAN_POINT('',(3.249983519141,2.900004999375,
    -0.818999767303));
#5123 = DIRECTION('',(0.,0.,1.));
#5124 = DIRECTION('',(1.,0.,-0.));
#5125 = ADVANCED_FACE('',(#5126),#5151,.T.);
#5126 = FACE_BOUND('',#5127,.T.);
#5127 = EDGE_LOOP('',(#5128,#5136,#5144,#5150));
#5128 = ORIENTED_EDGE('',*,*,#5129,.T.);
#5129 = EDGE_CURVE('',#3544,#5130,#5132,.T.);
#5130 = VERTEX_POINT('',#5131);
#5131 = CARTESIAN_POINT('',(-5.050000190735,-5.050000190735,0.));
#5132 = LINE('',#5133,#5134);
#5133 = CARTESIAN_POINT('',(-5.050000190735,-5.050000190735,-0.79399892)
  );
#5134 = VECTOR('',#5135,1.);
#5135 = DIRECTION('',(0.,0.,1.));
#5136 = ORIENTED_EDGE('',*,*,#5137,.T.);
#5137 = EDGE_CURVE('',#5130,#5138,#5140,.T.);
#5138 = VERTEX_POINT('',#5139);
#5139 = CARTESIAN_POINT('',(-5.050000190735,5.050000190735,0.));
#5140 = LINE('',#5141,#5142);
#5141 = CARTESIAN_POINT('',(-5.050000190735,-5.050000190735,0.));
#5142 = VECTOR('',#5143,1.);
#5143 = DIRECTION('',(0.,1.,0.));
#5144 = ORIENTED_EDGE('',*,*,#5145,.F.);
#5145 = EDGE_CURVE('',#3546,#5138,#5146,.T.);
#5146 = LINE('',#5147,#5148);
#5147 = CARTESIAN_POINT('',(-5.050000190735,5.050000190735,-0.79399892)
  );
#5148 = VECTOR('',#5149,1.);
#5149 = DIRECTION('',(0.,0.,1.));
#5150 = ORIENTED_EDGE('',*,*,#3543,.F.);
#5151 = PLANE('',#5152);
#5152 = AXIS2_PLACEMENT_3D('',#5153,#5154,#5155);
#5153 = CARTESIAN_POINT('',(-5.050000190735,-5.050000190735,-0.79399892)
  );
#5154 = DIRECTION('',(-1.,0.,0.));
#5155 = DIRECTION('',(0.,0.,1.));
#5156 = ADVANCED_FACE('',(#5157),#5175,.T.);
#5157 = FACE_BOUND('',#5158,.T.);
#5158 = EDGE_LOOP('',(#5159,#5160,#5168,#5174));
#5159 = ORIENTED_EDGE('',*,*,#5145,.T.);
#5160 = ORIENTED_EDGE('',*,*,#5161,.T.);
#5161 = EDGE_CURVE('',#5138,#5162,#5164,.T.);
#5162 = VERTEX_POINT('',#5163);
#5163 = CARTESIAN_POINT('',(5.050000190735,5.050000190735,0.));
#5164 = LINE('',#5165,#5166);
#5165 = CARTESIAN_POINT('',(-5.050000190735,5.050000190735,0.));
#5166 = VECTOR('',#5167,1.);
#5167 = DIRECTION('',(1.,0.,0.));
#5168 = ORIENTED_EDGE('',*,*,#5169,.F.);
#5169 = EDGE_CURVE('',#3554,#5162,#5170,.T.);
#5170 = LINE('',#5171,#5172);
#5171 = CARTESIAN_POINT('',(5.050000190735,5.050000190735,-0.79399892));
#5172 = VECTOR('',#5173,1.);
#5173 = DIRECTION('',(0.,0.,1.));
#5174 = ORIENTED_EDGE('',*,*,#3553,.F.);
#5175 = PLANE('',#5176);
#5176 = AXIS2_PLACEMENT_3D('',#5177,#5178,#5179);
#5177 = CARTESIAN_POINT('',(-5.050000190735,5.050000190735,-0.79399892)
  );
#5178 = DIRECTION('',(-0.,1.,0.));
#5179 = DIRECTION('',(1.,0.,0.));
#5180 = ADVANCED_FACE('',(#5181),#5199,.T.);
#5181 = FACE_BOUND('',#5182,.T.);
#5182 = EDGE_LOOP('',(#5183,#5184,#5192,#5198));
#5183 = ORIENTED_EDGE('',*,*,#5169,.T.);
#5184 = ORIENTED_EDGE('',*,*,#5185,.T.);
#5185 = EDGE_CURVE('',#5162,#5186,#5188,.T.);
#5186 = VERTEX_POINT('',#5187);
#5187 = CARTESIAN_POINT('',(5.050000190735,-5.050000190735,0.));
#5188 = LINE('',#5189,#5190);
#5189 = CARTESIAN_POINT('',(5.050000190735,5.050000190735,0.));
#5190 = VECTOR('',#5191,1.);
#5191 = DIRECTION('',(0.,-1.,0.));
#5192 = ORIENTED_EDGE('',*,*,#5193,.F.);
#5193 = EDGE_CURVE('',#3562,#5186,#5194,.T.);
#5194 = LINE('',#5195,#5196);
#5195 = CARTESIAN_POINT('',(5.050000190735,-5.050000190735,-0.79399892)
  );
#5196 = VECTOR('',#5197,1.);
#5197 = DIRECTION('',(0.,0.,1.));
#5198 = ORIENTED_EDGE('',*,*,#3561,.F.);
#5199 = PLANE('',#5200);
#5200 = AXIS2_PLACEMENT_3D('',#5201,#5202,#5203);
#5201 = CARTESIAN_POINT('',(5.050000190735,5.050000190735,-0.79399892));
#5202 = DIRECTION('',(1.,0.,0.));
#5203 = DIRECTION('',(-0.,1.,0.));
#5204 = ADVANCED_FACE('',(#5205),#5216,.T.);
#5205 = FACE_BOUND('',#5206,.T.);
#5206 = EDGE_LOOP('',(#5207,#5208,#5214,#5215));
#5207 = ORIENTED_EDGE('',*,*,#5193,.T.);
#5208 = ORIENTED_EDGE('',*,*,#5209,.T.);
#5209 = EDGE_CURVE('',#5186,#5130,#5210,.T.);
#5210 = LINE('',#5211,#5212);
#5211 = CARTESIAN_POINT('',(5.050000190735,-5.050000190735,0.));
#5212 = VECTOR('',#5213,1.);
#5213 = DIRECTION('',(-1.,0.,0.));
#5214 = ORIENTED_EDGE('',*,*,#5129,.F.);
#5215 = ORIENTED_EDGE('',*,*,#3569,.F.);
#5216 = PLANE('',#5217);
#5217 = AXIS2_PLACEMENT_3D('',#5218,#5219,#5220);
#5218 = CARTESIAN_POINT('',(5.050000190735,-5.050000190735,-0.79399892)
  );
#5219 = DIRECTION('',(0.,-1.,0.));
#5220 = DIRECTION('',(0.,0.,-1.));
#5221 = ADVANCED_FACE('',(#5222),#5234,.F.);
#5222 = FACE_BOUND('',#5223,.F.);
#5223 = EDGE_LOOP('',(#5224,#5225,#5226,#5233));
#5224 = ORIENTED_EDGE('',*,*,#3534,.T.);
#5225 = ORIENTED_EDGE('',*,*,#59,.F.);
#5226 = ORIENTED_EDGE('',*,*,#5227,.F.);
#5227 = EDGE_CURVE('',#79,#60,#5228,.T.);
#5228 = CIRCLE('',#5229,9.99998E-02);
#5229 = AXIS2_PLACEMENT_3D('',#5230,#5231,#5232);
#5230 = CARTESIAN_POINT('',(2.92499796,-2.92499796,0.));
#5231 = DIRECTION('',(0.,0.,1.));
#5232 = DIRECTION('',(1.,0.,-0.));
#5233 = ORIENTED_EDGE('',*,*,#78,.T.);
#5234 = CYLINDRICAL_SURFACE('',#5235,9.99998E-02);
#5235 = AXIS2_PLACEMENT_3D('',#5236,#5237,#5238);
#5236 = CARTESIAN_POINT('',(2.92499796,-2.92499796,-0.79399892));
#5237 = DIRECTION('',(0.,0.,-1.));
#5238 = DIRECTION('',(1.,0.,0.));
#5239 = ADVANCED_FACE('',(#5240,#5250),#5256,.T.);
#5240 = FACE_BOUND('',#5241,.T.);
#5241 = EDGE_LOOP('',(#5242,#5243,#5244,#5245,#5246,#5247,#5248,#5249));
#5242 = ORIENTED_EDGE('',*,*,#1430,.T.);
#5243 = ORIENTED_EDGE('',*,*,#974,.T.);
#5244 = ORIENTED_EDGE('',*,*,#1376,.T.);
#5245 = ORIENTED_EDGE('',*,*,#916,.T.);
#5246 = ORIENTED_EDGE('',*,*,#1394,.T.);
#5247 = ORIENTED_EDGE('',*,*,#876,.T.);
#5248 = ORIENTED_EDGE('',*,*,#1412,.T.);
#5249 = ORIENTED_EDGE('',*,*,#836,.T.);
#5250 = FACE_BOUND('',#5251,.T.);
#5251 = EDGE_LOOP('',(#5252,#5253,#5254,#5255));
#5252 = ORIENTED_EDGE('',*,*,#5209,.F.);
#5253 = ORIENTED_EDGE('',*,*,#5185,.F.);
#5254 = ORIENTED_EDGE('',*,*,#5161,.F.);
#5255 = ORIENTED_EDGE('',*,*,#5137,.F.);
#5256 = PLANE('',#5257);
#5257 = AXIS2_PLACEMENT_3D('',#5258,#5259,#5260);
#5258 = CARTESIAN_POINT('',(-5.050000190735,-5.050000190735,0.));
#5259 = DIRECTION('',(0.,0.,1.));
#5260 = DIRECTION('',(1.,0.,-0.));
#5261 = ADVANCED_FACE('',(#5262),#5287,.T.);
#5262 = FACE_BOUND('',#5263,.T.);
#5263 = EDGE_LOOP('',(#5264,#5272,#5273,#5281));
#5264 = ORIENTED_EDGE('',*,*,#5265,.T.);
#5265 = EDGE_CURVE('',#5266,#3580,#5268,.T.);
#5266 = VERTEX_POINT('',#5267);
#5267 = CARTESIAN_POINT('',(2.099985359141,3.250004759375,
    -0.818999767303));
#5268 = LINE('',#5269,#5270);
#5269 = CARTESIAN_POINT('',(2.099985359141,3.250004759375,
    -0.818999767303));
#5270 = VECTOR('',#5271,1.);
#5271 = DIRECTION('',(0.,0.,1.));
#5272 = ORIENTED_EDGE('',*,*,#3603,.T.);
#5273 = ORIENTED_EDGE('',*,*,#5274,.F.);
#5274 = EDGE_CURVE('',#5275,#3596,#5277,.T.);
#5275 = VERTEX_POINT('',#5276);
#5276 = CARTESIAN_POINT('',(2.099985359141,4.750006839375,
    -0.818999767303));
#5277 = LINE('',#5278,#5279);
#5278 = CARTESIAN_POINT('',(2.099985359141,4.750006839375,
    -0.818999767303));
#5279 = VECTOR('',#5280,1.);
#5280 = DIRECTION('',(0.,0.,1.));
#5281 = ORIENTED_EDGE('',*,*,#5282,.F.);
#5282 = EDGE_CURVE('',#5266,#5275,#5283,.T.);
#5283 = LINE('',#5284,#5285);
#5284 = CARTESIAN_POINT('',(2.099985359141,3.250004759375,
    -0.818999767303));
#5285 = VECTOR('',#5286,1.);
#5286 = DIRECTION('',(0.,1.,0.));
#5287 = PLANE('',#5288);
#5288 = AXIS2_PLACEMENT_3D('',#5289,#5290,#5291);
#5289 = CARTESIAN_POINT('',(2.099985359141,3.250004759375,
    -0.818999767303));
#5290 = DIRECTION('',(-1.,0.,0.));
#5291 = DIRECTION('',(0.,0.,1.));
#5292 = ADVANCED_FACE('',(#5293),#5311,.T.);
#5293 = FACE_BOUND('',#5294,.T.);
#5294 = EDGE_LOOP('',(#5295,#5296,#5297,#5305));
#5295 = ORIENTED_EDGE('',*,*,#5274,.T.);
#5296 = ORIENTED_EDGE('',*,*,#3595,.T.);
#5297 = ORIENTED_EDGE('',*,*,#5298,.F.);
#5298 = EDGE_CURVE('',#5299,#3588,#5301,.T.);
#5299 = VERTEX_POINT('',#5300);
#5300 = CARTESIAN_POINT('',(2.899983759141,4.750006839375,
    -0.818999767303));
#5301 = LINE('',#5302,#5303);
#5302 = CARTESIAN_POINT('',(2.899983759141,4.750006839375,
    -0.818999767303));
#5303 = VECTOR('',#5304,1.);
#5304 = DIRECTION('',(0.,0.,1.));
#5305 = ORIENTED_EDGE('',*,*,#5306,.F.);
#5306 = EDGE_CURVE('',#5275,#5299,#5307,.T.);
#5307 = LINE('',#5308,#5309);
#5308 = CARTESIAN_POINT('',(2.099985359141,4.750006839375,
    -0.818999767303));
#5309 = VECTOR('',#5310,1.);
#5310 = DIRECTION('',(1.,0.,0.));
#5311 = PLANE('',#5312);
#5312 = AXIS2_PLACEMENT_3D('',#5313,#5314,#5315);
#5313 = CARTESIAN_POINT('',(2.099985359141,4.750006839375,
    -0.818999767303));
#5314 = DIRECTION('',(-0.,1.,0.));
#5315 = DIRECTION('',(1.,0.,0.));
#5316 = ADVANCED_FACE('',(#5317),#5335,.T.);
#5317 = FACE_BOUND('',#5318,.T.);
#5318 = EDGE_LOOP('',(#5319,#5320,#5321,#5329));
#5319 = ORIENTED_EDGE('',*,*,#5298,.T.);
#5320 = ORIENTED_EDGE('',*,*,#3587,.T.);
#5321 = ORIENTED_EDGE('',*,*,#5322,.F.);
#5322 = EDGE_CURVE('',#5323,#3578,#5325,.T.);
#5323 = VERTEX_POINT('',#5324);
#5324 = CARTESIAN_POINT('',(2.899983759141,3.250004759375,
    -0.818999767303));
#5325 = LINE('',#5326,#5327);
#5326 = CARTESIAN_POINT('',(2.899983759141,3.250004759375,
    -0.818999767303));
#5327 = VECTOR('',#5328,1.);
#5328 = DIRECTION('',(0.,0.,1.));
#5329 = ORIENTED_EDGE('',*,*,#5330,.F.);
#5330 = EDGE_CURVE('',#5299,#5323,#5331,.T.);
#5331 = LINE('',#5332,#5333);
#5332 = CARTESIAN_POINT('',(2.899983759141,4.750006839375,
    -0.818999767303));
#5333 = VECTOR('',#5334,1.);
#5334 = DIRECTION('',(0.,-1.,0.));
#5335 = PLANE('',#5336);
#5336 = AXIS2_PLACEMENT_3D('',#5337,#5338,#5339);
#5337 = CARTESIAN_POINT('',(2.899983759141,4.750006839375,
    -0.818999767303));
#5338 = DIRECTION('',(1.,0.,0.));
#5339 = DIRECTION('',(-0.,1.,0.));
#5340 = ADVANCED_FACE('',(#5341),#5352,.T.);
#5341 = FACE_BOUND('',#5342,.T.);
#5342 = EDGE_LOOP('',(#5343,#5344,#5345,#5346));
#5343 = ORIENTED_EDGE('',*,*,#5322,.T.);
#5344 = ORIENTED_EDGE('',*,*,#3577,.T.);
#5345 = ORIENTED_EDGE('',*,*,#5265,.F.);
#5346 = ORIENTED_EDGE('',*,*,#5347,.F.);
#5347 = EDGE_CURVE('',#5323,#5266,#5348,.T.);
#5348 = LINE('',#5349,#5350);
#5349 = CARTESIAN_POINT('',(2.899983759141,3.250004759375,
    -0.818999767303));
#5350 = VECTOR('',#5351,1.);
#5351 = DIRECTION('',(-1.,0.,0.));
#5352 = PLANE('',#5353);
#5353 = AXIS2_PLACEMENT_3D('',#5354,#5355,#5356);
#5354 = CARTESIAN_POINT('',(2.899983759141,3.250004759375,
    -0.818999767303));
#5355 = DIRECTION('',(0.,-1.,0.));
#5356 = DIRECTION('',(0.,0.,-1.));
#5357 = ADVANCED_FACE('',(#5358),#5364,.F.);
#5358 = FACE_BOUND('',#5359,.T.);
#5359 = EDGE_LOOP('',(#5360,#5361,#5362,#5363));
#5360 = ORIENTED_EDGE('',*,*,#5282,.T.);
#5361 = ORIENTED_EDGE('',*,*,#5306,.T.);
#5362 = ORIENTED_EDGE('',*,*,#5330,.T.);
#5363 = ORIENTED_EDGE('',*,*,#5347,.T.);
#5364 = PLANE('',#5365);
#5365 = AXIS2_PLACEMENT_3D('',#5366,#5367,#5368);
#5366 = CARTESIAN_POINT('',(2.099985359141,3.250004759375,
    -0.818999767303));
#5367 = DIRECTION('',(0.,0.,1.));
#5368 = DIRECTION('',(1.,0.,-0.));
#5369 = ADVANCED_FACE('',(#5370),#5395,.T.);
#5370 = FACE_BOUND('',#5371,.T.);
#5371 = EDGE_LOOP('',(#5372,#5380,#5381,#5389));
#5372 = ORIENTED_EDGE('',*,*,#5373,.T.);
#5373 = EDGE_CURVE('',#5374,#3510,#5376,.T.);
#5374 = VERTEX_POINT('',#5375);
#5375 = CARTESIAN_POINT('',(0.849985359141,3.250004759375,
    -0.818999767303));
#5376 = LINE('',#5377,#5378);
#5377 = CARTESIAN_POINT('',(0.849985359141,3.250004759375,
    -0.818999767303));
#5378 = VECTOR('',#5379,1.);
#5379 = DIRECTION('',(0.,0.,1.));
#5380 = ORIENTED_EDGE('',*,*,#3509,.T.);
#5381 = ORIENTED_EDGE('',*,*,#5382,.F.);
#5382 = EDGE_CURVE('',#5383,#3500,#5385,.T.);
#5383 = VERTEX_POINT('',#5384);
#5384 = CARTESIAN_POINT('',(0.849985359141,4.750006839375,
    -0.818999767303));
#5385 = LINE('',#5386,#5387);
#5386 = CARTESIAN_POINT('',(0.849985359141,4.750006839375,
    -0.818999767303));
#5387 = VECTOR('',#5388,1.);
#5388 = DIRECTION('',(0.,0.,1.));
#5389 = ORIENTED_EDGE('',*,*,#5390,.F.);
#5390 = EDGE_CURVE('',#5374,#5383,#5391,.T.);
#5391 = LINE('',#5392,#5393);
#5392 = CARTESIAN_POINT('',(0.849985359141,3.250004759375,
    -0.818999767303));
#5393 = VECTOR('',#5394,1.);
#5394 = DIRECTION('',(0.,1.,0.));
#5395 = PLANE('',#5396);
#5396 = AXIS2_PLACEMENT_3D('',#5397,#5398,#5399);
#5397 = CARTESIAN_POINT('',(0.849985359141,3.250004759375,
    -0.818999767303));
#5398 = DIRECTION('',(-1.,0.,0.));
#5399 = DIRECTION('',(0.,0.,1.));
#5400 = ADVANCED_FACE('',(#5401),#5419,.T.);
#5401 = FACE_BOUND('',#5402,.T.);
#5402 = EDGE_LOOP('',(#5403,#5404,#5405,#5413));
#5403 = ORIENTED_EDGE('',*,*,#5382,.T.);
#5404 = ORIENTED_EDGE('',*,*,#3499,.T.);
#5405 = ORIENTED_EDGE('',*,*,#5406,.F.);
#5406 = EDGE_CURVE('',#5407,#3502,#5409,.T.);
#5407 = VERTEX_POINT('',#5408);
#5408 = CARTESIAN_POINT('',(1.649983759141,4.750006839375,
    -0.818999767303));
#5409 = LINE('',#5410,#5411);
#5410 = CARTESIAN_POINT('',(1.649983759141,4.750006839375,
    -0.818999767303));
#5411 = VECTOR('',#5412,1.);
#5412 = DIRECTION('',(0.,0.,1.));
#5413 = ORIENTED_EDGE('',*,*,#5414,.F.);
#5414 = EDGE_CURVE('',#5383,#5407,#5415,.T.);
#5415 = LINE('',#5416,#5417);
#5416 = CARTESIAN_POINT('',(0.849985359141,4.750006839375,
    -0.818999767303));
#5417 = VECTOR('',#5418,1.);
#5418 = DIRECTION('',(1.,0.,0.));
#5419 = PLANE('',#5420);
#5420 = AXIS2_PLACEMENT_3D('',#5421,#5422,#5423);
#5421 = CARTESIAN_POINT('',(0.849985359141,4.750006839375,
    -0.818999767303));
#5422 = DIRECTION('',(-0.,1.,0.));
#5423 = DIRECTION('',(1.,0.,0.));
#5424 = ADVANCED_FACE('',(#5425),#5443,.T.);
#5425 = FACE_BOUND('',#5426,.T.);
#5426 = EDGE_LOOP('',(#5427,#5428,#5429,#5437));
#5427 = ORIENTED_EDGE('',*,*,#5406,.T.);
#5428 = ORIENTED_EDGE('',*,*,#3525,.T.);
#5429 = ORIENTED_EDGE('',*,*,#5430,.F.);
#5430 = EDGE_CURVE('',#5431,#3518,#5433,.T.);
#5431 = VERTEX_POINT('',#5432);
#5432 = CARTESIAN_POINT('',(1.649983759141,3.250004759375,
    -0.818999767303));
#5433 = LINE('',#5434,#5435);
#5434 = CARTESIAN_POINT('',(1.649983759141,3.250004759375,
    -0.818999767303));
#5435 = VECTOR('',#5436,1.);
#5436 = DIRECTION('',(0.,0.,1.));
#5437 = ORIENTED_EDGE('',*,*,#5438,.F.);
#5438 = EDGE_CURVE('',#5407,#5431,#5439,.T.);
#5439 = LINE('',#5440,#5441);
#5440 = CARTESIAN_POINT('',(1.649983759141,4.750006839375,
    -0.818999767303));
#5441 = VECTOR('',#5442,1.);
#5442 = DIRECTION('',(0.,-1.,0.));
#5443 = PLANE('',#5444);
#5444 = AXIS2_PLACEMENT_3D('',#5445,#5446,#5447);
#5445 = CARTESIAN_POINT('',(1.649983759141,4.750006839375,
    -0.818999767303));
#5446 = DIRECTION('',(1.,0.,0.));
#5447 = DIRECTION('',(-0.,1.,0.));
#5448 = ADVANCED_FACE('',(#5449),#5460,.T.);
#5449 = FACE_BOUND('',#5450,.T.);
#5450 = EDGE_LOOP('',(#5451,#5452,#5453,#5454));
#5451 = ORIENTED_EDGE('',*,*,#5430,.T.);
#5452 = ORIENTED_EDGE('',*,*,#3517,.T.);
#5453 = ORIENTED_EDGE('',*,*,#5373,.F.);
#5454 = ORIENTED_EDGE('',*,*,#5455,.F.);
#5455 = EDGE_CURVE('',#5431,#5374,#5456,.T.);
#5456 = LINE('',#5457,#5458);
#5457 = CARTESIAN_POINT('',(1.649983759141,3.250004759375,
    -0.818999767303));
#5458 = VECTOR('',#5459,1.);
#5459 = DIRECTION('',(-1.,0.,0.));
#5460 = PLANE('',#5461);
#5461 = AXIS2_PLACEMENT_3D('',#5462,#5463,#5464);
#5462 = CARTESIAN_POINT('',(1.649983759141,3.250004759375,
    -0.818999767303));
#5463 = DIRECTION('',(0.,-1.,0.));
#5464 = DIRECTION('',(0.,0.,-1.));
#5465 = ADVANCED_FACE('',(#5466),#5472,.F.);
#5466 = FACE_BOUND('',#5467,.T.);
#5467 = EDGE_LOOP('',(#5468,#5469,#5470,#5471));
#5468 = ORIENTED_EDGE('',*,*,#5390,.T.);
#5469 = ORIENTED_EDGE('',*,*,#5414,.T.);
#5470 = ORIENTED_EDGE('',*,*,#5438,.T.);
#5471 = ORIENTED_EDGE('',*,*,#5455,.T.);
#5472 = PLANE('',#5473);
#5473 = AXIS2_PLACEMENT_3D('',#5474,#5475,#5476);
#5474 = CARTESIAN_POINT('',(0.849985359141,3.250004759375,
    -0.818999767303));
#5475 = DIRECTION('',(0.,0.,1.));
#5476 = DIRECTION('',(1.,0.,-0.));
#5477 = ADVANCED_FACE('',(#5478),#5503,.T.);
#5478 = FACE_BOUND('',#5479,.T.);
#5479 = EDGE_LOOP('',(#5480,#5488,#5489,#5497));
#5480 = ORIENTED_EDGE('',*,*,#5481,.T.);
#5481 = EDGE_CURVE('',#5482,#3476,#5484,.T.);
#5482 = VERTEX_POINT('',#5483);
#5483 = CARTESIAN_POINT('',(-0.399984123281,3.250004759375,
    -0.818999767303));
#5484 = LINE('',#5485,#5486);
#5485 = CARTESIAN_POINT('',(-0.399984123281,3.250004759375,
    -0.818999767303));
#5486 = VECTOR('',#5487,1.);
#5487 = DIRECTION('',(0.,0.,1.));
#5488 = ORIENTED_EDGE('',*,*,#3475,.T.);
#5489 = ORIENTED_EDGE('',*,*,#5490,.F.);
#5490 = EDGE_CURVE('',#5491,#3466,#5493,.T.);
#5491 = VERTEX_POINT('',#5492);
#5492 = CARTESIAN_POINT('',(-0.399984123281,4.750006839375,
    -0.818999767303));
#5493 = LINE('',#5494,#5495);
#5494 = CARTESIAN_POINT('',(-0.399984123281,4.750006839375,
    -0.818999767303));
#5495 = VECTOR('',#5496,1.);
#5496 = DIRECTION('',(0.,0.,1.));
#5497 = ORIENTED_EDGE('',*,*,#5498,.F.);
#5498 = EDGE_CURVE('',#5482,#5491,#5499,.T.);
#5499 = LINE('',#5500,#5501);
#5500 = CARTESIAN_POINT('',(-0.399984123281,3.250004759375,
    -0.818999767303));
#5501 = VECTOR('',#5502,1.);
#5502 = DIRECTION('',(0.,1.,0.));
#5503 = PLANE('',#5504);
#5504 = AXIS2_PLACEMENT_3D('',#5505,#5506,#5507);
#5505 = CARTESIAN_POINT('',(-0.399984123281,3.250004759375,
    -0.818999767303));
#5506 = DIRECTION('',(-1.,0.,0.));
#5507 = DIRECTION('',(0.,0.,1.));
#5508 = ADVANCED_FACE('',(#5509),#5527,.T.);
#5509 = FACE_BOUND('',#5510,.T.);
#5510 = EDGE_LOOP('',(#5511,#5512,#5513,#5521));
#5511 = ORIENTED_EDGE('',*,*,#5490,.T.);
#5512 = ORIENTED_EDGE('',*,*,#3465,.T.);
#5513 = ORIENTED_EDGE('',*,*,#5514,.F.);
#5514 = EDGE_CURVE('',#5515,#3468,#5517,.T.);
#5515 = VERTEX_POINT('',#5516);
#5516 = CARTESIAN_POINT('',(0.400014276719,4.750006839375,
    -0.818999767303));
#5517 = LINE('',#5518,#5519);
#5518 = CARTESIAN_POINT('',(0.400014276719,4.750006839375,
    -0.818999767303));
#5519 = VECTOR('',#5520,1.);
#5520 = DIRECTION('',(0.,0.,1.));
#5521 = ORIENTED_EDGE('',*,*,#5522,.F.);
#5522 = EDGE_CURVE('',#5491,#5515,#5523,.T.);
#5523 = LINE('',#5524,#5525);
#5524 = CARTESIAN_POINT('',(-0.399984123281,4.750006839375,
    -0.818999767303));
#5525 = VECTOR('',#5526,1.);
#5526 = DIRECTION('',(1.,0.,0.));
#5527 = PLANE('',#5528);
#5528 = AXIS2_PLACEMENT_3D('',#5529,#5530,#5531);
#5529 = CARTESIAN_POINT('',(-0.399984123281,4.750006839375,
    -0.818999767303));
#5530 = DIRECTION('',(-0.,1.,0.));
#5531 = DIRECTION('',(1.,0.,0.));
#5532 = ADVANCED_FACE('',(#5533),#5551,.T.);
#5533 = FACE_BOUND('',#5534,.T.);
#5534 = EDGE_LOOP('',(#5535,#5536,#5537,#5545));
#5535 = ORIENTED_EDGE('',*,*,#5514,.T.);
#5536 = ORIENTED_EDGE('',*,*,#3491,.T.);
#5537 = ORIENTED_EDGE('',*,*,#5538,.F.);
#5538 = EDGE_CURVE('',#5539,#3484,#5541,.T.);
#5539 = VERTEX_POINT('',#5540);
#5540 = CARTESIAN_POINT('',(0.400014276719,3.250004759375,
    -0.818999767303));
#5541 = LINE('',#5542,#5543);
#5542 = CARTESIAN_POINT('',(0.400014276719,3.250004759375,
    -0.818999767303));
#5543 = VECTOR('',#5544,1.);
#5544 = DIRECTION('',(0.,0.,1.));
#5545 = ORIENTED_EDGE('',*,*,#5546,.F.);
#5546 = EDGE_CURVE('',#5515,#5539,#5547,.T.);
#5547 = LINE('',#5548,#5549);
#5548 = CARTESIAN_POINT('',(0.400014276719,4.750006839375,
    -0.818999767303));
#5549 = VECTOR('',#5550,1.);
#5550 = DIRECTION('',(0.,-1.,0.));
#5551 = PLANE('',#5552);
#5552 = AXIS2_PLACEMENT_3D('',#5553,#5554,#5555);
#5553 = CARTESIAN_POINT('',(0.400014276719,4.750006839375,
    -0.818999767303));
#5554 = DIRECTION('',(1.,0.,0.));
#5555 = DIRECTION('',(-0.,1.,0.));
#5556 = ADVANCED_FACE('',(#5557),#5568,.T.);
#5557 = FACE_BOUND('',#5558,.T.);
#5558 = EDGE_LOOP('',(#5559,#5560,#5561,#5562));
#5559 = ORIENTED_EDGE('',*,*,#5538,.T.);
#5560 = ORIENTED_EDGE('',*,*,#3483,.T.);
#5561 = ORIENTED_EDGE('',*,*,#5481,.F.);
#5562 = ORIENTED_EDGE('',*,*,#5563,.F.);
#5563 = EDGE_CURVE('',#5539,#5482,#5564,.T.);
#5564 = LINE('',#5565,#5566);
#5565 = CARTESIAN_POINT('',(0.400014276719,3.250004759375,
    -0.818999767303));
#5566 = VECTOR('',#5567,1.);
#5567 = DIRECTION('',(-1.,0.,0.));
#5568 = PLANE('',#5569);
#5569 = AXIS2_PLACEMENT_3D('',#5570,#5571,#5572);
#5570 = CARTESIAN_POINT('',(0.400014276719,3.250004759375,
    -0.818999767303));
#5571 = DIRECTION('',(0.,-1.,0.));
#5572 = DIRECTION('',(0.,0.,-1.));
#5573 = ADVANCED_FACE('',(#5574),#5580,.F.);
#5574 = FACE_BOUND('',#5575,.T.);
#5575 = EDGE_LOOP('',(#5576,#5577,#5578,#5579));
#5576 = ORIENTED_EDGE('',*,*,#5498,.T.);
#5577 = ORIENTED_EDGE('',*,*,#5522,.T.);
#5578 = ORIENTED_EDGE('',*,*,#5546,.T.);
#5579 = ORIENTED_EDGE('',*,*,#5563,.T.);
#5580 = PLANE('',#5581);
#5581 = AXIS2_PLACEMENT_3D('',#5582,#5583,#5584);
#5582 = CARTESIAN_POINT('',(-0.399984123281,3.250004759375,
    -0.818999767303));
#5583 = DIRECTION('',(0.,0.,1.));
#5584 = DIRECTION('',(1.,0.,-0.));
#5585 = ADVANCED_FACE('',(#5586),#5611,.T.);
#5586 = FACE_BOUND('',#5587,.T.);
#5587 = EDGE_LOOP('',(#5588,#5596,#5597,#5605));
#5588 = ORIENTED_EDGE('',*,*,#5589,.T.);
#5589 = EDGE_CURVE('',#5590,#3442,#5592,.T.);
#5590 = VERTEX_POINT('',#5591);
#5591 = CARTESIAN_POINT('',(-1.649984123281,3.250004759375,
    -0.818999767303));
#5592 = LINE('',#5593,#5594);
#5593 = CARTESIAN_POINT('',(-1.649984123281,3.250004759375,
    -0.818999767303));
#5594 = VECTOR('',#5595,1.);
#5595 = DIRECTION('',(0.,0.,1.));
#5596 = ORIENTED_EDGE('',*,*,#3441,.T.);
#5597 = ORIENTED_EDGE('',*,*,#5598,.F.);
#5598 = EDGE_CURVE('',#5599,#3432,#5601,.T.);
#5599 = VERTEX_POINT('',#5600);
#5600 = CARTESIAN_POINT('',(-1.649984123281,4.750006839375,
    -0.818999767303));
#5601 = LINE('',#5602,#5603);
#5602 = CARTESIAN_POINT('',(-1.649984123281,4.750006839375,
    -0.818999767303));
#5603 = VECTOR('',#5604,1.);
#5604 = DIRECTION('',(0.,0.,1.));
#5605 = ORIENTED_EDGE('',*,*,#5606,.F.);
#5606 = EDGE_CURVE('',#5590,#5599,#5607,.T.);
#5607 = LINE('',#5608,#5609);
#5608 = CARTESIAN_POINT('',(-1.649984123281,3.250004759375,
    -0.818999767303));
#5609 = VECTOR('',#5610,1.);
#5610 = DIRECTION('',(0.,1.,0.));
#5611 = PLANE('',#5612);
#5612 = AXIS2_PLACEMENT_3D('',#5613,#5614,#5615);
#5613 = CARTESIAN_POINT('',(-1.649984123281,3.250004759375,
    -0.818999767303));
#5614 = DIRECTION('',(-1.,0.,0.));
#5615 = DIRECTION('',(0.,0.,1.));
#5616 = ADVANCED_FACE('',(#5617),#5635,.T.);
#5617 = FACE_BOUND('',#5618,.T.);
#5618 = EDGE_LOOP('',(#5619,#5620,#5621,#5629));
#5619 = ORIENTED_EDGE('',*,*,#5598,.T.);
#5620 = ORIENTED_EDGE('',*,*,#3431,.T.);
#5621 = ORIENTED_EDGE('',*,*,#5622,.F.);
#5622 = EDGE_CURVE('',#5623,#3434,#5625,.T.);
#5623 = VERTEX_POINT('',#5624);
#5624 = CARTESIAN_POINT('',(-0.849985723281,4.750006839375,
    -0.818999767303));
#5625 = LINE('',#5626,#5627);
#5626 = CARTESIAN_POINT('',(-0.849985723281,4.750006839375,
    -0.818999767303));
#5627 = VECTOR('',#5628,1.);
#5628 = DIRECTION('',(0.,0.,1.));
#5629 = ORIENTED_EDGE('',*,*,#5630,.F.);
#5630 = EDGE_CURVE('',#5599,#5623,#5631,.T.);
#5631 = LINE('',#5632,#5633);
#5632 = CARTESIAN_POINT('',(-1.649984123281,4.750006839375,
    -0.818999767303));
#5633 = VECTOR('',#5634,1.);
#5634 = DIRECTION('',(1.,0.,0.));
#5635 = PLANE('',#5636);
#5636 = AXIS2_PLACEMENT_3D('',#5637,#5638,#5639);
#5637 = CARTESIAN_POINT('',(-1.649984123281,4.750006839375,
    -0.818999767303));
#5638 = DIRECTION('',(-0.,1.,0.));
#5639 = DIRECTION('',(1.,0.,0.));
#5640 = ADVANCED_FACE('',(#5641),#5659,.T.);
#5641 = FACE_BOUND('',#5642,.T.);
#5642 = EDGE_LOOP('',(#5643,#5644,#5645,#5653));
#5643 = ORIENTED_EDGE('',*,*,#5622,.T.);
#5644 = ORIENTED_EDGE('',*,*,#3457,.T.);
#5645 = ORIENTED_EDGE('',*,*,#5646,.F.);
#5646 = EDGE_CURVE('',#5647,#3450,#5649,.T.);
#5647 = VERTEX_POINT('',#5648);
#5648 = CARTESIAN_POINT('',(-0.849985723281,3.250004759375,
    -0.818999767303));
#5649 = LINE('',#5650,#5651);
#5650 = CARTESIAN_POINT('',(-0.849985723281,3.250004759375,
    -0.818999767303));
#5651 = VECTOR('',#5652,1.);
#5652 = DIRECTION('',(0.,0.,1.));
#5653 = ORIENTED_EDGE('',*,*,#5654,.F.);
#5654 = EDGE_CURVE('',#5623,#5647,#5655,.T.);
#5655 = LINE('',#5656,#5657);
#5656 = CARTESIAN_POINT('',(-0.849985723281,4.750006839375,
    -0.818999767303));
#5657 = VECTOR('',#5658,1.);
#5658 = DIRECTION('',(0.,-1.,0.));
#5659 = PLANE('',#5660);
#5660 = AXIS2_PLACEMENT_3D('',#5661,#5662,#5663);
#5661 = CARTESIAN_POINT('',(-0.849985723281,4.750006839375,
    -0.818999767303));
#5662 = DIRECTION('',(1.,0.,0.));
#5663 = DIRECTION('',(-0.,1.,0.));
#5664 = ADVANCED_FACE('',(#5665),#5676,.T.);
#5665 = FACE_BOUND('',#5666,.T.);
#5666 = EDGE_LOOP('',(#5667,#5668,#5669,#5670));
#5667 = ORIENTED_EDGE('',*,*,#5646,.T.);
#5668 = ORIENTED_EDGE('',*,*,#3449,.T.);
#5669 = ORIENTED_EDGE('',*,*,#5589,.F.);
#5670 = ORIENTED_EDGE('',*,*,#5671,.F.);
#5671 = EDGE_CURVE('',#5647,#5590,#5672,.T.);
#5672 = LINE('',#5673,#5674);
#5673 = CARTESIAN_POINT('',(-0.849985723281,3.250004759375,
    -0.818999767303));
#5674 = VECTOR('',#5675,1.);
#5675 = DIRECTION('',(-1.,0.,0.));
#5676 = PLANE('',#5677);
#5677 = AXIS2_PLACEMENT_3D('',#5678,#5679,#5680);
#5678 = CARTESIAN_POINT('',(-0.849985723281,3.250004759375,
    -0.818999767303));
#5679 = DIRECTION('',(0.,-1.,0.));
#5680 = DIRECTION('',(0.,0.,-1.));
#5681 = ADVANCED_FACE('',(#5682),#5688,.F.);
#5682 = FACE_BOUND('',#5683,.T.);
#5683 = EDGE_LOOP('',(#5684,#5685,#5686,#5687));
#5684 = ORIENTED_EDGE('',*,*,#5606,.T.);
#5685 = ORIENTED_EDGE('',*,*,#5630,.T.);
#5686 = ORIENTED_EDGE('',*,*,#5654,.T.);
#5687 = ORIENTED_EDGE('',*,*,#5671,.T.);
#5688 = PLANE('',#5689);
#5689 = AXIS2_PLACEMENT_3D('',#5690,#5691,#5692);
#5690 = CARTESIAN_POINT('',(-1.649984123281,3.250004759375,
    -0.818999767303));
#5691 = DIRECTION('',(0.,0.,1.));
#5692 = DIRECTION('',(1.,0.,-0.));
#5693 = ADVANCED_FACE('',(#5694),#5719,.T.);
#5694 = FACE_BOUND('',#5695,.T.);
#5695 = EDGE_LOOP('',(#5696,#5704,#5705,#5713));
#5696 = ORIENTED_EDGE('',*,*,#5697,.T.);
#5697 = EDGE_CURVE('',#5698,#3408,#5700,.T.);
#5698 = VERTEX_POINT('',#5699);
#5699 = CARTESIAN_POINT('',(-2.899984123281,3.250004759375,
    -0.818999767303));
#5700 = LINE('',#5701,#5702);
#5701 = CARTESIAN_POINT('',(-2.899984123281,3.250004759375,
    -0.818999767303));
#5702 = VECTOR('',#5703,1.);
#5703 = DIRECTION('',(0.,0.,1.));
#5704 = ORIENTED_EDGE('',*,*,#3407,.T.);
#5705 = ORIENTED_EDGE('',*,*,#5706,.F.);
#5706 = EDGE_CURVE('',#5707,#3398,#5709,.T.);
#5707 = VERTEX_POINT('',#5708);
#5708 = CARTESIAN_POINT('',(-2.899984123281,4.750006839375,
    -0.818999767303));
#5709 = LINE('',#5710,#5711);
#5710 = CARTESIAN_POINT('',(-2.899984123281,4.750006839375,
    -0.818999767303));
#5711 = VECTOR('',#5712,1.);
#5712 = DIRECTION('',(0.,0.,1.));
#5713 = ORIENTED_EDGE('',*,*,#5714,.F.);
#5714 = EDGE_CURVE('',#5698,#5707,#5715,.T.);
#5715 = LINE('',#5716,#5717);
#5716 = CARTESIAN_POINT('',(-2.899984123281,3.250004759375,
    -0.818999767303));
#5717 = VECTOR('',#5718,1.);
#5718 = DIRECTION('',(0.,1.,0.));
#5719 = PLANE('',#5720);
#5720 = AXIS2_PLACEMENT_3D('',#5721,#5722,#5723);
#5721 = CARTESIAN_POINT('',(-2.899984123281,3.250004759375,
    -0.818999767303));
#5722 = DIRECTION('',(-1.,0.,0.));
#5723 = DIRECTION('',(0.,0.,1.));
#5724 = ADVANCED_FACE('',(#5725),#5743,.T.);
#5725 = FACE_BOUND('',#5726,.T.);
#5726 = EDGE_LOOP('',(#5727,#5728,#5729,#5737));
#5727 = ORIENTED_EDGE('',*,*,#5706,.T.);
#5728 = ORIENTED_EDGE('',*,*,#3397,.T.);
#5729 = ORIENTED_EDGE('',*,*,#5730,.F.);
#5730 = EDGE_CURVE('',#5731,#3400,#5733,.T.);
#5731 = VERTEX_POINT('',#5732);
#5732 = CARTESIAN_POINT('',(-2.099985723281,4.750006839375,
    -0.818999767303));
#5733 = LINE('',#5734,#5735);
#5734 = CARTESIAN_POINT('',(-2.099985723281,4.750006839375,
    -0.818999767303));
#5735 = VECTOR('',#5736,1.);
#5736 = DIRECTION('',(0.,0.,1.));
#5737 = ORIENTED_EDGE('',*,*,#5738,.F.);
#5738 = EDGE_CURVE('',#5707,#5731,#5739,.T.);
#5739 = LINE('',#5740,#5741);
#5740 = CARTESIAN_POINT('',(-2.899984123281,4.750006839375,
    -0.818999767303));
#5741 = VECTOR('',#5742,1.);
#5742 = DIRECTION('',(1.,0.,0.));
#5743 = PLANE('',#5744);
#5744 = AXIS2_PLACEMENT_3D('',#5745,#5746,#5747);
#5745 = CARTESIAN_POINT('',(-2.899984123281,4.750006839375,
    -0.818999767303));
#5746 = DIRECTION('',(-0.,1.,0.));
#5747 = DIRECTION('',(1.,0.,0.));
#5748 = ADVANCED_FACE('',(#5749),#5767,.T.);
#5749 = FACE_BOUND('',#5750,.T.);
#5750 = EDGE_LOOP('',(#5751,#5752,#5753,#5761));
#5751 = ORIENTED_EDGE('',*,*,#5730,.T.);
#5752 = ORIENTED_EDGE('',*,*,#3423,.T.);
#5753 = ORIENTED_EDGE('',*,*,#5754,.F.);
#5754 = EDGE_CURVE('',#5755,#3416,#5757,.T.);
#5755 = VERTEX_POINT('',#5756);
#5756 = CARTESIAN_POINT('',(-2.099985723281,3.250004759375,
    -0.818999767303));
#5757 = LINE('',#5758,#5759);
#5758 = CARTESIAN_POINT('',(-2.099985723281,3.250004759375,
    -0.818999767303));
#5759 = VECTOR('',#5760,1.);
#5760 = DIRECTION('',(0.,0.,1.));
#5761 = ORIENTED_EDGE('',*,*,#5762,.F.);
#5762 = EDGE_CURVE('',#5731,#5755,#5763,.T.);
#5763 = LINE('',#5764,#5765);
#5764 = CARTESIAN_POINT('',(-2.099985723281,4.750006839375,
    -0.818999767303));
#5765 = VECTOR('',#5766,1.);
#5766 = DIRECTION('',(0.,-1.,0.));
#5767 = PLANE('',#5768);
#5768 = AXIS2_PLACEMENT_3D('',#5769,#5770,#5771);
#5769 = CARTESIAN_POINT('',(-2.099985723281,4.750006839375,
    -0.818999767303));
#5770 = DIRECTION('',(1.,0.,0.));
#5771 = DIRECTION('',(-0.,1.,0.));
#5772 = ADVANCED_FACE('',(#5773),#5784,.T.);
#5773 = FACE_BOUND('',#5774,.T.);
#5774 = EDGE_LOOP('',(#5775,#5776,#5777,#5778));
#5775 = ORIENTED_EDGE('',*,*,#5754,.T.);
#5776 = ORIENTED_EDGE('',*,*,#3415,.T.);
#5777 = ORIENTED_EDGE('',*,*,#5697,.F.);
#5778 = ORIENTED_EDGE('',*,*,#5779,.F.);
#5779 = EDGE_CURVE('',#5755,#5698,#5780,.T.);
#5780 = LINE('',#5781,#5782);
#5781 = CARTESIAN_POINT('',(-2.099985723281,3.250004759375,
    -0.818999767303));
#5782 = VECTOR('',#5783,1.);
#5783 = DIRECTION('',(-1.,0.,0.));
#5784 = PLANE('',#5785);
#5785 = AXIS2_PLACEMENT_3D('',#5786,#5787,#5788);
#5786 = CARTESIAN_POINT('',(-2.099985723281,3.250004759375,
    -0.818999767303));
#5787 = DIRECTION('',(0.,-1.,0.));
#5788 = DIRECTION('',(0.,0.,-1.));
#5789 = ADVANCED_FACE('',(#5790),#5796,.F.);
#5790 = FACE_BOUND('',#5791,.T.);
#5791 = EDGE_LOOP('',(#5792,#5793,#5794,#5795));
#5792 = ORIENTED_EDGE('',*,*,#5714,.T.);
#5793 = ORIENTED_EDGE('',*,*,#5738,.T.);
#5794 = ORIENTED_EDGE('',*,*,#5762,.T.);
#5795 = ORIENTED_EDGE('',*,*,#5779,.T.);
#5796 = PLANE('',#5797);
#5797 = AXIS2_PLACEMENT_3D('',#5798,#5799,#5800);
#5798 = CARTESIAN_POINT('',(-2.899984123281,3.250004759375,
    -0.818999767303));
#5799 = DIRECTION('',(0.,0.,1.));
#5800 = DIRECTION('',(1.,0.,-0.));
#5801 = ADVANCED_FACE('',(#5802),#5806,.F.);
#5802 = FACE_BOUND('',#5803,.T.);
#5803 = EDGE_LOOP('',(#5804,#5805));
#5804 = ORIENTED_EDGE('',*,*,#86,.F.);
#5805 = ORIENTED_EDGE('',*,*,#5227,.F.);
#5806 = PLANE('',#5807);
#5807 = AXIS2_PLACEMENT_3D('',#5808,#5809,#5810);
#5808 = CARTESIAN_POINT('',(-1.06993594E-04,1.12610898E-04,0.));
#5809 = DIRECTION('',(0.,0.,1.));
#5810 = DIRECTION('',(-4.3711388E-08,1.,0.));
#5811 = ( GEOMETRIC_REPRESENTATION_CONTEXT(3) 
GLOBAL_UNCERTAINTY_ASSIGNED_CONTEXT((#5815)) 
GLOBAL_UNIT_ASSIGNED_CONTEXT((#5812,#5813,#5814)) REPRESENTATION_CONTEXT
('Context #1','3D Context with UNIT and UNCERTAINTY') );
#5812 = ( LENGTH_UNIT() NAMED_UNIT(*) SI_UNIT(.MILLI.,.METRE.) );
#5813 = ( NAMED_UNIT(*) PLANE_ANGLE_UNIT() SI_UNIT($,.RADIAN.) );
#5814 = ( NAMED_UNIT(*) SI_UNIT($,.STERADIAN.) SOLID_ANGLE_UNIT() );
#5815 = UNCERTAINTY_MEASURE_WITH_UNIT(LENGTH_MEASURE(1.E-04),#5812,
  'distance_accuracy_value','confusion accuracy');
#5816 = CONTEXT_DEPENDENT_SHAPE_REPRESENTATION(#5817,#5819);
#5817 = ( REPRESENTATION_RELATIONSHIP('','',#52,#10) 
REPRESENTATION_RELATIONSHIP_WITH_TRANSFORMATION(#5818) 
SHAPE_REPRESENTATION_RELATIONSHIP() );
#5818 = ITEM_DEFINED_TRANSFORMATION('','',#11,#15);
#5819 = PRODUCT_DEFINITION_SHAPE('Placement','Placement of an item',
  #5820);
#5820 = NEXT_ASSEMBLY_USAGE_OCCURRENCE('1','U1','',#5,#47,$);
#5821 = PRODUCT_RELATED_PRODUCT_CATEGORY('part',$,(#49));
#5822 = SHAPE_DEFINITION_REPRESENTATION(#5823,#5829);
#5823 = PRODUCT_DEFINITION_SHAPE('','',#5824);
#5824 = PRODUCT_DEFINITION('design','',#5825,#5828);
#5825 = PRODUCT_DEFINITION_FORMATION('','',#5826);
#5826 = PRODUCT('C_0603_1608Metric','C_0603_1608Metric','',(#5827));
#5827 = PRODUCT_CONTEXT('',#2,'mechanical');
#5828 = PRODUCT_DEFINITION_CONTEXT('part definition',#2,'design');
#5829 = ADVANCED_BREP_SHAPE_REPRESENTATION('',(#11,#5830),#6684);
#5830 = MANIFOLD_SOLID_BREP('',#5831);
#5831 = CLOSED_SHELL('',(#5832,#5908,#5939,#5964,#5989,#6013,#6037,#6062
    ,#6087,#6104,#6190,#6222,#6246,#6271,#6295,#6320,#6344,#6369,#6386,
    #6472,#6503,#6528,#6553,#6577,#6601,#6626,#6651,#6668));
#5832 = ADVANCED_FACE('',(#5833),#5903,.F.);
#5833 = FACE_BOUND('',#5834,.F.);
#5834 = EDGE_LOOP('',(#5835,#5845,#5854,#5862,#5871,#5879,#5888,#5896));
#5835 = ORIENTED_EDGE('',*,*,#5836,.F.);
#5836 = EDGE_CURVE('',#5837,#5839,#5841,.T.);
#5837 = VERTEX_POINT('',#5838);
#5838 = CARTESIAN_POINT('',(-0.8,-0.4,3.E-02));
#5839 = VERTEX_POINT('',#5840);
#5840 = CARTESIAN_POINT('',(-0.8,-0.4,0.77));
#5841 = LINE('',#5842,#5843);
#5842 = CARTESIAN_POINT('',(-0.8,-0.4,0.));
#5843 = VECTOR('',#5844,1.);
#5844 = DIRECTION('',(0.,0.,1.));
#5845 = ORIENTED_EDGE('',*,*,#5846,.T.);
#5846 = EDGE_CURVE('',#5837,#5847,#5849,.T.);
#5847 = VERTEX_POINT('',#5848);
#5848 = CARTESIAN_POINT('',(-0.8,-0.37,0.));
#5849 = CIRCLE('',#5850,3.E-02);
#5850 = AXIS2_PLACEMENT_3D('',#5851,#5852,#5853);
#5851 = CARTESIAN_POINT('',(-0.8,-0.37,3.E-02));
#5852 = DIRECTION('',(1.,0.,-0.));
#5853 = DIRECTION('',(0.,0.,1.));
#5854 = ORIENTED_EDGE('',*,*,#5855,.T.);
#5855 = EDGE_CURVE('',#5847,#5856,#5858,.T.);
#5856 = VERTEX_POINT('',#5857);
#5857 = CARTESIAN_POINT('',(-0.8,0.37,0.));
#5858 = LINE('',#5859,#5860);
#5859 = CARTESIAN_POINT('',(-0.8,-0.4,0.));
#5860 = VECTOR('',#5861,1.);
#5861 = DIRECTION('',(0.,1.,0.));
#5862 = ORIENTED_EDGE('',*,*,#5863,.F.);
#5863 = EDGE_CURVE('',#5864,#5856,#5866,.T.);
#5864 = VERTEX_POINT('',#5865);
#5865 = CARTESIAN_POINT('',(-0.8,0.4,3.E-02));
#5866 = CIRCLE('',#5867,3.E-02);
#5867 = AXIS2_PLACEMENT_3D('',#5868,#5869,#5870);
#5868 = CARTESIAN_POINT('',(-0.8,0.37,3.E-02));
#5869 = DIRECTION('',(-1.,0.,0.));
#5870 = DIRECTION('',(0.,0.,1.));
#5871 = ORIENTED_EDGE('',*,*,#5872,.T.);
#5872 = EDGE_CURVE('',#5864,#5873,#5875,.T.);
#5873 = VERTEX_POINT('',#5874);
#5874 = CARTESIAN_POINT('',(-0.8,0.4,0.77));
#5875 = LINE('',#5876,#5877);
#5876 = CARTESIAN_POINT('',(-0.8,0.4,0.));
#5877 = VECTOR('',#5878,1.);
#5878 = DIRECTION('',(0.,0.,1.));
#5879 = ORIENTED_EDGE('',*,*,#5880,.T.);
#5880 = EDGE_CURVE('',#5873,#5881,#5883,.T.);
#5881 = VERTEX_POINT('',#5882);
#5882 = CARTESIAN_POINT('',(-0.8,0.37,0.8));
#5883 = CIRCLE('',#5884,3.E-02);
#5884 = AXIS2_PLACEMENT_3D('',#5885,#5886,#5887);
#5885 = CARTESIAN_POINT('',(-0.8,0.37,0.77));
#5886 = DIRECTION('',(1.,0.,-0.));
#5887 = DIRECTION('',(0.,0.,1.));
#5888 = ORIENTED_EDGE('',*,*,#5889,.F.);
#5889 = EDGE_CURVE('',#5890,#5881,#5892,.T.);
#5890 = VERTEX_POINT('',#5891);
#5891 = CARTESIAN_POINT('',(-0.8,-0.37,0.8));
#5892 = LINE('',#5893,#5894);
#5893 = CARTESIAN_POINT('',(-0.8,-0.4,0.8));
#5894 = VECTOR('',#5895,1.);
#5895 = DIRECTION('',(0.,1.,0.));
#5896 = ORIENTED_EDGE('',*,*,#5897,.F.);
#5897 = EDGE_CURVE('',#5839,#5890,#5898,.T.);
#5898 = CIRCLE('',#5899,3.E-02);
#5899 = AXIS2_PLACEMENT_3D('',#5900,#5901,#5902);
#5900 = CARTESIAN_POINT('',(-0.8,-0.37,0.77));
#5901 = DIRECTION('',(-1.,0.,0.));
#5902 = DIRECTION('',(0.,0.,1.));
#5903 = PLANE('',#5904);
#5904 = AXIS2_PLACEMENT_3D('',#5905,#5906,#5907);
#5905 = CARTESIAN_POINT('',(-0.8,-0.4,0.));
#5906 = DIRECTION('',(1.,0.,0.));
#5907 = DIRECTION('',(0.,0.,1.));
#5908 = ADVANCED_FACE('',(#5909),#5934,.F.);
#5909 = FACE_BOUND('',#5910,.F.);
#5910 = EDGE_LOOP('',(#5911,#5921,#5927,#5928));
#5911 = ORIENTED_EDGE('',*,*,#5912,.F.);
#5912 = EDGE_CURVE('',#5913,#5915,#5917,.T.);
#5913 = VERTEX_POINT('',#5914);
#5914 = CARTESIAN_POINT('',(-0.5,-0.4,3.E-02));
#5915 = VERTEX_POINT('',#5916);
#5916 = CARTESIAN_POINT('',(-0.5,-0.4,0.77));
#5917 = LINE('',#5918,#5919);
#5918 = CARTESIAN_POINT('',(-0.5,-0.4,0.));
#5919 = VECTOR('',#5920,1.);
#5920 = DIRECTION('',(0.,0.,1.));
#5921 = ORIENTED_EDGE('',*,*,#5922,.F.);
#5922 = EDGE_CURVE('',#5837,#5913,#5923,.T.);
#5923 = LINE('',#5924,#5925);
#5924 = CARTESIAN_POINT('',(-0.8,-0.4,3.E-02));
#5925 = VECTOR('',#5926,1.);
#5926 = DIRECTION('',(1.,0.,0.));
#5927 = ORIENTED_EDGE('',*,*,#5836,.T.);
#5928 = ORIENTED_EDGE('',*,*,#5929,.T.);
#5929 = EDGE_CURVE('',#5839,#5915,#5930,.T.);
#5930 = LINE('',#5931,#5932);
#5931 = CARTESIAN_POINT('',(-0.8,-0.4,0.77));
#5932 = VECTOR('',#5933,1.);
#5933 = DIRECTION('',(1.,0.,0.));
#5934 = PLANE('',#5935);
#5935 = AXIS2_PLACEMENT_3D('',#5936,#5937,#5938);
#5936 = CARTESIAN_POINT('',(-0.8,-0.4,0.));
#5937 = DIRECTION('',(0.,1.,0.));
#5938 = DIRECTION('',(0.,-0.,1.));
#5939 = ADVANCED_FACE('',(#5940),#5959,.T.);
#5940 = FACE_BOUND('',#5941,.T.);
#5941 = EDGE_LOOP('',(#5942,#5943,#5951,#5958));
#5942 = ORIENTED_EDGE('',*,*,#5846,.T.);
#5943 = ORIENTED_EDGE('',*,*,#5944,.T.);
#5944 = EDGE_CURVE('',#5847,#5945,#5947,.T.);
#5945 = VERTEX_POINT('',#5946);
#5946 = CARTESIAN_POINT('',(-0.5,-0.37,0.));
#5947 = LINE('',#5948,#5949);
#5948 = CARTESIAN_POINT('',(-0.8,-0.37,0.));
#5949 = VECTOR('',#5950,1.);
#5950 = DIRECTION('',(1.,0.,0.));
#5951 = ORIENTED_EDGE('',*,*,#5952,.F.);
#5952 = EDGE_CURVE('',#5913,#5945,#5953,.T.);
#5953 = CIRCLE('',#5954,3.E-02);
#5954 = AXIS2_PLACEMENT_3D('',#5955,#5956,#5957);
#5955 = CARTESIAN_POINT('',(-0.5,-0.37,3.E-02));
#5956 = DIRECTION('',(1.,0.,-0.));
#5957 = DIRECTION('',(0.,0.,1.));
#5958 = ORIENTED_EDGE('',*,*,#5922,.F.);
#5959 = CYLINDRICAL_SURFACE('',#5960,3.E-02);
#5960 = AXIS2_PLACEMENT_3D('',#5961,#5962,#5963);
#5961 = CARTESIAN_POINT('',(-0.8,-0.37,3.E-02));
#5962 = DIRECTION('',(1.,0.,0.));
#5963 = DIRECTION('',(0.,-1.,0.));
#5964 = ADVANCED_FACE('',(#5965),#5984,.T.);
#5965 = FACE_BOUND('',#5966,.T.);
#5966 = EDGE_LOOP('',(#5967,#5968,#5977,#5983));
#5967 = ORIENTED_EDGE('',*,*,#5929,.T.);
#5968 = ORIENTED_EDGE('',*,*,#5969,.T.);
#5969 = EDGE_CURVE('',#5915,#5970,#5972,.T.);
#5970 = VERTEX_POINT('',#5971);
#5971 = CARTESIAN_POINT('',(-0.5,-0.37,0.8));
#5972 = CIRCLE('',#5973,3.E-02);
#5973 = AXIS2_PLACEMENT_3D('',#5974,#5975,#5976);
#5974 = CARTESIAN_POINT('',(-0.5,-0.37,0.77));
#5975 = DIRECTION('',(-1.,0.,0.));
#5976 = DIRECTION('',(0.,0.,1.));
#5977 = ORIENTED_EDGE('',*,*,#5978,.F.);
#5978 = EDGE_CURVE('',#5890,#5970,#5979,.T.);
#5979 = LINE('',#5980,#5981);
#5980 = CARTESIAN_POINT('',(-0.8,-0.37,0.8));
#5981 = VECTOR('',#5982,1.);
#5982 = DIRECTION('',(1.,0.,0.));
#5983 = ORIENTED_EDGE('',*,*,#5897,.F.);
#5984 = CYLINDRICAL_SURFACE('',#5985,3.E-02);
#5985 = AXIS2_PLACEMENT_3D('',#5986,#5987,#5988);
#5986 = CARTESIAN_POINT('',(-0.8,-0.37,0.77));
#5987 = DIRECTION('',(1.,0.,0.));
#5988 = DIRECTION('',(0.,-1.,0.));
#5989 = ADVANCED_FACE('',(#5990),#6008,.F.);
#5990 = FACE_BOUND('',#5991,.F.);
#5991 = EDGE_LOOP('',(#5992,#5993,#5994,#6002));
#5992 = ORIENTED_EDGE('',*,*,#5855,.F.);
#5993 = ORIENTED_EDGE('',*,*,#5944,.T.);
#5994 = ORIENTED_EDGE('',*,*,#5995,.T.);
#5995 = EDGE_CURVE('',#5945,#5996,#5998,.T.);
#5996 = VERTEX_POINT('',#5997);
#5997 = CARTESIAN_POINT('',(-0.5,0.37,0.));
#5998 = LINE('',#5999,#6000);
#5999 = CARTESIAN_POINT('',(-0.5,-0.4,0.));
#6000 = VECTOR('',#6001,1.);
#6001 = DIRECTION('',(0.,1.,0.));
#6002 = ORIENTED_EDGE('',*,*,#6003,.F.);
#6003 = EDGE_CURVE('',#5856,#5996,#6004,.T.);
#6004 = LINE('',#6005,#6006);
#6005 = CARTESIAN_POINT('',(-0.8,0.37,0.));
#6006 = VECTOR('',#6007,1.);
#6007 = DIRECTION('',(1.,0.,0.));
#6008 = PLANE('',#6009);
#6009 = AXIS2_PLACEMENT_3D('',#6010,#6011,#6012);
#6010 = CARTESIAN_POINT('',(-0.8,-0.4,0.));
#6011 = DIRECTION('',(0.,0.,1.));
#6012 = DIRECTION('',(1.,0.,-0.));
#6013 = ADVANCED_FACE('',(#6014),#6032,.T.);
#6014 = FACE_BOUND('',#6015,.T.);
#6015 = EDGE_LOOP('',(#6016,#6017,#6018,#6026));
#6016 = ORIENTED_EDGE('',*,*,#5889,.F.);
#6017 = ORIENTED_EDGE('',*,*,#5978,.T.);
#6018 = ORIENTED_EDGE('',*,*,#6019,.T.);
#6019 = EDGE_CURVE('',#5970,#6020,#6022,.T.);
#6020 = VERTEX_POINT('',#6021);
#6021 = CARTESIAN_POINT('',(-0.5,0.37,0.8));
#6022 = LINE('',#6023,#6024);
#6023 = CARTESIAN_POINT('',(-0.5,-0.4,0.8));
#6024 = VECTOR('',#6025,1.);
#6025 = DIRECTION('',(0.,1.,0.));
#6026 = ORIENTED_EDGE('',*,*,#6027,.F.);
#6027 = EDGE_CURVE('',#5881,#6020,#6028,.T.);
#6028 = LINE('',#6029,#6030);
#6029 = CARTESIAN_POINT('',(-0.8,0.37,0.8));
#6030 = VECTOR('',#6031,1.);
#6031 = DIRECTION('',(1.,0.,0.));
#6032 = PLANE('',#6033);
#6033 = AXIS2_PLACEMENT_3D('',#6034,#6035,#6036);
#6034 = CARTESIAN_POINT('',(-0.8,-0.4,0.8));
#6035 = DIRECTION('',(0.,0.,1.));
#6036 = DIRECTION('',(1.,0.,-0.));
#6037 = ADVANCED_FACE('',(#6038),#6057,.T.);
#6038 = FACE_BOUND('',#6039,.T.);
#6039 = EDGE_LOOP('',(#6040,#6048,#6055,#6056));
#6040 = ORIENTED_EDGE('',*,*,#6041,.T.);
#6041 = EDGE_CURVE('',#5864,#6042,#6044,.T.);
#6042 = VERTEX_POINT('',#6043);
#6043 = CARTESIAN_POINT('',(-0.5,0.4,3.E-02));
#6044 = LINE('',#6045,#6046);
#6045 = CARTESIAN_POINT('',(-0.8,0.4,3.E-02));
#6046 = VECTOR('',#6047,1.);
#6047 = DIRECTION('',(1.,0.,0.));
#6048 = ORIENTED_EDGE('',*,*,#6049,.T.);
#6049 = EDGE_CURVE('',#6042,#5996,#6050,.T.);
#6050 = CIRCLE('',#6051,3.E-02);
#6051 = AXIS2_PLACEMENT_3D('',#6052,#6053,#6054);
#6052 = CARTESIAN_POINT('',(-0.5,0.37,3.E-02));
#6053 = DIRECTION('',(-1.,0.,0.));
#6054 = DIRECTION('',(0.,0.,1.));
#6055 = ORIENTED_EDGE('',*,*,#6003,.F.);
#6056 = ORIENTED_EDGE('',*,*,#5863,.F.);
#6057 = CYLINDRICAL_SURFACE('',#6058,3.E-02);
#6058 = AXIS2_PLACEMENT_3D('',#6059,#6060,#6061);
#6059 = CARTESIAN_POINT('',(-0.8,0.37,3.E-02));
#6060 = DIRECTION('',(1.,0.,0.));
#6061 = DIRECTION('',(-0.,1.,0.));
#6062 = ADVANCED_FACE('',(#6063),#6082,.T.);
#6063 = FACE_BOUND('',#6064,.T.);
#6064 = EDGE_LOOP('',(#6065,#6066,#6067,#6076));
#6065 = ORIENTED_EDGE('',*,*,#5880,.T.);
#6066 = ORIENTED_EDGE('',*,*,#6027,.T.);
#6067 = ORIENTED_EDGE('',*,*,#6068,.F.);
#6068 = EDGE_CURVE('',#6069,#6020,#6071,.T.);
#6069 = VERTEX_POINT('',#6070);
#6070 = CARTESIAN_POINT('',(-0.5,0.4,0.77));
#6071 = CIRCLE('',#6072,3.E-02);
#6072 = AXIS2_PLACEMENT_3D('',#6073,#6074,#6075);
#6073 = CARTESIAN_POINT('',(-0.5,0.37,0.77));
#6074 = DIRECTION('',(1.,0.,-0.));
#6075 = DIRECTION('',(0.,0.,1.));
#6076 = ORIENTED_EDGE('',*,*,#6077,.F.);
#6077 = EDGE_CURVE('',#5873,#6069,#6078,.T.);
#6078 = LINE('',#6079,#6080);
#6079 = CARTESIAN_POINT('',(-0.8,0.4,0.77));
#6080 = VECTOR('',#6081,1.);
#6081 = DIRECTION('',(1.,0.,0.));
#6082 = CYLINDRICAL_SURFACE('',#6083,3.E-02);
#6083 = AXIS2_PLACEMENT_3D('',#6084,#6085,#6086);
#6084 = CARTESIAN_POINT('',(-0.8,0.37,0.77));
#6085 = DIRECTION('',(1.,0.,0.));
#6086 = DIRECTION('',(-0.,1.,0.));
#6087 = ADVANCED_FACE('',(#6088),#6099,.T.);
#6088 = FACE_BOUND('',#6089,.T.);
#6089 = EDGE_LOOP('',(#6090,#6096,#6097,#6098));
#6090 = ORIENTED_EDGE('',*,*,#6091,.F.);
#6091 = EDGE_CURVE('',#6042,#6069,#6092,.T.);
#6092 = LINE('',#6093,#6094);
#6093 = CARTESIAN_POINT('',(-0.5,0.4,0.));
#6094 = VECTOR('',#6095,1.);
#6095 = DIRECTION('',(0.,0.,1.));
#6096 = ORIENTED_EDGE('',*,*,#6041,.F.);
#6097 = ORIENTED_EDGE('',*,*,#5872,.T.);
#6098 = ORIENTED_EDGE('',*,*,#6077,.T.);
#6099 = PLANE('',#6100);
#6100 = AXIS2_PLACEMENT_3D('',#6101,#6102,#6103);
#6101 = CARTESIAN_POINT('',(-0.8,0.4,0.));
#6102 = DIRECTION('',(0.,1.,0.));
#6103 = DIRECTION('',(0.,-0.,1.));
#6104 = ADVANCED_FACE('',(#6105,#6115),#6185,.T.);
#6105 = FACE_BOUND('',#6106,.T.);
#6106 = EDGE_LOOP('',(#6107,#6108,#6109,#6110,#6111,#6112,#6113,#6114));
#6107 = ORIENTED_EDGE('',*,*,#5912,.F.);
#6108 = ORIENTED_EDGE('',*,*,#5952,.T.);
#6109 = ORIENTED_EDGE('',*,*,#5995,.T.);
#6110 = ORIENTED_EDGE('',*,*,#6049,.F.);
#6111 = ORIENTED_EDGE('',*,*,#6091,.T.);
#6112 = ORIENTED_EDGE('',*,*,#6068,.T.);
#6113 = ORIENTED_EDGE('',*,*,#6019,.F.);
#6114 = ORIENTED_EDGE('',*,*,#5969,.F.);
#6115 = FACE_BOUND('',#6116,.T.);
#6116 = EDGE_LOOP('',(#6117,#6128,#6136,#6145,#6153,#6162,#6170,#6179));
#6117 = ORIENTED_EDGE('',*,*,#6118,.F.);
#6118 = EDGE_CURVE('',#6119,#6121,#6123,.T.);
#6119 = VERTEX_POINT('',#6120);
#6120 = CARTESIAN_POINT('',(-0.5,-0.37,6.E-02));
#6121 = VERTEX_POINT('',#6122);
#6122 = CARTESIAN_POINT('',(-0.5,-0.34,3.E-02));
#6123 = CIRCLE('',#6124,3.E-02);
#6124 = AXIS2_PLACEMENT_3D('',#6125,#6126,#6127);
#6125 = CARTESIAN_POINT('',(-0.5,-0.34,6.E-02));
#6126 = DIRECTION('',(1.,0.,-0.));
#6127 = DIRECTION('',(0.,0.,1.));
#6128 = ORIENTED_EDGE('',*,*,#6129,.T.);
#6129 = EDGE_CURVE('',#6119,#6130,#6132,.T.);
#6130 = VERTEX_POINT('',#6131);
#6131 = CARTESIAN_POINT('',(-0.5,-0.37,0.74));
#6132 = LINE('',#6133,#6134);
#6133 = CARTESIAN_POINT('',(-0.5,-0.37,3.E-02));
#6134 = VECTOR('',#6135,1.);
#6135 = DIRECTION('',(0.,0.,1.));
#6136 = ORIENTED_EDGE('',*,*,#6137,.T.);
#6137 = EDGE_CURVE('',#6130,#6138,#6140,.T.);
#6138 = VERTEX_POINT('',#6139);
#6139 = CARTESIAN_POINT('',(-0.5,-0.34,0.77));
#6140 = CIRCLE('',#6141,3.E-02);
#6141 = AXIS2_PLACEMENT_3D('',#6142,#6143,#6144);
#6142 = CARTESIAN_POINT('',(-0.5,-0.34,0.74));
#6143 = DIRECTION('',(-1.,0.,0.));
#6144 = DIRECTION('',(0.,0.,1.));
#6145 = ORIENTED_EDGE('',*,*,#6146,.T.);
#6146 = EDGE_CURVE('',#6138,#6147,#6149,.T.);
#6147 = VERTEX_POINT('',#6148);
#6148 = CARTESIAN_POINT('',(-0.5,0.34,0.77));
#6149 = LINE('',#6150,#6151);
#6150 = CARTESIAN_POINT('',(-0.5,-0.37,0.77));
#6151 = VECTOR('',#6152,1.);
#6152 = DIRECTION('',(0.,1.,0.));
#6153 = ORIENTED_EDGE('',*,*,#6154,.F.);
#6154 = EDGE_CURVE('',#6155,#6147,#6157,.T.);
#6155 = VERTEX_POINT('',#6156);
#6156 = CARTESIAN_POINT('',(-0.5,0.37,0.74));
#6157 = CIRCLE('',#6158,3.E-02);
#6158 = AXIS2_PLACEMENT_3D('',#6159,#6160,#6161);
#6159 = CARTESIAN_POINT('',(-0.5,0.34,0.74));
#6160 = DIRECTION('',(1.,0.,-0.));
#6161 = DIRECTION('',(0.,0.,1.));
#6162 = ORIENTED_EDGE('',*,*,#6163,.F.);
#6163 = EDGE_CURVE('',#6164,#6155,#6166,.T.);
#6164 = VERTEX_POINT('',#6165);
#6165 = CARTESIAN_POINT('',(-0.5,0.37,6.E-02));
#6166 = LINE('',#6167,#6168);
#6167 = CARTESIAN_POINT('',(-0.5,0.37,3.E-02));
#6168 = VECTOR('',#6169,1.);
#6169 = DIRECTION('',(0.,0.,1.));
#6170 = ORIENTED_EDGE('',*,*,#6171,.T.);
#6171 = EDGE_CURVE('',#6164,#6172,#6174,.T.);
#6172 = VERTEX_POINT('',#6173);
#6173 = CARTESIAN_POINT('',(-0.5,0.34,3.E-02));
#6174 = CIRCLE('',#6175,3.E-02);
#6175 = AXIS2_PLACEMENT_3D('',#6176,#6177,#6178);
#6176 = CARTESIAN_POINT('',(-0.5,0.34,6.E-02));
#6177 = DIRECTION('',(-1.,0.,0.));
#6178 = DIRECTION('',(0.,0.,1.));
#6179 = ORIENTED_EDGE('',*,*,#6180,.F.);
#6180 = EDGE_CURVE('',#6121,#6172,#6181,.T.);
#6181 = LINE('',#6182,#6183);
#6182 = CARTESIAN_POINT('',(-0.5,-0.37,3.E-02));
#6183 = VECTOR('',#6184,1.);
#6184 = DIRECTION('',(0.,1.,0.));
#6185 = PLANE('',#6186);
#6186 = AXIS2_PLACEMENT_3D('',#6187,#6188,#6189);
#6187 = CARTESIAN_POINT('',(-0.5,-0.4,0.));
#6188 = DIRECTION('',(1.,0.,0.));
#6189 = DIRECTION('',(0.,0.,1.));
#6190 = ADVANCED_FACE('',(#6191),#6217,.T.);
#6191 = FACE_BOUND('',#6192,.T.);
#6192 = EDGE_LOOP('',(#6193,#6194,#6202,#6211));
#6193 = ORIENTED_EDGE('',*,*,#6118,.T.);
#6194 = ORIENTED_EDGE('',*,*,#6195,.T.);
#6195 = EDGE_CURVE('',#6121,#6196,#6198,.T.);
#6196 = VERTEX_POINT('',#6197);
#6197 = CARTESIAN_POINT('',(0.5,-0.34,3.E-02));
#6198 = LINE('',#6199,#6200);
#6199 = CARTESIAN_POINT('',(-0.5,-0.34,3.E-02));
#6200 = VECTOR('',#6201,1.);
#6201 = DIRECTION('',(1.,0.,0.));
#6202 = ORIENTED_EDGE('',*,*,#6203,.F.);
#6203 = EDGE_CURVE('',#6204,#6196,#6206,.T.);
#6204 = VERTEX_POINT('',#6205);
#6205 = CARTESIAN_POINT('',(0.5,-0.37,6.E-02));
#6206 = CIRCLE('',#6207,3.E-02);
#6207 = AXIS2_PLACEMENT_3D('',#6208,#6209,#6210);
#6208 = CARTESIAN_POINT('',(0.5,-0.34,6.E-02));
#6209 = DIRECTION('',(1.,0.,-0.));
#6210 = DIRECTION('',(0.,0.,1.));
#6211 = ORIENTED_EDGE('',*,*,#6212,.F.);
#6212 = EDGE_CURVE('',#6119,#6204,#6213,.T.);
#6213 = LINE('',#6214,#6215);
#6214 = CARTESIAN_POINT('',(-0.5,-0.37,6.E-02));
#6215 = VECTOR('',#6216,1.);
#6216 = DIRECTION('',(1.,0.,0.));
#6217 = CYLINDRICAL_SURFACE('',#6218,3.E-02);
#6218 = AXIS2_PLACEMENT_3D('',#6219,#6220,#6221);
#6219 = CARTESIAN_POINT('',(-0.5,-0.34,6.E-02));
#6220 = DIRECTION('',(1.,0.,0.));
#6221 = DIRECTION('',(0.,-1.,0.));
#6222 = ADVANCED_FACE('',(#6223),#6241,.F.);
#6223 = FACE_BOUND('',#6224,.F.);
#6224 = EDGE_LOOP('',(#6225,#6226,#6227,#6235));
#6225 = ORIENTED_EDGE('',*,*,#6180,.F.);
#6226 = ORIENTED_EDGE('',*,*,#6195,.T.);
#6227 = ORIENTED_EDGE('',*,*,#6228,.T.);
#6228 = EDGE_CURVE('',#6196,#6229,#6231,.T.);
#6229 = VERTEX_POINT('',#6230);
#6230 = CARTESIAN_POINT('',(0.5,0.34,3.E-02));
#6231 = LINE('',#6232,#6233);
#6232 = CARTESIAN_POINT('',(0.5,-0.37,3.E-02));
#6233 = VECTOR('',#6234,1.);
#6234 = DIRECTION('',(0.,1.,0.));
#6235 = ORIENTED_EDGE('',*,*,#6236,.F.);
#6236 = EDGE_CURVE('',#6172,#6229,#6237,.T.);
#6237 = LINE('',#6238,#6239);
#6238 = CARTESIAN_POINT('',(-0.5,0.34,3.E-02));
#6239 = VECTOR('',#6240,1.);
#6240 = DIRECTION('',(1.,0.,0.));
#6241 = PLANE('',#6242);
#6242 = AXIS2_PLACEMENT_3D('',#6243,#6244,#6245);
#6243 = CARTESIAN_POINT('',(-0.5,-0.37,3.E-02));
#6244 = DIRECTION('',(0.,0.,1.));
#6245 = DIRECTION('',(1.,0.,-0.));
#6246 = ADVANCED_FACE('',(#6247),#6266,.T.);
#6247 = FACE_BOUND('',#6248,.T.);
#6248 = EDGE_LOOP('',(#6249,#6257,#6264,#6265));
#6249 = ORIENTED_EDGE('',*,*,#6250,.T.);
#6250 = EDGE_CURVE('',#6164,#6251,#6253,.T.);
#6251 = VERTEX_POINT('',#6252);
#6252 = CARTESIAN_POINT('',(0.5,0.37,6.E-02));
#6253 = LINE('',#6254,#6255);
#6254 = CARTESIAN_POINT('',(-0.5,0.37,6.E-02));
#6255 = VECTOR('',#6256,1.);
#6256 = DIRECTION('',(1.,0.,0.));
#6257 = ORIENTED_EDGE('',*,*,#6258,.T.);
#6258 = EDGE_CURVE('',#6251,#6229,#6259,.T.);
#6259 = CIRCLE('',#6260,3.E-02);
#6260 = AXIS2_PLACEMENT_3D('',#6261,#6262,#6263);
#6261 = CARTESIAN_POINT('',(0.5,0.34,6.E-02));
#6262 = DIRECTION('',(-1.,0.,0.));
#6263 = DIRECTION('',(0.,0.,1.));
#6264 = ORIENTED_EDGE('',*,*,#6236,.F.);
#6265 = ORIENTED_EDGE('',*,*,#6171,.F.);
#6266 = CYLINDRICAL_SURFACE('',#6267,3.E-02);
#6267 = AXIS2_PLACEMENT_3D('',#6268,#6269,#6270);
#6268 = CARTESIAN_POINT('',(-0.5,0.34,6.E-02));
#6269 = DIRECTION('',(1.,0.,0.));
#6270 = DIRECTION('',(-0.,1.,0.));
#6271 = ADVANCED_FACE('',(#6272),#6290,.T.);
#6272 = FACE_BOUND('',#6273,.T.);
#6273 = EDGE_LOOP('',(#6274,#6282,#6283,#6284));
#6274 = ORIENTED_EDGE('',*,*,#6275,.F.);
#6275 = EDGE_CURVE('',#6251,#6276,#6278,.T.);
#6276 = VERTEX_POINT('',#6277);
#6277 = CARTESIAN_POINT('',(0.5,0.37,0.74));
#6278 = LINE('',#6279,#6280);
#6279 = CARTESIAN_POINT('',(0.5,0.37,3.E-02));
#6280 = VECTOR('',#6281,1.);
#6281 = DIRECTION('',(0.,0.,1.));
#6282 = ORIENTED_EDGE('',*,*,#6250,.F.);
#6283 = ORIENTED_EDGE('',*,*,#6163,.T.);
#6284 = ORIENTED_EDGE('',*,*,#6285,.T.);
#6285 = EDGE_CURVE('',#6155,#6276,#6286,.T.);
#6286 = LINE('',#6287,#6288);
#6287 = CARTESIAN_POINT('',(-0.5,0.37,0.74));
#6288 = VECTOR('',#6289,1.);
#6289 = DIRECTION('',(1.,0.,0.));
#6290 = PLANE('',#6291);
#6291 = AXIS2_PLACEMENT_3D('',#6292,#6293,#6294);
#6292 = CARTESIAN_POINT('',(-0.5,0.37,3.E-02));
#6293 = DIRECTION('',(0.,1.,0.));
#6294 = DIRECTION('',(0.,-0.,1.));
#6295 = ADVANCED_FACE('',(#6296),#6315,.T.);
#6296 = FACE_BOUND('',#6297,.T.);
#6297 = EDGE_LOOP('',(#6298,#6299,#6307,#6314));
#6298 = ORIENTED_EDGE('',*,*,#6154,.T.);
#6299 = ORIENTED_EDGE('',*,*,#6300,.T.);
#6300 = EDGE_CURVE('',#6147,#6301,#6303,.T.);
#6301 = VERTEX_POINT('',#6302);
#6302 = CARTESIAN_POINT('',(0.5,0.34,0.77));
#6303 = LINE('',#6304,#6305);
#6304 = CARTESIAN_POINT('',(-0.5,0.34,0.77));
#6305 = VECTOR('',#6306,1.);
#6306 = DIRECTION('',(1.,0.,0.));
#6307 = ORIENTED_EDGE('',*,*,#6308,.F.);
#6308 = EDGE_CURVE('',#6276,#6301,#6309,.T.);
#6309 = CIRCLE('',#6310,3.E-02);
#6310 = AXIS2_PLACEMENT_3D('',#6311,#6312,#6313);
#6311 = CARTESIAN_POINT('',(0.5,0.34,0.74));
#6312 = DIRECTION('',(1.,0.,-0.));
#6313 = DIRECTION('',(0.,0.,1.));
#6314 = ORIENTED_EDGE('',*,*,#6285,.F.);
#6315 = CYLINDRICAL_SURFACE('',#6316,3.E-02);
#6316 = AXIS2_PLACEMENT_3D('',#6317,#6318,#6319);
#6317 = CARTESIAN_POINT('',(-0.5,0.34,0.74));
#6318 = DIRECTION('',(1.,0.,0.));
#6319 = DIRECTION('',(-0.,1.,0.));
#6320 = ADVANCED_FACE('',(#6321),#6339,.T.);
#6321 = FACE_BOUND('',#6322,.T.);
#6322 = EDGE_LOOP('',(#6323,#6324,#6332,#6338));
#6323 = ORIENTED_EDGE('',*,*,#6146,.F.);
#6324 = ORIENTED_EDGE('',*,*,#6325,.T.);
#6325 = EDGE_CURVE('',#6138,#6326,#6328,.T.);
#6326 = VERTEX_POINT('',#6327);
#6327 = CARTESIAN_POINT('',(0.5,-0.34,0.77));
#6328 = LINE('',#6329,#6330);
#6329 = CARTESIAN_POINT('',(-0.5,-0.34,0.77));
#6330 = VECTOR('',#6331,1.);
#6331 = DIRECTION('',(1.,0.,0.));
#6332 = ORIENTED_EDGE('',*,*,#6333,.T.);
#6333 = EDGE_CURVE('',#6326,#6301,#6334,.T.);
#6334 = LINE('',#6335,#6336);
#6335 = CARTESIAN_POINT('',(0.5,-0.37,0.77));
#6336 = VECTOR('',#6337,1.);
#6337 = DIRECTION('',(0.,1.,0.));
#6338 = ORIENTED_EDGE('',*,*,#6300,.F.);
#6339 = PLANE('',#6340);
#6340 = AXIS2_PLACEMENT_3D('',#6341,#6342,#6343);
#6341 = CARTESIAN_POINT('',(-0.5,-0.37,0.77));
#6342 = DIRECTION('',(0.,0.,1.));
#6343 = DIRECTION('',(1.,0.,-0.));
#6344 = ADVANCED_FACE('',(#6345),#6364,.T.);
#6345 = FACE_BOUND('',#6346,.T.);
#6346 = EDGE_LOOP('',(#6347,#6355,#6362,#6363));
#6347 = ORIENTED_EDGE('',*,*,#6348,.T.);
#6348 = EDGE_CURVE('',#6130,#6349,#6351,.T.);
#6349 = VERTEX_POINT('',#6350);
#6350 = CARTESIAN_POINT('',(0.5,-0.37,0.74));
#6351 = LINE('',#6352,#6353);
#6352 = CARTESIAN_POINT('',(-0.5,-0.37,0.74));
#6353 = VECTOR('',#6354,1.);
#6354 = DIRECTION('',(1.,0.,0.));
#6355 = ORIENTED_EDGE('',*,*,#6356,.T.);
#6356 = EDGE_CURVE('',#6349,#6326,#6357,.T.);
#6357 = CIRCLE('',#6358,3.E-02);
#6358 = AXIS2_PLACEMENT_3D('',#6359,#6360,#6361);
#6359 = CARTESIAN_POINT('',(0.5,-0.34,0.74));
#6360 = DIRECTION('',(-1.,0.,0.));
#6361 = DIRECTION('',(0.,0.,1.));
#6362 = ORIENTED_EDGE('',*,*,#6325,.F.);
#6363 = ORIENTED_EDGE('',*,*,#6137,.F.);
#6364 = CYLINDRICAL_SURFACE('',#6365,3.E-02);
#6365 = AXIS2_PLACEMENT_3D('',#6366,#6367,#6368);
#6366 = CARTESIAN_POINT('',(-0.5,-0.34,0.74));
#6367 = DIRECTION('',(1.,0.,0.));
#6368 = DIRECTION('',(0.,-1.,0.));
#6369 = ADVANCED_FACE('',(#6370),#6381,.F.);
#6370 = FACE_BOUND('',#6371,.F.);
#6371 = EDGE_LOOP('',(#6372,#6378,#6379,#6380));
#6372 = ORIENTED_EDGE('',*,*,#6373,.F.);
#6373 = EDGE_CURVE('',#6204,#6349,#6374,.T.);
#6374 = LINE('',#6375,#6376);
#6375 = CARTESIAN_POINT('',(0.5,-0.37,3.E-02));
#6376 = VECTOR('',#6377,1.);
#6377 = DIRECTION('',(0.,0.,1.));
#6378 = ORIENTED_EDGE('',*,*,#6212,.F.);
#6379 = ORIENTED_EDGE('',*,*,#6129,.T.);
#6380 = ORIENTED_EDGE('',*,*,#6348,.T.);
#6381 = PLANE('',#6382);
#6382 = AXIS2_PLACEMENT_3D('',#6383,#6384,#6385);
#6383 = CARTESIAN_POINT('',(-0.5,-0.37,3.E-02));
#6384 = DIRECTION('',(0.,1.,0.));
#6385 = DIRECTION('',(0.,-0.,1.));
#6386 = ADVANCED_FACE('',(#6387,#6457),#6467,.F.);
#6387 = FACE_BOUND('',#6388,.F.);
#6388 = EDGE_LOOP('',(#6389,#6399,#6408,#6416,#6425,#6433,#6442,#6450));
#6389 = ORIENTED_EDGE('',*,*,#6390,.F.);
#6390 = EDGE_CURVE('',#6391,#6393,#6395,.T.);
#6391 = VERTEX_POINT('',#6392);
#6392 = CARTESIAN_POINT('',(0.5,-0.4,3.E-02));
#6393 = VERTEX_POINT('',#6394);
#6394 = CARTESIAN_POINT('',(0.5,-0.4,0.77));
#6395 = LINE('',#6396,#6397);
#6396 = CARTESIAN_POINT('',(0.5,-0.4,0.));
#6397 = VECTOR('',#6398,1.);
#6398 = DIRECTION('',(0.,0.,1.));
#6399 = ORIENTED_EDGE('',*,*,#6400,.T.);
#6400 = EDGE_CURVE('',#6391,#6401,#6403,.T.);
#6401 = VERTEX_POINT('',#6402);
#6402 = CARTESIAN_POINT('',(0.5,-0.37,0.));
#6403 = CIRCLE('',#6404,3.E-02);
#6404 = AXIS2_PLACEMENT_3D('',#6405,#6406,#6407);
#6405 = CARTESIAN_POINT('',(0.5,-0.37,3.E-02));
#6406 = DIRECTION('',(1.,0.,-0.));
#6407 = DIRECTION('',(0.,0.,1.));
#6408 = ORIENTED_EDGE('',*,*,#6409,.T.);
#6409 = EDGE_CURVE('',#6401,#6410,#6412,.T.);
#6410 = VERTEX_POINT('',#6411);
#6411 = CARTESIAN_POINT('',(0.5,0.37,0.));
#6412 = LINE('',#6413,#6414);
#6413 = CARTESIAN_POINT('',(0.5,-0.4,0.));
#6414 = VECTOR('',#6415,1.);
#6415 = DIRECTION('',(0.,1.,0.));
#6416 = ORIENTED_EDGE('',*,*,#6417,.F.);
#6417 = EDGE_CURVE('',#6418,#6410,#6420,.T.);
#6418 = VERTEX_POINT('',#6419);
#6419 = CARTESIAN_POINT('',(0.5,0.4,3.E-02));
#6420 = CIRCLE('',#6421,3.E-02);
#6421 = AXIS2_PLACEMENT_3D('',#6422,#6423,#6424);
#6422 = CARTESIAN_POINT('',(0.5,0.37,3.E-02));
#6423 = DIRECTION('',(-1.,0.,0.));
#6424 = DIRECTION('',(0.,0.,1.));
#6425 = ORIENTED_EDGE('',*,*,#6426,.T.);
#6426 = EDGE_CURVE('',#6418,#6427,#6429,.T.);
#6427 = VERTEX_POINT('',#6428);
#6428 = CARTESIAN_POINT('',(0.5,0.4,0.77));
#6429 = LINE('',#6430,#6431);
#6430 = CARTESIAN_POINT('',(0.5,0.4,0.));
#6431 = VECTOR('',#6432,1.);
#6432 = DIRECTION('',(0.,0.,1.));
#6433 = ORIENTED_EDGE('',*,*,#6434,.T.);
#6434 = EDGE_CURVE('',#6427,#6435,#6437,.T.);
#6435 = VERTEX_POINT('',#6436);
#6436 = CARTESIAN_POINT('',(0.5,0.37,0.8));
#6437 = CIRCLE('',#6438,3.E-02);
#6438 = AXIS2_PLACEMENT_3D('',#6439,#6440,#6441);
#6439 = CARTESIAN_POINT('',(0.5,0.37,0.77));
#6440 = DIRECTION('',(1.,0.,-0.));
#6441 = DIRECTION('',(0.,0.,1.));
#6442 = ORIENTED_EDGE('',*,*,#6443,.F.);
#6443 = EDGE_CURVE('',#6444,#6435,#6446,.T.);
#6444 = VERTEX_POINT('',#6445);
#6445 = CARTESIAN_POINT('',(0.5,-0.37,0.8));
#6446 = LINE('',#6447,#6448);
#6447 = CARTESIAN_POINT('',(0.5,-0.4,0.8));
#6448 = VECTOR('',#6449,1.);
#6449 = DIRECTION('',(0.,1.,0.));
#6450 = ORIENTED_EDGE('',*,*,#6451,.F.);
#6451 = EDGE_CURVE('',#6393,#6444,#6452,.T.);
#6452 = CIRCLE('',#6453,3.E-02);
#6453 = AXIS2_PLACEMENT_3D('',#6454,#6455,#6456);
#6454 = CARTESIAN_POINT('',(0.5,-0.37,0.77));
#6455 = DIRECTION('',(-1.,0.,0.));
#6456 = DIRECTION('',(0.,0.,1.));
#6457 = FACE_BOUND('',#6458,.F.);
#6458 = EDGE_LOOP('',(#6459,#6460,#6461,#6462,#6463,#6464,#6465,#6466));
#6459 = ORIENTED_EDGE('',*,*,#6203,.F.);
#6460 = ORIENTED_EDGE('',*,*,#6373,.T.);
#6461 = ORIENTED_EDGE('',*,*,#6356,.T.);
#6462 = ORIENTED_EDGE('',*,*,#6333,.T.);
#6463 = ORIENTED_EDGE('',*,*,#6308,.F.);
#6464 = ORIENTED_EDGE('',*,*,#6275,.F.);
#6465 = ORIENTED_EDGE('',*,*,#6258,.T.);
#6466 = ORIENTED_EDGE('',*,*,#6228,.F.);
#6467 = PLANE('',#6468);
#6468 = AXIS2_PLACEMENT_3D('',#6469,#6470,#6471);
#6469 = CARTESIAN_POINT('',(0.5,-0.4,0.));
#6470 = DIRECTION('',(1.,0.,0.));
#6471 = DIRECTION('',(0.,0.,1.));
#6472 = ADVANCED_FACE('',(#6473),#6498,.F.);
#6473 = FACE_BOUND('',#6474,.F.);
#6474 = EDGE_LOOP('',(#6475,#6485,#6491,#6492));
#6475 = ORIENTED_EDGE('',*,*,#6476,.F.);
#6476 = EDGE_CURVE('',#6477,#6479,#6481,.T.);
#6477 = VERTEX_POINT('',#6478);
#6478 = CARTESIAN_POINT('',(0.8,-0.4,3.E-02));
#6479 = VERTEX_POINT('',#6480);
#6480 = CARTESIAN_POINT('',(0.8,-0.4,0.77));
#6481 = LINE('',#6482,#6483);
#6482 = CARTESIAN_POINT('',(0.8,-0.4,0.));
#6483 = VECTOR('',#6484,1.);
#6484 = DIRECTION('',(0.,0.,1.));
#6485 = ORIENTED_EDGE('',*,*,#6486,.F.);
#6486 = EDGE_CURVE('',#6391,#6477,#6487,.T.);
#6487 = LINE('',#6488,#6489);
#6488 = CARTESIAN_POINT('',(0.5,-0.4,3.E-02));
#6489 = VECTOR('',#6490,1.);
#6490 = DIRECTION('',(1.,0.,0.));
#6491 = ORIENTED_EDGE('',*,*,#6390,.T.);
#6492 = ORIENTED_EDGE('',*,*,#6493,.T.);
#6493 = EDGE_CURVE('',#6393,#6479,#6494,.T.);
#6494 = LINE('',#6495,#6496);
#6495 = CARTESIAN_POINT('',(0.5,-0.4,0.77));
#6496 = VECTOR('',#6497,1.);
#6497 = DIRECTION('',(1.,0.,0.));
#6498 = PLANE('',#6499);
#6499 = AXIS2_PLACEMENT_3D('',#6500,#6501,#6502);
#6500 = CARTESIAN_POINT('',(0.5,-0.4,0.));
#6501 = DIRECTION('',(0.,1.,0.));
#6502 = DIRECTION('',(0.,-0.,1.));
#6503 = ADVANCED_FACE('',(#6504),#6523,.T.);
#6504 = FACE_BOUND('',#6505,.T.);
#6505 = EDGE_LOOP('',(#6506,#6507,#6515,#6522));
#6506 = ORIENTED_EDGE('',*,*,#6400,.T.);
#6507 = ORIENTED_EDGE('',*,*,#6508,.T.);
#6508 = EDGE_CURVE('',#6401,#6509,#6511,.T.);
#6509 = VERTEX_POINT('',#6510);
#6510 = CARTESIAN_POINT('',(0.8,-0.37,0.));
#6511 = LINE('',#6512,#6513);
#6512 = CARTESIAN_POINT('',(0.5,-0.37,0.));
#6513 = VECTOR('',#6514,1.);
#6514 = DIRECTION('',(1.,0.,0.));
#6515 = ORIENTED_EDGE('',*,*,#6516,.F.);
#6516 = EDGE_CURVE('',#6477,#6509,#6517,.T.);
#6517 = CIRCLE('',#6518,3.E-02);
#6518 = AXIS2_PLACEMENT_3D('',#6519,#6520,#6521);
#6519 = CARTESIAN_POINT('',(0.8,-0.37,3.E-02));
#6520 = DIRECTION('',(1.,0.,-0.));
#6521 = DIRECTION('',(0.,0.,1.));
#6522 = ORIENTED_EDGE('',*,*,#6486,.F.);
#6523 = CYLINDRICAL_SURFACE('',#6524,3.E-02);
#6524 = AXIS2_PLACEMENT_3D('',#6525,#6526,#6527);
#6525 = CARTESIAN_POINT('',(0.5,-0.37,3.E-02));
#6526 = DIRECTION('',(1.,0.,0.));
#6527 = DIRECTION('',(0.,-1.,0.));
#6528 = ADVANCED_FACE('',(#6529),#6548,.T.);
#6529 = FACE_BOUND('',#6530,.T.);
#6530 = EDGE_LOOP('',(#6531,#6532,#6541,#6547));
#6531 = ORIENTED_EDGE('',*,*,#6493,.T.);
#6532 = ORIENTED_EDGE('',*,*,#6533,.T.);
#6533 = EDGE_CURVE('',#6479,#6534,#6536,.T.);
#6534 = VERTEX_POINT('',#6535);
#6535 = CARTESIAN_POINT('',(0.8,-0.37,0.8));
#6536 = CIRCLE('',#6537,3.E-02);
#6537 = AXIS2_PLACEMENT_3D('',#6538,#6539,#6540);
#6538 = CARTESIAN_POINT('',(0.8,-0.37,0.77));
#6539 = DIRECTION('',(-1.,0.,0.));
#6540 = DIRECTION('',(0.,0.,1.));
#6541 = ORIENTED_EDGE('',*,*,#6542,.F.);
#6542 = EDGE_CURVE('',#6444,#6534,#6543,.T.);
#6543 = LINE('',#6544,#6545);
#6544 = CARTESIAN_POINT('',(0.5,-0.37,0.8));
#6545 = VECTOR('',#6546,1.);
#6546 = DIRECTION('',(1.,0.,0.));
#6547 = ORIENTED_EDGE('',*,*,#6451,.F.);
#6548 = CYLINDRICAL_SURFACE('',#6549,3.E-02);
#6549 = AXIS2_PLACEMENT_3D('',#6550,#6551,#6552);
#6550 = CARTESIAN_POINT('',(0.5,-0.37,0.77));
#6551 = DIRECTION('',(1.,0.,0.));
#6552 = DIRECTION('',(0.,-1.,0.));
#6553 = ADVANCED_FACE('',(#6554),#6572,.F.);
#6554 = FACE_BOUND('',#6555,.F.);
#6555 = EDGE_LOOP('',(#6556,#6557,#6558,#6566));
#6556 = ORIENTED_EDGE('',*,*,#6409,.F.);
#6557 = ORIENTED_EDGE('',*,*,#6508,.T.);
#6558 = ORIENTED_EDGE('',*,*,#6559,.T.);
#6559 = EDGE_CURVE('',#6509,#6560,#6562,.T.);
#6560 = VERTEX_POINT('',#6561);
#6561 = CARTESIAN_POINT('',(0.8,0.37,0.));
#6562 = LINE('',#6563,#6564);
#6563 = CARTESIAN_POINT('',(0.8,-0.4,0.));
#6564 = VECTOR('',#6565,1.);
#6565 = DIRECTION('',(0.,1.,0.));
#6566 = ORIENTED_EDGE('',*,*,#6567,.F.);
#6567 = EDGE_CURVE('',#6410,#6560,#6568,.T.);
#6568 = LINE('',#6569,#6570);
#6569 = CARTESIAN_POINT('',(0.5,0.37,0.));
#6570 = VECTOR('',#6571,1.);
#6571 = DIRECTION('',(1.,0.,0.));
#6572 = PLANE('',#6573);
#6573 = AXIS2_PLACEMENT_3D('',#6574,#6575,#6576);
#6574 = CARTESIAN_POINT('',(0.5,-0.4,0.));
#6575 = DIRECTION('',(0.,0.,1.));
#6576 = DIRECTION('',(1.,0.,-0.));
#6577 = ADVANCED_FACE('',(#6578),#6596,.T.);
#6578 = FACE_BOUND('',#6579,.T.);
#6579 = EDGE_LOOP('',(#6580,#6581,#6582,#6590));
#6580 = ORIENTED_EDGE('',*,*,#6443,.F.);
#6581 = ORIENTED_EDGE('',*,*,#6542,.T.);
#6582 = ORIENTED_EDGE('',*,*,#6583,.T.);
#6583 = EDGE_CURVE('',#6534,#6584,#6586,.T.);
#6584 = VERTEX_POINT('',#6585);
#6585 = CARTESIAN_POINT('',(0.8,0.37,0.8));
#6586 = LINE('',#6587,#6588);
#6587 = CARTESIAN_POINT('',(0.8,-0.4,0.8));
#6588 = VECTOR('',#6589,1.);
#6589 = DIRECTION('',(0.,1.,0.));
#6590 = ORIENTED_EDGE('',*,*,#6591,.F.);
#6591 = EDGE_CURVE('',#6435,#6584,#6592,.T.);
#6592 = LINE('',#6593,#6594);
#6593 = CARTESIAN_POINT('',(0.5,0.37,0.8));
#6594 = VECTOR('',#6595,1.);
#6595 = DIRECTION('',(1.,0.,0.));
#6596 = PLANE('',#6597);
#6597 = AXIS2_PLACEMENT_3D('',#6598,#6599,#6600);
#6598 = CARTESIAN_POINT('',(0.5,-0.4,0.8));
#6599 = DIRECTION('',(0.,0.,1.));
#6600 = DIRECTION('',(1.,0.,-0.));
#6601 = ADVANCED_FACE('',(#6602),#6621,.T.);
#6602 = FACE_BOUND('',#6603,.T.);
#6603 = EDGE_LOOP('',(#6604,#6612,#6619,#6620));
#6604 = ORIENTED_EDGE('',*,*,#6605,.T.);
#6605 = EDGE_CURVE('',#6418,#6606,#6608,.T.);
#6606 = VERTEX_POINT('',#6607);
#6607 = CARTESIAN_POINT('',(0.8,0.4,3.E-02));
#6608 = LINE('',#6609,#6610);
#6609 = CARTESIAN_POINT('',(0.5,0.4,3.E-02));
#6610 = VECTOR('',#6611,1.);
#6611 = DIRECTION('',(1.,0.,0.));
#6612 = ORIENTED_EDGE('',*,*,#6613,.T.);
#6613 = EDGE_CURVE('',#6606,#6560,#6614,.T.);
#6614 = CIRCLE('',#6615,3.E-02);
#6615 = AXIS2_PLACEMENT_3D('',#6616,#6617,#6618);
#6616 = CARTESIAN_POINT('',(0.8,0.37,3.E-02));
#6617 = DIRECTION('',(-1.,0.,0.));
#6618 = DIRECTION('',(0.,0.,1.));
#6619 = ORIENTED_EDGE('',*,*,#6567,.F.);
#6620 = ORIENTED_EDGE('',*,*,#6417,.F.);
#6621 = CYLINDRICAL_SURFACE('',#6622,3.E-02);
#6622 = AXIS2_PLACEMENT_3D('',#6623,#6624,#6625);
#6623 = CARTESIAN_POINT('',(0.5,0.37,3.E-02));
#6624 = DIRECTION('',(1.,0.,0.));
#6625 = DIRECTION('',(-0.,1.,0.));
#6626 = ADVANCED_FACE('',(#6627),#6646,.T.);
#6627 = FACE_BOUND('',#6628,.T.);
#6628 = EDGE_LOOP('',(#6629,#6630,#6631,#6640));
#6629 = ORIENTED_EDGE('',*,*,#6434,.T.);
#6630 = ORIENTED_EDGE('',*,*,#6591,.T.);
#6631 = ORIENTED_EDGE('',*,*,#6632,.F.);
#6632 = EDGE_CURVE('',#6633,#6584,#6635,.T.);
#6633 = VERTEX_POINT('',#6634);
#6634 = CARTESIAN_POINT('',(0.8,0.4,0.77));
#6635 = CIRCLE('',#6636,3.E-02);
#6636 = AXIS2_PLACEMENT_3D('',#6637,#6638,#6639);
#6637 = CARTESIAN_POINT('',(0.8,0.37,0.77));
#6638 = DIRECTION('',(1.,0.,-0.));
#6639 = DIRECTION('',(0.,0.,1.));
#6640 = ORIENTED_EDGE('',*,*,#6641,.F.);
#6641 = EDGE_CURVE('',#6427,#6633,#6642,.T.);
#6642 = LINE('',#6643,#6644);
#6643 = CARTESIAN_POINT('',(0.5,0.4,0.77));
#6644 = VECTOR('',#6645,1.);
#6645 = DIRECTION('',(1.,0.,0.));
#6646 = CYLINDRICAL_SURFACE('',#6647,3.E-02);
#6647 = AXIS2_PLACEMENT_3D('',#6648,#6649,#6650);
#6648 = CARTESIAN_POINT('',(0.5,0.37,0.77));
#6649 = DIRECTION('',(1.,0.,0.));
#6650 = DIRECTION('',(-0.,1.,0.));
#6651 = ADVANCED_FACE('',(#6652),#6663,.T.);
#6652 = FACE_BOUND('',#6653,.T.);
#6653 = EDGE_LOOP('',(#6654,#6660,#6661,#6662));
#6654 = ORIENTED_EDGE('',*,*,#6655,.F.);
#6655 = EDGE_CURVE('',#6606,#6633,#6656,.T.);
#6656 = LINE('',#6657,#6658);
#6657 = CARTESIAN_POINT('',(0.8,0.4,0.));
#6658 = VECTOR('',#6659,1.);
#6659 = DIRECTION('',(0.,0.,1.));
#6660 = ORIENTED_EDGE('',*,*,#6605,.F.);
#6661 = ORIENTED_EDGE('',*,*,#6426,.T.);
#6662 = ORIENTED_EDGE('',*,*,#6641,.T.);
#6663 = PLANE('',#6664);
#6664 = AXIS2_PLACEMENT_3D('',#6665,#6666,#6667);
#6665 = CARTESIAN_POINT('',(0.5,0.4,0.));
#6666 = DIRECTION('',(0.,1.,0.));
#6667 = DIRECTION('',(0.,-0.,1.));
#6668 = ADVANCED_FACE('',(#6669),#6679,.T.);
#6669 = FACE_BOUND('',#6670,.T.);
#6670 = EDGE_LOOP('',(#6671,#6672,#6673,#6674,#6675,#6676,#6677,#6678));
#6671 = ORIENTED_EDGE('',*,*,#6476,.F.);
#6672 = ORIENTED_EDGE('',*,*,#6516,.T.);
#6673 = ORIENTED_EDGE('',*,*,#6559,.T.);
#6674 = ORIENTED_EDGE('',*,*,#6613,.F.);
#6675 = ORIENTED_EDGE('',*,*,#6655,.T.);
#6676 = ORIENTED_EDGE('',*,*,#6632,.T.);
#6677 = ORIENTED_EDGE('',*,*,#6583,.F.);
#6678 = ORIENTED_EDGE('',*,*,#6533,.F.);
#6679 = PLANE('',#6680);
#6680 = AXIS2_PLACEMENT_3D('',#6681,#6682,#6683);
#6681 = CARTESIAN_POINT('',(0.8,-0.4,0.));
#6682 = DIRECTION('',(1.,0.,0.));
#6683 = DIRECTION('',(0.,0.,1.));
#6684 = ( GEOMETRIC_REPRESENTATION_CONTEXT(3) 
GLOBAL_UNCERTAINTY_ASSIGNED_CONTEXT((#6688)) 
GLOBAL_UNIT_ASSIGNED_CONTEXT((#6685,#6686,#6687)) REPRESENTATION_CONTEXT
('Context #1','3D Context with UNIT and UNCERTAINTY') );
#6685 = ( LENGTH_UNIT() NAMED_UNIT(*) SI_UNIT(.MILLI.,.METRE.) );
#6686 = ( NAMED_UNIT(*) PLANE_ANGLE_UNIT() SI_UNIT($,.RADIAN.) );
#6687 = ( NAMED_UNIT(*) SI_UNIT($,.STERADIAN.) SOLID_ANGLE_UNIT() );
#6688 = UNCERTAINTY_MEASURE_WITH_UNIT(LENGTH_MEASURE(1.E-07),#6685,
  'distance_accuracy_value','confusion accuracy');
#6689 = CONTEXT_DEPENDENT_SHAPE_REPRESENTATION(#6690,#6692);
#6690 = ( REPRESENTATION_RELATIONSHIP('','',#5829,#10) 
REPRESENTATION_RELATIONSHIP_WITH_TRANSFORMATION(#6691) 
SHAPE_REPRESENTATION_RELATIONSHIP() );
#6691 = ITEM_DEFINED_TRANSFORMATION('','',#11,#19);
#6692 = PRODUCT_DEFINITION_SHAPE('Placement','Placement of an item',
  #6693);
#6693 = NEXT_ASSEMBLY_USAGE_OCCURRENCE('2','C1','',#5,#5824,$);
#6694 = PRODUCT_RELATED_PRODUCT_CATEGORY('part',$,(#5826));
#6695 = SHAPE_DEFINITION_REPRESENTATION(#6696,#6702);
#6696 = PRODUCT_DEFINITION_SHAPE('','',#6697);
#6697 = PRODUCT_DEFINITION('design','',#6698,#6701);
#6698 = PRODUCT_DEFINITION_FORMATION('','',#6699);
#6699 = PRODUCT('C_0805_2012Metric','C_0805_2012Metric','',(#6700));
#6700 = PRODUCT_CONTEXT('',#2,'mechanical');
#6701 = PRODUCT_DEFINITION_CONTEXT('part definition',#2,'design');
#6702 = ADVANCED_BREP_SHAPE_REPRESENTATION('',(#11,#6703),#7557);
#6703 = MANIFOLD_SOLID_BREP('',#6704);
#6704 = CLOSED_SHELL('',(#6705,#6781,#6812,#6837,#6862,#6886,#6910,#6935
    ,#6960,#6977,#7063,#7095,#7119,#7144,#7168,#7193,#7217,#7242,#7259,
    #7345,#7376,#7401,#7426,#7450,#7474,#7499,#7524,#7541));
#6705 = ADVANCED_FACE('',(#6706),#6776,.F.);
#6706 = FACE_BOUND('',#6707,.F.);
#6707 = EDGE_LOOP('',(#6708,#6718,#6727,#6735,#6744,#6752,#6761,#6769));
#6708 = ORIENTED_EDGE('',*,*,#6709,.F.);
#6709 = EDGE_CURVE('',#6710,#6712,#6714,.T.);
#6710 = VERTEX_POINT('',#6711);
#6711 = CARTESIAN_POINT('',(-1.,-0.625,4.E-02));
#6712 = VERTEX_POINT('',#6713);
#6713 = CARTESIAN_POINT('',(-1.,-0.625,1.21));
#6714 = LINE('',#6715,#6716);
#6715 = CARTESIAN_POINT('',(-1.,-0.625,0.));
#6716 = VECTOR('',#6717,1.);
#6717 = DIRECTION('',(0.,0.,1.));
#6718 = ORIENTED_EDGE('',*,*,#6719,.T.);
#6719 = EDGE_CURVE('',#6710,#6720,#6722,.T.);
#6720 = VERTEX_POINT('',#6721);
#6721 = CARTESIAN_POINT('',(-1.,-0.585,0.));
#6722 = CIRCLE('',#6723,4.E-02);
#6723 = AXIS2_PLACEMENT_3D('',#6724,#6725,#6726);
#6724 = CARTESIAN_POINT('',(-1.,-0.585,4.E-02));
#6725 = DIRECTION('',(1.,0.,-0.));
#6726 = DIRECTION('',(0.,0.,1.));
#6727 = ORIENTED_EDGE('',*,*,#6728,.T.);
#6728 = EDGE_CURVE('',#6720,#6729,#6731,.T.);
#6729 = VERTEX_POINT('',#6730);
#6730 = CARTESIAN_POINT('',(-1.,0.585,0.));
#6731 = LINE('',#6732,#6733);
#6732 = CARTESIAN_POINT('',(-1.,-0.625,0.));
#6733 = VECTOR('',#6734,1.);
#6734 = DIRECTION('',(0.,1.,0.));
#6735 = ORIENTED_EDGE('',*,*,#6736,.F.);
#6736 = EDGE_CURVE('',#6737,#6729,#6739,.T.);
#6737 = VERTEX_POINT('',#6738);
#6738 = CARTESIAN_POINT('',(-1.,0.625,4.E-02));
#6739 = CIRCLE('',#6740,4.E-02);
#6740 = AXIS2_PLACEMENT_3D('',#6741,#6742,#6743);
#6741 = CARTESIAN_POINT('',(-1.,0.585,4.E-02));
#6742 = DIRECTION('',(-1.,0.,0.));
#6743 = DIRECTION('',(0.,0.,1.));
#6744 = ORIENTED_EDGE('',*,*,#6745,.T.);
#6745 = EDGE_CURVE('',#6737,#6746,#6748,.T.);
#6746 = VERTEX_POINT('',#6747);
#6747 = CARTESIAN_POINT('',(-1.,0.625,1.21));
#6748 = LINE('',#6749,#6750);
#6749 = CARTESIAN_POINT('',(-1.,0.625,0.));
#6750 = VECTOR('',#6751,1.);
#6751 = DIRECTION('',(0.,0.,1.));
#6752 = ORIENTED_EDGE('',*,*,#6753,.T.);
#6753 = EDGE_CURVE('',#6746,#6754,#6756,.T.);
#6754 = VERTEX_POINT('',#6755);
#6755 = CARTESIAN_POINT('',(-1.,0.585,1.25));
#6756 = CIRCLE('',#6757,4.E-02);
#6757 = AXIS2_PLACEMENT_3D('',#6758,#6759,#6760);
#6758 = CARTESIAN_POINT('',(-1.,0.585,1.21));
#6759 = DIRECTION('',(1.,0.,-0.));
#6760 = DIRECTION('',(0.,0.,1.));
#6761 = ORIENTED_EDGE('',*,*,#6762,.F.);
#6762 = EDGE_CURVE('',#6763,#6754,#6765,.T.);
#6763 = VERTEX_POINT('',#6764);
#6764 = CARTESIAN_POINT('',(-1.,-0.585,1.25));
#6765 = LINE('',#6766,#6767);
#6766 = CARTESIAN_POINT('',(-1.,-0.625,1.25));
#6767 = VECTOR('',#6768,1.);
#6768 = DIRECTION('',(0.,1.,0.));
#6769 = ORIENTED_EDGE('',*,*,#6770,.F.);
#6770 = EDGE_CURVE('',#6712,#6763,#6771,.T.);
#6771 = CIRCLE('',#6772,4.E-02);
#6772 = AXIS2_PLACEMENT_3D('',#6773,#6774,#6775);
#6773 = CARTESIAN_POINT('',(-1.,-0.585,1.21));
#6774 = DIRECTION('',(-1.,0.,0.));
#6775 = DIRECTION('',(0.,0.,1.));
#6776 = PLANE('',#6777);
#6777 = AXIS2_PLACEMENT_3D('',#6778,#6779,#6780);
#6778 = CARTESIAN_POINT('',(-1.,-0.625,0.));
#6779 = DIRECTION('',(1.,0.,0.));
#6780 = DIRECTION('',(0.,0.,1.));
#6781 = ADVANCED_FACE('',(#6782),#6807,.F.);
#6782 = FACE_BOUND('',#6783,.F.);
#6783 = EDGE_LOOP('',(#6784,#6794,#6800,#6801));
#6784 = ORIENTED_EDGE('',*,*,#6785,.F.);
#6785 = EDGE_CURVE('',#6786,#6788,#6790,.T.);
#6786 = VERTEX_POINT('',#6787);
#6787 = CARTESIAN_POINT('',(-0.6,-0.625,4.E-02));
#6788 = VERTEX_POINT('',#6789);
#6789 = CARTESIAN_POINT('',(-0.6,-0.625,1.21));
#6790 = LINE('',#6791,#6792);
#6791 = CARTESIAN_POINT('',(-0.6,-0.625,0.));
#6792 = VECTOR('',#6793,1.);
#6793 = DIRECTION('',(0.,0.,1.));
#6794 = ORIENTED_EDGE('',*,*,#6795,.F.);
#6795 = EDGE_CURVE('',#6710,#6786,#6796,.T.);
#6796 = LINE('',#6797,#6798);
#6797 = CARTESIAN_POINT('',(-1.,-0.625,4.E-02));
#6798 = VECTOR('',#6799,1.);
#6799 = DIRECTION('',(1.,0.,0.));
#6800 = ORIENTED_EDGE('',*,*,#6709,.T.);
#6801 = ORIENTED_EDGE('',*,*,#6802,.T.);
#6802 = EDGE_CURVE('',#6712,#6788,#6803,.T.);
#6803 = LINE('',#6804,#6805);
#6804 = CARTESIAN_POINT('',(-1.,-0.625,1.21));
#6805 = VECTOR('',#6806,1.);
#6806 = DIRECTION('',(1.,0.,0.));
#6807 = PLANE('',#6808);
#6808 = AXIS2_PLACEMENT_3D('',#6809,#6810,#6811);
#6809 = CARTESIAN_POINT('',(-1.,-0.625,0.));
#6810 = DIRECTION('',(0.,1.,0.));
#6811 = DIRECTION('',(0.,-0.,1.));
#6812 = ADVANCED_FACE('',(#6813),#6832,.T.);
#6813 = FACE_BOUND('',#6814,.T.);
#6814 = EDGE_LOOP('',(#6815,#6816,#6824,#6831));
#6815 = ORIENTED_EDGE('',*,*,#6719,.T.);
#6816 = ORIENTED_EDGE('',*,*,#6817,.T.);
#6817 = EDGE_CURVE('',#6720,#6818,#6820,.T.);
#6818 = VERTEX_POINT('',#6819);
#6819 = CARTESIAN_POINT('',(-0.6,-0.585,0.));
#6820 = LINE('',#6821,#6822);
#6821 = CARTESIAN_POINT('',(-1.,-0.585,0.));
#6822 = VECTOR('',#6823,1.);
#6823 = DIRECTION('',(1.,0.,0.));
#6824 = ORIENTED_EDGE('',*,*,#6825,.F.);
#6825 = EDGE_CURVE('',#6786,#6818,#6826,.T.);
#6826 = CIRCLE('',#6827,4.E-02);
#6827 = AXIS2_PLACEMENT_3D('',#6828,#6829,#6830);
#6828 = CARTESIAN_POINT('',(-0.6,-0.585,4.E-02));
#6829 = DIRECTION('',(1.,0.,-0.));
#6830 = DIRECTION('',(0.,0.,1.));
#6831 = ORIENTED_EDGE('',*,*,#6795,.F.);
#6832 = CYLINDRICAL_SURFACE('',#6833,4.E-02);
#6833 = AXIS2_PLACEMENT_3D('',#6834,#6835,#6836);
#6834 = CARTESIAN_POINT('',(-1.,-0.585,4.E-02));
#6835 = DIRECTION('',(1.,0.,0.));
#6836 = DIRECTION('',(0.,-1.,0.));
#6837 = ADVANCED_FACE('',(#6838),#6857,.T.);
#6838 = FACE_BOUND('',#6839,.T.);
#6839 = EDGE_LOOP('',(#6840,#6841,#6850,#6856));
#6840 = ORIENTED_EDGE('',*,*,#6802,.T.);
#6841 = ORIENTED_EDGE('',*,*,#6842,.T.);
#6842 = EDGE_CURVE('',#6788,#6843,#6845,.T.);
#6843 = VERTEX_POINT('',#6844);
#6844 = CARTESIAN_POINT('',(-0.6,-0.585,1.25));
#6845 = CIRCLE('',#6846,4.E-02);
#6846 = AXIS2_PLACEMENT_3D('',#6847,#6848,#6849);
#6847 = CARTESIAN_POINT('',(-0.6,-0.585,1.21));
#6848 = DIRECTION('',(-1.,0.,0.));
#6849 = DIRECTION('',(0.,0.,1.));
#6850 = ORIENTED_EDGE('',*,*,#6851,.F.);
#6851 = EDGE_CURVE('',#6763,#6843,#6852,.T.);
#6852 = LINE('',#6853,#6854);
#6853 = CARTESIAN_POINT('',(-1.,-0.585,1.25));
#6854 = VECTOR('',#6855,1.);
#6855 = DIRECTION('',(1.,0.,0.));
#6856 = ORIENTED_EDGE('',*,*,#6770,.F.);
#6857 = CYLINDRICAL_SURFACE('',#6858,4.E-02);
#6858 = AXIS2_PLACEMENT_3D('',#6859,#6860,#6861);
#6859 = CARTESIAN_POINT('',(-1.,-0.585,1.21));
#6860 = DIRECTION('',(1.,0.,0.));
#6861 = DIRECTION('',(0.,-1.,0.));
#6862 = ADVANCED_FACE('',(#6863),#6881,.F.);
#6863 = FACE_BOUND('',#6864,.F.);
#6864 = EDGE_LOOP('',(#6865,#6866,#6867,#6875));
#6865 = ORIENTED_EDGE('',*,*,#6728,.F.);
#6866 = ORIENTED_EDGE('',*,*,#6817,.T.);
#6867 = ORIENTED_EDGE('',*,*,#6868,.T.);
#6868 = EDGE_CURVE('',#6818,#6869,#6871,.T.);
#6869 = VERTEX_POINT('',#6870);
#6870 = CARTESIAN_POINT('',(-0.6,0.585,0.));
#6871 = LINE('',#6872,#6873);
#6872 = CARTESIAN_POINT('',(-0.6,-0.625,0.));
#6873 = VECTOR('',#6874,1.);
#6874 = DIRECTION('',(0.,1.,0.));
#6875 = ORIENTED_EDGE('',*,*,#6876,.F.);
#6876 = EDGE_CURVE('',#6729,#6869,#6877,.T.);
#6877 = LINE('',#6878,#6879);
#6878 = CARTESIAN_POINT('',(-1.,0.585,0.));
#6879 = VECTOR('',#6880,1.);
#6880 = DIRECTION('',(1.,0.,0.));
#6881 = PLANE('',#6882);
#6882 = AXIS2_PLACEMENT_3D('',#6883,#6884,#6885);
#6883 = CARTESIAN_POINT('',(-1.,-0.625,0.));
#6884 = DIRECTION('',(0.,0.,1.));
#6885 = DIRECTION('',(1.,0.,-0.));
#6886 = ADVANCED_FACE('',(#6887),#6905,.T.);
#6887 = FACE_BOUND('',#6888,.T.);
#6888 = EDGE_LOOP('',(#6889,#6890,#6891,#6899));
#6889 = ORIENTED_EDGE('',*,*,#6762,.F.);
#6890 = ORIENTED_EDGE('',*,*,#6851,.T.);
#6891 = ORIENTED_EDGE('',*,*,#6892,.T.);
#6892 = EDGE_CURVE('',#6843,#6893,#6895,.T.);
#6893 = VERTEX_POINT('',#6894);
#6894 = CARTESIAN_POINT('',(-0.6,0.585,1.25));
#6895 = LINE('',#6896,#6897);
#6896 = CARTESIAN_POINT('',(-0.6,-0.625,1.25));
#6897 = VECTOR('',#6898,1.);
#6898 = DIRECTION('',(0.,1.,0.));
#6899 = ORIENTED_EDGE('',*,*,#6900,.F.);
#6900 = EDGE_CURVE('',#6754,#6893,#6901,.T.);
#6901 = LINE('',#6902,#6903);
#6902 = CARTESIAN_POINT('',(-1.,0.585,1.25));
#6903 = VECTOR('',#6904,1.);
#6904 = DIRECTION('',(1.,0.,0.));
#6905 = PLANE('',#6906);
#6906 = AXIS2_PLACEMENT_3D('',#6907,#6908,#6909);
#6907 = CARTESIAN_POINT('',(-1.,-0.625,1.25));
#6908 = DIRECTION('',(0.,0.,1.));
#6909 = DIRECTION('',(1.,0.,-0.));
#6910 = ADVANCED_FACE('',(#6911),#6930,.T.);
#6911 = FACE_BOUND('',#6912,.T.);
#6912 = EDGE_LOOP('',(#6913,#6921,#6928,#6929));
#6913 = ORIENTED_EDGE('',*,*,#6914,.T.);
#6914 = EDGE_CURVE('',#6737,#6915,#6917,.T.);
#6915 = VERTEX_POINT('',#6916);
#6916 = CARTESIAN_POINT('',(-0.6,0.625,4.E-02));
#6917 = LINE('',#6918,#6919);
#6918 = CARTESIAN_POINT('',(-1.,0.625,4.E-02));
#6919 = VECTOR('',#6920,1.);
#6920 = DIRECTION('',(1.,0.,0.));
#6921 = ORIENTED_EDGE('',*,*,#6922,.T.);
#6922 = EDGE_CURVE('',#6915,#6869,#6923,.T.);
#6923 = CIRCLE('',#6924,4.E-02);
#6924 = AXIS2_PLACEMENT_3D('',#6925,#6926,#6927);
#6925 = CARTESIAN_POINT('',(-0.6,0.585,4.E-02));
#6926 = DIRECTION('',(-1.,0.,0.));
#6927 = DIRECTION('',(0.,0.,1.));
#6928 = ORIENTED_EDGE('',*,*,#6876,.F.);
#6929 = ORIENTED_EDGE('',*,*,#6736,.F.);
#6930 = CYLINDRICAL_SURFACE('',#6931,4.E-02);
#6931 = AXIS2_PLACEMENT_3D('',#6932,#6933,#6934);
#6932 = CARTESIAN_POINT('',(-1.,0.585,4.E-02));
#6933 = DIRECTION('',(1.,0.,0.));
#6934 = DIRECTION('',(-0.,1.,0.));
#6935 = ADVANCED_FACE('',(#6936),#6955,.T.);
#6936 = FACE_BOUND('',#6937,.T.);
#6937 = EDGE_LOOP('',(#6938,#6939,#6940,#6949));
#6938 = ORIENTED_EDGE('',*,*,#6753,.T.);
#6939 = ORIENTED_EDGE('',*,*,#6900,.T.);
#6940 = ORIENTED_EDGE('',*,*,#6941,.F.);
#6941 = EDGE_CURVE('',#6942,#6893,#6944,.T.);
#6942 = VERTEX_POINT('',#6943);
#6943 = CARTESIAN_POINT('',(-0.6,0.625,1.21));
#6944 = CIRCLE('',#6945,4.E-02);
#6945 = AXIS2_PLACEMENT_3D('',#6946,#6947,#6948);
#6946 = CARTESIAN_POINT('',(-0.6,0.585,1.21));
#6947 = DIRECTION('',(1.,0.,-0.));
#6948 = DIRECTION('',(0.,0.,1.));
#6949 = ORIENTED_EDGE('',*,*,#6950,.F.);
#6950 = EDGE_CURVE('',#6746,#6942,#6951,.T.);
#6951 = LINE('',#6952,#6953);
#6952 = CARTESIAN_POINT('',(-1.,0.625,1.21));
#6953 = VECTOR('',#6954,1.);
#6954 = DIRECTION('',(1.,0.,0.));
#6955 = CYLINDRICAL_SURFACE('',#6956,4.E-02);
#6956 = AXIS2_PLACEMENT_3D('',#6957,#6958,#6959);
#6957 = CARTESIAN_POINT('',(-1.,0.585,1.21));
#6958 = DIRECTION('',(1.,0.,0.));
#6959 = DIRECTION('',(-0.,1.,0.));
#6960 = ADVANCED_FACE('',(#6961),#6972,.T.);
#6961 = FACE_BOUND('',#6962,.T.);
#6962 = EDGE_LOOP('',(#6963,#6969,#6970,#6971));
#6963 = ORIENTED_EDGE('',*,*,#6964,.F.);
#6964 = EDGE_CURVE('',#6915,#6942,#6965,.T.);
#6965 = LINE('',#6966,#6967);
#6966 = CARTESIAN_POINT('',(-0.6,0.625,0.));
#6967 = VECTOR('',#6968,1.);
#6968 = DIRECTION('',(0.,0.,1.));
#6969 = ORIENTED_EDGE('',*,*,#6914,.F.);
#6970 = ORIENTED_EDGE('',*,*,#6745,.T.);
#6971 = ORIENTED_EDGE('',*,*,#6950,.T.);
#6972 = PLANE('',#6973);
#6973 = AXIS2_PLACEMENT_3D('',#6974,#6975,#6976);
#6974 = CARTESIAN_POINT('',(-1.,0.625,0.));
#6975 = DIRECTION('',(0.,1.,0.));
#6976 = DIRECTION('',(0.,-0.,1.));
#6977 = ADVANCED_FACE('',(#6978,#6988),#7058,.T.);
#6978 = FACE_BOUND('',#6979,.T.);
#6979 = EDGE_LOOP('',(#6980,#6981,#6982,#6983,#6984,#6985,#6986,#6987));
#6980 = ORIENTED_EDGE('',*,*,#6785,.F.);
#6981 = ORIENTED_EDGE('',*,*,#6825,.T.);
#6982 = ORIENTED_EDGE('',*,*,#6868,.T.);
#6983 = ORIENTED_EDGE('',*,*,#6922,.F.);
#6984 = ORIENTED_EDGE('',*,*,#6964,.T.);
#6985 = ORIENTED_EDGE('',*,*,#6941,.T.);
#6986 = ORIENTED_EDGE('',*,*,#6892,.F.);
#6987 = ORIENTED_EDGE('',*,*,#6842,.F.);
#6988 = FACE_BOUND('',#6989,.T.);
#6989 = EDGE_LOOP('',(#6990,#7001,#7009,#7018,#7026,#7035,#7043,#7052));
#6990 = ORIENTED_EDGE('',*,*,#6991,.F.);
#6991 = EDGE_CURVE('',#6992,#6994,#6996,.T.);
#6992 = VERTEX_POINT('',#6993);
#6993 = CARTESIAN_POINT('',(-0.6,-0.585,8.E-02));
#6994 = VERTEX_POINT('',#6995);
#6995 = CARTESIAN_POINT('',(-0.6,-0.545,4.E-02));
#6996 = CIRCLE('',#6997,4.E-02);
#6997 = AXIS2_PLACEMENT_3D('',#6998,#6999,#7000);
#6998 = CARTESIAN_POINT('',(-0.6,-0.545,8.E-02));
#6999 = DIRECTION('',(1.,0.,-0.));
#7000 = DIRECTION('',(0.,0.,1.));
#7001 = ORIENTED_EDGE('',*,*,#7002,.T.);
#7002 = EDGE_CURVE('',#6992,#7003,#7005,.T.);
#7003 = VERTEX_POINT('',#7004);
#7004 = CARTESIAN_POINT('',(-0.6,-0.585,1.17));
#7005 = LINE('',#7006,#7007);
#7006 = CARTESIAN_POINT('',(-0.6,-0.585,4.E-02));
#7007 = VECTOR('',#7008,1.);
#7008 = DIRECTION('',(0.,0.,1.));
#7009 = ORIENTED_EDGE('',*,*,#7010,.T.);
#7010 = EDGE_CURVE('',#7003,#7011,#7013,.T.);
#7011 = VERTEX_POINT('',#7012);
#7012 = CARTESIAN_POINT('',(-0.6,-0.545,1.21));
#7013 = CIRCLE('',#7014,4.E-02);
#7014 = AXIS2_PLACEMENT_3D('',#7015,#7016,#7017);
#7015 = CARTESIAN_POINT('',(-0.6,-0.545,1.17));
#7016 = DIRECTION('',(-1.,0.,0.));
#7017 = DIRECTION('',(0.,0.,1.));
#7018 = ORIENTED_EDGE('',*,*,#7019,.T.);
#7019 = EDGE_CURVE('',#7011,#7020,#7022,.T.);
#7020 = VERTEX_POINT('',#7021);
#7021 = CARTESIAN_POINT('',(-0.6,0.545,1.21));
#7022 = LINE('',#7023,#7024);
#7023 = CARTESIAN_POINT('',(-0.6,-0.585,1.21));
#7024 = VECTOR('',#7025,1.);
#7025 = DIRECTION('',(0.,1.,0.));
#7026 = ORIENTED_EDGE('',*,*,#7027,.F.);
#7027 = EDGE_CURVE('',#7028,#7020,#7030,.T.);
#7028 = VERTEX_POINT('',#7029);
#7029 = CARTESIAN_POINT('',(-0.6,0.585,1.17));
#7030 = CIRCLE('',#7031,4.E-02);
#7031 = AXIS2_PLACEMENT_3D('',#7032,#7033,#7034);
#7032 = CARTESIAN_POINT('',(-0.6,0.545,1.17));
#7033 = DIRECTION('',(1.,0.,-0.));
#7034 = DIRECTION('',(0.,0.,1.));
#7035 = ORIENTED_EDGE('',*,*,#7036,.F.);
#7036 = EDGE_CURVE('',#7037,#7028,#7039,.T.);
#7037 = VERTEX_POINT('',#7038);
#7038 = CARTESIAN_POINT('',(-0.6,0.585,8.E-02));
#7039 = LINE('',#7040,#7041);
#7040 = CARTESIAN_POINT('',(-0.6,0.585,4.E-02));
#7041 = VECTOR('',#7042,1.);
#7042 = DIRECTION('',(0.,0.,1.));
#7043 = ORIENTED_EDGE('',*,*,#7044,.T.);
#7044 = EDGE_CURVE('',#7037,#7045,#7047,.T.);
#7045 = VERTEX_POINT('',#7046);
#7046 = CARTESIAN_POINT('',(-0.6,0.545,4.E-02));
#7047 = CIRCLE('',#7048,4.E-02);
#7048 = AXIS2_PLACEMENT_3D('',#7049,#7050,#7051);
#7049 = CARTESIAN_POINT('',(-0.6,0.545,8.E-02));
#7050 = DIRECTION('',(-1.,0.,0.));
#7051 = DIRECTION('',(0.,0.,1.));
#7052 = ORIENTED_EDGE('',*,*,#7053,.F.);
#7053 = EDGE_CURVE('',#6994,#7045,#7054,.T.);
#7054 = LINE('',#7055,#7056);
#7055 = CARTESIAN_POINT('',(-0.6,-0.585,4.E-02));
#7056 = VECTOR('',#7057,1.);
#7057 = DIRECTION('',(0.,1.,0.));
#7058 = PLANE('',#7059);
#7059 = AXIS2_PLACEMENT_3D('',#7060,#7061,#7062);
#7060 = CARTESIAN_POINT('',(-0.6,-0.625,0.));
#7061 = DIRECTION('',(1.,0.,0.));
#7062 = DIRECTION('',(0.,0.,1.));
#7063 = ADVANCED_FACE('',(#7064),#7090,.T.);
#7064 = FACE_BOUND('',#7065,.T.);
#7065 = EDGE_LOOP('',(#7066,#7067,#7075,#7084));
#7066 = ORIENTED_EDGE('',*,*,#6991,.T.);
#7067 = ORIENTED_EDGE('',*,*,#7068,.T.);
#7068 = EDGE_CURVE('',#6994,#7069,#7071,.T.);
#7069 = VERTEX_POINT('',#7070);
#7070 = CARTESIAN_POINT('',(0.6,-0.545,4.E-02));
#7071 = LINE('',#7072,#7073);
#7072 = CARTESIAN_POINT('',(-0.6,-0.545,4.E-02));
#7073 = VECTOR('',#7074,1.);
#7074 = DIRECTION('',(1.,0.,0.));
#7075 = ORIENTED_EDGE('',*,*,#7076,.F.);
#7076 = EDGE_CURVE('',#7077,#7069,#7079,.T.);
#7077 = VERTEX_POINT('',#7078);
#7078 = CARTESIAN_POINT('',(0.6,-0.585,8.E-02));
#7079 = CIRCLE('',#7080,4.E-02);
#7080 = AXIS2_PLACEMENT_3D('',#7081,#7082,#7083);
#7081 = CARTESIAN_POINT('',(0.6,-0.545,8.E-02));
#7082 = DIRECTION('',(1.,0.,-0.));
#7083 = DIRECTION('',(0.,0.,1.));
#7084 = ORIENTED_EDGE('',*,*,#7085,.F.);
#7085 = EDGE_CURVE('',#6992,#7077,#7086,.T.);
#7086 = LINE('',#7087,#7088);
#7087 = CARTESIAN_POINT('',(-0.6,-0.585,8.E-02));
#7088 = VECTOR('',#7089,1.);
#7089 = DIRECTION('',(1.,0.,0.));
#7090 = CYLINDRICAL_SURFACE('',#7091,4.E-02);
#7091 = AXIS2_PLACEMENT_3D('',#7092,#7093,#7094);
#7092 = CARTESIAN_POINT('',(-0.6,-0.545,8.E-02));
#7093 = DIRECTION('',(1.,0.,0.));
#7094 = DIRECTION('',(0.,-1.,0.));
#7095 = ADVANCED_FACE('',(#7096),#7114,.F.);
#7096 = FACE_BOUND('',#7097,.F.);
#7097 = EDGE_LOOP('',(#7098,#7099,#7100,#7108));
#7098 = ORIENTED_EDGE('',*,*,#7053,.F.);
#7099 = ORIENTED_EDGE('',*,*,#7068,.T.);
#7100 = ORIENTED_EDGE('',*,*,#7101,.T.);
#7101 = EDGE_CURVE('',#7069,#7102,#7104,.T.);
#7102 = VERTEX_POINT('',#7103);
#7103 = CARTESIAN_POINT('',(0.6,0.545,4.E-02));
#7104 = LINE('',#7105,#7106);
#7105 = CARTESIAN_POINT('',(0.6,-0.585,4.E-02));
#7106 = VECTOR('',#7107,1.);
#7107 = DIRECTION('',(0.,1.,0.));
#7108 = ORIENTED_EDGE('',*,*,#7109,.F.);
#7109 = EDGE_CURVE('',#7045,#7102,#7110,.T.);
#7110 = LINE('',#7111,#7112);
#7111 = CARTESIAN_POINT('',(-0.6,0.545,4.E-02));
#7112 = VECTOR('',#7113,1.);
#7113 = DIRECTION('',(1.,0.,0.));
#7114 = PLANE('',#7115);
#7115 = AXIS2_PLACEMENT_3D('',#7116,#7117,#7118);
#7116 = CARTESIAN_POINT('',(-0.6,-0.585,4.E-02));
#7117 = DIRECTION('',(0.,0.,1.));
#7118 = DIRECTION('',(1.,0.,-0.));
#7119 = ADVANCED_FACE('',(#7120),#7139,.T.);
#7120 = FACE_BOUND('',#7121,.T.);
#7121 = EDGE_LOOP('',(#7122,#7130,#7137,#7138));
#7122 = ORIENTED_EDGE('',*,*,#7123,.T.);
#7123 = EDGE_CURVE('',#7037,#7124,#7126,.T.);
#7124 = VERTEX_POINT('',#7125);
#7125 = CARTESIAN_POINT('',(0.6,0.585,8.E-02));
#7126 = LINE('',#7127,#7128);
#7127 = CARTESIAN_POINT('',(-0.6,0.585,8.E-02));
#7128 = VECTOR('',#7129,1.);
#7129 = DIRECTION('',(1.,0.,0.));
#7130 = ORIENTED_EDGE('',*,*,#7131,.T.);
#7131 = EDGE_CURVE('',#7124,#7102,#7132,.T.);
#7132 = CIRCLE('',#7133,4.E-02);
#7133 = AXIS2_PLACEMENT_3D('',#7134,#7135,#7136);
#7134 = CARTESIAN_POINT('',(0.6,0.545,8.E-02));
#7135 = DIRECTION('',(-1.,0.,0.));
#7136 = DIRECTION('',(0.,0.,1.));
#7137 = ORIENTED_EDGE('',*,*,#7109,.F.);
#7138 = ORIENTED_EDGE('',*,*,#7044,.F.);
#7139 = CYLINDRICAL_SURFACE('',#7140,4.E-02);
#7140 = AXIS2_PLACEMENT_3D('',#7141,#7142,#7143);
#7141 = CARTESIAN_POINT('',(-0.6,0.545,8.E-02));
#7142 = DIRECTION('',(1.,0.,0.));
#7143 = DIRECTION('',(-0.,1.,0.));
#7144 = ADVANCED_FACE('',(#7145),#7163,.T.);
#7145 = FACE_BOUND('',#7146,.T.);
#7146 = EDGE_LOOP('',(#7147,#7155,#7156,#7157));
#7147 = ORIENTED_EDGE('',*,*,#7148,.F.);
#7148 = EDGE_CURVE('',#7124,#7149,#7151,.T.);
#7149 = VERTEX_POINT('',#7150);
#7150 = CARTESIAN_POINT('',(0.6,0.585,1.17));
#7151 = LINE('',#7152,#7153);
#7152 = CARTESIAN_POINT('',(0.6,0.585,4.E-02));
#7153 = VECTOR('',#7154,1.);
#7154 = DIRECTION('',(0.,0.,1.));
#7155 = ORIENTED_EDGE('',*,*,#7123,.F.);
#7156 = ORIENTED_EDGE('',*,*,#7036,.T.);
#7157 = ORIENTED_EDGE('',*,*,#7158,.T.);
#7158 = EDGE_CURVE('',#7028,#7149,#7159,.T.);
#7159 = LINE('',#7160,#7161);
#7160 = CARTESIAN_POINT('',(-0.6,0.585,1.17));
#7161 = VECTOR('',#7162,1.);
#7162 = DIRECTION('',(1.,0.,0.));
#7163 = PLANE('',#7164);
#7164 = AXIS2_PLACEMENT_3D('',#7165,#7166,#7167);
#7165 = CARTESIAN_POINT('',(-0.6,0.585,4.E-02));
#7166 = DIRECTION('',(0.,1.,0.));
#7167 = DIRECTION('',(0.,-0.,1.));
#7168 = ADVANCED_FACE('',(#7169),#7188,.T.);
#7169 = FACE_BOUND('',#7170,.T.);
#7170 = EDGE_LOOP('',(#7171,#7172,#7180,#7187));
#7171 = ORIENTED_EDGE('',*,*,#7027,.T.);
#7172 = ORIENTED_EDGE('',*,*,#7173,.T.);
#7173 = EDGE_CURVE('',#7020,#7174,#7176,.T.);
#7174 = VERTEX_POINT('',#7175);
#7175 = CARTESIAN_POINT('',(0.6,0.545,1.21));
#7176 = LINE('',#7177,#7178);
#7177 = CARTESIAN_POINT('',(-0.6,0.545,1.21));
#7178 = VECTOR('',#7179,1.);
#7179 = DIRECTION('',(1.,0.,0.));
#7180 = ORIENTED_EDGE('',*,*,#7181,.F.);
#7181 = EDGE_CURVE('',#7149,#7174,#7182,.T.);
#7182 = CIRCLE('',#7183,4.E-02);
#7183 = AXIS2_PLACEMENT_3D('',#7184,#7185,#7186);
#7184 = CARTESIAN_POINT('',(0.6,0.545,1.17));
#7185 = DIRECTION('',(1.,0.,-0.));
#7186 = DIRECTION('',(0.,0.,1.));
#7187 = ORIENTED_EDGE('',*,*,#7158,.F.);
#7188 = CYLINDRICAL_SURFACE('',#7189,4.E-02);
#7189 = AXIS2_PLACEMENT_3D('',#7190,#7191,#7192);
#7190 = CARTESIAN_POINT('',(-0.6,0.545,1.17));
#7191 = DIRECTION('',(1.,0.,0.));
#7192 = DIRECTION('',(-0.,1.,0.));
#7193 = ADVANCED_FACE('',(#7194),#7212,.T.);
#7194 = FACE_BOUND('',#7195,.T.);
#7195 = EDGE_LOOP('',(#7196,#7197,#7205,#7211));
#7196 = ORIENTED_EDGE('',*,*,#7019,.F.);
#7197 = ORIENTED_EDGE('',*,*,#7198,.T.);
#7198 = EDGE_CURVE('',#7011,#7199,#7201,.T.);
#7199 = VERTEX_POINT('',#7200);
#7200 = CARTESIAN_POINT('',(0.6,-0.545,1.21));
#7201 = LINE('',#7202,#7203);
#7202 = CARTESIAN_POINT('',(-0.6,-0.545,1.21));
#7203 = VECTOR('',#7204,1.);
#7204 = DIRECTION('',(1.,0.,0.));
#7205 = ORIENTED_EDGE('',*,*,#7206,.T.);
#7206 = EDGE_CURVE('',#7199,#7174,#7207,.T.);
#7207 = LINE('',#7208,#7209);
#7208 = CARTESIAN_POINT('',(0.6,-0.585,1.21));
#7209 = VECTOR('',#7210,1.);
#7210 = DIRECTION('',(0.,1.,0.));
#7211 = ORIENTED_EDGE('',*,*,#7173,.F.);
#7212 = PLANE('',#7213);
#7213 = AXIS2_PLACEMENT_3D('',#7214,#7215,#7216);
#7214 = CARTESIAN_POINT('',(-0.6,-0.585,1.21));
#7215 = DIRECTION('',(0.,0.,1.));
#7216 = DIRECTION('',(1.,0.,-0.));
#7217 = ADVANCED_FACE('',(#7218),#7237,.T.);
#7218 = FACE_BOUND('',#7219,.T.);
#7219 = EDGE_LOOP('',(#7220,#7228,#7235,#7236));
#7220 = ORIENTED_EDGE('',*,*,#7221,.T.);
#7221 = EDGE_CURVE('',#7003,#7222,#7224,.T.);
#7222 = VERTEX_POINT('',#7223);
#7223 = CARTESIAN_POINT('',(0.6,-0.585,1.17));
#7224 = LINE('',#7225,#7226);
#7225 = CARTESIAN_POINT('',(-0.6,-0.585,1.17));
#7226 = VECTOR('',#7227,1.);
#7227 = DIRECTION('',(1.,0.,0.));
#7228 = ORIENTED_EDGE('',*,*,#7229,.T.);
#7229 = EDGE_CURVE('',#7222,#7199,#7230,.T.);
#7230 = CIRCLE('',#7231,4.E-02);
#7231 = AXIS2_PLACEMENT_3D('',#7232,#7233,#7234);
#7232 = CARTESIAN_POINT('',(0.6,-0.545,1.17));
#7233 = DIRECTION('',(-1.,0.,0.));
#7234 = DIRECTION('',(0.,0.,1.));
#7235 = ORIENTED_EDGE('',*,*,#7198,.F.);
#7236 = ORIENTED_EDGE('',*,*,#7010,.F.);
#7237 = CYLINDRICAL_SURFACE('',#7238,4.E-02);
#7238 = AXIS2_PLACEMENT_3D('',#7239,#7240,#7241);
#7239 = CARTESIAN_POINT('',(-0.6,-0.545,1.17));
#7240 = DIRECTION('',(1.,0.,0.));
#7241 = DIRECTION('',(0.,-1.,0.));
#7242 = ADVANCED_FACE('',(#7243),#7254,.F.);
#7243 = FACE_BOUND('',#7244,.F.);
#7244 = EDGE_LOOP('',(#7245,#7251,#7252,#7253));
#7245 = ORIENTED_EDGE('',*,*,#7246,.F.);
#7246 = EDGE_CURVE('',#7077,#7222,#7247,.T.);
#7247 = LINE('',#7248,#7249);
#7248 = CARTESIAN_POINT('',(0.6,-0.585,4.E-02));
#7249 = VECTOR('',#7250,1.);
#7250 = DIRECTION('',(0.,0.,1.));
#7251 = ORIENTED_EDGE('',*,*,#7085,.F.);
#7252 = ORIENTED_EDGE('',*,*,#7002,.T.);
#7253 = ORIENTED_EDGE('',*,*,#7221,.T.);
#7254 = PLANE('',#7255);
#7255 = AXIS2_PLACEMENT_3D('',#7256,#7257,#7258);
#7256 = CARTESIAN_POINT('',(-0.6,-0.585,4.E-02));
#7257 = DIRECTION('',(0.,1.,0.));
#7258 = DIRECTION('',(0.,-0.,1.));
#7259 = ADVANCED_FACE('',(#7260,#7330),#7340,.F.);
#7260 = FACE_BOUND('',#7261,.F.);
#7261 = EDGE_LOOP('',(#7262,#7272,#7281,#7289,#7298,#7306,#7315,#7323));
#7262 = ORIENTED_EDGE('',*,*,#7263,.F.);
#7263 = EDGE_CURVE('',#7264,#7266,#7268,.T.);
#7264 = VERTEX_POINT('',#7265);
#7265 = CARTESIAN_POINT('',(0.6,-0.625,4.E-02));
#7266 = VERTEX_POINT('',#7267);
#7267 = CARTESIAN_POINT('',(0.6,-0.625,1.21));
#7268 = LINE('',#7269,#7270);
#7269 = CARTESIAN_POINT('',(0.6,-0.625,0.));
#7270 = VECTOR('',#7271,1.);
#7271 = DIRECTION('',(0.,0.,1.));
#7272 = ORIENTED_EDGE('',*,*,#7273,.T.);
#7273 = EDGE_CURVE('',#7264,#7274,#7276,.T.);
#7274 = VERTEX_POINT('',#7275);
#7275 = CARTESIAN_POINT('',(0.6,-0.585,0.));
#7276 = CIRCLE('',#7277,4.E-02);
#7277 = AXIS2_PLACEMENT_3D('',#7278,#7279,#7280);
#7278 = CARTESIAN_POINT('',(0.6,-0.585,4.E-02));
#7279 = DIRECTION('',(1.,0.,-0.));
#7280 = DIRECTION('',(0.,0.,1.));
#7281 = ORIENTED_EDGE('',*,*,#7282,.T.);
#7282 = EDGE_CURVE('',#7274,#7283,#7285,.T.);
#7283 = VERTEX_POINT('',#7284);
#7284 = CARTESIAN_POINT('',(0.6,0.585,0.));
#7285 = LINE('',#7286,#7287);
#7286 = CARTESIAN_POINT('',(0.6,-0.625,0.));
#7287 = VECTOR('',#7288,1.);
#7288 = DIRECTION('',(0.,1.,0.));
#7289 = ORIENTED_EDGE('',*,*,#7290,.F.);
#7290 = EDGE_CURVE('',#7291,#7283,#7293,.T.);
#7291 = VERTEX_POINT('',#7292);
#7292 = CARTESIAN_POINT('',(0.6,0.625,4.E-02));
#7293 = CIRCLE('',#7294,4.E-02);
#7294 = AXIS2_PLACEMENT_3D('',#7295,#7296,#7297);
#7295 = CARTESIAN_POINT('',(0.6,0.585,4.E-02));
#7296 = DIRECTION('',(-1.,0.,0.));
#7297 = DIRECTION('',(0.,0.,1.));
#7298 = ORIENTED_EDGE('',*,*,#7299,.T.);
#7299 = EDGE_CURVE('',#7291,#7300,#7302,.T.);
#7300 = VERTEX_POINT('',#7301);
#7301 = CARTESIAN_POINT('',(0.6,0.625,1.21));
#7302 = LINE('',#7303,#7304);
#7303 = CARTESIAN_POINT('',(0.6,0.625,0.));
#7304 = VECTOR('',#7305,1.);
#7305 = DIRECTION('',(0.,0.,1.));
#7306 = ORIENTED_EDGE('',*,*,#7307,.T.);
#7307 = EDGE_CURVE('',#7300,#7308,#7310,.T.);
#7308 = VERTEX_POINT('',#7309);
#7309 = CARTESIAN_POINT('',(0.6,0.585,1.25));
#7310 = CIRCLE('',#7311,4.E-02);
#7311 = AXIS2_PLACEMENT_3D('',#7312,#7313,#7314);
#7312 = CARTESIAN_POINT('',(0.6,0.585,1.21));
#7313 = DIRECTION('',(1.,0.,-0.));
#7314 = DIRECTION('',(0.,0.,1.));
#7315 = ORIENTED_EDGE('',*,*,#7316,.F.);
#7316 = EDGE_CURVE('',#7317,#7308,#7319,.T.);
#7317 = VERTEX_POINT('',#7318);
#7318 = CARTESIAN_POINT('',(0.6,-0.585,1.25));
#7319 = LINE('',#7320,#7321);
#7320 = CARTESIAN_POINT('',(0.6,-0.625,1.25));
#7321 = VECTOR('',#7322,1.);
#7322 = DIRECTION('',(0.,1.,0.));
#7323 = ORIENTED_EDGE('',*,*,#7324,.F.);
#7324 = EDGE_CURVE('',#7266,#7317,#7325,.T.);
#7325 = CIRCLE('',#7326,4.E-02);
#7326 = AXIS2_PLACEMENT_3D('',#7327,#7328,#7329);
#7327 = CARTESIAN_POINT('',(0.6,-0.585,1.21));
#7328 = DIRECTION('',(-1.,0.,0.));
#7329 = DIRECTION('',(0.,0.,1.));
#7330 = FACE_BOUND('',#7331,.F.);
#7331 = EDGE_LOOP('',(#7332,#7333,#7334,#7335,#7336,#7337,#7338,#7339));
#7332 = ORIENTED_EDGE('',*,*,#7076,.F.);
#7333 = ORIENTED_EDGE('',*,*,#7246,.T.);
#7334 = ORIENTED_EDGE('',*,*,#7229,.T.);
#7335 = ORIENTED_EDGE('',*,*,#7206,.T.);
#7336 = ORIENTED_EDGE('',*,*,#7181,.F.);
#7337 = ORIENTED_EDGE('',*,*,#7148,.F.);
#7338 = ORIENTED_EDGE('',*,*,#7131,.T.);
#7339 = ORIENTED_EDGE('',*,*,#7101,.F.);
#7340 = PLANE('',#7341);
#7341 = AXIS2_PLACEMENT_3D('',#7342,#7343,#7344);
#7342 = CARTESIAN_POINT('',(0.6,-0.625,0.));
#7343 = DIRECTION('',(1.,0.,0.));
#7344 = DIRECTION('',(0.,0.,1.));
#7345 = ADVANCED_FACE('',(#7346),#7371,.F.);
#7346 = FACE_BOUND('',#7347,.F.);
#7347 = EDGE_LOOP('',(#7348,#7358,#7364,#7365));
#7348 = ORIENTED_EDGE('',*,*,#7349,.F.);
#7349 = EDGE_CURVE('',#7350,#7352,#7354,.T.);
#7350 = VERTEX_POINT('',#7351);
#7351 = CARTESIAN_POINT('',(1.,-0.625,4.E-02));
#7352 = VERTEX_POINT('',#7353);
#7353 = CARTESIAN_POINT('',(1.,-0.625,1.21));
#7354 = LINE('',#7355,#7356);
#7355 = CARTESIAN_POINT('',(1.,-0.625,0.));
#7356 = VECTOR('',#7357,1.);
#7357 = DIRECTION('',(0.,0.,1.));
#7358 = ORIENTED_EDGE('',*,*,#7359,.F.);
#7359 = EDGE_CURVE('',#7264,#7350,#7360,.T.);
#7360 = LINE('',#7361,#7362);
#7361 = CARTESIAN_POINT('',(0.6,-0.625,4.E-02));
#7362 = VECTOR('',#7363,1.);
#7363 = DIRECTION('',(1.,0.,0.));
#7364 = ORIENTED_EDGE('',*,*,#7263,.T.);
#7365 = ORIENTED_EDGE('',*,*,#7366,.T.);
#7366 = EDGE_CURVE('',#7266,#7352,#7367,.T.);
#7367 = LINE('',#7368,#7369);
#7368 = CARTESIAN_POINT('',(0.6,-0.625,1.21));
#7369 = VECTOR('',#7370,1.);
#7370 = DIRECTION('',(1.,0.,0.));
#7371 = PLANE('',#7372);
#7372 = AXIS2_PLACEMENT_3D('',#7373,#7374,#7375);
#7373 = CARTESIAN_POINT('',(0.6,-0.625,0.));
#7374 = DIRECTION('',(0.,1.,0.));
#7375 = DIRECTION('',(0.,-0.,1.));
#7376 = ADVANCED_FACE('',(#7377),#7396,.T.);
#7377 = FACE_BOUND('',#7378,.T.);
#7378 = EDGE_LOOP('',(#7379,#7380,#7388,#7395));
#7379 = ORIENTED_EDGE('',*,*,#7273,.T.);
#7380 = ORIENTED_EDGE('',*,*,#7381,.T.);
#7381 = EDGE_CURVE('',#7274,#7382,#7384,.T.);
#7382 = VERTEX_POINT('',#7383);
#7383 = CARTESIAN_POINT('',(1.,-0.585,0.));
#7384 = LINE('',#7385,#7386);
#7385 = CARTESIAN_POINT('',(0.6,-0.585,0.));
#7386 = VECTOR('',#7387,1.);
#7387 = DIRECTION('',(1.,0.,0.));
#7388 = ORIENTED_EDGE('',*,*,#7389,.F.);
#7389 = EDGE_CURVE('',#7350,#7382,#7390,.T.);
#7390 = CIRCLE('',#7391,4.E-02);
#7391 = AXIS2_PLACEMENT_3D('',#7392,#7393,#7394);
#7392 = CARTESIAN_POINT('',(1.,-0.585,4.E-02));
#7393 = DIRECTION('',(1.,0.,-0.));
#7394 = DIRECTION('',(0.,0.,1.));
#7395 = ORIENTED_EDGE('',*,*,#7359,.F.);
#7396 = CYLINDRICAL_SURFACE('',#7397,4.E-02);
#7397 = AXIS2_PLACEMENT_3D('',#7398,#7399,#7400);
#7398 = CARTESIAN_POINT('',(0.6,-0.585,4.E-02));
#7399 = DIRECTION('',(1.,0.,0.));
#7400 = DIRECTION('',(0.,-1.,0.));
#7401 = ADVANCED_FACE('',(#7402),#7421,.T.);
#7402 = FACE_BOUND('',#7403,.T.);
#7403 = EDGE_LOOP('',(#7404,#7405,#7414,#7420));
#7404 = ORIENTED_EDGE('',*,*,#7366,.T.);
#7405 = ORIENTED_EDGE('',*,*,#7406,.T.);
#7406 = EDGE_CURVE('',#7352,#7407,#7409,.T.);
#7407 = VERTEX_POINT('',#7408);
#7408 = CARTESIAN_POINT('',(1.,-0.585,1.25));
#7409 = CIRCLE('',#7410,4.E-02);
#7410 = AXIS2_PLACEMENT_3D('',#7411,#7412,#7413);
#7411 = CARTESIAN_POINT('',(1.,-0.585,1.21));
#7412 = DIRECTION('',(-1.,0.,0.));
#7413 = DIRECTION('',(0.,0.,1.));
#7414 = ORIENTED_EDGE('',*,*,#7415,.F.);
#7415 = EDGE_CURVE('',#7317,#7407,#7416,.T.);
#7416 = LINE('',#7417,#7418);
#7417 = CARTESIAN_POINT('',(0.6,-0.585,1.25));
#7418 = VECTOR('',#7419,1.);
#7419 = DIRECTION('',(1.,0.,0.));
#7420 = ORIENTED_EDGE('',*,*,#7324,.F.);
#7421 = CYLINDRICAL_SURFACE('',#7422,4.E-02);
#7422 = AXIS2_PLACEMENT_3D('',#7423,#7424,#7425);
#7423 = CARTESIAN_POINT('',(0.6,-0.585,1.21));
#7424 = DIRECTION('',(1.,0.,0.));
#7425 = DIRECTION('',(0.,-1.,0.));
#7426 = ADVANCED_FACE('',(#7427),#7445,.F.);
#7427 = FACE_BOUND('',#7428,.F.);
#7428 = EDGE_LOOP('',(#7429,#7430,#7431,#7439));
#7429 = ORIENTED_EDGE('',*,*,#7282,.F.);
#7430 = ORIENTED_EDGE('',*,*,#7381,.T.);
#7431 = ORIENTED_EDGE('',*,*,#7432,.T.);
#7432 = EDGE_CURVE('',#7382,#7433,#7435,.T.);
#7433 = VERTEX_POINT('',#7434);
#7434 = CARTESIAN_POINT('',(1.,0.585,0.));
#7435 = LINE('',#7436,#7437);
#7436 = CARTESIAN_POINT('',(1.,-0.625,0.));
#7437 = VECTOR('',#7438,1.);
#7438 = DIRECTION('',(0.,1.,0.));
#7439 = ORIENTED_EDGE('',*,*,#7440,.F.);
#7440 = EDGE_CURVE('',#7283,#7433,#7441,.T.);
#7441 = LINE('',#7442,#7443);
#7442 = CARTESIAN_POINT('',(0.6,0.585,0.));
#7443 = VECTOR('',#7444,1.);
#7444 = DIRECTION('',(1.,0.,0.));
#7445 = PLANE('',#7446);
#7446 = AXIS2_PLACEMENT_3D('',#7447,#7448,#7449);
#7447 = CARTESIAN_POINT('',(0.6,-0.625,0.));
#7448 = DIRECTION('',(0.,0.,1.));
#7449 = DIRECTION('',(1.,0.,-0.));
#7450 = ADVANCED_FACE('',(#7451),#7469,.T.);
#7451 = FACE_BOUND('',#7452,.T.);
#7452 = EDGE_LOOP('',(#7453,#7454,#7455,#7463));
#7453 = ORIENTED_EDGE('',*,*,#7316,.F.);
#7454 = ORIENTED_EDGE('',*,*,#7415,.T.);
#7455 = ORIENTED_EDGE('',*,*,#7456,.T.);
#7456 = EDGE_CURVE('',#7407,#7457,#7459,.T.);
#7457 = VERTEX_POINT('',#7458);
#7458 = CARTESIAN_POINT('',(1.,0.585,1.25));
#7459 = LINE('',#7460,#7461);
#7460 = CARTESIAN_POINT('',(1.,-0.625,1.25));
#7461 = VECTOR('',#7462,1.);
#7462 = DIRECTION('',(0.,1.,0.));
#7463 = ORIENTED_EDGE('',*,*,#7464,.F.);
#7464 = EDGE_CURVE('',#7308,#7457,#7465,.T.);
#7465 = LINE('',#7466,#7467);
#7466 = CARTESIAN_POINT('',(0.6,0.585,1.25));
#7467 = VECTOR('',#7468,1.);
#7468 = DIRECTION('',(1.,0.,0.));
#7469 = PLANE('',#7470);
#7470 = AXIS2_PLACEMENT_3D('',#7471,#7472,#7473);
#7471 = CARTESIAN_POINT('',(0.6,-0.625,1.25));
#7472 = DIRECTION('',(0.,0.,1.));
#7473 = DIRECTION('',(1.,0.,-0.));
#7474 = ADVANCED_FACE('',(#7475),#7494,.T.);
#7475 = FACE_BOUND('',#7476,.T.);
#7476 = EDGE_LOOP('',(#7477,#7485,#7492,#7493));
#7477 = ORIENTED_EDGE('',*,*,#7478,.T.);
#7478 = EDGE_CURVE('',#7291,#7479,#7481,.T.);
#7479 = VERTEX_POINT('',#7480);
#7480 = CARTESIAN_POINT('',(1.,0.625,4.E-02));
#7481 = LINE('',#7482,#7483);
#7482 = CARTESIAN_POINT('',(0.6,0.625,4.E-02));
#7483 = VECTOR('',#7484,1.);
#7484 = DIRECTION('',(1.,0.,0.));
#7485 = ORIENTED_EDGE('',*,*,#7486,.T.);
#7486 = EDGE_CURVE('',#7479,#7433,#7487,.T.);
#7487 = CIRCLE('',#7488,4.E-02);
#7488 = AXIS2_PLACEMENT_3D('',#7489,#7490,#7491);
#7489 = CARTESIAN_POINT('',(1.,0.585,4.E-02));
#7490 = DIRECTION('',(-1.,0.,0.));
#7491 = DIRECTION('',(0.,0.,1.));
#7492 = ORIENTED_EDGE('',*,*,#7440,.F.);
#7493 = ORIENTED_EDGE('',*,*,#7290,.F.);
#7494 = CYLINDRICAL_SURFACE('',#7495,4.E-02);
#7495 = AXIS2_PLACEMENT_3D('',#7496,#7497,#7498);
#7496 = CARTESIAN_POINT('',(0.6,0.585,4.E-02));
#7497 = DIRECTION('',(1.,0.,0.));
#7498 = DIRECTION('',(-0.,1.,0.));
#7499 = ADVANCED_FACE('',(#7500),#7519,.T.);
#7500 = FACE_BOUND('',#7501,.T.);
#7501 = EDGE_LOOP('',(#7502,#7503,#7504,#7513));
#7502 = ORIENTED_EDGE('',*,*,#7307,.T.);
#7503 = ORIENTED_EDGE('',*,*,#7464,.T.);
#7504 = ORIENTED_EDGE('',*,*,#7505,.F.);
#7505 = EDGE_CURVE('',#7506,#7457,#7508,.T.);
#7506 = VERTEX_POINT('',#7507);
#7507 = CARTESIAN_POINT('',(1.,0.625,1.21));
#7508 = CIRCLE('',#7509,4.E-02);
#7509 = AXIS2_PLACEMENT_3D('',#7510,#7511,#7512);
#7510 = CARTESIAN_POINT('',(1.,0.585,1.21));
#7511 = DIRECTION('',(1.,0.,-0.));
#7512 = DIRECTION('',(0.,0.,1.));
#7513 = ORIENTED_EDGE('',*,*,#7514,.F.);
#7514 = EDGE_CURVE('',#7300,#7506,#7515,.T.);
#7515 = LINE('',#7516,#7517);
#7516 = CARTESIAN_POINT('',(0.6,0.625,1.21));
#7517 = VECTOR('',#7518,1.);
#7518 = DIRECTION('',(1.,0.,0.));
#7519 = CYLINDRICAL_SURFACE('',#7520,4.E-02);
#7520 = AXIS2_PLACEMENT_3D('',#7521,#7522,#7523);
#7521 = CARTESIAN_POINT('',(0.6,0.585,1.21));
#7522 = DIRECTION('',(1.,0.,0.));
#7523 = DIRECTION('',(-0.,1.,0.));
#7524 = ADVANCED_FACE('',(#7525),#7536,.T.);
#7525 = FACE_BOUND('',#7526,.T.);
#7526 = EDGE_LOOP('',(#7527,#7533,#7534,#7535));
#7527 = ORIENTED_EDGE('',*,*,#7528,.F.);
#7528 = EDGE_CURVE('',#7479,#7506,#7529,.T.);
#7529 = LINE('',#7530,#7531);
#7530 = CARTESIAN_POINT('',(1.,0.625,0.));
#7531 = VECTOR('',#7532,1.);
#7532 = DIRECTION('',(0.,0.,1.));
#7533 = ORIENTED_EDGE('',*,*,#7478,.F.);
#7534 = ORIENTED_EDGE('',*,*,#7299,.T.);
#7535 = ORIENTED_EDGE('',*,*,#7514,.T.);
#7536 = PLANE('',#7537);
#7537 = AXIS2_PLACEMENT_3D('',#7538,#7539,#7540);
#7538 = CARTESIAN_POINT('',(0.6,0.625,0.));
#7539 = DIRECTION('',(0.,1.,0.));
#7540 = DIRECTION('',(0.,-0.,1.));
#7541 = ADVANCED_FACE('',(#7542),#7552,.T.);
#7542 = FACE_BOUND('',#7543,.T.);
#7543 = EDGE_LOOP('',(#7544,#7545,#7546,#7547,#7548,#7549,#7550,#7551));
#7544 = ORIENTED_EDGE('',*,*,#7349,.F.);
#7545 = ORIENTED_EDGE('',*,*,#7389,.T.);
#7546 = ORIENTED_EDGE('',*,*,#7432,.T.);
#7547 = ORIENTED_EDGE('',*,*,#7486,.F.);
#7548 = ORIENTED_EDGE('',*,*,#7528,.T.);
#7549 = ORIENTED_EDGE('',*,*,#7505,.T.);
#7550 = ORIENTED_EDGE('',*,*,#7456,.F.);
#7551 = ORIENTED_EDGE('',*,*,#7406,.F.);
#7552 = PLANE('',#7553);
#7553 = AXIS2_PLACEMENT_3D('',#7554,#7555,#7556);
#7554 = CARTESIAN_POINT('',(1.,-0.625,0.));
#7555 = DIRECTION('',(1.,0.,0.));
#7556 = DIRECTION('',(0.,0.,1.));
#7557 = ( GEOMETRIC_REPRESENTATION_CONTEXT(3) 
GLOBAL_UNCERTAINTY_ASSIGNED_CONTEXT((#7561)) 
GLOBAL_UNIT_ASSIGNED_CONTEXT((#7558,#7559,#7560)) REPRESENTATION_CONTEXT
('Context #1','3D Context with UNIT and UNCERTAINTY') );
#7558 = ( LENGTH_UNIT() NAMED_UNIT(*) SI_UNIT(.MILLI.,.METRE.) );
#7559 = ( NAMED_UNIT(*) PLANE_ANGLE_UNIT() SI_UNIT($,.RADIAN.) );
#7560 = ( NAMED_UNIT(*) SI_UNIT($,.STERADIAN.) SOLID_ANGLE_UNIT() );
#7561 = UNCERTAINTY_MEASURE_WITH_UNIT(LENGTH_MEASURE(1.E-07),#7558,
  'distance_accuracy_value','confusion accuracy');
#7562 = CONTEXT_DEPENDENT_SHAPE_REPRESENTATION(#7563,#7565);
#7563 = ( REPRESENTATION_RELATIONSHIP('','',#6702,#10) 
REPRESENTATION_RELATIONSHIP_WITH_TRANSFORMATION(#7564) 
SHAPE_REPRESENTATION_RELATIONSHIP() );
#7564 = ITEM_DEFINED_TRANSFORMATION('','',#11,#23);
#7565 = PRODUCT_DEFINITION_SHAPE('Placement','Placement of an item',
  #7566);
#7566 = NEXT_ASSEMBLY_USAGE_OCCURRENCE('3','C3','',#5,#6697,$);
#7567 = PRODUCT_RELATED_PRODUCT_CATEGORY('part',$,(#6699));
#7568 = SHAPE_DEFINITION_REPRESENTATION(#7569,#7575);
#7569 = PRODUCT_DEFINITION_SHAPE('','',#7570);
#7570 = PRODUCT_DEFINITION('design','',#7571,#7574);
#7571 = PRODUCT_DEFINITION_FORMATION('','',#7572);
#7572 = PRODUCT('FanPinHeader_1x04_P2.54mm_Vertical',
  'FanPinHeader_1x04_P2.54mm_Vertical','',(#7573));
#7573 = PRODUCT_CONTEXT('',#2,'mechanical');
#7574 = PRODUCT_DEFINITION_CONTEXT('part definition',#2,'design');
#7575 = ADVANCED_BREP_SHAPE_REPRESENTATION('',(#11,#7576),#10232);
#7576 = MANIFOLD_SOLID_BREP('',#7577);
#7577 = CLOSED_SHELL('',(#7578,#7618,#7698,#7778,#7830,#7983,#8005,#8022
    ,#8175,#8187,#8220,#8244,#8270,#8287,#8318,#8343,#8367,#8384,#8415,
    #8439,#8463,#8480,#8511,#8535,#8559,#8576,#8607,#8631,#8655,#8672,
    #8703,#8727,#8751,#8768,#8799,#8823,#8847,#8864,#8895,#8919,#8943,
    #8960,#8991,#9015,#9039,#9056,#9087,#9111,#9135,#9152,#9183,#9215,
    #9239,#9264,#9276,#9307,#9331,#9355,#9372,#9403,#9427,#9451,#9468,
    #9499,#9523,#9547,#9564,#9595,#9619,#9643,#9660,#9691,#9715,#9739,
    #9756,#9787,#9811,#9835,#9852,#9883,#9907,#9931,#9948,#9979,#10003,
    #10027,#10044,#10075,#10092,#10108,#10124,#10136,#10148,#10160,
    #10172,#10184,#10196,#10208,#10220));
#7578 = ADVANCED_FACE('',(#7579),#7613,.F.);
#7579 = FACE_BOUND('',#7580,.F.);
#7580 = EDGE_LOOP('',(#7581,#7591,#7599,#7607));
#7581 = ORIENTED_EDGE('',*,*,#7582,.T.);
#7582 = EDGE_CURVE('',#7583,#7585,#7587,.T.);
#7583 = VERTEX_POINT('',#7584);
#7584 = CARTESIAN_POINT('',(8.91,2.54,0.));
#7585 = VERTEX_POINT('',#7586);
#7586 = CARTESIAN_POINT('',(8.91,2.54,2.5));
#7587 = LINE('',#7588,#7589);
#7588 = CARTESIAN_POINT('',(8.91,2.54,0.));
#7589 = VECTOR('',#7590,1.);
#7590 = DIRECTION('',(0.,0.,1.));
#7591 = ORIENTED_EDGE('',*,*,#7592,.T.);
#7592 = EDGE_CURVE('',#7585,#7593,#7595,.T.);
#7593 = VERTEX_POINT('',#7594);
#7594 = CARTESIAN_POINT('',(-1.29,2.54,2.5));
#7595 = LINE('',#7596,#7597);
#7596 = CARTESIAN_POINT('',(8.91,2.54,2.5));
#7597 = VECTOR('',#7598,1.);
#7598 = DIRECTION('',(-1.,1.224646799147E-16,0.));
#7599 = ORIENTED_EDGE('',*,*,#7600,.F.);
#7600 = EDGE_CURVE('',#7601,#7593,#7603,.T.);
#7601 = VERTEX_POINT('',#7602);
#7602 = CARTESIAN_POINT('',(-1.29,2.54,0.));
#7603 = LINE('',#7604,#7605);
#7604 = CARTESIAN_POINT('',(-1.29,2.54,0.));
#7605 = VECTOR('',#7606,1.);
#7606 = DIRECTION('',(0.,0.,1.));
#7607 = ORIENTED_EDGE('',*,*,#7608,.F.);
#7608 = EDGE_CURVE('',#7583,#7601,#7609,.T.);
#7609 = LINE('',#7610,#7611);
#7610 = CARTESIAN_POINT('',(8.91,2.54,0.));
#7611 = VECTOR('',#7612,1.);
#7612 = DIRECTION('',(-1.,1.224646799147E-16,0.));
#7613 = PLANE('',#7614);
#7614 = AXIS2_PLACEMENT_3D('',#7615,#7616,#7617);
#7615 = CARTESIAN_POINT('',(8.91,2.54,0.));
#7616 = DIRECTION('',(-1.224646799147E-16,-1.,0.));
#7617 = DIRECTION('',(-1.,1.224646799147E-16,0.));
#7618 = ADVANCED_FACE('',(#7619),#7693,.F.);
#7619 = FACE_BOUND('',#7620,.F.);
#7620 = EDGE_LOOP('',(#7621,#7631,#7639,#7647,#7656,#7662,#7663,#7671,
    #7679,#7687));
#7621 = ORIENTED_EDGE('',*,*,#7622,.F.);
#7622 = EDGE_CURVE('',#7623,#7625,#7627,.T.);
#7623 = VERTEX_POINT('',#7624);
#7624 = CARTESIAN_POINT('',(8.91,-3.3,0.));
#7625 = VERTEX_POINT('',#7626);
#7626 = CARTESIAN_POINT('',(8.91,-2.1,-6.827871601445E-16));
#7627 = LINE('',#7628,#7629);
#7628 = CARTESIAN_POINT('',(8.91,-3.3,0.));
#7629 = VECTOR('',#7630,1.);
#7630 = DIRECTION('',(1.224646799147E-16,1.,0.));
#7631 = ORIENTED_EDGE('',*,*,#7632,.T.);
#7632 = EDGE_CURVE('',#7623,#7633,#7635,.T.);
#7633 = VERTEX_POINT('',#7634);
#7634 = CARTESIAN_POINT('',(8.91,-3.3,2.5));
#7635 = LINE('',#7636,#7637);
#7636 = CARTESIAN_POINT('',(8.91,-3.3,0.));
#7637 = VECTOR('',#7638,1.);
#7638 = DIRECTION('',(0.,0.,1.));
#7639 = ORIENTED_EDGE('',*,*,#7640,.T.);
#7640 = EDGE_CURVE('',#7633,#7641,#7643,.T.);
#7641 = VERTEX_POINT('',#7642);
#7642 = CARTESIAN_POINT('',(8.91,-2.3,2.5));
#7643 = LINE('',#7644,#7645);
#7644 = CARTESIAN_POINT('',(8.91,-3.3,2.5));
#7645 = VECTOR('',#7646,1.);
#7646 = DIRECTION('',(1.224646799147E-16,1.,0.));
#7647 = ORIENTED_EDGE('',*,*,#7648,.F.);
#7648 = EDGE_CURVE('',#7649,#7641,#7651,.T.);
#7649 = VERTEX_POINT('',#7650);
#7650 = CARTESIAN_POINT('',(8.91,-1.3,2.5));
#7651 = CIRCLE('',#7652,0.5);
#7652 = AXIS2_PLACEMENT_3D('',#7653,#7654,#7655);
#7653 = CARTESIAN_POINT('',(8.91,-1.8,2.5));
#7654 = DIRECTION('',(-1.,2.22044604925E-16,1.110223024625E-16));
#7655 = DIRECTION('',(-2.22044604925E-16,-1.,-1.110223024625E-16));
#7656 = ORIENTED_EDGE('',*,*,#7657,.T.);
#7657 = EDGE_CURVE('',#7649,#7585,#7658,.T.);
#7658 = LINE('',#7659,#7660);
#7659 = CARTESIAN_POINT('',(8.91,-3.3,2.5));
#7660 = VECTOR('',#7661,1.);
#7661 = DIRECTION('',(1.224646799147E-16,1.,0.));
#7662 = ORIENTED_EDGE('',*,*,#7582,.F.);
#7663 = ORIENTED_EDGE('',*,*,#7664,.F.);
#7664 = EDGE_CURVE('',#7665,#7583,#7667,.T.);
#7665 = VERTEX_POINT('',#7666);
#7666 = CARTESIAN_POINT('',(8.91,1.34,-4.918287999089E-16));
#7667 = LINE('',#7668,#7669);
#7668 = CARTESIAN_POINT('',(8.91,-3.3,0.));
#7669 = VECTOR('',#7670,1.);
#7670 = DIRECTION('',(1.224646799147E-16,1.,0.));
#7671 = ORIENTED_EDGE('',*,*,#7672,.F.);
#7672 = EDGE_CURVE('',#7673,#7665,#7675,.T.);
#7673 = VERTEX_POINT('',#7674);
#7674 = CARTESIAN_POINT('',(8.91,1.34,0.5));
#7675 = LINE('',#7676,#7677);
#7676 = CARTESIAN_POINT('',(8.91,1.34,0.25));
#7677 = VECTOR('',#7678,1.);
#7678 = DIRECTION('',(1.359631073447E-32,1.110223024625E-16,-1.));
#7679 = ORIENTED_EDGE('',*,*,#7680,.F.);
#7680 = EDGE_CURVE('',#7681,#7673,#7683,.T.);
#7681 = VERTEX_POINT('',#7682);
#7682 = CARTESIAN_POINT('',(8.91,-2.1,0.5));
#7683 = LINE('',#7684,#7685);
#7684 = CARTESIAN_POINT('',(8.91,-2.7,0.5));
#7685 = VECTOR('',#7686,1.);
#7686 = DIRECTION('',(1.224646799147E-16,1.,1.110223024625E-16));
#7687 = ORIENTED_EDGE('',*,*,#7688,.F.);
#7688 = EDGE_CURVE('',#7625,#7681,#7689,.T.);
#7689 = LINE('',#7690,#7691);
#7690 = CARTESIAN_POINT('',(8.91,-2.1,-4.996003610813E-17));
#7691 = VECTOR('',#7692,1.);
#7692 = DIRECTION('',(-1.359631073447E-32,-1.110223024625E-16,1.));
#7693 = PLANE('',#7694);
#7694 = AXIS2_PLACEMENT_3D('',#7695,#7696,#7697);
#7695 = CARTESIAN_POINT('',(8.91,-3.3,0.));
#7696 = DIRECTION('',(-1.,1.224646799147E-16,0.));
#7697 = DIRECTION('',(1.224646799147E-16,1.,0.));
#7698 = ADVANCED_FACE('',(#7699),#7773,.F.);
#7699 = FACE_BOUND('',#7700,.F.);
#7700 = EDGE_LOOP('',(#7701,#7709,#7710,#7718,#7727,#7735,#7743,#7751,
    #7759,#7767));
#7701 = ORIENTED_EDGE('',*,*,#7702,.F.);
#7702 = EDGE_CURVE('',#7601,#7703,#7705,.T.);
#7703 = VERTEX_POINT('',#7704);
#7704 = CARTESIAN_POINT('',(-1.29,1.34,1.487698852998E-16));
#7705 = LINE('',#7706,#7707);
#7706 = CARTESIAN_POINT('',(-1.29,2.54,0.));
#7707 = VECTOR('',#7708,1.);
#7708 = DIRECTION('',(-1.224646799147E-16,-1.,0.));
#7709 = ORIENTED_EDGE('',*,*,#7600,.T.);
#7710 = ORIENTED_EDGE('',*,*,#7711,.T.);
#7711 = EDGE_CURVE('',#7593,#7712,#7714,.T.);
#7712 = VERTEX_POINT('',#7713);
#7713 = CARTESIAN_POINT('',(-1.29,-1.3,2.5));
#7714 = LINE('',#7715,#7716);
#7715 = CARTESIAN_POINT('',(-1.29,2.54,2.5));
#7716 = VECTOR('',#7717,1.);
#7717 = DIRECTION('',(-1.224646799147E-16,-1.,0.));
#7718 = ORIENTED_EDGE('',*,*,#7719,.T.);
#7719 = EDGE_CURVE('',#7712,#7720,#7722,.T.);
#7720 = VERTEX_POINT('',#7721);
#7721 = CARTESIAN_POINT('',(-1.29,-2.3,2.5));
#7722 = CIRCLE('',#7723,0.5);
#7723 = AXIS2_PLACEMENT_3D('',#7724,#7725,#7726);
#7724 = CARTESIAN_POINT('',(-1.29,-1.8,2.5));
#7725 = DIRECTION('',(-1.,2.22044604925E-16,1.110223024625E-16));
#7726 = DIRECTION('',(-2.22044604925E-16,-1.,-1.110223024625E-16));
#7727 = ORIENTED_EDGE('',*,*,#7728,.T.);
#7728 = EDGE_CURVE('',#7720,#7729,#7731,.T.);
#7729 = VERTEX_POINT('',#7730);
#7730 = CARTESIAN_POINT('',(-1.29,-3.3,2.5));
#7731 = LINE('',#7732,#7733);
#7732 = CARTESIAN_POINT('',(-1.29,2.54,2.5));
#7733 = VECTOR('',#7734,1.);
#7734 = DIRECTION('',(-1.224646799147E-16,-1.,0.));
#7735 = ORIENTED_EDGE('',*,*,#7736,.F.);
#7736 = EDGE_CURVE('',#7737,#7729,#7739,.T.);
#7737 = VERTEX_POINT('',#7738);
#7738 = CARTESIAN_POINT('',(-1.29,-3.3,0.));
#7739 = LINE('',#7740,#7741);
#7740 = CARTESIAN_POINT('',(-1.29,-3.3,0.));
#7741 = VECTOR('',#7742,1.);
#7742 = DIRECTION('',(0.,0.,1.));
#7743 = ORIENTED_EDGE('',*,*,#7744,.F.);
#7744 = EDGE_CURVE('',#7745,#7737,#7747,.T.);
#7745 = VERTEX_POINT('',#7746);
#7746 = CARTESIAN_POINT('',(-1.29,-2.1,-2.331468351713E-16));
#7747 = LINE('',#7748,#7749);
#7748 = CARTESIAN_POINT('',(-1.29,2.54,0.));
#7749 = VECTOR('',#7750,1.);
#7750 = DIRECTION('',(-1.224646799147E-16,-1.,0.));
#7751 = ORIENTED_EDGE('',*,*,#7752,.T.);
#7752 = EDGE_CURVE('',#7745,#7753,#7755,.T.);
#7753 = VERTEX_POINT('',#7754);
#7754 = CARTESIAN_POINT('',(-1.29,-2.1,0.5));
#7755 = LINE('',#7756,#7757);
#7756 = CARTESIAN_POINT('',(-1.29,-2.1,-2.331468351713E-16));
#7757 = VECTOR('',#7758,1.);
#7758 = DIRECTION('',(1.110223024625E-16,-1.110223024625E-16,1.));
#7759 = ORIENTED_EDGE('',*,*,#7760,.T.);
#7760 = EDGE_CURVE('',#7753,#7761,#7763,.T.);
#7761 = VERTEX_POINT('',#7762);
#7762 = CARTESIAN_POINT('',(-1.29,1.34,0.5));
#7763 = LINE('',#7764,#7765);
#7764 = CARTESIAN_POINT('',(-1.29,-2.1,0.5));
#7765 = VECTOR('',#7766,1.);
#7766 = DIRECTION('',(2.22044604925E-16,1.,1.110223024625E-16));
#7767 = ORIENTED_EDGE('',*,*,#7768,.T.);
#7768 = EDGE_CURVE('',#7761,#7703,#7769,.T.);
#7769 = LINE('',#7770,#7771);
#7770 = CARTESIAN_POINT('',(-1.29,1.34,0.5));
#7771 = VECTOR('',#7772,1.);
#7772 = DIRECTION('',(-1.110223024625E-16,1.110223024625E-16,-1.));
#7773 = PLANE('',#7774);
#7774 = AXIS2_PLACEMENT_3D('',#7775,#7776,#7777);
#7775 = CARTESIAN_POINT('',(-1.29,2.54,0.));
#7776 = DIRECTION('',(1.,-1.224646799147E-16,0.));
#7777 = DIRECTION('',(-1.224646799147E-16,-1.,0.));
#7778 = ADVANCED_FACE('',(#7779,#7790),#7825,.T.);
#7779 = FACE_BOUND('',#7780,.T.);
#7780 = EDGE_LOOP('',(#7781,#7782,#7783,#7789));
#7781 = ORIENTED_EDGE('',*,*,#7608,.F.);
#7782 = ORIENTED_EDGE('',*,*,#7664,.F.);
#7783 = ORIENTED_EDGE('',*,*,#7784,.F.);
#7784 = EDGE_CURVE('',#7703,#7665,#7785,.T.);
#7785 = LINE('',#7786,#7787);
#7786 = CARTESIAN_POINT('',(-1.29,1.34,1.487698852998E-16));
#7787 = VECTOR('',#7788,1.);
#7788 = DIRECTION('',(1.,-1.110223024625E-16,-1.110223024625E-16));
#7789 = ORIENTED_EDGE('',*,*,#7702,.F.);
#7790 = FACE_BOUND('',#7791,.T.);
#7791 = EDGE_LOOP('',(#7792,#7802,#7810,#7818));
#7792 = ORIENTED_EDGE('',*,*,#7793,.T.);
#7793 = EDGE_CURVE('',#7794,#7796,#7798,.T.);
#7794 = VERTEX_POINT('',#7795);
#7795 = CARTESIAN_POINT('',(5.554999991327,1.906620214849,0.));
#7796 = VERTEX_POINT('',#7797);
#7797 = CARTESIAN_POINT('',(5.554999991327,2.156620214849,0.));
#7798 = LINE('',#7799,#7800);
#7799 = CARTESIAN_POINT('',(5.554999991327,1.906620214849,0.));
#7800 = VECTOR('',#7801,1.);
#7801 = DIRECTION('',(1.224646799147E-16,1.,0.));
#7802 = ORIENTED_EDGE('',*,*,#7803,.T.);
#7803 = EDGE_CURVE('',#7796,#7804,#7806,.T.);
#7804 = VERTEX_POINT('',#7805);
#7805 = CARTESIAN_POINT('',(4.604999991327,2.156620214849,0.));
#7806 = LINE('',#7807,#7808);
#7807 = CARTESIAN_POINT('',(5.554999991327,2.156620214849,0.));
#7808 = VECTOR('',#7809,1.);
#7809 = DIRECTION('',(-1.,1.224646799147E-16,0.));
#7810 = ORIENTED_EDGE('',*,*,#7811,.T.);
#7811 = EDGE_CURVE('',#7804,#7812,#7814,.T.);
#7812 = VERTEX_POINT('',#7813);
#7813 = CARTESIAN_POINT('',(4.604999991327,1.906620214849,0.));
#7814 = LINE('',#7815,#7816);
#7815 = CARTESIAN_POINT('',(4.604999991327,2.156620214849,0.));
#7816 = VECTOR('',#7817,1.);
#7817 = DIRECTION('',(-1.224646799147E-16,-1.,0.));
#7818 = ORIENTED_EDGE('',*,*,#7819,.T.);
#7819 = EDGE_CURVE('',#7812,#7794,#7820,.T.);
#7820 = CIRCLE('',#7821,0.475);
#7821 = AXIS2_PLACEMENT_3D('',#7822,#7823,#7824);
#7822 = CARTESIAN_POINT('',(5.079999991327,1.906620214849,0.));
#7823 = DIRECTION('',(0.,0.,1.));
#7824 = DIRECTION('',(-1.,1.224646799147E-16,0.));
#7825 = PLANE('',#7826);
#7826 = AXIS2_PLACEMENT_3D('',#7827,#7828,#7829);
#7827 = CARTESIAN_POINT('',(8.91,2.54,0.));
#7828 = DIRECTION('',(0.,0.,-1.));
#7829 = DIRECTION('',(-1.,0.,0.));
#7830 = ADVANCED_FACE('',(#7831,#7842,#7876,#7910,#7944),#7978,.F.);
#7831 = FACE_BOUND('',#7832,.F.);
#7832 = EDGE_LOOP('',(#7833,#7834,#7835,#7841));
#7833 = ORIENTED_EDGE('',*,*,#7592,.F.);
#7834 = ORIENTED_EDGE('',*,*,#7657,.F.);
#7835 = ORIENTED_EDGE('',*,*,#7836,.F.);
#7836 = EDGE_CURVE('',#7712,#7649,#7837,.T.);
#7837 = LINE('',#7838,#7839);
#7838 = CARTESIAN_POINT('',(-1.29,-1.3,2.5));
#7839 = VECTOR('',#7840,1.);
#7840 = DIRECTION('',(1.,-1.110223024625E-16,-1.110223024625E-16));
#7841 = ORIENTED_EDGE('',*,*,#7711,.F.);
#7842 = FACE_BOUND('',#7843,.F.);
#7843 = EDGE_LOOP('',(#7844,#7854,#7862,#7870));
#7844 = ORIENTED_EDGE('',*,*,#7845,.F.);
#7845 = EDGE_CURVE('',#7846,#7848,#7850,.T.);
#7846 = VERTEX_POINT('',#7847);
#7847 = CARTESIAN_POINT('',(2.86,-0.32,2.5));
#7848 = VERTEX_POINT('',#7849);
#7849 = CARTESIAN_POINT('',(2.22,-0.32,2.5));
#7850 = LINE('',#7851,#7852);
#7851 = CARTESIAN_POINT('',(5.885,-0.32,2.5));
#7852 = VECTOR('',#7853,1.);
#7853 = DIRECTION('',(-1.,1.224646799147E-16,0.));
#7854 = ORIENTED_EDGE('',*,*,#7855,.F.);
#7855 = EDGE_CURVE('',#7856,#7846,#7858,.T.);
#7856 = VERTEX_POINT('',#7857);
#7857 = CARTESIAN_POINT('',(2.86,0.32,2.5));
#7858 = LINE('',#7859,#7860);
#7859 = CARTESIAN_POINT('',(2.86,1.43,2.5));
#7860 = VECTOR('',#7861,1.);
#7861 = DIRECTION('',(-1.224646799147E-16,-1.,-0.));
#7862 = ORIENTED_EDGE('',*,*,#7863,.F.);
#7863 = EDGE_CURVE('',#7864,#7856,#7866,.T.);
#7864 = VERTEX_POINT('',#7865);
#7865 = CARTESIAN_POINT('',(2.22,0.32,2.5));
#7866 = LINE('',#7867,#7868);
#7867 = CARTESIAN_POINT('',(5.565,0.32,2.5));
#7868 = VECTOR('',#7869,1.);
#7869 = DIRECTION('',(1.,-1.224646799147E-16,0.));
#7870 = ORIENTED_EDGE('',*,*,#7871,.F.);
#7871 = EDGE_CURVE('',#7848,#7864,#7872,.T.);
#7872 = LINE('',#7873,#7874);
#7873 = CARTESIAN_POINT('',(2.22,1.11,2.5));
#7874 = VECTOR('',#7875,1.);
#7875 = DIRECTION('',(1.224646799147E-16,1.,0.));
#7876 = FACE_BOUND('',#7877,.F.);
#7877 = EDGE_LOOP('',(#7878,#7888,#7896,#7904));
#7878 = ORIENTED_EDGE('',*,*,#7879,.F.);
#7879 = EDGE_CURVE('',#7880,#7882,#7884,.T.);
#7880 = VERTEX_POINT('',#7881);
#7881 = CARTESIAN_POINT('',(0.32,0.32,2.5));
#7882 = VERTEX_POINT('',#7883);
#7883 = CARTESIAN_POINT('',(0.32,-0.32,2.5));
#7884 = LINE('',#7885,#7886);
#7885 = CARTESIAN_POINT('',(0.32,1.43,2.5));
#7886 = VECTOR('',#7887,1.);
#7887 = DIRECTION('',(-1.224646799147E-16,-1.,-0.));
#7888 = ORIENTED_EDGE('',*,*,#7889,.F.);
#7889 = EDGE_CURVE('',#7890,#7880,#7892,.T.);
#7890 = VERTEX_POINT('',#7891);
#7891 = CARTESIAN_POINT('',(-0.32,0.32,2.5));
#7892 = LINE('',#7893,#7894);
#7893 = CARTESIAN_POINT('',(4.295,0.32,2.5));
#7894 = VECTOR('',#7895,1.);
#7895 = DIRECTION('',(1.,-1.224646799147E-16,0.));
#7896 = ORIENTED_EDGE('',*,*,#7897,.F.);
#7897 = EDGE_CURVE('',#7898,#7890,#7900,.T.);
#7898 = VERTEX_POINT('',#7899);
#7899 = CARTESIAN_POINT('',(-0.32,-0.32,2.5));
#7900 = LINE('',#7901,#7902);
#7901 = CARTESIAN_POINT('',(-0.32,1.11,2.5));
#7902 = VECTOR('',#7903,1.);
#7903 = DIRECTION('',(1.224646799147E-16,1.,0.));
#7904 = ORIENTED_EDGE('',*,*,#7905,.F.);
#7905 = EDGE_CURVE('',#7882,#7898,#7906,.T.);
#7906 = LINE('',#7907,#7908);
#7907 = CARTESIAN_POINT('',(4.615,-0.32,2.5));
#7908 = VECTOR('',#7909,1.);
#7909 = DIRECTION('',(-1.,1.224646799147E-16,0.));
#7910 = FACE_BOUND('',#7911,.F.);
#7911 = EDGE_LOOP('',(#7912,#7922,#7930,#7938));
#7912 = ORIENTED_EDGE('',*,*,#7913,.F.);
#7913 = EDGE_CURVE('',#7914,#7916,#7918,.T.);
#7914 = VERTEX_POINT('',#7915);
#7915 = CARTESIAN_POINT('',(4.76,-0.32,2.5));
#7916 = VERTEX_POINT('',#7917);
#7917 = CARTESIAN_POINT('',(4.76,0.32,2.5));
#7918 = LINE('',#7919,#7920);
#7919 = CARTESIAN_POINT('',(4.76,1.11,2.5));
#7920 = VECTOR('',#7921,1.);
#7921 = DIRECTION('',(1.224646799147E-16,1.,0.));
#7922 = ORIENTED_EDGE('',*,*,#7923,.F.);
#7923 = EDGE_CURVE('',#7924,#7914,#7926,.T.);
#7924 = VERTEX_POINT('',#7925);
#7925 = CARTESIAN_POINT('',(5.4,-0.32,2.5));
#7926 = LINE('',#7927,#7928);
#7927 = CARTESIAN_POINT('',(7.155,-0.32,2.5));
#7928 = VECTOR('',#7929,1.);
#7929 = DIRECTION('',(-1.,1.224646799147E-16,0.));
#7930 = ORIENTED_EDGE('',*,*,#7931,.F.);
#7931 = EDGE_CURVE('',#7932,#7924,#7934,.T.);
#7932 = VERTEX_POINT('',#7933);
#7933 = CARTESIAN_POINT('',(5.4,0.32,2.5));
#7934 = LINE('',#7935,#7936);
#7935 = CARTESIAN_POINT('',(5.4,1.43,2.5));
#7936 = VECTOR('',#7937,1.);
#7937 = DIRECTION('',(-1.224646799147E-16,-1.,-0.));
#7938 = ORIENTED_EDGE('',*,*,#7939,.F.);
#7939 = EDGE_CURVE('',#7916,#7932,#7940,.T.);
#7940 = LINE('',#7941,#7942);
#7941 = CARTESIAN_POINT('',(6.835,0.32,2.5));
#7942 = VECTOR('',#7943,1.);
#7943 = DIRECTION('',(1.,-1.224646799147E-16,0.));
#7944 = FACE_BOUND('',#7945,.F.);
#7945 = EDGE_LOOP('',(#7946,#7956,#7964,#7972));
#7946 = ORIENTED_EDGE('',*,*,#7947,.F.);
#7947 = EDGE_CURVE('',#7948,#7950,#7952,.T.);
#7948 = VERTEX_POINT('',#7949);
#7949 = CARTESIAN_POINT('',(7.94,-0.32,2.5));
#7950 = VERTEX_POINT('',#7951);
#7951 = CARTESIAN_POINT('',(7.3,-0.32,2.5));
#7952 = LINE('',#7953,#7954);
#7953 = CARTESIAN_POINT('',(8.425,-0.32,2.5));
#7954 = VECTOR('',#7955,1.);
#7955 = DIRECTION('',(-1.,1.224646799147E-16,0.));
#7956 = ORIENTED_EDGE('',*,*,#7957,.F.);
#7957 = EDGE_CURVE('',#7958,#7948,#7960,.T.);
#7958 = VERTEX_POINT('',#7959);
#7959 = CARTESIAN_POINT('',(7.94,0.32,2.5));
#7960 = LINE('',#7961,#7962);
#7961 = CARTESIAN_POINT('',(7.94,1.43,2.5));
#7962 = VECTOR('',#7963,1.);
#7963 = DIRECTION('',(-1.224646799147E-16,-1.,-0.));
#7964 = ORIENTED_EDGE('',*,*,#7965,.F.);
#7965 = EDGE_CURVE('',#7966,#7958,#7968,.T.);
#7966 = VERTEX_POINT('',#7967);
#7967 = CARTESIAN_POINT('',(7.3,0.32,2.5));
#7968 = LINE('',#7969,#7970);
#7969 = CARTESIAN_POINT('',(8.105,0.32,2.5));
#7970 = VECTOR('',#7971,1.);
#7971 = DIRECTION('',(1.,-1.224646799147E-16,0.));
#7972 = ORIENTED_EDGE('',*,*,#7973,.F.);
#7973 = EDGE_CURVE('',#7950,#7966,#7974,.T.);
#7974 = LINE('',#7975,#7976);
#7975 = CARTESIAN_POINT('',(7.3,1.11,2.5));
#7976 = VECTOR('',#7977,1.);
#7977 = DIRECTION('',(1.224646799147E-16,1.,0.));
#7978 = PLANE('',#7979);
#7979 = AXIS2_PLACEMENT_3D('',#7980,#7981,#7982);
#7980 = CARTESIAN_POINT('',(8.91,2.54,2.5));
#7981 = DIRECTION('',(0.,0.,-1.));
#7982 = DIRECTION('',(-1.,0.,0.));
#7983 = ADVANCED_FACE('',(#7984),#8000,.T.);
#7984 = FACE_BOUND('',#7985,.T.);
#7985 = EDGE_LOOP('',(#7986,#7992,#7993,#7999));
#7986 = ORIENTED_EDGE('',*,*,#7987,.T.);
#7987 = EDGE_CURVE('',#7745,#7625,#7988,.T.);
#7988 = LINE('',#7989,#7990);
#7989 = CARTESIAN_POINT('',(-1.29,-2.1,-2.331468351713E-16));
#7990 = VECTOR('',#7991,1.);
#7991 = DIRECTION('',(1.,-1.110223024625E-16,-1.110223024625E-16));
#7992 = ORIENTED_EDGE('',*,*,#7622,.F.);
#7993 = ORIENTED_EDGE('',*,*,#7994,.F.);
#7994 = EDGE_CURVE('',#7737,#7623,#7995,.T.);
#7995 = LINE('',#7996,#7997);
#7996 = CARTESIAN_POINT('',(-1.29,-3.3,0.));
#7997 = VECTOR('',#7998,1.);
#7998 = DIRECTION('',(1.,-1.224646799147E-16,0.));
#7999 = ORIENTED_EDGE('',*,*,#7744,.F.);
#8000 = PLANE('',#8001);
#8001 = AXIS2_PLACEMENT_3D('',#8002,#8003,#8004);
#8002 = CARTESIAN_POINT('',(8.91,2.54,0.));
#8003 = DIRECTION('',(0.,0.,-1.));
#8004 = DIRECTION('',(-1.,0.,0.));
#8005 = ADVANCED_FACE('',(#8006),#8017,.F.);
#8006 = FACE_BOUND('',#8007,.F.);
#8007 = EDGE_LOOP('',(#8008,#8009,#8010,#8011));
#8008 = ORIENTED_EDGE('',*,*,#7752,.F.);
#8009 = ORIENTED_EDGE('',*,*,#7987,.T.);
#8010 = ORIENTED_EDGE('',*,*,#7688,.T.);
#8011 = ORIENTED_EDGE('',*,*,#8012,.F.);
#8012 = EDGE_CURVE('',#7753,#7681,#8013,.T.);
#8013 = LINE('',#8014,#8015);
#8014 = CARTESIAN_POINT('',(-1.29,-2.1,0.5));
#8015 = VECTOR('',#8016,1.);
#8016 = DIRECTION('',(1.,-1.110223024625E-16,-1.110223024625E-16));
#8017 = PLANE('',#8018);
#8018 = AXIS2_PLACEMENT_3D('',#8019,#8020,#8021);
#8019 = CARTESIAN_POINT('',(-1.29,-2.1,-2.331468351713E-16));
#8020 = DIRECTION('',(-1.110223024625E-16,-1.,-1.110223024625E-16));
#8021 = DIRECTION('',(1.110223024625E-16,-1.110223024625E-16,1.));
#8022 = ADVANCED_FACE('',(#8023,#8034,#8068,#8102,#8136),#8170,.F.);
#8023 = FACE_BOUND('',#8024,.F.);
#8024 = EDGE_LOOP('',(#8025,#8026,#8027,#8028));
#8025 = ORIENTED_EDGE('',*,*,#7760,.F.);
#8026 = ORIENTED_EDGE('',*,*,#8012,.T.);
#8027 = ORIENTED_EDGE('',*,*,#7680,.T.);
#8028 = ORIENTED_EDGE('',*,*,#8029,.F.);
#8029 = EDGE_CURVE('',#7761,#7673,#8030,.T.);
#8030 = LINE('',#8031,#8032);
#8031 = CARTESIAN_POINT('',(-1.29,1.34,0.5));
#8032 = VECTOR('',#8033,1.);
#8033 = DIRECTION('',(1.,-1.110223024625E-16,-1.110223024625E-16));
#8034 = FACE_BOUND('',#8035,.F.);
#8035 = EDGE_LOOP('',(#8036,#8046,#8054,#8062));
#8036 = ORIENTED_EDGE('',*,*,#8037,.F.);
#8037 = EDGE_CURVE('',#8038,#8040,#8042,.T.);
#8038 = VERTEX_POINT('',#8039);
#8039 = CARTESIAN_POINT('',(0.32,-0.32,0.5));
#8040 = VERTEX_POINT('',#8041);
#8041 = CARTESIAN_POINT('',(0.32,0.32,0.5));
#8042 = LINE('',#8043,#8044);
#8043 = CARTESIAN_POINT('',(0.32,-0.89,0.5));
#8044 = VECTOR('',#8045,1.);
#8045 = DIRECTION('',(1.224646799147E-16,1.,1.110223024625E-16));
#8046 = ORIENTED_EDGE('',*,*,#8047,.F.);
#8047 = EDGE_CURVE('',#8048,#8038,#8050,.T.);
#8048 = VERTEX_POINT('',#8049);
#8049 = CARTESIAN_POINT('',(-0.32,-0.32,0.5));
#8050 = LINE('',#8051,#8052);
#8051 = CARTESIAN_POINT('',(-0.485,-0.32,0.5));
#8052 = VECTOR('',#8053,1.);
#8053 = DIRECTION('',(1.,-1.224646799147E-16,-1.110223024625E-16));
#8054 = ORIENTED_EDGE('',*,*,#8055,.F.);
#8055 = EDGE_CURVE('',#8056,#8048,#8058,.T.);
#8056 = VERTEX_POINT('',#8057);
#8057 = CARTESIAN_POINT('',(-0.32,0.32,0.5));
#8058 = LINE('',#8059,#8060);
#8059 = CARTESIAN_POINT('',(-0.32,-1.21,0.5));
#8060 = VECTOR('',#8061,1.);
#8061 = DIRECTION('',(-1.224646799147E-16,-1.,-1.110223024625E-16));
#8062 = ORIENTED_EDGE('',*,*,#8063,.F.);
#8063 = EDGE_CURVE('',#8040,#8056,#8064,.T.);
#8064 = LINE('',#8065,#8066);
#8065 = CARTESIAN_POINT('',(-0.805,0.32,0.5));
#8066 = VECTOR('',#8067,1.);
#8067 = DIRECTION('',(-1.,1.224646799147E-16,1.110223024625E-16));
#8068 = FACE_BOUND('',#8069,.F.);
#8069 = EDGE_LOOP('',(#8070,#8080,#8088,#8096));
#8070 = ORIENTED_EDGE('',*,*,#8071,.F.);
#8071 = EDGE_CURVE('',#8072,#8074,#8076,.T.);
#8072 = VERTEX_POINT('',#8073);
#8073 = CARTESIAN_POINT('',(2.22,-0.32,0.5));
#8074 = VERTEX_POINT('',#8075);
#8075 = CARTESIAN_POINT('',(2.86,-0.32,0.5));
#8076 = LINE('',#8077,#8078);
#8077 = CARTESIAN_POINT('',(0.785,-0.32,0.5));
#8078 = VECTOR('',#8079,1.);
#8079 = DIRECTION('',(1.,-1.224646799147E-16,-1.110223024625E-16));
#8080 = ORIENTED_EDGE('',*,*,#8081,.F.);
#8081 = EDGE_CURVE('',#8082,#8072,#8084,.T.);
#8082 = VERTEX_POINT('',#8083);
#8083 = CARTESIAN_POINT('',(2.22,0.32,0.5));
#8084 = LINE('',#8085,#8086);
#8085 = CARTESIAN_POINT('',(2.22,-1.21,0.5));
#8086 = VECTOR('',#8087,1.);
#8087 = DIRECTION('',(-1.224646799147E-16,-1.,-1.110223024625E-16));
#8088 = ORIENTED_EDGE('',*,*,#8089,.F.);
#8089 = EDGE_CURVE('',#8090,#8082,#8092,.T.);
#8090 = VERTEX_POINT('',#8091);
#8091 = CARTESIAN_POINT('',(2.86,0.32,0.5));
#8092 = LINE('',#8093,#8094);
#8093 = CARTESIAN_POINT('',(0.465,0.32,0.5));
#8094 = VECTOR('',#8095,1.);
#8095 = DIRECTION('',(-1.,1.224646799147E-16,1.110223024625E-16));
#8096 = ORIENTED_EDGE('',*,*,#8097,.F.);
#8097 = EDGE_CURVE('',#8074,#8090,#8098,.T.);
#8098 = LINE('',#8099,#8100);
#8099 = CARTESIAN_POINT('',(2.86,-0.89,0.5));
#8100 = VECTOR('',#8101,1.);
#8101 = DIRECTION('',(1.224646799147E-16,1.,1.110223024625E-16));
#8102 = FACE_BOUND('',#8103,.F.);
#8103 = EDGE_LOOP('',(#8104,#8114,#8122,#8130));
#8104 = ORIENTED_EDGE('',*,*,#8105,.F.);
#8105 = EDGE_CURVE('',#8106,#8108,#8110,.T.);
#8106 = VERTEX_POINT('',#8107);
#8107 = CARTESIAN_POINT('',(4.76,0.32,0.5));
#8108 = VERTEX_POINT('',#8109);
#8109 = CARTESIAN_POINT('',(4.76,-0.32,0.5));
#8110 = LINE('',#8111,#8112);
#8111 = CARTESIAN_POINT('',(4.76,-1.21,0.5));
#8112 = VECTOR('',#8113,1.);
#8113 = DIRECTION('',(-1.224646799147E-16,-1.,-1.110223024625E-16));
#8114 = ORIENTED_EDGE('',*,*,#8115,.F.);
#8115 = EDGE_CURVE('',#8116,#8106,#8118,.T.);
#8116 = VERTEX_POINT('',#8117);
#8117 = CARTESIAN_POINT('',(5.4,0.32,0.5));
#8118 = LINE('',#8119,#8120);
#8119 = CARTESIAN_POINT('',(1.735,0.32,0.5));
#8120 = VECTOR('',#8121,1.);
#8121 = DIRECTION('',(-1.,1.224646799147E-16,1.110223024625E-16));
#8122 = ORIENTED_EDGE('',*,*,#8123,.F.);
#8123 = EDGE_CURVE('',#8124,#8116,#8126,.T.);
#8124 = VERTEX_POINT('',#8125);
#8125 = CARTESIAN_POINT('',(5.4,-0.32,0.5));
#8126 = LINE('',#8127,#8128);
#8127 = CARTESIAN_POINT('',(5.4,-0.89,0.5));
#8128 = VECTOR('',#8129,1.);
#8129 = DIRECTION('',(1.224646799147E-16,1.,1.110223024625E-16));
#8130 = ORIENTED_EDGE('',*,*,#8131,.F.);
#8131 = EDGE_CURVE('',#8108,#8124,#8132,.T.);
#8132 = LINE('',#8133,#8134);
#8133 = CARTESIAN_POINT('',(2.055,-0.32,0.5));
#8134 = VECTOR('',#8135,1.);
#8135 = DIRECTION('',(1.,-1.224646799147E-16,-1.110223024625E-16));
#8136 = FACE_BOUND('',#8137,.F.);
#8137 = EDGE_LOOP('',(#8138,#8148,#8156,#8164));
#8138 = ORIENTED_EDGE('',*,*,#8139,.F.);
#8139 = EDGE_CURVE('',#8140,#8142,#8144,.T.);
#8140 = VERTEX_POINT('',#8141);
#8141 = CARTESIAN_POINT('',(7.3,-0.32,0.5));
#8142 = VERTEX_POINT('',#8143);
#8143 = CARTESIAN_POINT('',(7.94,-0.32,0.5));
#8144 = LINE('',#8145,#8146);
#8145 = CARTESIAN_POINT('',(3.325,-0.32,0.5));
#8146 = VECTOR('',#8147,1.);
#8147 = DIRECTION('',(1.,-1.224646799147E-16,-1.110223024625E-16));
#8148 = ORIENTED_EDGE('',*,*,#8149,.F.);
#8149 = EDGE_CURVE('',#8150,#8140,#8152,.T.);
#8150 = VERTEX_POINT('',#8151);
#8151 = CARTESIAN_POINT('',(7.3,0.32,0.5));
#8152 = LINE('',#8153,#8154);
#8153 = CARTESIAN_POINT('',(7.3,-1.21,0.5));
#8154 = VECTOR('',#8155,1.);
#8155 = DIRECTION('',(-1.224646799147E-16,-1.,-1.110223024625E-16));
#8156 = ORIENTED_EDGE('',*,*,#8157,.F.);
#8157 = EDGE_CURVE('',#8158,#8150,#8160,.T.);
#8158 = VERTEX_POINT('',#8159);
#8159 = CARTESIAN_POINT('',(7.94,0.32,0.5));
#8160 = LINE('',#8161,#8162);
#8161 = CARTESIAN_POINT('',(3.005,0.32,0.5));
#8162 = VECTOR('',#8163,1.);
#8163 = DIRECTION('',(-1.,1.224646799147E-16,1.110223024625E-16));
#8164 = ORIENTED_EDGE('',*,*,#8165,.F.);
#8165 = EDGE_CURVE('',#8142,#8158,#8166,.T.);
#8166 = LINE('',#8167,#8168);
#8167 = CARTESIAN_POINT('',(7.94,-0.89,0.5));
#8168 = VECTOR('',#8169,1.);
#8169 = DIRECTION('',(1.224646799147E-16,1.,1.110223024625E-16));
#8170 = PLANE('',#8171);
#8171 = AXIS2_PLACEMENT_3D('',#8172,#8173,#8174);
#8172 = CARTESIAN_POINT('',(-1.29,-2.1,0.5));
#8173 = DIRECTION('',(1.110223024625E-16,-1.110223024625E-16,1.));
#8174 = DIRECTION('',(2.22044604925E-16,1.,1.110223024625E-16));
#8175 = ADVANCED_FACE('',(#8176),#8182,.F.);
#8176 = FACE_BOUND('',#8177,.F.);
#8177 = EDGE_LOOP('',(#8178,#8179,#8180,#8181));
#8178 = ORIENTED_EDGE('',*,*,#7768,.F.);
#8179 = ORIENTED_EDGE('',*,*,#8029,.T.);
#8180 = ORIENTED_EDGE('',*,*,#7672,.T.);
#8181 = ORIENTED_EDGE('',*,*,#7784,.F.);
#8182 = PLANE('',#8183);
#8183 = AXIS2_PLACEMENT_3D('',#8184,#8185,#8186);
#8184 = CARTESIAN_POINT('',(-1.29,1.34,0.5));
#8185 = DIRECTION('',(1.110223024625E-16,1.,1.110223024625E-16));
#8186 = DIRECTION('',(-1.110223024625E-16,1.110223024625E-16,-1.));
#8187 = ADVANCED_FACE('',(#8188),#8215,.F.);
#8188 = FACE_BOUND('',#8189,.F.);
#8189 = EDGE_LOOP('',(#8190,#8191,#8192,#8193,#8201,#8209));
#8190 = ORIENTED_EDGE('',*,*,#7719,.F.);
#8191 = ORIENTED_EDGE('',*,*,#7836,.T.);
#8192 = ORIENTED_EDGE('',*,*,#7648,.T.);
#8193 = ORIENTED_EDGE('',*,*,#8194,.F.);
#8194 = EDGE_CURVE('',#8195,#7641,#8197,.T.);
#8195 = VERTEX_POINT('',#8196);
#8196 = CARTESIAN_POINT('',(5.08,-2.3,2.5));
#8197 = LINE('',#8198,#8199);
#8198 = CARTESIAN_POINT('',(-1.29,-2.3,2.5));
#8199 = VECTOR('',#8200,1.);
#8200 = DIRECTION('',(1.,-1.110223024625E-16,-1.110223024625E-16));
#8201 = ORIENTED_EDGE('',*,*,#8202,.F.);
#8202 = EDGE_CURVE('',#8203,#8195,#8205,.T.);
#8203 = VERTEX_POINT('',#8204);
#8204 = CARTESIAN_POINT('',(-2.816687638039E-16,-2.3,2.5));
#8205 = LINE('',#8206,#8207);
#8206 = CARTESIAN_POINT('',(-1.29,-2.3,2.5));
#8207 = VECTOR('',#8208,1.);
#8208 = DIRECTION('',(1.,-1.110223024625E-16,-1.110223024625E-16));
#8209 = ORIENTED_EDGE('',*,*,#8210,.F.);
#8210 = EDGE_CURVE('',#7720,#8203,#8211,.T.);
#8211 = LINE('',#8212,#8213);
#8212 = CARTESIAN_POINT('',(-1.29,-2.3,2.5));
#8213 = VECTOR('',#8214,1.);
#8214 = DIRECTION('',(1.,-1.110223024625E-16,-1.110223024625E-16));
#8215 = CYLINDRICAL_SURFACE('',#8216,0.5);
#8216 = AXIS2_PLACEMENT_3D('',#8217,#8218,#8219);
#8217 = CARTESIAN_POINT('',(-1.29,-1.8,2.5));
#8218 = DIRECTION('',(-1.,2.22044604925E-16,1.110223024625E-16));
#8219 = DIRECTION('',(-2.22044604925E-16,-1.,-1.110223024625E-16));
#8220 = ADVANCED_FACE('',(#8221),#8239,.F.);
#8221 = FACE_BOUND('',#8222,.F.);
#8222 = EDGE_LOOP('',(#8223,#8224,#8225,#8233));
#8223 = ORIENTED_EDGE('',*,*,#8194,.T.);
#8224 = ORIENTED_EDGE('',*,*,#7640,.F.);
#8225 = ORIENTED_EDGE('',*,*,#8226,.F.);
#8226 = EDGE_CURVE('',#8227,#7633,#8229,.T.);
#8227 = VERTEX_POINT('',#8228);
#8228 = CARTESIAN_POINT('',(5.08,-3.3,2.5));
#8229 = LINE('',#8230,#8231);
#8230 = CARTESIAN_POINT('',(-1.29,-3.3,2.5));
#8231 = VECTOR('',#8232,1.);
#8232 = DIRECTION('',(1.,-1.224646799147E-16,0.));
#8233 = ORIENTED_EDGE('',*,*,#8234,.T.);
#8234 = EDGE_CURVE('',#8227,#8195,#8235,.T.);
#8235 = LINE('',#8236,#8237);
#8236 = CARTESIAN_POINT('',(5.08,-3.3,2.5));
#8237 = VECTOR('',#8238,1.);
#8238 = DIRECTION('',(1.224646799147E-16,1.,0.));
#8239 = PLANE('',#8240);
#8240 = AXIS2_PLACEMENT_3D('',#8241,#8242,#8243);
#8241 = CARTESIAN_POINT('',(8.91,2.54,2.5));
#8242 = DIRECTION('',(0.,0.,-1.));
#8243 = DIRECTION('',(-1.,0.,0.));
#8244 = ADVANCED_FACE('',(#8245),#8265,.F.);
#8245 = FACE_BOUND('',#8246,.F.);
#8246 = EDGE_LOOP('',(#8247,#8248,#8256,#8262,#8263,#8264));
#8247 = ORIENTED_EDGE('',*,*,#7736,.T.);
#8248 = ORIENTED_EDGE('',*,*,#8249,.T.);
#8249 = EDGE_CURVE('',#7729,#8250,#8252,.T.);
#8250 = VERTEX_POINT('',#8251);
#8251 = CARTESIAN_POINT('',(-4.041334437186E-16,-3.3,2.5));
#8252 = LINE('',#8253,#8254);
#8253 = CARTESIAN_POINT('',(-1.29,-3.3,2.5));
#8254 = VECTOR('',#8255,1.);
#8255 = DIRECTION('',(1.,-1.224646799147E-16,0.));
#8256 = ORIENTED_EDGE('',*,*,#8257,.T.);
#8257 = EDGE_CURVE('',#8250,#8227,#8258,.T.);
#8258 = LINE('',#8259,#8260);
#8259 = CARTESIAN_POINT('',(-4.041334437186E-16,-3.3,2.5));
#8260 = VECTOR('',#8261,1.);
#8261 = DIRECTION('',(1.,-1.224646799147E-16,0.));
#8262 = ORIENTED_EDGE('',*,*,#8226,.T.);
#8263 = ORIENTED_EDGE('',*,*,#7632,.F.);
#8264 = ORIENTED_EDGE('',*,*,#7994,.F.);
#8265 = PLANE('',#8266);
#8266 = AXIS2_PLACEMENT_3D('',#8267,#8268,#8269);
#8267 = CARTESIAN_POINT('',(-1.29,-3.3,0.));
#8268 = DIRECTION('',(1.224646799147E-16,1.,0.));
#8269 = DIRECTION('',(1.,-1.224646799147E-16,0.));
#8270 = ADVANCED_FACE('',(#8271),#8282,.F.);
#8271 = FACE_BOUND('',#8272,.F.);
#8272 = EDGE_LOOP('',(#8273,#8274,#8275,#8281));
#8273 = ORIENTED_EDGE('',*,*,#7728,.F.);
#8274 = ORIENTED_EDGE('',*,*,#8210,.T.);
#8275 = ORIENTED_EDGE('',*,*,#8276,.T.);
#8276 = EDGE_CURVE('',#8203,#8250,#8277,.T.);
#8277 = LINE('',#8278,#8279);
#8278 = CARTESIAN_POINT('',(-2.816687638039E-16,-2.3,2.5));
#8279 = VECTOR('',#8280,1.);
#8280 = DIRECTION('',(-1.224646799147E-16,-1.,0.));
#8281 = ORIENTED_EDGE('',*,*,#8249,.F.);
#8282 = PLANE('',#8283);
#8283 = AXIS2_PLACEMENT_3D('',#8284,#8285,#8286);
#8284 = CARTESIAN_POINT('',(8.91,2.54,2.5));
#8285 = DIRECTION('',(0.,0.,-1.));
#8286 = DIRECTION('',(-1.,0.,0.));
#8287 = ADVANCED_FACE('',(#8288),#8313,.T.);
#8288 = FACE_BOUND('',#8289,.T.);
#8289 = EDGE_LOOP('',(#8290,#8298,#8306,#8312));
#8290 = ORIENTED_EDGE('',*,*,#8291,.T.);
#8291 = EDGE_CURVE('',#7794,#8292,#8294,.T.);
#8292 = VERTEX_POINT('',#8293);
#8293 = CARTESIAN_POINT('',(5.554999991327,1.906620214849,-2.3));
#8294 = LINE('',#8295,#8296);
#8295 = CARTESIAN_POINT('',(5.554999991327,1.906620214849,0.));
#8296 = VECTOR('',#8297,1.);
#8297 = DIRECTION('',(0.,0.,-1.));
#8298 = ORIENTED_EDGE('',*,*,#8299,.T.);
#8299 = EDGE_CURVE('',#8292,#8300,#8302,.T.);
#8300 = VERTEX_POINT('',#8301);
#8301 = CARTESIAN_POINT('',(5.554999991327,2.156620214849,-2.3));
#8302 = LINE('',#8303,#8304);
#8303 = CARTESIAN_POINT('',(5.554999991327,1.906620214849,-2.3));
#8304 = VECTOR('',#8305,1.);
#8305 = DIRECTION('',(1.224646799147E-16,1.,0.));
#8306 = ORIENTED_EDGE('',*,*,#8307,.F.);
#8307 = EDGE_CURVE('',#7796,#8300,#8308,.T.);
#8308 = LINE('',#8309,#8310);
#8309 = CARTESIAN_POINT('',(5.554999991327,2.156620214849,0.));
#8310 = VECTOR('',#8311,1.);
#8311 = DIRECTION('',(0.,0.,-1.));
#8312 = ORIENTED_EDGE('',*,*,#7793,.F.);
#8313 = PLANE('',#8314);
#8314 = AXIS2_PLACEMENT_3D('',#8315,#8316,#8317);
#8315 = CARTESIAN_POINT('',(5.554999991327,1.906620214849,0.));
#8316 = DIRECTION('',(1.,-1.224646799147E-16,0.));
#8317 = DIRECTION('',(1.224646799147E-16,1.,0.));
#8318 = ADVANCED_FACE('',(#8319),#8338,.T.);
#8319 = FACE_BOUND('',#8320,.T.);
#8320 = EDGE_LOOP('',(#8321,#8329,#8336,#8337));
#8321 = ORIENTED_EDGE('',*,*,#8322,.T.);
#8322 = EDGE_CURVE('',#7812,#8323,#8325,.T.);
#8323 = VERTEX_POINT('',#8324);
#8324 = CARTESIAN_POINT('',(4.604999991327,1.906620214849,-2.3));
#8325 = LINE('',#8326,#8327);
#8326 = CARTESIAN_POINT('',(4.604999991327,1.906620214849,0.));
#8327 = VECTOR('',#8328,1.);
#8328 = DIRECTION('',(0.,0.,-1.));
#8329 = ORIENTED_EDGE('',*,*,#8330,.T.);
#8330 = EDGE_CURVE('',#8323,#8292,#8331,.T.);
#8331 = CIRCLE('',#8332,0.475);
#8332 = AXIS2_PLACEMENT_3D('',#8333,#8334,#8335);
#8333 = CARTESIAN_POINT('',(5.079999991327,1.906620214849,-2.3));
#8334 = DIRECTION('',(0.,0.,1.));
#8335 = DIRECTION('',(-1.,1.224646799147E-16,0.));
#8336 = ORIENTED_EDGE('',*,*,#8291,.F.);
#8337 = ORIENTED_EDGE('',*,*,#7819,.F.);
#8338 = CYLINDRICAL_SURFACE('',#8339,0.475);
#8339 = AXIS2_PLACEMENT_3D('',#8340,#8341,#8342);
#8340 = CARTESIAN_POINT('',(5.079999991327,1.906620214849,0.));
#8341 = DIRECTION('',(0.,0.,1.));
#8342 = DIRECTION('',(-1.,1.224646799147E-16,0.));
#8343 = ADVANCED_FACE('',(#8344),#8362,.T.);
#8344 = FACE_BOUND('',#8345,.T.);
#8345 = EDGE_LOOP('',(#8346,#8354,#8360,#8361));
#8346 = ORIENTED_EDGE('',*,*,#8347,.T.);
#8347 = EDGE_CURVE('',#7804,#8348,#8350,.T.);
#8348 = VERTEX_POINT('',#8349);
#8349 = CARTESIAN_POINT('',(4.604999991327,2.156620214849,-2.3));
#8350 = LINE('',#8351,#8352);
#8351 = CARTESIAN_POINT('',(4.604999991327,2.156620214849,0.));
#8352 = VECTOR('',#8353,1.);
#8353 = DIRECTION('',(0.,0.,-1.));
#8354 = ORIENTED_EDGE('',*,*,#8355,.T.);
#8355 = EDGE_CURVE('',#8348,#8323,#8356,.T.);
#8356 = LINE('',#8357,#8358);
#8357 = CARTESIAN_POINT('',(4.604999991327,2.156620214849,-2.3));
#8358 = VECTOR('',#8359,1.);
#8359 = DIRECTION('',(-1.224646799147E-16,-1.,0.));
#8360 = ORIENTED_EDGE('',*,*,#8322,.F.);
#8361 = ORIENTED_EDGE('',*,*,#7811,.F.);
#8362 = PLANE('',#8363);
#8363 = AXIS2_PLACEMENT_3D('',#8364,#8365,#8366);
#8364 = CARTESIAN_POINT('',(4.604999991327,2.156620214849,0.));
#8365 = DIRECTION('',(-1.,1.224646799147E-16,0.));
#8366 = DIRECTION('',(-1.224646799147E-16,-1.,0.));
#8367 = ADVANCED_FACE('',(#8368),#8379,.T.);
#8368 = FACE_BOUND('',#8369,.T.);
#8369 = EDGE_LOOP('',(#8370,#8371,#8377,#8378));
#8370 = ORIENTED_EDGE('',*,*,#8307,.T.);
#8371 = ORIENTED_EDGE('',*,*,#8372,.T.);
#8372 = EDGE_CURVE('',#8300,#8348,#8373,.T.);
#8373 = LINE('',#8374,#8375);
#8374 = CARTESIAN_POINT('',(5.554999991327,2.156620214849,-2.3));
#8375 = VECTOR('',#8376,1.);
#8376 = DIRECTION('',(-1.,1.224646799147E-16,0.));
#8377 = ORIENTED_EDGE('',*,*,#8347,.F.);
#8378 = ORIENTED_EDGE('',*,*,#7803,.F.);
#8379 = PLANE('',#8380);
#8380 = AXIS2_PLACEMENT_3D('',#8381,#8382,#8383);
#8381 = CARTESIAN_POINT('',(5.554999991327,2.156620214849,0.));
#8382 = DIRECTION('',(1.224646799147E-16,1.,0.));
#8383 = DIRECTION('',(-1.,1.224646799147E-16,0.));
#8384 = ADVANCED_FACE('',(#8385),#8410,.T.);
#8385 = FACE_BOUND('',#8386,.T.);
#8386 = EDGE_LOOP('',(#8387,#8388,#8396,#8404));
#8387 = ORIENTED_EDGE('',*,*,#7845,.F.);
#8388 = ORIENTED_EDGE('',*,*,#8389,.T.);
#8389 = EDGE_CURVE('',#7846,#8390,#8392,.T.);
#8390 = VERTEX_POINT('',#8391);
#8391 = CARTESIAN_POINT('',(2.86,-0.32,9.85));
#8392 = LINE('',#8393,#8394);
#8393 = CARTESIAN_POINT('',(2.86,-0.32,-3.5));
#8394 = VECTOR('',#8395,1.);
#8395 = DIRECTION('',(0.,0.,1.));
#8396 = ORIENTED_EDGE('',*,*,#8397,.T.);
#8397 = EDGE_CURVE('',#8390,#8398,#8400,.T.);
#8398 = VERTEX_POINT('',#8399);
#8399 = CARTESIAN_POINT('',(2.22,-0.32,9.85));
#8400 = LINE('',#8401,#8402);
#8401 = CARTESIAN_POINT('',(2.86,-0.32,9.85));
#8402 = VECTOR('',#8403,1.);
#8403 = DIRECTION('',(-1.,1.224646799147E-16,0.));
#8404 = ORIENTED_EDGE('',*,*,#8405,.F.);
#8405 = EDGE_CURVE('',#7848,#8398,#8406,.T.);
#8406 = LINE('',#8407,#8408);
#8407 = CARTESIAN_POINT('',(2.22,-0.32,-3.5));
#8408 = VECTOR('',#8409,1.);
#8409 = DIRECTION('',(0.,0.,1.));
#8410 = PLANE('',#8411);
#8411 = AXIS2_PLACEMENT_3D('',#8412,#8413,#8414);
#8412 = CARTESIAN_POINT('',(2.86,-0.32,-3.5));
#8413 = DIRECTION('',(-1.224646799147E-16,-1.,0.));
#8414 = DIRECTION('',(-1.,1.224646799147E-16,0.));
#8415 = ADVANCED_FACE('',(#8416),#8434,.T.);
#8416 = FACE_BOUND('',#8417,.T.);
#8417 = EDGE_LOOP('',(#8418,#8419,#8427,#8433));
#8418 = ORIENTED_EDGE('',*,*,#7855,.F.);
#8419 = ORIENTED_EDGE('',*,*,#8420,.T.);
#8420 = EDGE_CURVE('',#7856,#8421,#8423,.T.);
#8421 = VERTEX_POINT('',#8422);
#8422 = CARTESIAN_POINT('',(2.86,0.32,9.85));
#8423 = LINE('',#8424,#8425);
#8424 = CARTESIAN_POINT('',(2.86,0.32,-3.5));
#8425 = VECTOR('',#8426,1.);
#8426 = DIRECTION('',(0.,0.,1.));
#8427 = ORIENTED_EDGE('',*,*,#8428,.T.);
#8428 = EDGE_CURVE('',#8421,#8390,#8429,.T.);
#8429 = LINE('',#8430,#8431);
#8430 = CARTESIAN_POINT('',(2.86,0.32,9.85));
#8431 = VECTOR('',#8432,1.);
#8432 = DIRECTION('',(-1.224646799147E-16,-1.,0.));
#8433 = ORIENTED_EDGE('',*,*,#8389,.F.);
#8434 = PLANE('',#8435);
#8435 = AXIS2_PLACEMENT_3D('',#8436,#8437,#8438);
#8436 = CARTESIAN_POINT('',(2.86,0.32,-3.5));
#8437 = DIRECTION('',(1.,-1.224646799147E-16,0.));
#8438 = DIRECTION('',(-1.224646799147E-16,-1.,0.));
#8439 = ADVANCED_FACE('',(#8440),#8458,.T.);
#8440 = FACE_BOUND('',#8441,.T.);
#8441 = EDGE_LOOP('',(#8442,#8443,#8444,#8452));
#8442 = ORIENTED_EDGE('',*,*,#7871,.F.);
#8443 = ORIENTED_EDGE('',*,*,#8405,.T.);
#8444 = ORIENTED_EDGE('',*,*,#8445,.T.);
#8445 = EDGE_CURVE('',#8398,#8446,#8448,.T.);
#8446 = VERTEX_POINT('',#8447);
#8447 = CARTESIAN_POINT('',(2.22,0.32,9.85));
#8448 = LINE('',#8449,#8450);
#8449 = CARTESIAN_POINT('',(2.22,-0.32,9.85));
#8450 = VECTOR('',#8451,1.);
#8451 = DIRECTION('',(1.224646799147E-16,1.,0.));
#8452 = ORIENTED_EDGE('',*,*,#8453,.F.);
#8453 = EDGE_CURVE('',#7864,#8446,#8454,.T.);
#8454 = LINE('',#8455,#8456);
#8455 = CARTESIAN_POINT('',(2.22,0.32,-3.5));
#8456 = VECTOR('',#8457,1.);
#8457 = DIRECTION('',(0.,0.,1.));
#8458 = PLANE('',#8459);
#8459 = AXIS2_PLACEMENT_3D('',#8460,#8461,#8462);
#8460 = CARTESIAN_POINT('',(2.22,-0.32,-3.5));
#8461 = DIRECTION('',(-1.,1.224646799147E-16,0.));
#8462 = DIRECTION('',(1.224646799147E-16,1.,0.));
#8463 = ADVANCED_FACE('',(#8464),#8475,.T.);
#8464 = FACE_BOUND('',#8465,.T.);
#8465 = EDGE_LOOP('',(#8466,#8467,#8468,#8474));
#8466 = ORIENTED_EDGE('',*,*,#7863,.F.);
#8467 = ORIENTED_EDGE('',*,*,#8453,.T.);
#8468 = ORIENTED_EDGE('',*,*,#8469,.T.);
#8469 = EDGE_CURVE('',#8446,#8421,#8470,.T.);
#8470 = LINE('',#8471,#8472);
#8471 = CARTESIAN_POINT('',(2.22,0.32,9.85));
#8472 = VECTOR('',#8473,1.);
#8473 = DIRECTION('',(1.,-1.224646799147E-16,0.));
#8474 = ORIENTED_EDGE('',*,*,#8420,.F.);
#8475 = PLANE('',#8476);
#8476 = AXIS2_PLACEMENT_3D('',#8477,#8478,#8479);
#8477 = CARTESIAN_POINT('',(2.22,0.32,-3.5));
#8478 = DIRECTION('',(1.224646799147E-16,1.,0.));
#8479 = DIRECTION('',(1.,-1.224646799147E-16,0.));
#8480 = ADVANCED_FACE('',(#8481),#8506,.T.);
#8481 = FACE_BOUND('',#8482,.T.);
#8482 = EDGE_LOOP('',(#8483,#8484,#8492,#8500));
#8483 = ORIENTED_EDGE('',*,*,#7879,.F.);
#8484 = ORIENTED_EDGE('',*,*,#8485,.T.);
#8485 = EDGE_CURVE('',#7880,#8486,#8488,.T.);
#8486 = VERTEX_POINT('',#8487);
#8487 = CARTESIAN_POINT('',(0.32,0.32,9.85));
#8488 = LINE('',#8489,#8490);
#8489 = CARTESIAN_POINT('',(0.32,0.32,-3.5));
#8490 = VECTOR('',#8491,1.);
#8491 = DIRECTION('',(0.,0.,1.));
#8492 = ORIENTED_EDGE('',*,*,#8493,.T.);
#8493 = EDGE_CURVE('',#8486,#8494,#8496,.T.);
#8494 = VERTEX_POINT('',#8495);
#8495 = CARTESIAN_POINT('',(0.32,-0.32,9.85));
#8496 = LINE('',#8497,#8498);
#8497 = CARTESIAN_POINT('',(0.32,0.32,9.85));
#8498 = VECTOR('',#8499,1.);
#8499 = DIRECTION('',(-1.224646799147E-16,-1.,0.));
#8500 = ORIENTED_EDGE('',*,*,#8501,.F.);
#8501 = EDGE_CURVE('',#7882,#8494,#8502,.T.);
#8502 = LINE('',#8503,#8504);
#8503 = CARTESIAN_POINT('',(0.32,-0.32,-3.5));
#8504 = VECTOR('',#8505,1.);
#8505 = DIRECTION('',(0.,0.,1.));
#8506 = PLANE('',#8507);
#8507 = AXIS2_PLACEMENT_3D('',#8508,#8509,#8510);
#8508 = CARTESIAN_POINT('',(0.32,0.32,-3.5));
#8509 = DIRECTION('',(1.,-1.224646799147E-16,0.));
#8510 = DIRECTION('',(-1.224646799147E-16,-1.,0.));
#8511 = ADVANCED_FACE('',(#8512),#8530,.T.);
#8512 = FACE_BOUND('',#8513,.T.);
#8513 = EDGE_LOOP('',(#8514,#8515,#8523,#8529));
#8514 = ORIENTED_EDGE('',*,*,#7889,.F.);
#8515 = ORIENTED_EDGE('',*,*,#8516,.T.);
#8516 = EDGE_CURVE('',#7890,#8517,#8519,.T.);
#8517 = VERTEX_POINT('',#8518);
#8518 = CARTESIAN_POINT('',(-0.32,0.32,9.85));
#8519 = LINE('',#8520,#8521);
#8520 = CARTESIAN_POINT('',(-0.32,0.32,-3.5));
#8521 = VECTOR('',#8522,1.);
#8522 = DIRECTION('',(0.,0.,1.));
#8523 = ORIENTED_EDGE('',*,*,#8524,.T.);
#8524 = EDGE_CURVE('',#8517,#8486,#8525,.T.);
#8525 = LINE('',#8526,#8527);
#8526 = CARTESIAN_POINT('',(-0.32,0.32,9.85));
#8527 = VECTOR('',#8528,1.);
#8528 = DIRECTION('',(1.,-1.224646799147E-16,0.));
#8529 = ORIENTED_EDGE('',*,*,#8485,.F.);
#8530 = PLANE('',#8531);
#8531 = AXIS2_PLACEMENT_3D('',#8532,#8533,#8534);
#8532 = CARTESIAN_POINT('',(-0.32,0.32,-3.5));
#8533 = DIRECTION('',(1.224646799147E-16,1.,0.));
#8534 = DIRECTION('',(1.,-1.224646799147E-16,0.));
#8535 = ADVANCED_FACE('',(#8536),#8554,.T.);
#8536 = FACE_BOUND('',#8537,.T.);
#8537 = EDGE_LOOP('',(#8538,#8539,#8540,#8548));
#8538 = ORIENTED_EDGE('',*,*,#7905,.F.);
#8539 = ORIENTED_EDGE('',*,*,#8501,.T.);
#8540 = ORIENTED_EDGE('',*,*,#8541,.T.);
#8541 = EDGE_CURVE('',#8494,#8542,#8544,.T.);
#8542 = VERTEX_POINT('',#8543);
#8543 = CARTESIAN_POINT('',(-0.32,-0.32,9.85));
#8544 = LINE('',#8545,#8546);
#8545 = CARTESIAN_POINT('',(0.32,-0.32,9.85));
#8546 = VECTOR('',#8547,1.);
#8547 = DIRECTION('',(-1.,1.224646799147E-16,0.));
#8548 = ORIENTED_EDGE('',*,*,#8549,.F.);
#8549 = EDGE_CURVE('',#7898,#8542,#8550,.T.);
#8550 = LINE('',#8551,#8552);
#8551 = CARTESIAN_POINT('',(-0.32,-0.32,-3.5));
#8552 = VECTOR('',#8553,1.);
#8553 = DIRECTION('',(0.,0.,1.));
#8554 = PLANE('',#8555);
#8555 = AXIS2_PLACEMENT_3D('',#8556,#8557,#8558);
#8556 = CARTESIAN_POINT('',(0.32,-0.32,-3.5));
#8557 = DIRECTION('',(-1.224646799147E-16,-1.,0.));
#8558 = DIRECTION('',(-1.,1.224646799147E-16,0.));
#8559 = ADVANCED_FACE('',(#8560),#8571,.T.);
#8560 = FACE_BOUND('',#8561,.T.);
#8561 = EDGE_LOOP('',(#8562,#8563,#8564,#8570));
#8562 = ORIENTED_EDGE('',*,*,#7897,.F.);
#8563 = ORIENTED_EDGE('',*,*,#8549,.T.);
#8564 = ORIENTED_EDGE('',*,*,#8565,.T.);
#8565 = EDGE_CURVE('',#8542,#8517,#8566,.T.);
#8566 = LINE('',#8567,#8568);
#8567 = CARTESIAN_POINT('',(-0.32,-0.32,9.85));
#8568 = VECTOR('',#8569,1.);
#8569 = DIRECTION('',(1.224646799147E-16,1.,0.));
#8570 = ORIENTED_EDGE('',*,*,#8516,.F.);
#8571 = PLANE('',#8572);
#8572 = AXIS2_PLACEMENT_3D('',#8573,#8574,#8575);
#8573 = CARTESIAN_POINT('',(-0.32,-0.32,-3.5));
#8574 = DIRECTION('',(-1.,1.224646799147E-16,0.));
#8575 = DIRECTION('',(1.224646799147E-16,1.,0.));
#8576 = ADVANCED_FACE('',(#8577),#8602,.T.);
#8577 = FACE_BOUND('',#8578,.T.);
#8578 = EDGE_LOOP('',(#8579,#8580,#8588,#8596));
#8579 = ORIENTED_EDGE('',*,*,#7913,.F.);
#8580 = ORIENTED_EDGE('',*,*,#8581,.T.);
#8581 = EDGE_CURVE('',#7914,#8582,#8584,.T.);
#8582 = VERTEX_POINT('',#8583);
#8583 = CARTESIAN_POINT('',(4.76,-0.32,9.85));
#8584 = LINE('',#8585,#8586);
#8585 = CARTESIAN_POINT('',(4.76,-0.32,-3.5));
#8586 = VECTOR('',#8587,1.);
#8587 = DIRECTION('',(0.,0.,1.));
#8588 = ORIENTED_EDGE('',*,*,#8589,.T.);
#8589 = EDGE_CURVE('',#8582,#8590,#8592,.T.);
#8590 = VERTEX_POINT('',#8591);
#8591 = CARTESIAN_POINT('',(4.76,0.32,9.85));
#8592 = LINE('',#8593,#8594);
#8593 = CARTESIAN_POINT('',(4.76,-0.32,9.85));
#8594 = VECTOR('',#8595,1.);
#8595 = DIRECTION('',(1.224646799147E-16,1.,0.));
#8596 = ORIENTED_EDGE('',*,*,#8597,.F.);
#8597 = EDGE_CURVE('',#7916,#8590,#8598,.T.);
#8598 = LINE('',#8599,#8600);
#8599 = CARTESIAN_POINT('',(4.76,0.32,-3.5));
#8600 = VECTOR('',#8601,1.);
#8601 = DIRECTION('',(0.,0.,1.));
#8602 = PLANE('',#8603);
#8603 = AXIS2_PLACEMENT_3D('',#8604,#8605,#8606);
#8604 = CARTESIAN_POINT('',(4.76,-0.32,-3.5));
#8605 = DIRECTION('',(-1.,1.224646799147E-16,0.));
#8606 = DIRECTION('',(1.224646799147E-16,1.,0.));
#8607 = ADVANCED_FACE('',(#8608),#8626,.T.);
#8608 = FACE_BOUND('',#8609,.T.);
#8609 = EDGE_LOOP('',(#8610,#8611,#8619,#8625));
#8610 = ORIENTED_EDGE('',*,*,#7923,.F.);
#8611 = ORIENTED_EDGE('',*,*,#8612,.T.);
#8612 = EDGE_CURVE('',#7924,#8613,#8615,.T.);
#8613 = VERTEX_POINT('',#8614);
#8614 = CARTESIAN_POINT('',(5.4,-0.32,9.85));
#8615 = LINE('',#8616,#8617);
#8616 = CARTESIAN_POINT('',(5.4,-0.32,-3.5));
#8617 = VECTOR('',#8618,1.);
#8618 = DIRECTION('',(0.,0.,1.));
#8619 = ORIENTED_EDGE('',*,*,#8620,.T.);
#8620 = EDGE_CURVE('',#8613,#8582,#8621,.T.);
#8621 = LINE('',#8622,#8623);
#8622 = CARTESIAN_POINT('',(5.4,-0.32,9.85));
#8623 = VECTOR('',#8624,1.);
#8624 = DIRECTION('',(-1.,1.224646799147E-16,0.));
#8625 = ORIENTED_EDGE('',*,*,#8581,.F.);
#8626 = PLANE('',#8627);
#8627 = AXIS2_PLACEMENT_3D('',#8628,#8629,#8630);
#8628 = CARTESIAN_POINT('',(5.4,-0.32,-3.5));
#8629 = DIRECTION('',(-1.224646799147E-16,-1.,0.));
#8630 = DIRECTION('',(-1.,1.224646799147E-16,0.));
#8631 = ADVANCED_FACE('',(#8632),#8650,.T.);
#8632 = FACE_BOUND('',#8633,.T.);
#8633 = EDGE_LOOP('',(#8634,#8635,#8636,#8644));
#8634 = ORIENTED_EDGE('',*,*,#7939,.F.);
#8635 = ORIENTED_EDGE('',*,*,#8597,.T.);
#8636 = ORIENTED_EDGE('',*,*,#8637,.T.);
#8637 = EDGE_CURVE('',#8590,#8638,#8640,.T.);
#8638 = VERTEX_POINT('',#8639);
#8639 = CARTESIAN_POINT('',(5.4,0.32,9.85));
#8640 = LINE('',#8641,#8642);
#8641 = CARTESIAN_POINT('',(4.76,0.32,9.85));
#8642 = VECTOR('',#8643,1.);
#8643 = DIRECTION('',(1.,-1.224646799147E-16,0.));
#8644 = ORIENTED_EDGE('',*,*,#8645,.F.);
#8645 = EDGE_CURVE('',#7932,#8638,#8646,.T.);
#8646 = LINE('',#8647,#8648);
#8647 = CARTESIAN_POINT('',(5.4,0.32,-3.5));
#8648 = VECTOR('',#8649,1.);
#8649 = DIRECTION('',(0.,0.,1.));
#8650 = PLANE('',#8651);
#8651 = AXIS2_PLACEMENT_3D('',#8652,#8653,#8654);
#8652 = CARTESIAN_POINT('',(4.76,0.32,-3.5));
#8653 = DIRECTION('',(1.224646799147E-16,1.,0.));
#8654 = DIRECTION('',(1.,-1.224646799147E-16,0.));
#8655 = ADVANCED_FACE('',(#8656),#8667,.T.);
#8656 = FACE_BOUND('',#8657,.T.);
#8657 = EDGE_LOOP('',(#8658,#8659,#8660,#8666));
#8658 = ORIENTED_EDGE('',*,*,#7931,.F.);
#8659 = ORIENTED_EDGE('',*,*,#8645,.T.);
#8660 = ORIENTED_EDGE('',*,*,#8661,.T.);
#8661 = EDGE_CURVE('',#8638,#8613,#8662,.T.);
#8662 = LINE('',#8663,#8664);
#8663 = CARTESIAN_POINT('',(5.4,0.32,9.85));
#8664 = VECTOR('',#8665,1.);
#8665 = DIRECTION('',(-1.224646799147E-16,-1.,0.));
#8666 = ORIENTED_EDGE('',*,*,#8612,.F.);
#8667 = PLANE('',#8668);
#8668 = AXIS2_PLACEMENT_3D('',#8669,#8670,#8671);
#8669 = CARTESIAN_POINT('',(5.4,0.32,-3.5));
#8670 = DIRECTION('',(1.,-1.224646799147E-16,0.));
#8671 = DIRECTION('',(-1.224646799147E-16,-1.,0.));
#8672 = ADVANCED_FACE('',(#8673),#8698,.T.);
#8673 = FACE_BOUND('',#8674,.T.);
#8674 = EDGE_LOOP('',(#8675,#8676,#8684,#8692));
#8675 = ORIENTED_EDGE('',*,*,#7947,.F.);
#8676 = ORIENTED_EDGE('',*,*,#8677,.T.);
#8677 = EDGE_CURVE('',#7948,#8678,#8680,.T.);
#8678 = VERTEX_POINT('',#8679);
#8679 = CARTESIAN_POINT('',(7.94,-0.32,9.85));
#8680 = LINE('',#8681,#8682);
#8681 = CARTESIAN_POINT('',(7.94,-0.32,-3.5));
#8682 = VECTOR('',#8683,1.);
#8683 = DIRECTION('',(0.,0.,1.));
#8684 = ORIENTED_EDGE('',*,*,#8685,.T.);
#8685 = EDGE_CURVE('',#8678,#8686,#8688,.T.);
#8686 = VERTEX_POINT('',#8687);
#8687 = CARTESIAN_POINT('',(7.3,-0.32,9.85));
#8688 = LINE('',#8689,#8690);
#8689 = CARTESIAN_POINT('',(7.94,-0.32,9.85));
#8690 = VECTOR('',#8691,1.);
#8691 = DIRECTION('',(-1.,1.224646799147E-16,0.));
#8692 = ORIENTED_EDGE('',*,*,#8693,.F.);
#8693 = EDGE_CURVE('',#7950,#8686,#8694,.T.);
#8694 = LINE('',#8695,#8696);
#8695 = CARTESIAN_POINT('',(7.3,-0.32,-3.5));
#8696 = VECTOR('',#8697,1.);
#8697 = DIRECTION('',(0.,0.,1.));
#8698 = PLANE('',#8699);
#8699 = AXIS2_PLACEMENT_3D('',#8700,#8701,#8702);
#8700 = CARTESIAN_POINT('',(7.94,-0.32,-3.5));
#8701 = DIRECTION('',(-1.224646799147E-16,-1.,0.));
#8702 = DIRECTION('',(-1.,1.224646799147E-16,0.));
#8703 = ADVANCED_FACE('',(#8704),#8722,.T.);
#8704 = FACE_BOUND('',#8705,.T.);
#8705 = EDGE_LOOP('',(#8706,#8707,#8708,#8716));
#8706 = ORIENTED_EDGE('',*,*,#7973,.F.);
#8707 = ORIENTED_EDGE('',*,*,#8693,.T.);
#8708 = ORIENTED_EDGE('',*,*,#8709,.T.);
#8709 = EDGE_CURVE('',#8686,#8710,#8712,.T.);
#8710 = VERTEX_POINT('',#8711);
#8711 = CARTESIAN_POINT('',(7.3,0.32,9.85));
#8712 = LINE('',#8713,#8714);
#8713 = CARTESIAN_POINT('',(7.3,-0.32,9.85));
#8714 = VECTOR('',#8715,1.);
#8715 = DIRECTION('',(1.224646799147E-16,1.,0.));
#8716 = ORIENTED_EDGE('',*,*,#8717,.F.);
#8717 = EDGE_CURVE('',#7966,#8710,#8718,.T.);
#8718 = LINE('',#8719,#8720);
#8719 = CARTESIAN_POINT('',(7.3,0.32,-3.5));
#8720 = VECTOR('',#8721,1.);
#8721 = DIRECTION('',(0.,0.,1.));
#8722 = PLANE('',#8723);
#8723 = AXIS2_PLACEMENT_3D('',#8724,#8725,#8726);
#8724 = CARTESIAN_POINT('',(7.3,-0.32,-3.5));
#8725 = DIRECTION('',(-1.,1.224646799147E-16,0.));
#8726 = DIRECTION('',(1.224646799147E-16,1.,0.));
#8727 = ADVANCED_FACE('',(#8728),#8746,.T.);
#8728 = FACE_BOUND('',#8729,.T.);
#8729 = EDGE_LOOP('',(#8730,#8731,#8732,#8740));
#8730 = ORIENTED_EDGE('',*,*,#7965,.F.);
#8731 = ORIENTED_EDGE('',*,*,#8717,.T.);
#8732 = ORIENTED_EDGE('',*,*,#8733,.T.);
#8733 = EDGE_CURVE('',#8710,#8734,#8736,.T.);
#8734 = VERTEX_POINT('',#8735);
#8735 = CARTESIAN_POINT('',(7.94,0.32,9.85));
#8736 = LINE('',#8737,#8738);
#8737 = CARTESIAN_POINT('',(7.3,0.32,9.85));
#8738 = VECTOR('',#8739,1.);
#8739 = DIRECTION('',(1.,-1.224646799147E-16,0.));
#8740 = ORIENTED_EDGE('',*,*,#8741,.F.);
#8741 = EDGE_CURVE('',#7958,#8734,#8742,.T.);
#8742 = LINE('',#8743,#8744);
#8743 = CARTESIAN_POINT('',(7.94,0.32,-3.5));
#8744 = VECTOR('',#8745,1.);
#8745 = DIRECTION('',(0.,0.,1.));
#8746 = PLANE('',#8747);
#8747 = AXIS2_PLACEMENT_3D('',#8748,#8749,#8750);
#8748 = CARTESIAN_POINT('',(7.3,0.32,-3.5));
#8749 = DIRECTION('',(1.224646799147E-16,1.,0.));
#8750 = DIRECTION('',(1.,-1.224646799147E-16,0.));
#8751 = ADVANCED_FACE('',(#8752),#8763,.T.);
#8752 = FACE_BOUND('',#8753,.T.);
#8753 = EDGE_LOOP('',(#8754,#8755,#8756,#8762));
#8754 = ORIENTED_EDGE('',*,*,#7957,.F.);
#8755 = ORIENTED_EDGE('',*,*,#8741,.T.);
#8756 = ORIENTED_EDGE('',*,*,#8757,.T.);
#8757 = EDGE_CURVE('',#8734,#8678,#8758,.T.);
#8758 = LINE('',#8759,#8760);
#8759 = CARTESIAN_POINT('',(7.94,0.32,9.85));
#8760 = VECTOR('',#8761,1.);
#8761 = DIRECTION('',(-1.224646799147E-16,-1.,0.));
#8762 = ORIENTED_EDGE('',*,*,#8677,.F.);
#8763 = PLANE('',#8764);
#8764 = AXIS2_PLACEMENT_3D('',#8765,#8766,#8767);
#8765 = CARTESIAN_POINT('',(7.94,0.32,-3.5));
#8766 = DIRECTION('',(1.,-1.224646799147E-16,0.));
#8767 = DIRECTION('',(-1.224646799147E-16,-1.,0.));
#8768 = ADVANCED_FACE('',(#8769),#8794,.T.);
#8769 = FACE_BOUND('',#8770,.T.);
#8770 = EDGE_LOOP('',(#8771,#8781,#8787,#8788));
#8771 = ORIENTED_EDGE('',*,*,#8772,.F.);
#8772 = EDGE_CURVE('',#8773,#8775,#8777,.T.);
#8773 = VERTEX_POINT('',#8774);
#8774 = CARTESIAN_POINT('',(0.32,0.32,-3.35));
#8775 = VERTEX_POINT('',#8776);
#8776 = CARTESIAN_POINT('',(0.32,-0.32,-3.35));
#8777 = LINE('',#8778,#8779);
#8778 = CARTESIAN_POINT('',(0.32,0.32,-3.35));
#8779 = VECTOR('',#8780,1.);
#8780 = DIRECTION('',(-1.224646799147E-16,-1.,0.));
#8781 = ORIENTED_EDGE('',*,*,#8782,.T.);
#8782 = EDGE_CURVE('',#8773,#8040,#8783,.T.);
#8783 = LINE('',#8784,#8785);
#8784 = CARTESIAN_POINT('',(0.32,0.32,-3.5));
#8785 = VECTOR('',#8786,1.);
#8786 = DIRECTION('',(0.,0.,1.));
#8787 = ORIENTED_EDGE('',*,*,#8037,.F.);
#8788 = ORIENTED_EDGE('',*,*,#8789,.F.);
#8789 = EDGE_CURVE('',#8775,#8038,#8790,.T.);
#8790 = LINE('',#8791,#8792);
#8791 = CARTESIAN_POINT('',(0.32,-0.32,-3.5));
#8792 = VECTOR('',#8793,1.);
#8793 = DIRECTION('',(0.,0.,1.));
#8794 = PLANE('',#8795);
#8795 = AXIS2_PLACEMENT_3D('',#8796,#8797,#8798);
#8796 = CARTESIAN_POINT('',(0.32,0.32,-3.5));
#8797 = DIRECTION('',(1.,-1.224646799147E-16,0.));
#8798 = DIRECTION('',(-1.224646799147E-16,-1.,0.));
#8799 = ADVANCED_FACE('',(#8800),#8818,.T.);
#8800 = FACE_BOUND('',#8801,.T.);
#8801 = EDGE_LOOP('',(#8802,#8810,#8811,#8812));
#8802 = ORIENTED_EDGE('',*,*,#8803,.F.);
#8803 = EDGE_CURVE('',#8775,#8804,#8806,.T.);
#8804 = VERTEX_POINT('',#8805);
#8805 = CARTESIAN_POINT('',(-0.32,-0.32,-3.35));
#8806 = LINE('',#8807,#8808);
#8807 = CARTESIAN_POINT('',(0.32,-0.32,-3.35));
#8808 = VECTOR('',#8809,1.);
#8809 = DIRECTION('',(-1.,1.224646799147E-16,0.));
#8810 = ORIENTED_EDGE('',*,*,#8789,.T.);
#8811 = ORIENTED_EDGE('',*,*,#8047,.F.);
#8812 = ORIENTED_EDGE('',*,*,#8813,.F.);
#8813 = EDGE_CURVE('',#8804,#8048,#8814,.T.);
#8814 = LINE('',#8815,#8816);
#8815 = CARTESIAN_POINT('',(-0.32,-0.32,-3.5));
#8816 = VECTOR('',#8817,1.);
#8817 = DIRECTION('',(0.,0.,1.));
#8818 = PLANE('',#8819);
#8819 = AXIS2_PLACEMENT_3D('',#8820,#8821,#8822);
#8820 = CARTESIAN_POINT('',(0.32,-0.32,-3.5));
#8821 = DIRECTION('',(-1.224646799147E-16,-1.,0.));
#8822 = DIRECTION('',(-1.,1.224646799147E-16,0.));
#8823 = ADVANCED_FACE('',(#8824),#8842,.T.);
#8824 = FACE_BOUND('',#8825,.T.);
#8825 = EDGE_LOOP('',(#8826,#8834,#8840,#8841));
#8826 = ORIENTED_EDGE('',*,*,#8827,.F.);
#8827 = EDGE_CURVE('',#8828,#8773,#8830,.T.);
#8828 = VERTEX_POINT('',#8829);
#8829 = CARTESIAN_POINT('',(-0.32,0.32,-3.35));
#8830 = LINE('',#8831,#8832);
#8831 = CARTESIAN_POINT('',(-0.32,0.32,-3.35));
#8832 = VECTOR('',#8833,1.);
#8833 = DIRECTION('',(1.,-1.224646799147E-16,0.));
#8834 = ORIENTED_EDGE('',*,*,#8835,.T.);
#8835 = EDGE_CURVE('',#8828,#8056,#8836,.T.);
#8836 = LINE('',#8837,#8838);
#8837 = CARTESIAN_POINT('',(-0.32,0.32,-3.5));
#8838 = VECTOR('',#8839,1.);
#8839 = DIRECTION('',(0.,0.,1.));
#8840 = ORIENTED_EDGE('',*,*,#8063,.F.);
#8841 = ORIENTED_EDGE('',*,*,#8782,.F.);
#8842 = PLANE('',#8843);
#8843 = AXIS2_PLACEMENT_3D('',#8844,#8845,#8846);
#8844 = CARTESIAN_POINT('',(-0.32,0.32,-3.5));
#8845 = DIRECTION('',(1.224646799147E-16,1.,0.));
#8846 = DIRECTION('',(1.,-1.224646799147E-16,0.));
#8847 = ADVANCED_FACE('',(#8848),#8859,.T.);
#8848 = FACE_BOUND('',#8849,.T.);
#8849 = EDGE_LOOP('',(#8850,#8856,#8857,#8858));
#8850 = ORIENTED_EDGE('',*,*,#8851,.F.);
#8851 = EDGE_CURVE('',#8804,#8828,#8852,.T.);
#8852 = LINE('',#8853,#8854);
#8853 = CARTESIAN_POINT('',(-0.32,-0.32,-3.35));
#8854 = VECTOR('',#8855,1.);
#8855 = DIRECTION('',(1.224646799147E-16,1.,0.));
#8856 = ORIENTED_EDGE('',*,*,#8813,.T.);
#8857 = ORIENTED_EDGE('',*,*,#8055,.F.);
#8858 = ORIENTED_EDGE('',*,*,#8835,.F.);
#8859 = PLANE('',#8860);
#8860 = AXIS2_PLACEMENT_3D('',#8861,#8862,#8863);
#8861 = CARTESIAN_POINT('',(-0.32,-0.32,-3.5));
#8862 = DIRECTION('',(-1.,1.224646799147E-16,0.));
#8863 = DIRECTION('',(1.224646799147E-16,1.,0.));
#8864 = ADVANCED_FACE('',(#8865),#8890,.T.);
#8865 = FACE_BOUND('',#8866,.T.);
#8866 = EDGE_LOOP('',(#8867,#8877,#8883,#8884));
#8867 = ORIENTED_EDGE('',*,*,#8868,.F.);
#8868 = EDGE_CURVE('',#8869,#8871,#8873,.T.);
#8869 = VERTEX_POINT('',#8870);
#8870 = CARTESIAN_POINT('',(2.86,-0.32,-3.35));
#8871 = VERTEX_POINT('',#8872);
#8872 = CARTESIAN_POINT('',(2.22,-0.32,-3.35));
#8873 = LINE('',#8874,#8875);
#8874 = CARTESIAN_POINT('',(2.86,-0.32,-3.35));
#8875 = VECTOR('',#8876,1.);
#8876 = DIRECTION('',(-1.,1.224646799147E-16,0.));
#8877 = ORIENTED_EDGE('',*,*,#8878,.T.);
#8878 = EDGE_CURVE('',#8869,#8074,#8879,.T.);
#8879 = LINE('',#8880,#8881);
#8880 = CARTESIAN_POINT('',(2.86,-0.32,-3.5));
#8881 = VECTOR('',#8882,1.);
#8882 = DIRECTION('',(0.,0.,1.));
#8883 = ORIENTED_EDGE('',*,*,#8071,.F.);
#8884 = ORIENTED_EDGE('',*,*,#8885,.F.);
#8885 = EDGE_CURVE('',#8871,#8072,#8886,.T.);
#8886 = LINE('',#8887,#8888);
#8887 = CARTESIAN_POINT('',(2.22,-0.32,-3.5));
#8888 = VECTOR('',#8889,1.);
#8889 = DIRECTION('',(0.,0.,1.));
#8890 = PLANE('',#8891);
#8891 = AXIS2_PLACEMENT_3D('',#8892,#8893,#8894);
#8892 = CARTESIAN_POINT('',(2.86,-0.32,-3.5));
#8893 = DIRECTION('',(-1.224646799147E-16,-1.,0.));
#8894 = DIRECTION('',(-1.,1.224646799147E-16,0.));
#8895 = ADVANCED_FACE('',(#8896),#8914,.T.);
#8896 = FACE_BOUND('',#8897,.T.);
#8897 = EDGE_LOOP('',(#8898,#8906,#8907,#8908));
#8898 = ORIENTED_EDGE('',*,*,#8899,.F.);
#8899 = EDGE_CURVE('',#8871,#8900,#8902,.T.);
#8900 = VERTEX_POINT('',#8901);
#8901 = CARTESIAN_POINT('',(2.22,0.32,-3.35));
#8902 = LINE('',#8903,#8904);
#8903 = CARTESIAN_POINT('',(2.22,-0.32,-3.35));
#8904 = VECTOR('',#8905,1.);
#8905 = DIRECTION('',(1.224646799147E-16,1.,0.));
#8906 = ORIENTED_EDGE('',*,*,#8885,.T.);
#8907 = ORIENTED_EDGE('',*,*,#8081,.F.);
#8908 = ORIENTED_EDGE('',*,*,#8909,.F.);
#8909 = EDGE_CURVE('',#8900,#8082,#8910,.T.);
#8910 = LINE('',#8911,#8912);
#8911 = CARTESIAN_POINT('',(2.22,0.32,-3.5));
#8912 = VECTOR('',#8913,1.);
#8913 = DIRECTION('',(0.,0.,1.));
#8914 = PLANE('',#8915);
#8915 = AXIS2_PLACEMENT_3D('',#8916,#8917,#8918);
#8916 = CARTESIAN_POINT('',(2.22,-0.32,-3.5));
#8917 = DIRECTION('',(-1.,1.224646799147E-16,0.));
#8918 = DIRECTION('',(1.224646799147E-16,1.,0.));
#8919 = ADVANCED_FACE('',(#8920),#8938,.T.);
#8920 = FACE_BOUND('',#8921,.T.);
#8921 = EDGE_LOOP('',(#8922,#8930,#8936,#8937));
#8922 = ORIENTED_EDGE('',*,*,#8923,.F.);
#8923 = EDGE_CURVE('',#8924,#8869,#8926,.T.);
#8924 = VERTEX_POINT('',#8925);
#8925 = CARTESIAN_POINT('',(2.86,0.32,-3.35));
#8926 = LINE('',#8927,#8928);
#8927 = CARTESIAN_POINT('',(2.86,0.32,-3.35));
#8928 = VECTOR('',#8929,1.);
#8929 = DIRECTION('',(-1.224646799147E-16,-1.,0.));
#8930 = ORIENTED_EDGE('',*,*,#8931,.T.);
#8931 = EDGE_CURVE('',#8924,#8090,#8932,.T.);
#8932 = LINE('',#8933,#8934);
#8933 = CARTESIAN_POINT('',(2.86,0.32,-3.5));
#8934 = VECTOR('',#8935,1.);
#8935 = DIRECTION('',(0.,0.,1.));
#8936 = ORIENTED_EDGE('',*,*,#8097,.F.);
#8937 = ORIENTED_EDGE('',*,*,#8878,.F.);
#8938 = PLANE('',#8939);
#8939 = AXIS2_PLACEMENT_3D('',#8940,#8941,#8942);
#8940 = CARTESIAN_POINT('',(2.86,0.32,-3.5));
#8941 = DIRECTION('',(1.,-1.224646799147E-16,0.));
#8942 = DIRECTION('',(-1.224646799147E-16,-1.,0.));
#8943 = ADVANCED_FACE('',(#8944),#8955,.T.);
#8944 = FACE_BOUND('',#8945,.T.);
#8945 = EDGE_LOOP('',(#8946,#8952,#8953,#8954));
#8946 = ORIENTED_EDGE('',*,*,#8947,.F.);
#8947 = EDGE_CURVE('',#8900,#8924,#8948,.T.);
#8948 = LINE('',#8949,#8950);
#8949 = CARTESIAN_POINT('',(2.22,0.32,-3.35));
#8950 = VECTOR('',#8951,1.);
#8951 = DIRECTION('',(1.,-1.224646799147E-16,0.));
#8952 = ORIENTED_EDGE('',*,*,#8909,.T.);
#8953 = ORIENTED_EDGE('',*,*,#8089,.F.);
#8954 = ORIENTED_EDGE('',*,*,#8931,.F.);
#8955 = PLANE('',#8956);
#8956 = AXIS2_PLACEMENT_3D('',#8957,#8958,#8959);
#8957 = CARTESIAN_POINT('',(2.22,0.32,-3.5));
#8958 = DIRECTION('',(1.224646799147E-16,1.,0.));
#8959 = DIRECTION('',(1.,-1.224646799147E-16,0.));
#8960 = ADVANCED_FACE('',(#8961),#8986,.T.);
#8961 = FACE_BOUND('',#8962,.T.);
#8962 = EDGE_LOOP('',(#8963,#8973,#8979,#8980));
#8963 = ORIENTED_EDGE('',*,*,#8964,.F.);
#8964 = EDGE_CURVE('',#8965,#8967,#8969,.T.);
#8965 = VERTEX_POINT('',#8966);
#8966 = CARTESIAN_POINT('',(4.76,-0.32,-3.35));
#8967 = VERTEX_POINT('',#8968);
#8968 = CARTESIAN_POINT('',(4.76,0.32,-3.35));
#8969 = LINE('',#8970,#8971);
#8970 = CARTESIAN_POINT('',(4.76,-0.32,-3.35));
#8971 = VECTOR('',#8972,1.);
#8972 = DIRECTION('',(1.224646799147E-16,1.,0.));
#8973 = ORIENTED_EDGE('',*,*,#8974,.T.);
#8974 = EDGE_CURVE('',#8965,#8108,#8975,.T.);
#8975 = LINE('',#8976,#8977);
#8976 = CARTESIAN_POINT('',(4.76,-0.32,-3.5));
#8977 = VECTOR('',#8978,1.);
#8978 = DIRECTION('',(0.,0.,1.));
#8979 = ORIENTED_EDGE('',*,*,#8105,.F.);
#8980 = ORIENTED_EDGE('',*,*,#8981,.F.);
#8981 = EDGE_CURVE('',#8967,#8106,#8982,.T.);
#8982 = LINE('',#8983,#8984);
#8983 = CARTESIAN_POINT('',(4.76,0.32,-3.5));
#8984 = VECTOR('',#8985,1.);
#8985 = DIRECTION('',(0.,0.,1.));
#8986 = PLANE('',#8987);
#8987 = AXIS2_PLACEMENT_3D('',#8988,#8989,#8990);
#8988 = CARTESIAN_POINT('',(4.76,-0.32,-3.5));
#8989 = DIRECTION('',(-1.,1.224646799147E-16,0.));
#8990 = DIRECTION('',(1.224646799147E-16,1.,0.));
#8991 = ADVANCED_FACE('',(#8992),#9010,.T.);
#8992 = FACE_BOUND('',#8993,.T.);
#8993 = EDGE_LOOP('',(#8994,#9002,#9003,#9004));
#8994 = ORIENTED_EDGE('',*,*,#8995,.F.);
#8995 = EDGE_CURVE('',#8967,#8996,#8998,.T.);
#8996 = VERTEX_POINT('',#8997);
#8997 = CARTESIAN_POINT('',(5.4,0.32,-3.35));
#8998 = LINE('',#8999,#9000);
#8999 = CARTESIAN_POINT('',(4.76,0.32,-3.35));
#9000 = VECTOR('',#9001,1.);
#9001 = DIRECTION('',(1.,-1.224646799147E-16,0.));
#9002 = ORIENTED_EDGE('',*,*,#8981,.T.);
#9003 = ORIENTED_EDGE('',*,*,#8115,.F.);
#9004 = ORIENTED_EDGE('',*,*,#9005,.F.);
#9005 = EDGE_CURVE('',#8996,#8116,#9006,.T.);
#9006 = LINE('',#9007,#9008);
#9007 = CARTESIAN_POINT('',(5.4,0.32,-3.5));
#9008 = VECTOR('',#9009,1.);
#9009 = DIRECTION('',(0.,0.,1.));
#9010 = PLANE('',#9011);
#9011 = AXIS2_PLACEMENT_3D('',#9012,#9013,#9014);
#9012 = CARTESIAN_POINT('',(4.76,0.32,-3.5));
#9013 = DIRECTION('',(1.224646799147E-16,1.,0.));
#9014 = DIRECTION('',(1.,-1.224646799147E-16,0.));
#9015 = ADVANCED_FACE('',(#9016),#9034,.T.);
#9016 = FACE_BOUND('',#9017,.T.);
#9017 = EDGE_LOOP('',(#9018,#9026,#9032,#9033));
#9018 = ORIENTED_EDGE('',*,*,#9019,.F.);
#9019 = EDGE_CURVE('',#9020,#8965,#9022,.T.);
#9020 = VERTEX_POINT('',#9021);
#9021 = CARTESIAN_POINT('',(5.4,-0.32,-3.35));
#9022 = LINE('',#9023,#9024);
#9023 = CARTESIAN_POINT('',(5.4,-0.32,-3.35));
#9024 = VECTOR('',#9025,1.);
#9025 = DIRECTION('',(-1.,1.224646799147E-16,0.));
#9026 = ORIENTED_EDGE('',*,*,#9027,.T.);
#9027 = EDGE_CURVE('',#9020,#8124,#9028,.T.);
#9028 = LINE('',#9029,#9030);
#9029 = CARTESIAN_POINT('',(5.4,-0.32,-3.5));
#9030 = VECTOR('',#9031,1.);
#9031 = DIRECTION('',(0.,0.,1.));
#9032 = ORIENTED_EDGE('',*,*,#8131,.F.);
#9033 = ORIENTED_EDGE('',*,*,#8974,.F.);
#9034 = PLANE('',#9035);
#9035 = AXIS2_PLACEMENT_3D('',#9036,#9037,#9038);
#9036 = CARTESIAN_POINT('',(5.4,-0.32,-3.5));
#9037 = DIRECTION('',(-1.224646799147E-16,-1.,0.));
#9038 = DIRECTION('',(-1.,1.224646799147E-16,0.));
#9039 = ADVANCED_FACE('',(#9040),#9051,.T.);
#9040 = FACE_BOUND('',#9041,.T.);
#9041 = EDGE_LOOP('',(#9042,#9048,#9049,#9050));
#9042 = ORIENTED_EDGE('',*,*,#9043,.F.);
#9043 = EDGE_CURVE('',#8996,#9020,#9044,.T.);
#9044 = LINE('',#9045,#9046);
#9045 = CARTESIAN_POINT('',(5.4,0.32,-3.35));
#9046 = VECTOR('',#9047,1.);
#9047 = DIRECTION('',(-1.224646799147E-16,-1.,0.));
#9048 = ORIENTED_EDGE('',*,*,#9005,.T.);
#9049 = ORIENTED_EDGE('',*,*,#8123,.F.);
#9050 = ORIENTED_EDGE('',*,*,#9027,.F.);
#9051 = PLANE('',#9052);
#9052 = AXIS2_PLACEMENT_3D('',#9053,#9054,#9055);
#9053 = CARTESIAN_POINT('',(5.4,0.32,-3.5));
#9054 = DIRECTION('',(1.,-1.224646799147E-16,0.));
#9055 = DIRECTION('',(-1.224646799147E-16,-1.,0.));
#9056 = ADVANCED_FACE('',(#9057),#9082,.T.);
#9057 = FACE_BOUND('',#9058,.T.);
#9058 = EDGE_LOOP('',(#9059,#9069,#9075,#9076));
#9059 = ORIENTED_EDGE('',*,*,#9060,.F.);
#9060 = EDGE_CURVE('',#9061,#9063,#9065,.T.);
#9061 = VERTEX_POINT('',#9062);
#9062 = CARTESIAN_POINT('',(7.94,-0.32,-3.35));
#9063 = VERTEX_POINT('',#9064);
#9064 = CARTESIAN_POINT('',(7.3,-0.32,-3.35));
#9065 = LINE('',#9066,#9067);
#9066 = CARTESIAN_POINT('',(7.94,-0.32,-3.35));
#9067 = VECTOR('',#9068,1.);
#9068 = DIRECTION('',(-1.,1.224646799147E-16,0.));
#9069 = ORIENTED_EDGE('',*,*,#9070,.T.);
#9070 = EDGE_CURVE('',#9061,#8142,#9071,.T.);
#9071 = LINE('',#9072,#9073);
#9072 = CARTESIAN_POINT('',(7.94,-0.32,-3.5));
#9073 = VECTOR('',#9074,1.);
#9074 = DIRECTION('',(0.,0.,1.));
#9075 = ORIENTED_EDGE('',*,*,#8139,.F.);
#9076 = ORIENTED_EDGE('',*,*,#9077,.F.);
#9077 = EDGE_CURVE('',#9063,#8140,#9078,.T.);
#9078 = LINE('',#9079,#9080);
#9079 = CARTESIAN_POINT('',(7.3,-0.32,-3.5));
#9080 = VECTOR('',#9081,1.);
#9081 = DIRECTION('',(0.,0.,1.));
#9082 = PLANE('',#9083);
#9083 = AXIS2_PLACEMENT_3D('',#9084,#9085,#9086);
#9084 = CARTESIAN_POINT('',(7.94,-0.32,-3.5));
#9085 = DIRECTION('',(-1.224646799147E-16,-1.,0.));
#9086 = DIRECTION('',(-1.,1.224646799147E-16,0.));
#9087 = ADVANCED_FACE('',(#9088),#9106,.T.);
#9088 = FACE_BOUND('',#9089,.T.);
#9089 = EDGE_LOOP('',(#9090,#9098,#9104,#9105));
#9090 = ORIENTED_EDGE('',*,*,#9091,.F.);
#9091 = EDGE_CURVE('',#9092,#9061,#9094,.T.);
#9092 = VERTEX_POINT('',#9093);
#9093 = CARTESIAN_POINT('',(7.94,0.32,-3.35));
#9094 = LINE('',#9095,#9096);
#9095 = CARTESIAN_POINT('',(7.94,0.32,-3.35));
#9096 = VECTOR('',#9097,1.);
#9097 = DIRECTION('',(-1.224646799147E-16,-1.,0.));
#9098 = ORIENTED_EDGE('',*,*,#9099,.T.);
#9099 = EDGE_CURVE('',#9092,#8158,#9100,.T.);
#9100 = LINE('',#9101,#9102);
#9101 = CARTESIAN_POINT('',(7.94,0.32,-3.5));
#9102 = VECTOR('',#9103,1.);
#9103 = DIRECTION('',(0.,0.,1.));
#9104 = ORIENTED_EDGE('',*,*,#8165,.F.);
#9105 = ORIENTED_EDGE('',*,*,#9070,.F.);
#9106 = PLANE('',#9107);
#9107 = AXIS2_PLACEMENT_3D('',#9108,#9109,#9110);
#9108 = CARTESIAN_POINT('',(7.94,0.32,-3.5));
#9109 = DIRECTION('',(1.,-1.224646799147E-16,0.));
#9110 = DIRECTION('',(-1.224646799147E-16,-1.,0.));
#9111 = ADVANCED_FACE('',(#9112),#9130,.T.);
#9112 = FACE_BOUND('',#9113,.T.);
#9113 = EDGE_LOOP('',(#9114,#9122,#9128,#9129));
#9114 = ORIENTED_EDGE('',*,*,#9115,.F.);
#9115 = EDGE_CURVE('',#9116,#9092,#9118,.T.);
#9116 = VERTEX_POINT('',#9117);
#9117 = CARTESIAN_POINT('',(7.3,0.32,-3.35));
#9118 = LINE('',#9119,#9120);
#9119 = CARTESIAN_POINT('',(7.3,0.32,-3.35));
#9120 = VECTOR('',#9121,1.);
#9121 = DIRECTION('',(1.,-1.224646799147E-16,0.));
#9122 = ORIENTED_EDGE('',*,*,#9123,.T.);
#9123 = EDGE_CURVE('',#9116,#8150,#9124,.T.);
#9124 = LINE('',#9125,#9126);
#9125 = CARTESIAN_POINT('',(7.3,0.32,-3.5));
#9126 = VECTOR('',#9127,1.);
#9127 = DIRECTION('',(0.,0.,1.));
#9128 = ORIENTED_EDGE('',*,*,#8157,.F.);
#9129 = ORIENTED_EDGE('',*,*,#9099,.F.);
#9130 = PLANE('',#9131);
#9131 = AXIS2_PLACEMENT_3D('',#9132,#9133,#9134);
#9132 = CARTESIAN_POINT('',(7.3,0.32,-3.5));
#9133 = DIRECTION('',(1.224646799147E-16,1.,0.));
#9134 = DIRECTION('',(1.,-1.224646799147E-16,0.));
#9135 = ADVANCED_FACE('',(#9136),#9147,.T.);
#9136 = FACE_BOUND('',#9137,.T.);
#9137 = EDGE_LOOP('',(#9138,#9144,#9145,#9146));
#9138 = ORIENTED_EDGE('',*,*,#9139,.F.);
#9139 = EDGE_CURVE('',#9063,#9116,#9140,.T.);
#9140 = LINE('',#9141,#9142);
#9141 = CARTESIAN_POINT('',(7.3,-0.32,-3.35));
#9142 = VECTOR('',#9143,1.);
#9143 = DIRECTION('',(1.224646799147E-16,1.,0.));
#9144 = ORIENTED_EDGE('',*,*,#9077,.T.);
#9145 = ORIENTED_EDGE('',*,*,#8149,.F.);
#9146 = ORIENTED_EDGE('',*,*,#9123,.F.);
#9147 = PLANE('',#9148);
#9148 = AXIS2_PLACEMENT_3D('',#9149,#9150,#9151);
#9149 = CARTESIAN_POINT('',(7.3,-0.32,-3.5));
#9150 = DIRECTION('',(-1.,1.224646799147E-16,0.));
#9151 = DIRECTION('',(1.224646799147E-16,1.,0.));
#9152 = ADVANCED_FACE('',(#9153),#9178,.F.);
#9153 = FACE_BOUND('',#9154,.F.);
#9154 = EDGE_LOOP('',(#9155,#9156,#9164,#9172));
#9155 = ORIENTED_EDGE('',*,*,#8202,.T.);
#9156 = ORIENTED_EDGE('',*,*,#9157,.T.);
#9157 = EDGE_CURVE('',#8195,#9158,#9160,.T.);
#9158 = VERTEX_POINT('',#9159);
#9159 = CARTESIAN_POINT('',(5.08,-2.3,5.5));
#9160 = LINE('',#9161,#9162);
#9161 = CARTESIAN_POINT('',(5.08,-2.3,2.5));
#9162 = VECTOR('',#9163,1.);
#9163 = DIRECTION('',(0.,0.,1.));
#9164 = ORIENTED_EDGE('',*,*,#9165,.F.);
#9165 = EDGE_CURVE('',#9166,#9158,#9168,.T.);
#9166 = VERTEX_POINT('',#9167);
#9167 = CARTESIAN_POINT('',(9.992007221626E-17,-2.3,5.5));
#9168 = LINE('',#9169,#9170);
#9169 = CARTESIAN_POINT('',(9.992007221626E-17,-2.3,5.5));
#9170 = VECTOR('',#9171,1.);
#9171 = DIRECTION('',(1.,-1.110223024625E-16,-1.110223024625E-16));
#9172 = ORIENTED_EDGE('',*,*,#9173,.F.);
#9173 = EDGE_CURVE('',#8203,#9166,#9174,.T.);
#9174 = LINE('',#9175,#9176);
#9175 = CARTESIAN_POINT('',(-2.816687638039E-16,-2.3,2.5));
#9176 = VECTOR('',#9177,1.);
#9177 = DIRECTION('',(0.,0.,1.));
#9178 = PLANE('',#9179);
#9179 = AXIS2_PLACEMENT_3D('',#9180,#9181,#9182);
#9180 = CARTESIAN_POINT('',(5.08,-2.3,2.5));
#9181 = DIRECTION('',(-1.224646799147E-16,-1.,0.));
#9182 = DIRECTION('',(-1.,1.224646799147E-16,0.));
#9183 = ADVANCED_FACE('',(#9184),#9210,.F.);
#9184 = FACE_BOUND('',#9185,.F.);
#9185 = EDGE_LOOP('',(#9186,#9194,#9202,#9208,#9209));
#9186 = ORIENTED_EDGE('',*,*,#9187,.T.);
#9187 = EDGE_CURVE('',#8227,#9188,#9190,.T.);
#9188 = VERTEX_POINT('',#9189);
#9189 = CARTESIAN_POINT('',(5.08,-3.3,7.5));
#9190 = LINE('',#9191,#9192);
#9191 = CARTESIAN_POINT('',(5.08,-3.3,2.5));
#9192 = VECTOR('',#9193,1.);
#9193 = DIRECTION('',(0.,0.,1.));
#9194 = ORIENTED_EDGE('',*,*,#9195,.T.);
#9195 = EDGE_CURVE('',#9188,#9196,#9198,.T.);
#9196 = VERTEX_POINT('',#9197);
#9197 = CARTESIAN_POINT('',(5.08,-2.3,7.5));
#9198 = LINE('',#9199,#9200);
#9199 = CARTESIAN_POINT('',(5.08,-3.3,7.5));
#9200 = VECTOR('',#9201,1.);
#9201 = DIRECTION('',(1.224646799147E-16,1.,0.));
#9202 = ORIENTED_EDGE('',*,*,#9203,.F.);
#9203 = EDGE_CURVE('',#9158,#9196,#9204,.T.);
#9204 = LINE('',#9205,#9206);
#9205 = CARTESIAN_POINT('',(5.08,-2.3,2.5));
#9206 = VECTOR('',#9207,1.);
#9207 = DIRECTION('',(0.,0.,1.));
#9208 = ORIENTED_EDGE('',*,*,#9157,.F.);
#9209 = ORIENTED_EDGE('',*,*,#8234,.F.);
#9210 = PLANE('',#9211);
#9211 = AXIS2_PLACEMENT_3D('',#9212,#9213,#9214);
#9212 = CARTESIAN_POINT('',(5.08,-3.3,2.5));
#9213 = DIRECTION('',(-1.,1.224646799147E-16,0.));
#9214 = DIRECTION('',(1.224646799147E-16,1.,0.));
#9215 = ADVANCED_FACE('',(#9216),#9234,.F.);
#9216 = FACE_BOUND('',#9217,.F.);
#9217 = EDGE_LOOP('',(#9218,#9226,#9232,#9233));
#9218 = ORIENTED_EDGE('',*,*,#9219,.T.);
#9219 = EDGE_CURVE('',#8250,#9220,#9222,.T.);
#9220 = VERTEX_POINT('',#9221);
#9221 = CARTESIAN_POINT('',(-4.041334437186E-16,-3.3,7.5));
#9222 = LINE('',#9223,#9224);
#9223 = CARTESIAN_POINT('',(-4.041334437186E-16,-3.3,2.5));
#9224 = VECTOR('',#9225,1.);
#9225 = DIRECTION('',(0.,0.,1.));
#9226 = ORIENTED_EDGE('',*,*,#9227,.T.);
#9227 = EDGE_CURVE('',#9220,#9188,#9228,.T.);
#9228 = LINE('',#9229,#9230);
#9229 = CARTESIAN_POINT('',(-4.041334437186E-16,-3.3,7.5));
#9230 = VECTOR('',#9231,1.);
#9231 = DIRECTION('',(1.,-1.224646799147E-16,0.));
#9232 = ORIENTED_EDGE('',*,*,#9187,.F.);
#9233 = ORIENTED_EDGE('',*,*,#8257,.F.);
#9234 = PLANE('',#9235);
#9235 = AXIS2_PLACEMENT_3D('',#9236,#9237,#9238);
#9236 = CARTESIAN_POINT('',(-4.041334437186E-16,-3.3,2.5));
#9237 = DIRECTION('',(1.224646799147E-16,1.,0.));
#9238 = DIRECTION('',(1.,-1.224646799147E-16,0.));
#9239 = ADVANCED_FACE('',(#9240),#9259,.F.);
#9240 = FACE_BOUND('',#9241,.F.);
#9241 = EDGE_LOOP('',(#9242,#9243,#9251,#9257,#9258));
#9242 = ORIENTED_EDGE('',*,*,#9173,.T.);
#9243 = ORIENTED_EDGE('',*,*,#9244,.T.);
#9244 = EDGE_CURVE('',#9166,#9245,#9247,.T.);
#9245 = VERTEX_POINT('',#9246);
#9246 = CARTESIAN_POINT('',(2.01479566687E-17,-2.3,7.5));
#9247 = LINE('',#9248,#9249);
#9248 = CARTESIAN_POINT('',(-2.816687638039E-16,-2.3,2.5));
#9249 = VECTOR('',#9250,1.);
#9250 = DIRECTION('',(0.,0.,1.));
#9251 = ORIENTED_EDGE('',*,*,#9252,.T.);
#9252 = EDGE_CURVE('',#9245,#9220,#9253,.T.);
#9253 = LINE('',#9254,#9255);
#9254 = CARTESIAN_POINT('',(-2.816687638039E-16,-2.3,7.5));
#9255 = VECTOR('',#9256,1.);
#9256 = DIRECTION('',(-1.224646799147E-16,-1.,0.));
#9257 = ORIENTED_EDGE('',*,*,#9219,.F.);
#9258 = ORIENTED_EDGE('',*,*,#8276,.F.);
#9259 = PLANE('',#9260);
#9260 = AXIS2_PLACEMENT_3D('',#9261,#9262,#9263);
#9261 = CARTESIAN_POINT('',(-2.816687638039E-16,-2.3,2.5));
#9262 = DIRECTION('',(1.,-1.224646799147E-16,0.));
#9263 = DIRECTION('',(-1.224646799147E-16,-1.,0.));
#9264 = ADVANCED_FACE('',(#9265),#9271,.T.);
#9265 = FACE_BOUND('',#9266,.F.);
#9266 = EDGE_LOOP('',(#9267,#9268,#9269,#9270));
#9267 = ORIENTED_EDGE('',*,*,#8355,.T.);
#9268 = ORIENTED_EDGE('',*,*,#8330,.T.);
#9269 = ORIENTED_EDGE('',*,*,#8299,.T.);
#9270 = ORIENTED_EDGE('',*,*,#8372,.T.);
#9271 = PLANE('',#9272);
#9272 = AXIS2_PLACEMENT_3D('',#9273,#9274,#9275);
#9273 = CARTESIAN_POINT('',(4.604999991327,2.156620214849,-2.3));
#9274 = DIRECTION('',(0.,0.,-1.));
#9275 = DIRECTION('',(-1.,0.,0.));
#9276 = ADVANCED_FACE('',(#9277),#9302,.T.);
#9277 = FACE_BOUND('',#9278,.F.);
#9278 = EDGE_LOOP('',(#9279,#9287,#9288,#9296));
#9279 = ORIENTED_EDGE('',*,*,#9280,.F.);
#9280 = EDGE_CURVE('',#8390,#9281,#9283,.T.);
#9281 = VERTEX_POINT('',#9282);
#9282 = CARTESIAN_POINT('',(2.71,-0.17,10.));
#9283 = LINE('',#9284,#9285);
#9284 = CARTESIAN_POINT('',(2.703333333333,-0.163333333333,
    10.006666666667));
#9285 = VECTOR('',#9286,1.);
#9286 = DIRECTION('',(-0.57735026919,0.57735026919,0.57735026919));
#9287 = ORIENTED_EDGE('',*,*,#8397,.T.);
#9288 = ORIENTED_EDGE('',*,*,#9289,.T.);
#9289 = EDGE_CURVE('',#8398,#9290,#9292,.T.);
#9290 = VERTEX_POINT('',#9291);
#9291 = CARTESIAN_POINT('',(2.37,-0.17,10.));
#9292 = LINE('',#9293,#9294);
#9293 = CARTESIAN_POINT('',(2.376666666667,-0.163333333333,
    10.006666666667));
#9294 = VECTOR('',#9295,1.);
#9295 = DIRECTION('',(0.57735026919,0.57735026919,0.57735026919));
#9296 = ORIENTED_EDGE('',*,*,#9297,.F.);
#9297 = EDGE_CURVE('',#9281,#9290,#9298,.T.);
#9298 = LINE('',#9299,#9300);
#9299 = CARTESIAN_POINT('',(2.86,-0.17,10.));
#9300 = VECTOR('',#9301,1.);
#9301 = DIRECTION('',(-1.,1.224646799147E-16,0.));
#9302 = PLANE('',#9303);
#9303 = AXIS2_PLACEMENT_3D('',#9304,#9305,#9306);
#9304 = CARTESIAN_POINT('',(2.86,-0.245,9.925));
#9305 = DIRECTION('',(-8.486049187864E-17,-0.707106781187,0.707106781187
    ));
#9306 = DIRECTION('',(1.,-1.212377692196E-16,-1.22691069515E-18));
#9307 = ADVANCED_FACE('',(#9308),#9326,.T.);
#9308 = FACE_BOUND('',#9309,.F.);
#9309 = EDGE_LOOP('',(#9310,#9318,#9319,#9320));
#9310 = ORIENTED_EDGE('',*,*,#9311,.F.);
#9311 = EDGE_CURVE('',#8421,#9312,#9314,.T.);
#9312 = VERTEX_POINT('',#9313);
#9313 = CARTESIAN_POINT('',(2.71,0.17,10.));
#9314 = LINE('',#9315,#9316);
#9315 = CARTESIAN_POINT('',(2.703333333333,0.163333333333,
    10.006666666667));
#9316 = VECTOR('',#9317,1.);
#9317 = DIRECTION('',(-0.57735026919,-0.57735026919,0.57735026919));
#9318 = ORIENTED_EDGE('',*,*,#8428,.T.);
#9319 = ORIENTED_EDGE('',*,*,#9280,.T.);
#9320 = ORIENTED_EDGE('',*,*,#9321,.F.);
#9321 = EDGE_CURVE('',#9312,#9281,#9322,.T.);
#9322 = LINE('',#9323,#9324);
#9323 = CARTESIAN_POINT('',(2.71,0.32,10.));
#9324 = VECTOR('',#9325,1.);
#9325 = DIRECTION('',(-1.224646799147E-16,-1.,0.));
#9326 = PLANE('',#9327);
#9327 = AXIS2_PLACEMENT_3D('',#9328,#9329,#9330);
#9328 = CARTESIAN_POINT('',(2.785,0.32,9.925));
#9329 = DIRECTION('',(0.707106781187,-8.659560562349E-17,0.707106781187)
  );
#9330 = DIRECTION('',(1.224646799147E-16,1.,-2.105272540809E-29));
#9331 = ADVANCED_FACE('',(#9332),#9350,.T.);
#9332 = FACE_BOUND('',#9333,.F.);
#9333 = EDGE_LOOP('',(#9334,#9335,#9336,#9344));
#9334 = ORIENTED_EDGE('',*,*,#9289,.F.);
#9335 = ORIENTED_EDGE('',*,*,#8445,.T.);
#9336 = ORIENTED_EDGE('',*,*,#9337,.T.);
#9337 = EDGE_CURVE('',#8446,#9338,#9340,.T.);
#9338 = VERTEX_POINT('',#9339);
#9339 = CARTESIAN_POINT('',(2.37,0.17,10.));
#9340 = LINE('',#9341,#9342);
#9341 = CARTESIAN_POINT('',(2.376666666667,0.163333333333,
    10.006666666667));
#9342 = VECTOR('',#9343,1.);
#9343 = DIRECTION('',(0.57735026919,-0.57735026919,0.57735026919));
#9344 = ORIENTED_EDGE('',*,*,#9345,.F.);
#9345 = EDGE_CURVE('',#9290,#9338,#9346,.T.);
#9346 = LINE('',#9347,#9348);
#9347 = CARTESIAN_POINT('',(2.37,-0.32,10.));
#9348 = VECTOR('',#9349,1.);
#9349 = DIRECTION('',(1.224646799147E-16,1.,0.));
#9350 = PLANE('',#9351);
#9351 = AXIS2_PLACEMENT_3D('',#9352,#9353,#9354);
#9352 = CARTESIAN_POINT('',(2.295,-0.32,9.925));
#9353 = DIRECTION('',(-0.707106781187,8.659560562349E-17,0.707106781187)
  );
#9354 = DIRECTION('',(-1.224646799147E-16,-1.,-2.105272540809E-29));
#9355 = ADVANCED_FACE('',(#9356),#9367,.T.);
#9356 = FACE_BOUND('',#9357,.F.);
#9357 = EDGE_LOOP('',(#9358,#9359,#9360,#9361));
#9358 = ORIENTED_EDGE('',*,*,#9337,.F.);
#9359 = ORIENTED_EDGE('',*,*,#8469,.T.);
#9360 = ORIENTED_EDGE('',*,*,#9311,.T.);
#9361 = ORIENTED_EDGE('',*,*,#9362,.F.);
#9362 = EDGE_CURVE('',#9338,#9312,#9363,.T.);
#9363 = LINE('',#9364,#9365);
#9364 = CARTESIAN_POINT('',(2.22,0.17,10.));
#9365 = VECTOR('',#9366,1.);
#9366 = DIRECTION('',(1.,-1.224646799147E-16,0.));
#9367 = PLANE('',#9368);
#9368 = AXIS2_PLACEMENT_3D('',#9369,#9370,#9371);
#9369 = CARTESIAN_POINT('',(2.22,0.245,9.925));
#9370 = DIRECTION('',(8.486049187864E-17,0.707106781187,0.707106781187)
  );
#9371 = DIRECTION('',(-1.,1.212377692196E-16,-1.22691069515E-18));
#9372 = ADVANCED_FACE('',(#9373),#9398,.T.);
#9373 = FACE_BOUND('',#9374,.F.);
#9374 = EDGE_LOOP('',(#9375,#9383,#9384,#9392));
#9375 = ORIENTED_EDGE('',*,*,#9376,.F.);
#9376 = EDGE_CURVE('',#8486,#9377,#9379,.T.);
#9377 = VERTEX_POINT('',#9378);
#9378 = CARTESIAN_POINT('',(0.17,0.17,10.));
#9379 = LINE('',#9380,#9381);
#9380 = CARTESIAN_POINT('',(0.163333333333,0.163333333333,
    10.006666666667));
#9381 = VECTOR('',#9382,1.);
#9382 = DIRECTION('',(-0.57735026919,-0.57735026919,0.57735026919));
#9383 = ORIENTED_EDGE('',*,*,#8493,.T.);
#9384 = ORIENTED_EDGE('',*,*,#9385,.T.);
#9385 = EDGE_CURVE('',#8494,#9386,#9388,.T.);
#9386 = VERTEX_POINT('',#9387);
#9387 = CARTESIAN_POINT('',(0.17,-0.17,10.));
#9388 = LINE('',#9389,#9390);
#9389 = CARTESIAN_POINT('',(0.163333333333,-0.163333333333,
    10.006666666667));
#9390 = VECTOR('',#9391,1.);
#9391 = DIRECTION('',(-0.57735026919,0.57735026919,0.57735026919));
#9392 = ORIENTED_EDGE('',*,*,#9393,.F.);
#9393 = EDGE_CURVE('',#9377,#9386,#9394,.T.);
#9394 = LINE('',#9395,#9396);
#9395 = CARTESIAN_POINT('',(0.17,0.32,10.));
#9396 = VECTOR('',#9397,1.);
#9397 = DIRECTION('',(-1.224646799147E-16,-1.,0.));
#9398 = PLANE('',#9399);
#9399 = AXIS2_PLACEMENT_3D('',#9400,#9401,#9402);
#9400 = CARTESIAN_POINT('',(0.245,0.32,9.925));
#9401 = DIRECTION('',(0.707106781187,-8.486049187864E-17,0.707106781187)
  );
#9402 = DIRECTION('',(1.212377692196E-16,1.,-1.22691069515E-18));
#9403 = ADVANCED_FACE('',(#9404),#9422,.T.);
#9404 = FACE_BOUND('',#9405,.F.);
#9405 = EDGE_LOOP('',(#9406,#9414,#9415,#9416));
#9406 = ORIENTED_EDGE('',*,*,#9407,.F.);
#9407 = EDGE_CURVE('',#8517,#9408,#9410,.T.);
#9408 = VERTEX_POINT('',#9409);
#9409 = CARTESIAN_POINT('',(-0.17,0.17,10.));
#9410 = LINE('',#9411,#9412);
#9411 = CARTESIAN_POINT('',(-0.163333333333,0.163333333333,
    10.006666666667));
#9412 = VECTOR('',#9413,1.);
#9413 = DIRECTION('',(0.57735026919,-0.57735026919,0.57735026919));
#9414 = ORIENTED_EDGE('',*,*,#8524,.T.);
#9415 = ORIENTED_EDGE('',*,*,#9376,.T.);
#9416 = ORIENTED_EDGE('',*,*,#9417,.F.);
#9417 = EDGE_CURVE('',#9408,#9377,#9418,.T.);
#9418 = LINE('',#9419,#9420);
#9419 = CARTESIAN_POINT('',(-0.32,0.17,10.));
#9420 = VECTOR('',#9421,1.);
#9421 = DIRECTION('',(1.,-1.224646799147E-16,0.));
#9422 = PLANE('',#9423);
#9423 = AXIS2_PLACEMENT_3D('',#9424,#9425,#9426);
#9424 = CARTESIAN_POINT('',(-0.32,0.245,9.925));
#9425 = DIRECTION('',(8.486049187864E-17,0.707106781187,0.707106781187)
  );
#9426 = DIRECTION('',(-1.,1.212377692196E-16,-1.22691069515E-18));
#9427 = ADVANCED_FACE('',(#9428),#9446,.T.);
#9428 = FACE_BOUND('',#9429,.F.);
#9429 = EDGE_LOOP('',(#9430,#9431,#9432,#9440));
#9430 = ORIENTED_EDGE('',*,*,#9385,.F.);
#9431 = ORIENTED_EDGE('',*,*,#8541,.T.);
#9432 = ORIENTED_EDGE('',*,*,#9433,.T.);
#9433 = EDGE_CURVE('',#8542,#9434,#9436,.T.);
#9434 = VERTEX_POINT('',#9435);
#9435 = CARTESIAN_POINT('',(-0.17,-0.17,10.));
#9436 = LINE('',#9437,#9438);
#9437 = CARTESIAN_POINT('',(-0.163333333333,-0.163333333333,
    10.006666666667));
#9438 = VECTOR('',#9439,1.);
#9439 = DIRECTION('',(0.57735026919,0.57735026919,0.57735026919));
#9440 = ORIENTED_EDGE('',*,*,#9441,.F.);
#9441 = EDGE_CURVE('',#9386,#9434,#9442,.T.);
#9442 = LINE('',#9443,#9444);
#9443 = CARTESIAN_POINT('',(0.32,-0.17,10.));
#9444 = VECTOR('',#9445,1.);
#9445 = DIRECTION('',(-1.,1.224646799147E-16,0.));
#9446 = PLANE('',#9447);
#9447 = AXIS2_PLACEMENT_3D('',#9448,#9449,#9450);
#9448 = CARTESIAN_POINT('',(0.32,-0.245,9.925));
#9449 = DIRECTION('',(-8.486049187864E-17,-0.707106781187,0.707106781187
    ));
#9450 = DIRECTION('',(1.,-1.212377692196E-16,-1.22691069515E-18));
#9451 = ADVANCED_FACE('',(#9452),#9463,.T.);
#9452 = FACE_BOUND('',#9453,.F.);
#9453 = EDGE_LOOP('',(#9454,#9455,#9456,#9457));
#9454 = ORIENTED_EDGE('',*,*,#9433,.F.);
#9455 = ORIENTED_EDGE('',*,*,#8565,.T.);
#9456 = ORIENTED_EDGE('',*,*,#9407,.T.);
#9457 = ORIENTED_EDGE('',*,*,#9458,.F.);
#9458 = EDGE_CURVE('',#9434,#9408,#9459,.T.);
#9459 = LINE('',#9460,#9461);
#9460 = CARTESIAN_POINT('',(-0.17,-0.32,10.));
#9461 = VECTOR('',#9462,1.);
#9462 = DIRECTION('',(1.224646799147E-16,1.,0.));
#9463 = PLANE('',#9464);
#9464 = AXIS2_PLACEMENT_3D('',#9465,#9466,#9467);
#9465 = CARTESIAN_POINT('',(-0.245,-0.32,9.925));
#9466 = DIRECTION('',(-0.707106781187,8.486049187864E-17,0.707106781187)
  );
#9467 = DIRECTION('',(-1.212377692196E-16,-1.,-1.22691069515E-18));
#9468 = ADVANCED_FACE('',(#9469),#9494,.T.);
#9469 = FACE_BOUND('',#9470,.F.);
#9470 = EDGE_LOOP('',(#9471,#9479,#9480,#9488));
#9471 = ORIENTED_EDGE('',*,*,#9472,.F.);
#9472 = EDGE_CURVE('',#8582,#9473,#9475,.T.);
#9473 = VERTEX_POINT('',#9474);
#9474 = CARTESIAN_POINT('',(4.91,-0.17,10.));
#9475 = LINE('',#9476,#9477);
#9476 = CARTESIAN_POINT('',(4.916666666667,-0.163333333333,
    10.006666666667));
#9477 = VECTOR('',#9478,1.);
#9478 = DIRECTION('',(0.57735026919,0.57735026919,0.57735026919));
#9479 = ORIENTED_EDGE('',*,*,#8589,.T.);
#9480 = ORIENTED_EDGE('',*,*,#9481,.T.);
#9481 = EDGE_CURVE('',#8590,#9482,#9484,.T.);
#9482 = VERTEX_POINT('',#9483);
#9483 = CARTESIAN_POINT('',(4.91,0.17,10.));
#9484 = LINE('',#9485,#9486);
#9485 = CARTESIAN_POINT('',(4.916666666667,0.163333333333,
    10.006666666667));
#9486 = VECTOR('',#9487,1.);
#9487 = DIRECTION('',(0.57735026919,-0.57735026919,0.57735026919));
#9488 = ORIENTED_EDGE('',*,*,#9489,.F.);
#9489 = EDGE_CURVE('',#9473,#9482,#9490,.T.);
#9490 = LINE('',#9491,#9492);
#9491 = CARTESIAN_POINT('',(4.91,-0.32,10.));
#9492 = VECTOR('',#9493,1.);
#9493 = DIRECTION('',(1.224646799147E-16,1.,0.));
#9494 = PLANE('',#9495);
#9495 = AXIS2_PLACEMENT_3D('',#9496,#9497,#9498);
#9496 = CARTESIAN_POINT('',(4.835,-0.32,9.925));
#9497 = DIRECTION('',(-0.707106781187,8.659560562349E-17,0.707106781187)
  );
#9498 = DIRECTION('',(-1.224646799147E-16,-1.,-2.105272540809E-29));
#9499 = ADVANCED_FACE('',(#9500),#9518,.T.);
#9500 = FACE_BOUND('',#9501,.F.);
#9501 = EDGE_LOOP('',(#9502,#9510,#9511,#9512));
#9502 = ORIENTED_EDGE('',*,*,#9503,.F.);
#9503 = EDGE_CURVE('',#8613,#9504,#9506,.T.);
#9504 = VERTEX_POINT('',#9505);
#9505 = CARTESIAN_POINT('',(5.25,-0.17,10.));
#9506 = LINE('',#9507,#9508);
#9507 = CARTESIAN_POINT('',(5.243333333333,-0.163333333333,
    10.006666666667));
#9508 = VECTOR('',#9509,1.);
#9509 = DIRECTION('',(-0.57735026919,0.57735026919,0.57735026919));
#9510 = ORIENTED_EDGE('',*,*,#8620,.T.);
#9511 = ORIENTED_EDGE('',*,*,#9472,.T.);
#9512 = ORIENTED_EDGE('',*,*,#9513,.F.);
#9513 = EDGE_CURVE('',#9504,#9473,#9514,.T.);
#9514 = LINE('',#9515,#9516);
#9515 = CARTESIAN_POINT('',(5.4,-0.17,10.));
#9516 = VECTOR('',#9517,1.);
#9517 = DIRECTION('',(-1.,1.224646799147E-16,0.));
#9518 = PLANE('',#9519);
#9519 = AXIS2_PLACEMENT_3D('',#9520,#9521,#9522);
#9520 = CARTESIAN_POINT('',(5.4,-0.245,9.925));
#9521 = DIRECTION('',(-8.486049187864E-17,-0.707106781187,0.707106781187
    ));
#9522 = DIRECTION('',(1.,-1.212377692196E-16,-1.22691069515E-18));
#9523 = ADVANCED_FACE('',(#9524),#9542,.T.);
#9524 = FACE_BOUND('',#9525,.F.);
#9525 = EDGE_LOOP('',(#9526,#9527,#9528,#9536));
#9526 = ORIENTED_EDGE('',*,*,#9481,.F.);
#9527 = ORIENTED_EDGE('',*,*,#8637,.T.);
#9528 = ORIENTED_EDGE('',*,*,#9529,.T.);
#9529 = EDGE_CURVE('',#8638,#9530,#9532,.T.);
#9530 = VERTEX_POINT('',#9531);
#9531 = CARTESIAN_POINT('',(5.25,0.17,10.));
#9532 = LINE('',#9533,#9534);
#9533 = CARTESIAN_POINT('',(5.243333333333,0.163333333333,
    10.006666666667));
#9534 = VECTOR('',#9535,1.);
#9535 = DIRECTION('',(-0.57735026919,-0.57735026919,0.57735026919));
#9536 = ORIENTED_EDGE('',*,*,#9537,.F.);
#9537 = EDGE_CURVE('',#9482,#9530,#9538,.T.);
#9538 = LINE('',#9539,#9540);
#9539 = CARTESIAN_POINT('',(4.76,0.17,10.));
#9540 = VECTOR('',#9541,1.);
#9541 = DIRECTION('',(1.,-1.224646799147E-16,0.));
#9542 = PLANE('',#9543);
#9543 = AXIS2_PLACEMENT_3D('',#9544,#9545,#9546);
#9544 = CARTESIAN_POINT('',(4.76,0.245,9.925));
#9545 = DIRECTION('',(8.486049187864E-17,0.707106781187,0.707106781187)
  );
#9546 = DIRECTION('',(-1.,1.212377692196E-16,-1.22691069515E-18));
#9547 = ADVANCED_FACE('',(#9548),#9559,.T.);
#9548 = FACE_BOUND('',#9549,.F.);
#9549 = EDGE_LOOP('',(#9550,#9551,#9552,#9553));
#9550 = ORIENTED_EDGE('',*,*,#9529,.F.);
#9551 = ORIENTED_EDGE('',*,*,#8661,.T.);
#9552 = ORIENTED_EDGE('',*,*,#9503,.T.);
#9553 = ORIENTED_EDGE('',*,*,#9554,.F.);
#9554 = EDGE_CURVE('',#9530,#9504,#9555,.T.);
#9555 = LINE('',#9556,#9557);
#9556 = CARTESIAN_POINT('',(5.25,0.32,10.));
#9557 = VECTOR('',#9558,1.);
#9558 = DIRECTION('',(-1.224646799147E-16,-1.,0.));
#9559 = PLANE('',#9560);
#9560 = AXIS2_PLACEMENT_3D('',#9561,#9562,#9563);
#9561 = CARTESIAN_POINT('',(5.325,0.32,9.925));
#9562 = DIRECTION('',(0.707106781187,-8.659560562349E-17,0.707106781187)
  );
#9563 = DIRECTION('',(1.224646799147E-16,1.,-2.105272540809E-29));
#9564 = ADVANCED_FACE('',(#9565),#9590,.T.);
#9565 = FACE_BOUND('',#9566,.F.);
#9566 = EDGE_LOOP('',(#9567,#9575,#9576,#9584));
#9567 = ORIENTED_EDGE('',*,*,#9568,.F.);
#9568 = EDGE_CURVE('',#8678,#9569,#9571,.T.);
#9569 = VERTEX_POINT('',#9570);
#9570 = CARTESIAN_POINT('',(7.79,-0.17,10.));
#9571 = LINE('',#9572,#9573);
#9572 = CARTESIAN_POINT('',(7.783333333333,-0.163333333333,
    10.006666666667));
#9573 = VECTOR('',#9574,1.);
#9574 = DIRECTION('',(-0.57735026919,0.57735026919,0.57735026919));
#9575 = ORIENTED_EDGE('',*,*,#8685,.T.);
#9576 = ORIENTED_EDGE('',*,*,#9577,.T.);
#9577 = EDGE_CURVE('',#8686,#9578,#9580,.T.);
#9578 = VERTEX_POINT('',#9579);
#9579 = CARTESIAN_POINT('',(7.45,-0.17,10.));
#9580 = LINE('',#9581,#9582);
#9581 = CARTESIAN_POINT('',(7.456666666667,-0.163333333333,
    10.006666666667));
#9582 = VECTOR('',#9583,1.);
#9583 = DIRECTION('',(0.57735026919,0.57735026919,0.57735026919));
#9584 = ORIENTED_EDGE('',*,*,#9585,.F.);
#9585 = EDGE_CURVE('',#9569,#9578,#9586,.T.);
#9586 = LINE('',#9587,#9588);
#9587 = CARTESIAN_POINT('',(7.94,-0.17,10.));
#9588 = VECTOR('',#9589,1.);
#9589 = DIRECTION('',(-1.,1.224646799147E-16,0.));
#9590 = PLANE('',#9591);
#9591 = AXIS2_PLACEMENT_3D('',#9592,#9593,#9594);
#9592 = CARTESIAN_POINT('',(7.94,-0.245,9.925));
#9593 = DIRECTION('',(-8.486049187864E-17,-0.707106781187,0.707106781187
    ));
#9594 = DIRECTION('',(1.,-1.212377692196E-16,-1.22691069515E-18));
#9595 = ADVANCED_FACE('',(#9596),#9614,.T.);
#9596 = FACE_BOUND('',#9597,.F.);
#9597 = EDGE_LOOP('',(#9598,#9599,#9600,#9608));
#9598 = ORIENTED_EDGE('',*,*,#9577,.F.);
#9599 = ORIENTED_EDGE('',*,*,#8709,.T.);
#9600 = ORIENTED_EDGE('',*,*,#9601,.T.);
#9601 = EDGE_CURVE('',#8710,#9602,#9604,.T.);
#9602 = VERTEX_POINT('',#9603);
#9603 = CARTESIAN_POINT('',(7.45,0.17,10.));
#9604 = LINE('',#9605,#9606);
#9605 = CARTESIAN_POINT('',(7.456666666667,0.163333333333,
    10.006666666667));
#9606 = VECTOR('',#9607,1.);
#9607 = DIRECTION('',(0.57735026919,-0.57735026919,0.57735026919));
#9608 = ORIENTED_EDGE('',*,*,#9609,.F.);
#9609 = EDGE_CURVE('',#9578,#9602,#9610,.T.);
#9610 = LINE('',#9611,#9612);
#9611 = CARTESIAN_POINT('',(7.45,-0.32,10.));
#9612 = VECTOR('',#9613,1.);
#9613 = DIRECTION('',(1.224646799147E-16,1.,0.));
#9614 = PLANE('',#9615);
#9615 = AXIS2_PLACEMENT_3D('',#9616,#9617,#9618);
#9616 = CARTESIAN_POINT('',(7.375,-0.32,9.925));
#9617 = DIRECTION('',(-0.707106781187,8.659560562349E-17,0.707106781187)
  );
#9618 = DIRECTION('',(-1.224646799147E-16,-1.,-2.105272540809E-29));
#9619 = ADVANCED_FACE('',(#9620),#9638,.T.);
#9620 = FACE_BOUND('',#9621,.F.);
#9621 = EDGE_LOOP('',(#9622,#9623,#9624,#9632));
#9622 = ORIENTED_EDGE('',*,*,#9601,.F.);
#9623 = ORIENTED_EDGE('',*,*,#8733,.T.);
#9624 = ORIENTED_EDGE('',*,*,#9625,.T.);
#9625 = EDGE_CURVE('',#8734,#9626,#9628,.T.);
#9626 = VERTEX_POINT('',#9627);
#9627 = CARTESIAN_POINT('',(7.79,0.17,10.));
#9628 = LINE('',#9629,#9630);
#9629 = CARTESIAN_POINT('',(7.783333333333,0.163333333333,
    10.006666666667));
#9630 = VECTOR('',#9631,1.);
#9631 = DIRECTION('',(-0.57735026919,-0.57735026919,0.57735026919));
#9632 = ORIENTED_EDGE('',*,*,#9633,.F.);
#9633 = EDGE_CURVE('',#9602,#9626,#9634,.T.);
#9634 = LINE('',#9635,#9636);
#9635 = CARTESIAN_POINT('',(7.3,0.17,10.));
#9636 = VECTOR('',#9637,1.);
#9637 = DIRECTION('',(1.,-1.224646799147E-16,0.));
#9638 = PLANE('',#9639);
#9639 = AXIS2_PLACEMENT_3D('',#9640,#9641,#9642);
#9640 = CARTESIAN_POINT('',(7.3,0.245,9.925));
#9641 = DIRECTION('',(8.486049187864E-17,0.707106781187,0.707106781187)
  );
#9642 = DIRECTION('',(-1.,1.212377692196E-16,-1.22691069515E-18));
#9643 = ADVANCED_FACE('',(#9644),#9655,.T.);
#9644 = FACE_BOUND('',#9645,.F.);
#9645 = EDGE_LOOP('',(#9646,#9647,#9648,#9649));
#9646 = ORIENTED_EDGE('',*,*,#9625,.F.);
#9647 = ORIENTED_EDGE('',*,*,#8757,.T.);
#9648 = ORIENTED_EDGE('',*,*,#9568,.T.);
#9649 = ORIENTED_EDGE('',*,*,#9650,.F.);
#9650 = EDGE_CURVE('',#9626,#9569,#9651,.T.);
#9651 = LINE('',#9652,#9653);
#9652 = CARTESIAN_POINT('',(7.79,0.32,10.));
#9653 = VECTOR('',#9654,1.);
#9654 = DIRECTION('',(-1.224646799147E-16,-1.,0.));
#9655 = PLANE('',#9656);
#9656 = AXIS2_PLACEMENT_3D('',#9657,#9658,#9659);
#9657 = CARTESIAN_POINT('',(7.865,0.32,9.925));
#9658 = DIRECTION('',(0.707106781187,-8.659560562349E-17,0.707106781187)
  );
#9659 = DIRECTION('',(1.224646799147E-16,1.,-2.105272540809E-29));
#9660 = ADVANCED_FACE('',(#9661),#9686,.F.);
#9661 = FACE_BOUND('',#9662,.T.);
#9662 = EDGE_LOOP('',(#9663,#9671,#9672,#9680));
#9663 = ORIENTED_EDGE('',*,*,#9664,.T.);
#9664 = EDGE_CURVE('',#9665,#8773,#9667,.T.);
#9665 = VERTEX_POINT('',#9666);
#9666 = CARTESIAN_POINT('',(0.17,0.17,-3.5));
#9667 = LINE('',#9668,#9669);
#9668 = CARTESIAN_POINT('',(0.163333333333,0.163333333333,
    -3.506666666667));
#9669 = VECTOR('',#9670,1.);
#9670 = DIRECTION('',(0.57735026919,0.57735026919,0.57735026919));
#9671 = ORIENTED_EDGE('',*,*,#8772,.T.);
#9672 = ORIENTED_EDGE('',*,*,#9673,.T.);
#9673 = EDGE_CURVE('',#8775,#9674,#9676,.T.);
#9674 = VERTEX_POINT('',#9675);
#9675 = CARTESIAN_POINT('',(0.17,-0.17,-3.5));
#9676 = LINE('',#9677,#9678);
#9677 = CARTESIAN_POINT('',(0.163333333333,-0.163333333333,
    -3.506666666667));
#9678 = VECTOR('',#9679,1.);
#9679 = DIRECTION('',(-0.57735026919,0.57735026919,-0.57735026919));
#9680 = ORIENTED_EDGE('',*,*,#9681,.F.);
#9681 = EDGE_CURVE('',#9665,#9674,#9682,.T.);
#9682 = LINE('',#9683,#9684);
#9683 = CARTESIAN_POINT('',(0.17,0.32,-3.5));
#9684 = VECTOR('',#9685,1.);
#9685 = DIRECTION('',(-1.224646799147E-16,-1.,0.));
#9686 = PLANE('',#9687);
#9687 = AXIS2_PLACEMENT_3D('',#9688,#9689,#9690);
#9688 = CARTESIAN_POINT('',(0.245,0.32,-3.425));
#9689 = DIRECTION('',(-0.707106781187,8.659560562349E-17,0.707106781187)
  );
#9690 = DIRECTION('',(1.224646799147E-16,1.,2.105272540809E-29));
#9691 = ADVANCED_FACE('',(#9692),#9710,.F.);
#9692 = FACE_BOUND('',#9693,.T.);
#9693 = EDGE_LOOP('',(#9694,#9695,#9696,#9704));
#9694 = ORIENTED_EDGE('',*,*,#9673,.F.);
#9695 = ORIENTED_EDGE('',*,*,#8803,.T.);
#9696 = ORIENTED_EDGE('',*,*,#9697,.T.);
#9697 = EDGE_CURVE('',#8804,#9698,#9700,.T.);
#9698 = VERTEX_POINT('',#9699);
#9699 = CARTESIAN_POINT('',(-0.17,-0.17,-3.5));
#9700 = LINE('',#9701,#9702);
#9701 = CARTESIAN_POINT('',(-0.163333333333,-0.163333333333,
    -3.506666666667));
#9702 = VECTOR('',#9703,1.);
#9703 = DIRECTION('',(0.57735026919,0.57735026919,-0.57735026919));
#9704 = ORIENTED_EDGE('',*,*,#9705,.F.);
#9705 = EDGE_CURVE('',#9674,#9698,#9706,.T.);
#9706 = LINE('',#9707,#9708);
#9707 = CARTESIAN_POINT('',(0.32,-0.17,-3.5));
#9708 = VECTOR('',#9709,1.);
#9709 = DIRECTION('',(-1.,1.224646799147E-16,0.));
#9710 = PLANE('',#9711);
#9711 = AXIS2_PLACEMENT_3D('',#9712,#9713,#9714);
#9712 = CARTESIAN_POINT('',(0.32,-0.245,-3.425));
#9713 = DIRECTION('',(8.659560562349E-17,0.707106781187,0.707106781187)
  );
#9714 = DIRECTION('',(1.,-1.224646799147E-16,2.105272540809E-29));
#9715 = ADVANCED_FACE('',(#9716),#9734,.F.);
#9716 = FACE_BOUND('',#9717,.F.);
#9717 = EDGE_LOOP('',(#9718,#9726,#9732,#9733));
#9718 = ORIENTED_EDGE('',*,*,#9719,.F.);
#9719 = EDGE_CURVE('',#9720,#8828,#9722,.T.);
#9720 = VERTEX_POINT('',#9721);
#9721 = CARTESIAN_POINT('',(-0.17,0.17,-3.5));
#9722 = LINE('',#9723,#9724);
#9723 = CARTESIAN_POINT('',(-0.163333333333,0.163333333333,
    -3.506666666667));
#9724 = VECTOR('',#9725,1.);
#9725 = DIRECTION('',(-0.57735026919,0.57735026919,0.57735026919));
#9726 = ORIENTED_EDGE('',*,*,#9727,.T.);
#9727 = EDGE_CURVE('',#9720,#9665,#9728,.T.);
#9728 = LINE('',#9729,#9730);
#9729 = CARTESIAN_POINT('',(-0.32,0.17,-3.5));
#9730 = VECTOR('',#9731,1.);
#9731 = DIRECTION('',(1.,-1.224646799147E-16,0.));
#9732 = ORIENTED_EDGE('',*,*,#9664,.T.);
#9733 = ORIENTED_EDGE('',*,*,#8827,.F.);
#9734 = PLANE('',#9735);
#9735 = AXIS2_PLACEMENT_3D('',#9736,#9737,#9738);
#9736 = CARTESIAN_POINT('',(-0.32,0.245,-3.425));
#9737 = DIRECTION('',(-8.659560562349E-17,-0.707106781187,0.707106781187
    ));
#9738 = DIRECTION('',(1.,-1.224646799147E-16,-2.105272540809E-29));
#9739 = ADVANCED_FACE('',(#9740),#9751,.F.);
#9740 = FACE_BOUND('',#9741,.F.);
#9741 = EDGE_LOOP('',(#9742,#9743,#9749,#9750));
#9742 = ORIENTED_EDGE('',*,*,#9697,.T.);
#9743 = ORIENTED_EDGE('',*,*,#9744,.T.);
#9744 = EDGE_CURVE('',#9698,#9720,#9745,.T.);
#9745 = LINE('',#9746,#9747);
#9746 = CARTESIAN_POINT('',(-0.17,-0.32,-3.5));
#9747 = VECTOR('',#9748,1.);
#9748 = DIRECTION('',(1.224646799147E-16,1.,0.));
#9749 = ORIENTED_EDGE('',*,*,#9719,.T.);
#9750 = ORIENTED_EDGE('',*,*,#8851,.F.);
#9751 = PLANE('',#9752);
#9752 = AXIS2_PLACEMENT_3D('',#9753,#9754,#9755);
#9753 = CARTESIAN_POINT('',(-0.245,-0.32,-3.425));
#9754 = DIRECTION('',(0.707106781187,-8.659560562349E-17,0.707106781187)
  );
#9755 = DIRECTION('',(1.224646799147E-16,1.,-2.105272540809E-29));
#9756 = ADVANCED_FACE('',(#9757),#9782,.F.);
#9757 = FACE_BOUND('',#9758,.T.);
#9758 = EDGE_LOOP('',(#9759,#9767,#9768,#9776));
#9759 = ORIENTED_EDGE('',*,*,#9760,.F.);
#9760 = EDGE_CURVE('',#8869,#9761,#9763,.T.);
#9761 = VERTEX_POINT('',#9762);
#9762 = CARTESIAN_POINT('',(2.71,-0.17,-3.5));
#9763 = LINE('',#9764,#9765);
#9764 = CARTESIAN_POINT('',(2.703333333333,-0.163333333333,
    -3.506666666667));
#9765 = VECTOR('',#9766,1.);
#9766 = DIRECTION('',(-0.57735026919,0.57735026919,-0.57735026919));
#9767 = ORIENTED_EDGE('',*,*,#8868,.T.);
#9768 = ORIENTED_EDGE('',*,*,#9769,.T.);
#9769 = EDGE_CURVE('',#8871,#9770,#9772,.T.);
#9770 = VERTEX_POINT('',#9771);
#9771 = CARTESIAN_POINT('',(2.37,-0.17,-3.5));
#9772 = LINE('',#9773,#9774);
#9773 = CARTESIAN_POINT('',(2.376666666667,-0.163333333333,
    -3.506666666667));
#9774 = VECTOR('',#9775,1.);
#9775 = DIRECTION('',(0.57735026919,0.57735026919,-0.57735026919));
#9776 = ORIENTED_EDGE('',*,*,#9777,.F.);
#9777 = EDGE_CURVE('',#9761,#9770,#9778,.T.);
#9778 = LINE('',#9779,#9780);
#9779 = CARTESIAN_POINT('',(2.86,-0.17,-3.5));
#9780 = VECTOR('',#9781,1.);
#9781 = DIRECTION('',(-1.,1.224646799147E-16,0.));
#9782 = PLANE('',#9783);
#9783 = AXIS2_PLACEMENT_3D('',#9784,#9785,#9786);
#9784 = CARTESIAN_POINT('',(2.86,-0.245,-3.425));
#9785 = DIRECTION('',(8.659560562349E-17,0.707106781187,0.707106781187)
  );
#9786 = DIRECTION('',(1.,-1.224646799147E-16,2.105272540809E-29));
#9787 = ADVANCED_FACE('',(#9788),#9806,.F.);
#9788 = FACE_BOUND('',#9789,.F.);
#9789 = EDGE_LOOP('',(#9790,#9791,#9799,#9805));
#9790 = ORIENTED_EDGE('',*,*,#9769,.T.);
#9791 = ORIENTED_EDGE('',*,*,#9792,.T.);
#9792 = EDGE_CURVE('',#9770,#9793,#9795,.T.);
#9793 = VERTEX_POINT('',#9794);
#9794 = CARTESIAN_POINT('',(2.37,0.17,-3.5));
#9795 = LINE('',#9796,#9797);
#9796 = CARTESIAN_POINT('',(2.37,-0.32,-3.5));
#9797 = VECTOR('',#9798,1.);
#9798 = DIRECTION('',(1.224646799147E-16,1.,0.));
#9799 = ORIENTED_EDGE('',*,*,#9800,.T.);
#9800 = EDGE_CURVE('',#9793,#8900,#9801,.T.);
#9801 = LINE('',#9802,#9803);
#9802 = CARTESIAN_POINT('',(2.376666666667,0.163333333333,
    -3.506666666667));
#9803 = VECTOR('',#9804,1.);
#9804 = DIRECTION('',(-0.57735026919,0.57735026919,0.57735026919));
#9805 = ORIENTED_EDGE('',*,*,#8899,.F.);
#9806 = PLANE('',#9807);
#9807 = AXIS2_PLACEMENT_3D('',#9808,#9809,#9810);
#9808 = CARTESIAN_POINT('',(2.295,-0.32,-3.425));
#9809 = DIRECTION('',(0.707106781187,-8.659560562349E-17,0.707106781187)
  );
#9810 = DIRECTION('',(1.224646799147E-16,1.,-2.105272540809E-29));
#9811 = ADVANCED_FACE('',(#9812),#9830,.F.);
#9812 = FACE_BOUND('',#9813,.T.);
#9813 = EDGE_LOOP('',(#9814,#9822,#9823,#9824));
#9814 = ORIENTED_EDGE('',*,*,#9815,.T.);
#9815 = EDGE_CURVE('',#9816,#8924,#9818,.T.);
#9816 = VERTEX_POINT('',#9817);
#9817 = CARTESIAN_POINT('',(2.71,0.17,-3.5));
#9818 = LINE('',#9819,#9820);
#9819 = CARTESIAN_POINT('',(2.703333333333,0.163333333333,
    -3.506666666667));
#9820 = VECTOR('',#9821,1.);
#9821 = DIRECTION('',(0.57735026919,0.57735026919,0.57735026919));
#9822 = ORIENTED_EDGE('',*,*,#8923,.T.);
#9823 = ORIENTED_EDGE('',*,*,#9760,.T.);
#9824 = ORIENTED_EDGE('',*,*,#9825,.F.);
#9825 = EDGE_CURVE('',#9816,#9761,#9826,.T.);
#9826 = LINE('',#9827,#9828);
#9827 = CARTESIAN_POINT('',(2.71,0.32,-3.5));
#9828 = VECTOR('',#9829,1.);
#9829 = DIRECTION('',(-1.224646799147E-16,-1.,0.));
#9830 = PLANE('',#9831);
#9831 = AXIS2_PLACEMENT_3D('',#9832,#9833,#9834);
#9832 = CARTESIAN_POINT('',(2.785,0.32,-3.425));
#9833 = DIRECTION('',(-0.707106781187,8.659560562349E-17,0.707106781187)
  );
#9834 = DIRECTION('',(1.224646799147E-16,1.,2.105272540809E-29));
#9835 = ADVANCED_FACE('',(#9836),#9847,.F.);
#9836 = FACE_BOUND('',#9837,.F.);
#9837 = EDGE_LOOP('',(#9838,#9839,#9845,#9846));
#9838 = ORIENTED_EDGE('',*,*,#9800,.F.);
#9839 = ORIENTED_EDGE('',*,*,#9840,.T.);
#9840 = EDGE_CURVE('',#9793,#9816,#9841,.T.);
#9841 = LINE('',#9842,#9843);
#9842 = CARTESIAN_POINT('',(2.22,0.17,-3.5));
#9843 = VECTOR('',#9844,1.);
#9844 = DIRECTION('',(1.,-1.224646799147E-16,0.));
#9845 = ORIENTED_EDGE('',*,*,#9815,.T.);
#9846 = ORIENTED_EDGE('',*,*,#8947,.F.);
#9847 = PLANE('',#9848);
#9848 = AXIS2_PLACEMENT_3D('',#9849,#9850,#9851);
#9849 = CARTESIAN_POINT('',(2.22,0.245,-3.425));
#9850 = DIRECTION('',(-8.659560562349E-17,-0.707106781187,0.707106781187
    ));
#9851 = DIRECTION('',(1.,-1.224646799147E-16,-2.105272540809E-29));
#9852 = ADVANCED_FACE('',(#9853),#9878,.F.);
#9853 = FACE_BOUND('',#9854,.F.);
#9854 = EDGE_LOOP('',(#9855,#9863,#9871,#9877));
#9855 = ORIENTED_EDGE('',*,*,#9856,.T.);
#9856 = EDGE_CURVE('',#8965,#9857,#9859,.T.);
#9857 = VERTEX_POINT('',#9858);
#9858 = CARTESIAN_POINT('',(4.91,-0.17,-3.5));
#9859 = LINE('',#9860,#9861);
#9860 = CARTESIAN_POINT('',(4.916666666667,-0.163333333333,
    -3.506666666667));
#9861 = VECTOR('',#9862,1.);
#9862 = DIRECTION('',(0.57735026919,0.57735026919,-0.57735026919));
#9863 = ORIENTED_EDGE('',*,*,#9864,.T.);
#9864 = EDGE_CURVE('',#9857,#9865,#9867,.T.);
#9865 = VERTEX_POINT('',#9866);
#9866 = CARTESIAN_POINT('',(4.91,0.17,-3.5));
#9867 = LINE('',#9868,#9869);
#9868 = CARTESIAN_POINT('',(4.91,-0.32,-3.5));
#9869 = VECTOR('',#9870,1.);
#9870 = DIRECTION('',(1.224646799147E-16,1.,0.));
#9871 = ORIENTED_EDGE('',*,*,#9872,.T.);
#9872 = EDGE_CURVE('',#9865,#8967,#9873,.T.);
#9873 = LINE('',#9874,#9875);
#9874 = CARTESIAN_POINT('',(4.916666666667,0.163333333333,
    -3.506666666667));
#9875 = VECTOR('',#9876,1.);
#9876 = DIRECTION('',(-0.57735026919,0.57735026919,0.57735026919));
#9877 = ORIENTED_EDGE('',*,*,#8964,.F.);
#9878 = PLANE('',#9879);
#9879 = AXIS2_PLACEMENT_3D('',#9880,#9881,#9882);
#9880 = CARTESIAN_POINT('',(4.835,-0.32,-3.425));
#9881 = DIRECTION('',(0.707106781187,-8.659560562349E-17,0.707106781187)
  );
#9882 = DIRECTION('',(1.224646799147E-16,1.,-2.105272540809E-29));
#9883 = ADVANCED_FACE('',(#9884),#9902,.F.);
#9884 = FACE_BOUND('',#9885,.F.);
#9885 = EDGE_LOOP('',(#9886,#9887,#9895,#9901));
#9886 = ORIENTED_EDGE('',*,*,#9872,.F.);
#9887 = ORIENTED_EDGE('',*,*,#9888,.T.);
#9888 = EDGE_CURVE('',#9865,#9889,#9891,.T.);
#9889 = VERTEX_POINT('',#9890);
#9890 = CARTESIAN_POINT('',(5.25,0.17,-3.5));
#9891 = LINE('',#9892,#9893);
#9892 = CARTESIAN_POINT('',(4.76,0.17,-3.5));
#9893 = VECTOR('',#9894,1.);
#9894 = DIRECTION('',(1.,-1.224646799147E-16,0.));
#9895 = ORIENTED_EDGE('',*,*,#9896,.T.);
#9896 = EDGE_CURVE('',#9889,#8996,#9897,.T.);
#9897 = LINE('',#9898,#9899);
#9898 = CARTESIAN_POINT('',(5.243333333333,0.163333333333,
    -3.506666666667));
#9899 = VECTOR('',#9900,1.);
#9900 = DIRECTION('',(0.57735026919,0.57735026919,0.57735026919));
#9901 = ORIENTED_EDGE('',*,*,#8995,.F.);
#9902 = PLANE('',#9903);
#9903 = AXIS2_PLACEMENT_3D('',#9904,#9905,#9906);
#9904 = CARTESIAN_POINT('',(4.76,0.245,-3.425));
#9905 = DIRECTION('',(-8.659560562349E-17,-0.707106781187,0.707106781187
    ));
#9906 = DIRECTION('',(1.,-1.224646799147E-16,-2.105272540809E-29));
#9907 = ADVANCED_FACE('',(#9908),#9926,.F.);
#9908 = FACE_BOUND('',#9909,.T.);
#9909 = EDGE_LOOP('',(#9910,#9918,#9919,#9920));
#9910 = ORIENTED_EDGE('',*,*,#9911,.F.);
#9911 = EDGE_CURVE('',#9020,#9912,#9914,.T.);
#9912 = VERTEX_POINT('',#9913);
#9913 = CARTESIAN_POINT('',(5.25,-0.17,-3.5));
#9914 = LINE('',#9915,#9916);
#9915 = CARTESIAN_POINT('',(5.243333333333,-0.163333333333,
    -3.506666666667));
#9916 = VECTOR('',#9917,1.);
#9917 = DIRECTION('',(-0.57735026919,0.57735026919,-0.57735026919));
#9918 = ORIENTED_EDGE('',*,*,#9019,.T.);
#9919 = ORIENTED_EDGE('',*,*,#9856,.T.);
#9920 = ORIENTED_EDGE('',*,*,#9921,.F.);
#9921 = EDGE_CURVE('',#9912,#9857,#9922,.T.);
#9922 = LINE('',#9923,#9924);
#9923 = CARTESIAN_POINT('',(5.4,-0.17,-3.5));
#9924 = VECTOR('',#9925,1.);
#9925 = DIRECTION('',(-1.,1.224646799147E-16,0.));
#9926 = PLANE('',#9927);
#9927 = AXIS2_PLACEMENT_3D('',#9928,#9929,#9930);
#9928 = CARTESIAN_POINT('',(5.4,-0.245,-3.425));
#9929 = DIRECTION('',(8.659560562349E-17,0.707106781187,0.707106781187)
  );
#9930 = DIRECTION('',(1.,-1.224646799147E-16,2.105272540809E-29));
#9931 = ADVANCED_FACE('',(#9932),#9943,.F.);
#9932 = FACE_BOUND('',#9933,.T.);
#9933 = EDGE_LOOP('',(#9934,#9935,#9936,#9937));
#9934 = ORIENTED_EDGE('',*,*,#9896,.T.);
#9935 = ORIENTED_EDGE('',*,*,#9043,.T.);
#9936 = ORIENTED_EDGE('',*,*,#9911,.T.);
#9937 = ORIENTED_EDGE('',*,*,#9938,.F.);
#9938 = EDGE_CURVE('',#9889,#9912,#9939,.T.);
#9939 = LINE('',#9940,#9941);
#9940 = CARTESIAN_POINT('',(5.25,0.32,-3.5));
#9941 = VECTOR('',#9942,1.);
#9942 = DIRECTION('',(-1.224646799147E-16,-1.,0.));
#9943 = PLANE('',#9944);
#9944 = AXIS2_PLACEMENT_3D('',#9945,#9946,#9947);
#9945 = CARTESIAN_POINT('',(5.325,0.32,-3.425));
#9946 = DIRECTION('',(-0.707106781187,8.659560562349E-17,0.707106781187)
  );
#9947 = DIRECTION('',(1.224646799147E-16,1.,2.105272540809E-29));
#9948 = ADVANCED_FACE('',(#9949),#9974,.F.);
#9949 = FACE_BOUND('',#9950,.T.);
#9950 = EDGE_LOOP('',(#9951,#9959,#9960,#9968));
#9951 = ORIENTED_EDGE('',*,*,#9952,.F.);
#9952 = EDGE_CURVE('',#9061,#9953,#9955,.T.);
#9953 = VERTEX_POINT('',#9954);
#9954 = CARTESIAN_POINT('',(7.79,-0.17,-3.5));
#9955 = LINE('',#9956,#9957);
#9956 = CARTESIAN_POINT('',(7.783333333333,-0.163333333333,
    -3.506666666667));
#9957 = VECTOR('',#9958,1.);
#9958 = DIRECTION('',(-0.57735026919,0.57735026919,-0.57735026919));
#9959 = ORIENTED_EDGE('',*,*,#9060,.T.);
#9960 = ORIENTED_EDGE('',*,*,#9961,.T.);
#9961 = EDGE_CURVE('',#9063,#9962,#9964,.T.);
#9962 = VERTEX_POINT('',#9963);
#9963 = CARTESIAN_POINT('',(7.45,-0.17,-3.5));
#9964 = LINE('',#9965,#9966);
#9965 = CARTESIAN_POINT('',(7.456666666667,-0.163333333333,
    -3.506666666667));
#9966 = VECTOR('',#9967,1.);
#9967 = DIRECTION('',(0.57735026919,0.57735026919,-0.57735026919));
#9968 = ORIENTED_EDGE('',*,*,#9969,.F.);
#9969 = EDGE_CURVE('',#9953,#9962,#9970,.T.);
#9970 = LINE('',#9971,#9972);
#9971 = CARTESIAN_POINT('',(7.94,-0.17,-3.5));
#9972 = VECTOR('',#9973,1.);
#9973 = DIRECTION('',(-1.,1.224646799147E-16,0.));
#9974 = PLANE('',#9975);
#9975 = AXIS2_PLACEMENT_3D('',#9976,#9977,#9978);
#9976 = CARTESIAN_POINT('',(7.94,-0.245,-3.425));
#9977 = DIRECTION('',(8.659560562349E-17,0.707106781187,0.707106781187)
  );
#9978 = DIRECTION('',(1.,-1.224646799147E-16,2.105272540809E-29));
#9979 = ADVANCED_FACE('',(#9980),#9998,.F.);
#9980 = FACE_BOUND('',#9981,.T.);
#9981 = EDGE_LOOP('',(#9982,#9990,#9991,#9992));
#9982 = ORIENTED_EDGE('',*,*,#9983,.T.);
#9983 = EDGE_CURVE('',#9984,#9092,#9986,.T.);
#9984 = VERTEX_POINT('',#9985);
#9985 = CARTESIAN_POINT('',(7.79,0.17,-3.5));
#9986 = LINE('',#9987,#9988);
#9987 = CARTESIAN_POINT('',(7.783333333333,0.163333333333,
    -3.506666666667));
#9988 = VECTOR('',#9989,1.);
#9989 = DIRECTION('',(0.57735026919,0.57735026919,0.57735026919));
#9990 = ORIENTED_EDGE('',*,*,#9091,.T.);
#9991 = ORIENTED_EDGE('',*,*,#9952,.T.);
#9992 = ORIENTED_EDGE('',*,*,#9993,.F.);
#9993 = EDGE_CURVE('',#9984,#9953,#9994,.T.);
#9994 = LINE('',#9995,#9996);
#9995 = CARTESIAN_POINT('',(7.79,0.32,-3.5));
#9996 = VECTOR('',#9997,1.);
#9997 = DIRECTION('',(-1.224646799147E-16,-1.,0.));
#9998 = PLANE('',#9999);
#9999 = AXIS2_PLACEMENT_3D('',#10000,#10001,#10002);
#10000 = CARTESIAN_POINT('',(7.865,0.32,-3.425));
#10001 = DIRECTION('',(-0.707106781187,8.659560562349E-17,0.707106781187
    ));
#10002 = DIRECTION('',(1.224646799147E-16,1.,2.105272540809E-29));
#10003 = ADVANCED_FACE('',(#10004),#10022,.F.);
#10004 = FACE_BOUND('',#10005,.F.);
#10005 = EDGE_LOOP('',(#10006,#10014,#10020,#10021));
#10006 = ORIENTED_EDGE('',*,*,#10007,.F.);
#10007 = EDGE_CURVE('',#10008,#9116,#10010,.T.);
#10008 = VERTEX_POINT('',#10009);
#10009 = CARTESIAN_POINT('',(7.45,0.17,-3.5));
#10010 = LINE('',#10011,#10012);
#10011 = CARTESIAN_POINT('',(7.456666666667,0.163333333333,
    -3.506666666667));
#10012 = VECTOR('',#10013,1.);
#10013 = DIRECTION('',(-0.57735026919,0.57735026919,0.57735026919));
#10014 = ORIENTED_EDGE('',*,*,#10015,.T.);
#10015 = EDGE_CURVE('',#10008,#9984,#10016,.T.);
#10016 = LINE('',#10017,#10018);
#10017 = CARTESIAN_POINT('',(7.3,0.17,-3.5));
#10018 = VECTOR('',#10019,1.);
#10019 = DIRECTION('',(1.,-1.224646799147E-16,0.));
#10020 = ORIENTED_EDGE('',*,*,#9983,.T.);
#10021 = ORIENTED_EDGE('',*,*,#9115,.F.);
#10022 = PLANE('',#10023);
#10023 = AXIS2_PLACEMENT_3D('',#10024,#10025,#10026);
#10024 = CARTESIAN_POINT('',(7.3,0.245,-3.425));
#10025 = DIRECTION('',(-8.659560562349E-17,-0.707106781187,
    0.707106781187));
#10026 = DIRECTION('',(1.,-1.224646799147E-16,-2.105272540809E-29));
#10027 = ADVANCED_FACE('',(#10028),#10039,.F.);
#10028 = FACE_BOUND('',#10029,.F.);
#10029 = EDGE_LOOP('',(#10030,#10031,#10037,#10038));
#10030 = ORIENTED_EDGE('',*,*,#9961,.T.);
#10031 = ORIENTED_EDGE('',*,*,#10032,.T.);
#10032 = EDGE_CURVE('',#9962,#10008,#10033,.T.);
#10033 = LINE('',#10034,#10035);
#10034 = CARTESIAN_POINT('',(7.45,-0.32,-3.5));
#10035 = VECTOR('',#10036,1.);
#10036 = DIRECTION('',(1.224646799147E-16,1.,0.));
#10037 = ORIENTED_EDGE('',*,*,#10007,.T.);
#10038 = ORIENTED_EDGE('',*,*,#9139,.F.);
#10039 = PLANE('',#10040);
#10040 = AXIS2_PLACEMENT_3D('',#10041,#10042,#10043);
#10041 = CARTESIAN_POINT('',(7.375,-0.32,-3.425));
#10042 = DIRECTION('',(0.707106781187,-8.659560562349E-17,0.707106781187
    ));
#10043 = DIRECTION('',(1.224646799147E-16,1.,-2.105272540809E-29));
#10044 = ADVANCED_FACE('',(#10045),#10070,.F.);
#10045 = FACE_BOUND('',#10046,.F.);
#10046 = EDGE_LOOP('',(#10047,#10048,#10056,#10064));
#10047 = ORIENTED_EDGE('',*,*,#9165,.T.);
#10048 = ORIENTED_EDGE('',*,*,#10049,.T.);
#10049 = EDGE_CURVE('',#9158,#10050,#10052,.T.);
#10050 = VERTEX_POINT('',#10051);
#10051 = CARTESIAN_POINT('',(5.08,-1.15,6.5));
#10052 = LINE('',#10053,#10054);
#10053 = CARTESIAN_POINT('',(5.08,-2.3,5.5));
#10054 = VECTOR('',#10055,1.);
#10055 = DIRECTION('',(2.404065568008E-16,0.754605522164,0.656178714925)
  );
#10056 = ORIENTED_EDGE('',*,*,#10057,.F.);
#10057 = EDGE_CURVE('',#10058,#10050,#10060,.T.);
#10058 = VERTEX_POINT('',#10059);
#10059 = CARTESIAN_POINT('',(4.662936703426E-16,-1.15,6.5));
#10060 = LINE('',#10061,#10062);
#10061 = CARTESIAN_POINT('',(4.662936703426E-16,-1.15,6.5));
#10062 = VECTOR('',#10063,1.);
#10063 = DIRECTION('',(1.,-1.110223024625E-16,-1.110223024625E-16));
#10064 = ORIENTED_EDGE('',*,*,#10065,.F.);
#10065 = EDGE_CURVE('',#9166,#10058,#10066,.T.);
#10066 = LINE('',#10067,#10068);
#10067 = CARTESIAN_POINT('',(9.992007221626E-17,-2.3,5.5));
#10068 = VECTOR('',#10069,1.);
#10069 = DIRECTION('',(2.404065568008E-16,0.754605522164,0.656178714925)
  );
#10070 = PLANE('',#10071);
#10071 = AXIS2_PLACEMENT_3D('',#10072,#10073,#10074);
#10072 = CARTESIAN_POINT('',(9.992007221626E-17,-2.3,5.5));
#10073 = DIRECTION('',(1.092757076367E-17,-0.656178714925,0.754605522164
    ));
#10074 = DIRECTION('',(2.404065568008E-16,0.754605522164,0.656178714925)
  );
#10075 = ADVANCED_FACE('',(#10076),#10087,.F.);
#10076 = FACE_BOUND('',#10077,.F.);
#10077 = EDGE_LOOP('',(#10078,#10079,#10080,#10086));
#10078 = ORIENTED_EDGE('',*,*,#9227,.F.);
#10079 = ORIENTED_EDGE('',*,*,#9252,.F.);
#10080 = ORIENTED_EDGE('',*,*,#10081,.T.);
#10081 = EDGE_CURVE('',#9245,#9196,#10082,.T.);
#10082 = LINE('',#10083,#10084);
#10083 = CARTESIAN_POINT('',(3.219646771413E-16,-2.3,7.5));
#10084 = VECTOR('',#10085,1.);
#10085 = DIRECTION('',(1.,-1.110223024625E-16,-1.110223024625E-16));
#10086 = ORIENTED_EDGE('',*,*,#9195,.F.);
#10087 = PLANE('',#10088);
#10088 = AXIS2_PLACEMENT_3D('',#10089,#10090,#10091);
#10089 = CARTESIAN_POINT('',(-4.041334437186E-16,-3.3,7.5));
#10090 = DIRECTION('',(0.,0.,-1.));
#10091 = DIRECTION('',(-1.,0.,0.));
#10092 = ADVANCED_FACE('',(#10093),#10103,.F.);
#10093 = FACE_BOUND('',#10094,.F.);
#10094 = EDGE_LOOP('',(#10095,#10096,#10102));
#10095 = ORIENTED_EDGE('',*,*,#9203,.T.);
#10096 = ORIENTED_EDGE('',*,*,#10097,.F.);
#10097 = EDGE_CURVE('',#10050,#9196,#10098,.T.);
#10098 = LINE('',#10099,#10100);
#10099 = CARTESIAN_POINT('',(5.08,-1.15,6.5));
#10100 = VECTOR('',#10101,1.);
#10101 = DIRECTION('',(-9.470561328515E-17,-0.754605522164,
    0.656178714925));
#10102 = ORIENTED_EDGE('',*,*,#10049,.F.);
#10103 = PLANE('',#10104);
#10104 = AXIS2_PLACEMENT_3D('',#10105,#10106,#10107);
#10105 = CARTESIAN_POINT('',(5.08,-2.3,7.5));
#10106 = DIRECTION('',(-1.,2.22044604925E-16,1.110223024625E-16));
#10107 = DIRECTION('',(-2.22044604925E-16,-1.,0.));
#10108 = ADVANCED_FACE('',(#10109),#10119,.T.);
#10109 = FACE_BOUND('',#10110,.T.);
#10110 = EDGE_LOOP('',(#10111,#10112,#10118));
#10111 = ORIENTED_EDGE('',*,*,#9244,.T.);
#10112 = ORIENTED_EDGE('',*,*,#10113,.F.);
#10113 = EDGE_CURVE('',#10058,#9245,#10114,.T.);
#10114 = LINE('',#10115,#10116);
#10115 = CARTESIAN_POINT('',(4.662936703426E-16,-1.15,6.5));
#10116 = VECTOR('',#10117,1.);
#10117 = DIRECTION('',(-9.470561328515E-17,-0.754605522164,
    0.656178714925));
#10118 = ORIENTED_EDGE('',*,*,#10065,.F.);
#10119 = PLANE('',#10120);
#10120 = AXIS2_PLACEMENT_3D('',#10121,#10122,#10123);
#10121 = CARTESIAN_POINT('',(3.219646771413E-16,-2.3,7.5));
#10122 = DIRECTION('',(-1.,2.22044604925E-16,1.110223024625E-16));
#10123 = DIRECTION('',(-2.22044604925E-16,-1.,0.));
#10124 = ADVANCED_FACE('',(#10125),#10131,.T.);
#10125 = FACE_BOUND('',#10126,.T.);
#10126 = EDGE_LOOP('',(#10127,#10128,#10129,#10130));
#10127 = ORIENTED_EDGE('',*,*,#9297,.F.);
#10128 = ORIENTED_EDGE('',*,*,#9321,.F.);
#10129 = ORIENTED_EDGE('',*,*,#9362,.F.);
#10130 = ORIENTED_EDGE('',*,*,#9345,.F.);
#10131 = PLANE('',#10132);
#10132 = AXIS2_PLACEMENT_3D('',#10133,#10134,#10135);
#10133 = CARTESIAN_POINT('',(2.86,-0.32,10.));
#10134 = DIRECTION('',(0.,0.,1.));
#10135 = DIRECTION('',(1.,0.,-0.));
#10136 = ADVANCED_FACE('',(#10137),#10143,.T.);
#10137 = FACE_BOUND('',#10138,.T.);
#10138 = EDGE_LOOP('',(#10139,#10140,#10141,#10142));
#10139 = ORIENTED_EDGE('',*,*,#9441,.F.);
#10140 = ORIENTED_EDGE('',*,*,#9393,.F.);
#10141 = ORIENTED_EDGE('',*,*,#9417,.F.);
#10142 = ORIENTED_EDGE('',*,*,#9458,.F.);
#10143 = PLANE('',#10144);
#10144 = AXIS2_PLACEMENT_3D('',#10145,#10146,#10147);
#10145 = CARTESIAN_POINT('',(0.32,-0.32,10.));
#10146 = DIRECTION('',(0.,0.,1.));
#10147 = DIRECTION('',(1.,0.,-0.));
#10148 = ADVANCED_FACE('',(#10149),#10155,.T.);
#10149 = FACE_BOUND('',#10150,.T.);
#10150 = EDGE_LOOP('',(#10151,#10152,#10153,#10154));
#10151 = ORIENTED_EDGE('',*,*,#9513,.F.);
#10152 = ORIENTED_EDGE('',*,*,#9554,.F.);
#10153 = ORIENTED_EDGE('',*,*,#9537,.F.);
#10154 = ORIENTED_EDGE('',*,*,#9489,.F.);
#10155 = PLANE('',#10156);
#10156 = AXIS2_PLACEMENT_3D('',#10157,#10158,#10159);
#10157 = CARTESIAN_POINT('',(5.4,-0.32,10.));
#10158 = DIRECTION('',(0.,0.,1.));
#10159 = DIRECTION('',(1.,0.,-0.));
#10160 = ADVANCED_FACE('',(#10161),#10167,.T.);
#10161 = FACE_BOUND('',#10162,.T.);
#10162 = EDGE_LOOP('',(#10163,#10164,#10165,#10166));
#10163 = ORIENTED_EDGE('',*,*,#9585,.F.);
#10164 = ORIENTED_EDGE('',*,*,#9650,.F.);
#10165 = ORIENTED_EDGE('',*,*,#9633,.F.);
#10166 = ORIENTED_EDGE('',*,*,#9609,.F.);
#10167 = PLANE('',#10168);
#10168 = AXIS2_PLACEMENT_3D('',#10169,#10170,#10171);
#10169 = CARTESIAN_POINT('',(7.94,-0.32,10.));
#10170 = DIRECTION('',(0.,0.,1.));
#10171 = DIRECTION('',(1.,0.,-0.));
#10172 = ADVANCED_FACE('',(#10173),#10179,.F.);
#10173 = FACE_BOUND('',#10174,.F.);
#10174 = EDGE_LOOP('',(#10175,#10176,#10177,#10178));
#10175 = ORIENTED_EDGE('',*,*,#9705,.F.);
#10176 = ORIENTED_EDGE('',*,*,#9681,.F.);
#10177 = ORIENTED_EDGE('',*,*,#9727,.F.);
#10178 = ORIENTED_EDGE('',*,*,#9744,.F.);
#10179 = PLANE('',#10180);
#10180 = AXIS2_PLACEMENT_3D('',#10181,#10182,#10183);
#10181 = CARTESIAN_POINT('',(0.32,-0.32,-3.5));
#10182 = DIRECTION('',(0.,0.,1.));
#10183 = DIRECTION('',(1.,0.,-0.));
#10184 = ADVANCED_FACE('',(#10185),#10191,.F.);
#10185 = FACE_BOUND('',#10186,.F.);
#10186 = EDGE_LOOP('',(#10187,#10188,#10189,#10190));
#10187 = ORIENTED_EDGE('',*,*,#9777,.F.);
#10188 = ORIENTED_EDGE('',*,*,#9825,.F.);
#10189 = ORIENTED_EDGE('',*,*,#9840,.F.);
#10190 = ORIENTED_EDGE('',*,*,#9792,.F.);
#10191 = PLANE('',#10192);
#10192 = AXIS2_PLACEMENT_3D('',#10193,#10194,#10195);
#10193 = CARTESIAN_POINT('',(2.86,-0.32,-3.5));
#10194 = DIRECTION('',(0.,0.,1.));
#10195 = DIRECTION('',(1.,0.,-0.));
#10196 = ADVANCED_FACE('',(#10197),#10203,.F.);
#10197 = FACE_BOUND('',#10198,.F.);
#10198 = EDGE_LOOP('',(#10199,#10200,#10201,#10202));
#10199 = ORIENTED_EDGE('',*,*,#9921,.F.);
#10200 = ORIENTED_EDGE('',*,*,#9938,.F.);
#10201 = ORIENTED_EDGE('',*,*,#9888,.F.);
#10202 = ORIENTED_EDGE('',*,*,#9864,.F.);
#10203 = PLANE('',#10204);
#10204 = AXIS2_PLACEMENT_3D('',#10205,#10206,#10207);
#10205 = CARTESIAN_POINT('',(5.4,-0.32,-3.5));
#10206 = DIRECTION('',(0.,0.,1.));
#10207 = DIRECTION('',(1.,0.,-0.));
#10208 = ADVANCED_FACE('',(#10209),#10215,.F.);
#10209 = FACE_BOUND('',#10210,.F.);
#10210 = EDGE_LOOP('',(#10211,#10212,#10213,#10214));
#10211 = ORIENTED_EDGE('',*,*,#9969,.F.);
#10212 = ORIENTED_EDGE('',*,*,#9993,.F.);
#10213 = ORIENTED_EDGE('',*,*,#10015,.F.);
#10214 = ORIENTED_EDGE('',*,*,#10032,.F.);
#10215 = PLANE('',#10216);
#10216 = AXIS2_PLACEMENT_3D('',#10217,#10218,#10219);
#10217 = CARTESIAN_POINT('',(7.94,-0.32,-3.5));
#10218 = DIRECTION('',(0.,0.,1.));
#10219 = DIRECTION('',(1.,0.,-0.));
#10220 = ADVANCED_FACE('',(#10221),#10227,.F.);
#10221 = FACE_BOUND('',#10222,.F.);
#10222 = EDGE_LOOP('',(#10223,#10224,#10225,#10226));
#10223 = ORIENTED_EDGE('',*,*,#10057,.T.);
#10224 = ORIENTED_EDGE('',*,*,#10097,.T.);
#10225 = ORIENTED_EDGE('',*,*,#10081,.F.);
#10226 = ORIENTED_EDGE('',*,*,#10113,.F.);
#10227 = PLANE('',#10228);
#10228 = AXIS2_PLACEMENT_3D('',#10229,#10230,#10231);
#10229 = CARTESIAN_POINT('',(4.662936703426E-16,-1.15,6.5));
#10230 = DIRECTION('',(-1.566285142793E-16,-0.656178714925,
    -0.754605522164));
#10231 = DIRECTION('',(-9.470561328515E-17,-0.754605522164,
    0.656178714925));
#10232 = ( GEOMETRIC_REPRESENTATION_CONTEXT(3) 
GLOBAL_UNCERTAINTY_ASSIGNED_CONTEXT((#10236)) 
GLOBAL_UNIT_ASSIGNED_CONTEXT((#10233,#10234,#10235)) 
REPRESENTATION_CONTEXT('Context #1',
  '3D Context with UNIT and UNCERTAINTY') );
#10233 = ( LENGTH_UNIT() NAMED_UNIT(*) SI_UNIT(.MILLI.,.METRE.) );
#10234 = ( NAMED_UNIT(*) PLANE_ANGLE_UNIT() SI_UNIT($,.RADIAN.) );
#10235 = ( NAMED_UNIT(*) SI_UNIT($,.STERADIAN.) SOLID_ANGLE_UNIT() );
#10236 = UNCERTAINTY_MEASURE_WITH_UNIT(LENGTH_MEASURE(1.E-07),#10233,
  'distance_accuracy_value','confusion accuracy');
#10237 = CONTEXT_DEPENDENT_SHAPE_REPRESENTATION(#10238,#10240);
#10238 = ( REPRESENTATION_RELATIONSHIP('','',#7575,#10) 
REPRESENTATION_RELATIONSHIP_WITH_TRANSFORMATION(#10239) 
SHAPE_REPRESENTATION_RELATIONSHIP() );
#10239 = ITEM_DEFINED_TRANSFORMATION('','',#11,#27);
#10240 = PRODUCT_DEFINITION_SHAPE('Placement','Placement of an item',
  #10241);
#10241 = NEXT_ASSEMBLY_USAGE_OCCURRENCE('4','J1','',#5,#7570,$);
#10242 = PRODUCT_RELATED_PRODUCT_CATEGORY('part',$,(#7572));
#10243 = CONTEXT_DEPENDENT_SHAPE_REPRESENTATION(#10244,#10246);
#10244 = ( REPRESENTATION_RELATIONSHIP('','',#5829,#10) 
REPRESENTATION_RELATIONSHIP_WITH_TRANSFORMATION(#10245) 
SHAPE_REPRESENTATION_RELATIONSHIP() );
#10245 = ITEM_DEFINED_TRANSFORMATION('','',#11,#31);
#10246 = PRODUCT_DEFINITION_SHAPE('Placement','Placement of an item',
  #10247);
#10247 = NEXT_ASSEMBLY_USAGE_OCCURRENCE('5','C2','',#5,#5824,$);
#10248 = SHAPE_DEFINITION_REPRESENTATION(#10249,#10255);
#10249 = PRODUCT_DEFINITION_SHAPE('','',#10250);
#10250 = PRODUCT_DEFINITION('design','',#10251,#10254);
#10251 = PRODUCT_DEFINITION_FORMATION('','',#10252);
#10252 = PRODUCT('SCD41_Module_PCB','SCD41_Module_PCB','',(#10253));
#10253 = PRODUCT_CONTEXT('',#2,'mechanical');
#10254 = PRODUCT_DEFINITION_CONTEXT('part definition',#2,'design');
#10255 = ADVANCED_BREP_SHAPE_REPRESENTATION('',(#11,#10256),#10757);
#10256 = MANIFOLD_SOLID_BREP('',#10257);
#10257 = CLOSED_SHELL('',(#10258,#10298,#10329,#10360,#10476,#10592,
    #10604,#10621,#10638,#10655,#10672,#10689,#10706,#10723,#10740));
#10258 = ADVANCED_FACE('',(#10259),#10293,.T.);
#10259 = FACE_BOUND('',#10260,.T.);
#10260 = EDGE_LOOP('',(#10261,#10271,#10279,#10287));
#10261 = ORIENTED_EDGE('',*,*,#10262,.T.);
#10262 = EDGE_CURVE('',#10263,#10265,#10267,.T.);
#10263 = VERTEX_POINT('',#10264);
#10264 = CARTESIAN_POINT('',(167.5,-116.9,0.));
#10265 = VERTEX_POINT('',#10266);
#10266 = CARTESIAN_POINT('',(167.5,-116.9,1.51));
#10267 = LINE('',#10268,#10269);
#10268 = CARTESIAN_POINT('',(167.5,-116.9,0.));
#10269 = VECTOR('',#10270,1.);
#10270 = DIRECTION('',(0.,0.,1.));
#10271 = ORIENTED_EDGE('',*,*,#10272,.T.);
#10272 = EDGE_CURVE('',#10265,#10273,#10275,.T.);
#10273 = VERTEX_POINT('',#10274);
#10274 = CARTESIAN_POINT('',(125.5,-116.9,1.51));
#10275 = LINE('',#10276,#10277);
#10276 = CARTESIAN_POINT('',(167.5,-116.9,1.51));
#10277 = VECTOR('',#10278,1.);
#10278 = DIRECTION('',(-1.,0.,0.));
#10279 = ORIENTED_EDGE('',*,*,#10280,.F.);
#10280 = EDGE_CURVE('',#10281,#10273,#10283,.T.);
#10281 = VERTEX_POINT('',#10282);
#10282 = CARTESIAN_POINT('',(125.5,-116.9,0.));
#10283 = LINE('',#10284,#10285);
#10284 = CARTESIAN_POINT('',(125.5,-116.9,0.));
#10285 = VECTOR('',#10286,1.);
#10286 = DIRECTION('',(0.,0.,1.));
#10287 = ORIENTED_EDGE('',*,*,#10288,.F.);
#10288 = EDGE_CURVE('',#10263,#10281,#10289,.T.);
#10289 = LINE('',#10290,#10291);
#10290 = CARTESIAN_POINT('',(167.5,-116.9,0.));
#10291 = VECTOR('',#10292,1.);
#10292 = DIRECTION('',(-1.,0.,0.));
#10293 = PLANE('',#10294);
#10294 = AXIS2_PLACEMENT_3D('',#10295,#10296,#10297);
#10295 = CARTESIAN_POINT('',(167.5,-116.9,0.));
#10296 = DIRECTION('',(0.,-1.,0.));
#10297 = DIRECTION('',(-1.,0.,0.));
#10298 = ADVANCED_FACE('',(#10299),#10324,.T.);
#10299 = FACE_BOUND('',#10300,.T.);
#10300 = EDGE_LOOP('',(#10301,#10311,#10317,#10318));
#10301 = ORIENTED_EDGE('',*,*,#10302,.T.);
#10302 = EDGE_CURVE('',#10303,#10305,#10307,.T.);
#10303 = VERTEX_POINT('',#10304);
#10304 = CARTESIAN_POINT('',(167.5,-79.7,0.));
#10305 = VERTEX_POINT('',#10306);
#10306 = CARTESIAN_POINT('',(167.5,-79.7,1.51));
#10307 = LINE('',#10308,#10309);
#10308 = CARTESIAN_POINT('',(167.5,-79.7,0.));
#10309 = VECTOR('',#10310,1.);
#10310 = DIRECTION('',(0.,0.,1.));
#10311 = ORIENTED_EDGE('',*,*,#10312,.T.);
#10312 = EDGE_CURVE('',#10305,#10265,#10313,.T.);
#10313 = LINE('',#10314,#10315);
#10314 = CARTESIAN_POINT('',(167.5,-79.7,1.51));
#10315 = VECTOR('',#10316,1.);
#10316 = DIRECTION('',(0.,-1.,0.));
#10317 = ORIENTED_EDGE('',*,*,#10262,.F.);
#10318 = ORIENTED_EDGE('',*,*,#10319,.F.);
#10319 = EDGE_CURVE('',#10303,#10263,#10320,.T.);
#10320 = LINE('',#10321,#10322);
#10321 = CARTESIAN_POINT('',(167.5,-79.7,0.));
#10322 = VECTOR('',#10323,1.);
#10323 = DIRECTION('',(0.,-1.,0.));
#10324 = PLANE('',#10325);
#10325 = AXIS2_PLACEMENT_3D('',#10326,#10327,#10328);
#10326 = CARTESIAN_POINT('',(167.5,-79.7,0.));
#10327 = DIRECTION('',(1.,0.,-0.));
#10328 = DIRECTION('',(0.,-1.,0.));
#10329 = ADVANCED_FACE('',(#10330),#10355,.T.);
#10330 = FACE_BOUND('',#10331,.T.);
#10331 = EDGE_LOOP('',(#10332,#10333,#10341,#10349));
#10332 = ORIENTED_EDGE('',*,*,#10280,.T.);
#10333 = ORIENTED_EDGE('',*,*,#10334,.T.);
#10334 = EDGE_CURVE('',#10273,#10335,#10337,.T.);
#10335 = VERTEX_POINT('',#10336);
#10336 = CARTESIAN_POINT('',(125.5,-79.7,1.51));
#10337 = LINE('',#10338,#10339);
#10338 = CARTESIAN_POINT('',(125.5,-116.9,1.51));
#10339 = VECTOR('',#10340,1.);
#10340 = DIRECTION('',(0.,1.,0.));
#10341 = ORIENTED_EDGE('',*,*,#10342,.F.);
#10342 = EDGE_CURVE('',#10343,#10335,#10345,.T.);
#10343 = VERTEX_POINT('',#10344);
#10344 = CARTESIAN_POINT('',(125.5,-79.7,0.));
#10345 = LINE('',#10346,#10347);
#10346 = CARTESIAN_POINT('',(125.5,-79.7,0.));
#10347 = VECTOR('',#10348,1.);
#10348 = DIRECTION('',(0.,0.,1.));
#10349 = ORIENTED_EDGE('',*,*,#10350,.F.);
#10350 = EDGE_CURVE('',#10281,#10343,#10351,.T.);
#10351 = LINE('',#10352,#10353);
#10352 = CARTESIAN_POINT('',(125.5,-116.9,0.));
#10353 = VECTOR('',#10354,1.);
#10354 = DIRECTION('',(0.,1.,0.));
#10355 = PLANE('',#10356);
#10356 = AXIS2_PLACEMENT_3D('',#10357,#10358,#10359);
#10357 = CARTESIAN_POINT('',(125.5,-116.9,0.));
#10358 = DIRECTION('',(-1.,0.,0.));
#10359 = DIRECTION('',(0.,1.,0.));
#10360 = ADVANCED_FACE('',(#10361,#10372,#10383,#10394,#10405,#10416,
    #10427,#10438,#10449,#10460),#10471,.F.);
#10361 = FACE_BOUND('',#10362,.F.);
#10362 = EDGE_LOOP('',(#10363,#10364,#10365,#10371));
#10363 = ORIENTED_EDGE('',*,*,#10288,.F.);
#10364 = ORIENTED_EDGE('',*,*,#10319,.F.);
#10365 = ORIENTED_EDGE('',*,*,#10366,.F.);
#10366 = EDGE_CURVE('',#10343,#10303,#10367,.T.);
#10367 = LINE('',#10368,#10369);
#10368 = CARTESIAN_POINT('',(125.5,-79.7,0.));
#10369 = VECTOR('',#10370,1.);
#10370 = DIRECTION('',(1.,0.,0.));
#10371 = ORIENTED_EDGE('',*,*,#10350,.F.);
#10372 = FACE_BOUND('',#10373,.F.);
#10373 = EDGE_LOOP('',(#10374));
#10374 = ORIENTED_EDGE('',*,*,#10375,.T.);
#10375 = EDGE_CURVE('',#10376,#10376,#10378,.T.);
#10376 = VERTEX_POINT('',#10377);
#10377 = CARTESIAN_POINT('',(130.9,-113.1,0.));
#10378 = CIRCLE('',#10379,1.6);
#10379 = AXIS2_PLACEMENT_3D('',#10380,#10381,#10382);
#10380 = CARTESIAN_POINT('',(130.9,-111.5,0.));
#10381 = DIRECTION('',(-0.,0.,-1.));
#10382 = DIRECTION('',(-0.,-1.,0.));
#10383 = FACE_BOUND('',#10384,.F.);
#10384 = EDGE_LOOP('',(#10385));
#10385 = ORIENTED_EDGE('',*,*,#10386,.T.);
#10386 = EDGE_CURVE('',#10387,#10387,#10389,.T.);
#10387 = VERTEX_POINT('',#10388);
#10388 = CARTESIAN_POINT('',(162.1,-113.1,0.));
#10389 = CIRCLE('',#10390,1.6);
#10390 = AXIS2_PLACEMENT_3D('',#10391,#10392,#10393);
#10391 = CARTESIAN_POINT('',(162.1,-111.5,0.));
#10392 = DIRECTION('',(-0.,0.,-1.));
#10393 = DIRECTION('',(-0.,-1.,0.));
#10394 = FACE_BOUND('',#10395,.F.);
#10395 = EDGE_LOOP('',(#10396));
#10396 = ORIENTED_EDGE('',*,*,#10397,.T.);
#10397 = EDGE_CURVE('',#10398,#10398,#10400,.T.);
#10398 = VERTEX_POINT('',#10399);
#10399 = CARTESIAN_POINT('',(160.3,-102.11,0.));
#10400 = CIRCLE('',#10401,0.51);
#10401 = AXIS2_PLACEMENT_3D('',#10402,#10403,#10404);
#10402 = CARTESIAN_POINT('',(160.3,-101.6,0.));
#10403 = DIRECTION('',(-0.,0.,-1.));
#10404 = DIRECTION('',(-0.,-1.,0.));
#10405 = FACE_BOUND('',#10406,.F.);
#10406 = EDGE_LOOP('',(#10407));
#10407 = ORIENTED_EDGE('',*,*,#10408,.T.);
#10408 = EDGE_CURVE('',#10409,#10409,#10411,.T.);
#10409 = VERTEX_POINT('',#10410);
#10410 = CARTESIAN_POINT('',(160.3,-99.57,0.));
#10411 = CIRCLE('',#10412,0.51);
#10412 = AXIS2_PLACEMENT_3D('',#10413,#10414,#10415);
#10413 = CARTESIAN_POINT('',(160.3,-99.06,0.));
#10414 = DIRECTION('',(-0.,0.,-1.));
#10415 = DIRECTION('',(-0.,-1.,0.));
#10416 = FACE_BOUND('',#10417,.F.);
#10417 = EDGE_LOOP('',(#10418));
#10418 = ORIENTED_EDGE('',*,*,#10419,.T.);
#10419 = EDGE_CURVE('',#10420,#10420,#10422,.T.);
#10420 = VERTEX_POINT('',#10421);
#10421 = CARTESIAN_POINT('',(162.46,-99.61,0.));
#10422 = CIRCLE('',#10423,0.55);
#10423 = AXIS2_PLACEMENT_3D('',#10424,#10425,#10426);
#10424 = CARTESIAN_POINT('',(162.46,-99.06,0.));
#10425 = DIRECTION('',(-0.,0.,-1.));
#10426 = DIRECTION('',(5.167583532801E-14,-1.,-0.));
#10427 = FACE_BOUND('',#10428,.F.);
#10428 = EDGE_LOOP('',(#10429));
#10429 = ORIENTED_EDGE('',*,*,#10430,.T.);
#10430 = EDGE_CURVE('',#10431,#10431,#10433,.T.);
#10431 = VERTEX_POINT('',#10432);
#10432 = CARTESIAN_POINT('',(130.9,-86.6,0.));
#10433 = CIRCLE('',#10434,1.6);
#10434 = AXIS2_PLACEMENT_3D('',#10435,#10436,#10437);
#10435 = CARTESIAN_POINT('',(130.9,-85.,0.));
#10436 = DIRECTION('',(-0.,0.,-1.));
#10437 = DIRECTION('',(-0.,-1.,0.));
#10438 = FACE_BOUND('',#10439,.F.);
#10439 = EDGE_LOOP('',(#10440));
#10440 = ORIENTED_EDGE('',*,*,#10441,.T.);
#10441 = EDGE_CURVE('',#10442,#10442,#10444,.T.);
#10442 = VERTEX_POINT('',#10443);
#10443 = CARTESIAN_POINT('',(160.3,-97.03,0.));
#10444 = CIRCLE('',#10445,0.51);
#10445 = AXIS2_PLACEMENT_3D('',#10446,#10447,#10448);
#10446 = CARTESIAN_POINT('',(160.3,-96.52,0.));
#10447 = DIRECTION('',(-0.,0.,-1.));
#10448 = DIRECTION('',(-0.,-1.,0.));
#10449 = FACE_BOUND('',#10450,.F.);
#10450 = EDGE_LOOP('',(#10451));
#10451 = ORIENTED_EDGE('',*,*,#10452,.T.);
#10452 = EDGE_CURVE('',#10453,#10453,#10455,.T.);
#10453 = VERTEX_POINT('',#10454);
#10454 = CARTESIAN_POINT('',(160.3,-94.49,0.));
#10455 = CIRCLE('',#10456,0.51);
#10456 = AXIS2_PLACEMENT_3D('',#10457,#10458,#10459);
#10457 = CARTESIAN_POINT('',(160.3,-93.98,0.));
#10458 = DIRECTION('',(-0.,0.,-1.));
#10459 = DIRECTION('',(-0.,-1.,0.));
#10460 = FACE_BOUND('',#10461,.F.);
#10461 = EDGE_LOOP('',(#10462));
#10462 = ORIENTED_EDGE('',*,*,#10463,.T.);
#10463 = EDGE_CURVE('',#10464,#10464,#10466,.T.);
#10464 = VERTEX_POINT('',#10465);
#10465 = CARTESIAN_POINT('',(162.1,-86.6,0.));
#10466 = CIRCLE('',#10467,1.6);
#10467 = AXIS2_PLACEMENT_3D('',#10468,#10469,#10470);
#10468 = CARTESIAN_POINT('',(162.1,-85.,0.));
#10469 = DIRECTION('',(-0.,0.,-1.));
#10470 = DIRECTION('',(-0.,-1.,0.));
#10471 = PLANE('',#10472);
#10472 = AXIS2_PLACEMENT_3D('',#10473,#10474,#10475);
#10473 = CARTESIAN_POINT('',(0.,0.,0.));
#10474 = DIRECTION('',(0.,0.,1.));
#10475 = DIRECTION('',(1.,0.,-0.));
#10476 = ADVANCED_FACE('',(#10477,#10488,#10499,#10510,#10521,#10532,
    #10543,#10554,#10565,#10576),#10587,.T.);
#10477 = FACE_BOUND('',#10478,.T.);
#10478 = EDGE_LOOP('',(#10479,#10480,#10481,#10487));
#10479 = ORIENTED_EDGE('',*,*,#10272,.F.);
#10480 = ORIENTED_EDGE('',*,*,#10312,.F.);
#10481 = ORIENTED_EDGE('',*,*,#10482,.F.);
#10482 = EDGE_CURVE('',#10335,#10305,#10483,.T.);
#10483 = LINE('',#10484,#10485);
#10484 = CARTESIAN_POINT('',(125.5,-79.7,1.51));
#10485 = VECTOR('',#10486,1.);
#10486 = DIRECTION('',(1.,0.,0.));
#10487 = ORIENTED_EDGE('',*,*,#10334,.F.);
#10488 = FACE_BOUND('',#10489,.T.);
#10489 = EDGE_LOOP('',(#10490));
#10490 = ORIENTED_EDGE('',*,*,#10491,.T.);
#10491 = EDGE_CURVE('',#10492,#10492,#10494,.T.);
#10492 = VERTEX_POINT('',#10493);
#10493 = CARTESIAN_POINT('',(130.9,-113.1,1.51));
#10494 = CIRCLE('',#10495,1.6);
#10495 = AXIS2_PLACEMENT_3D('',#10496,#10497,#10498);
#10496 = CARTESIAN_POINT('',(130.9,-111.5,1.51));
#10497 = DIRECTION('',(-0.,0.,-1.));
#10498 = DIRECTION('',(-0.,-1.,0.));
#10499 = FACE_BOUND('',#10500,.T.);
#10500 = EDGE_LOOP('',(#10501));
#10501 = ORIENTED_EDGE('',*,*,#10502,.T.);
#10502 = EDGE_CURVE('',#10503,#10503,#10505,.T.);
#10503 = VERTEX_POINT('',#10504);
#10504 = CARTESIAN_POINT('',(162.1,-113.1,1.51));
#10505 = CIRCLE('',#10506,1.6);
#10506 = AXIS2_PLACEMENT_3D('',#10507,#10508,#10509);
#10507 = CARTESIAN_POINT('',(162.1,-111.5,1.51));
#10508 = DIRECTION('',(-0.,0.,-1.));
#10509 = DIRECTION('',(-0.,-1.,0.));
#10510 = FACE_BOUND('',#10511,.T.);
#10511 = EDGE_LOOP('',(#10512));
#10512 = ORIENTED_EDGE('',*,*,#10513,.T.);
#10513 = EDGE_CURVE('',#10514,#10514,#10516,.T.);
#10514 = VERTEX_POINT('',#10515);
#10515 = CARTESIAN_POINT('',(160.3,-102.11,1.51));
#10516 = CIRCLE('',#10517,0.51);
#10517 = AXIS2_PLACEMENT_3D('',#10518,#10519,#10520);
#10518 = CARTESIAN_POINT('',(160.3,-101.6,1.51));
#10519 = DIRECTION('',(-0.,0.,-1.));
#10520 = DIRECTION('',(-0.,-1.,0.));
#10521 = FACE_BOUND('',#10522,.T.);
#10522 = EDGE_LOOP('',(#10523));
#10523 = ORIENTED_EDGE('',*,*,#10524,.T.);
#10524 = EDGE_CURVE('',#10525,#10525,#10527,.T.);
#10525 = VERTEX_POINT('',#10526);
#10526 = CARTESIAN_POINT('',(160.3,-99.57,1.51));
#10527 = CIRCLE('',#10528,0.51);
#10528 = AXIS2_PLACEMENT_3D('',#10529,#10530,#10531);
#10529 = CARTESIAN_POINT('',(160.3,-99.06,1.51));
#10530 = DIRECTION('',(-0.,0.,-1.));
#10531 = DIRECTION('',(-0.,-1.,0.));
#10532 = FACE_BOUND('',#10533,.T.);
#10533 = EDGE_LOOP('',(#10534));
#10534 = ORIENTED_EDGE('',*,*,#10535,.T.);
#10535 = EDGE_CURVE('',#10536,#10536,#10538,.T.);
#10536 = VERTEX_POINT('',#10537);
#10537 = CARTESIAN_POINT('',(162.46,-99.61,1.51));
#10538 = CIRCLE('',#10539,0.55);
#10539 = AXIS2_PLACEMENT_3D('',#10540,#10541,#10542);
#10540 = CARTESIAN_POINT('',(162.46,-99.06,1.51));
#10541 = DIRECTION('',(-0.,0.,-1.));
#10542 = DIRECTION('',(5.167583532801E-14,-1.,-0.));
#10543 = FACE_BOUND('',#10544,.T.);
#10544 = EDGE_LOOP('',(#10545));
#10545 = ORIENTED_EDGE('',*,*,#10546,.T.);
#10546 = EDGE_CURVE('',#10547,#10547,#10549,.T.);
#10547 = VERTEX_POINT('',#10548);
#10548 = CARTESIAN_POINT('',(130.9,-86.6,1.51));
#10549 = CIRCLE('',#10550,1.6);
#10550 = AXIS2_PLACEMENT_3D('',#10551,#10552,#10553);
#10551 = CARTESIAN_POINT('',(130.9,-85.,1.51));
#10552 = DIRECTION('',(-0.,0.,-1.));
#10553 = DIRECTION('',(-0.,-1.,0.));
#10554 = FACE_BOUND('',#10555,.T.);
#10555 = EDGE_LOOP('',(#10556));
#10556 = ORIENTED_EDGE('',*,*,#10557,.T.);
#10557 = EDGE_CURVE('',#10558,#10558,#10560,.T.);
#10558 = VERTEX_POINT('',#10559);
#10559 = CARTESIAN_POINT('',(160.3,-97.03,1.51));
#10560 = CIRCLE('',#10561,0.51);
#10561 = AXIS2_PLACEMENT_3D('',#10562,#10563,#10564);
#10562 = CARTESIAN_POINT('',(160.3,-96.52,1.51));
#10563 = DIRECTION('',(-0.,0.,-1.));
#10564 = DIRECTION('',(-0.,-1.,0.));
#10565 = FACE_BOUND('',#10566,.T.);
#10566 = EDGE_LOOP('',(#10567));
#10567 = ORIENTED_EDGE('',*,*,#10568,.T.);
#10568 = EDGE_CURVE('',#10569,#10569,#10571,.T.);
#10569 = VERTEX_POINT('',#10570);
#10570 = CARTESIAN_POINT('',(160.3,-94.49,1.51));
#10571 = CIRCLE('',#10572,0.51);
#10572 = AXIS2_PLACEMENT_3D('',#10573,#10574,#10575);
#10573 = CARTESIAN_POINT('',(160.3,-93.98,1.51));
#10574 = DIRECTION('',(-0.,0.,-1.));
#10575 = DIRECTION('',(-0.,-1.,0.));
#10576 = FACE_BOUND('',#10577,.T.);
#10577 = EDGE_LOOP('',(#10578));
#10578 = ORIENTED_EDGE('',*,*,#10579,.T.);
#10579 = EDGE_CURVE('',#10580,#10580,#10582,.T.);
#10580 = VERTEX_POINT('',#10581);
#10581 = CARTESIAN_POINT('',(162.1,-86.6,1.51));
#10582 = CIRCLE('',#10583,1.6);
#10583 = AXIS2_PLACEMENT_3D('',#10584,#10585,#10586);
#10584 = CARTESIAN_POINT('',(162.1,-85.,1.51));
#10585 = DIRECTION('',(-0.,0.,-1.));
#10586 = DIRECTION('',(-0.,-1.,0.));
#10587 = PLANE('',#10588);
#10588 = AXIS2_PLACEMENT_3D('',#10589,#10590,#10591);
#10589 = CARTESIAN_POINT('',(0.,0.,1.51));
#10590 = DIRECTION('',(0.,0.,1.));
#10591 = DIRECTION('',(1.,0.,-0.));
#10592 = ADVANCED_FACE('',(#10593),#10599,.T.);
#10593 = FACE_BOUND('',#10594,.T.);
#10594 = EDGE_LOOP('',(#10595,#10596,#10597,#10598));
#10595 = ORIENTED_EDGE('',*,*,#10342,.T.);
#10596 = ORIENTED_EDGE('',*,*,#10482,.T.);
#10597 = ORIENTED_EDGE('',*,*,#10302,.F.);
#10598 = ORIENTED_EDGE('',*,*,#10366,.F.);
#10599 = PLANE('',#10600);
#10600 = AXIS2_PLACEMENT_3D('',#10601,#10602,#10603);
#10601 = CARTESIAN_POINT('',(125.5,-79.7,0.));
#10602 = DIRECTION('',(0.,1.,0.));
#10603 = DIRECTION('',(1.,0.,0.));
#10604 = ADVANCED_FACE('',(#10605),#10616,.F.);
#10605 = FACE_BOUND('',#10606,.T.);
#10606 = EDGE_LOOP('',(#10607,#10608,#10614,#10615));
#10607 = ORIENTED_EDGE('',*,*,#10375,.T.);
#10608 = ORIENTED_EDGE('',*,*,#10609,.T.);
#10609 = EDGE_CURVE('',#10376,#10492,#10610,.T.);
#10610 = LINE('',#10611,#10612);
#10611 = CARTESIAN_POINT('',(130.9,-113.1,-4.6E-02));
#10612 = VECTOR('',#10613,1.);
#10613 = DIRECTION('',(0.,0.,1.));
#10614 = ORIENTED_EDGE('',*,*,#10491,.F.);
#10615 = ORIENTED_EDGE('',*,*,#10609,.F.);
#10616 = CYLINDRICAL_SURFACE('',#10617,1.6);
#10617 = AXIS2_PLACEMENT_3D('',#10618,#10619,#10620);
#10618 = CARTESIAN_POINT('',(130.9,-111.5,-4.6E-02));
#10619 = DIRECTION('',(-0.,-0.,-1.));
#10620 = DIRECTION('',(-0.,-1.,0.));
#10621 = ADVANCED_FACE('',(#10622),#10633,.F.);
#10622 = FACE_BOUND('',#10623,.T.);
#10623 = EDGE_LOOP('',(#10624,#10625,#10631,#10632));
#10624 = ORIENTED_EDGE('',*,*,#10386,.T.);
#10625 = ORIENTED_EDGE('',*,*,#10626,.T.);
#10626 = EDGE_CURVE('',#10387,#10503,#10627,.T.);
#10627 = LINE('',#10628,#10629);
#10628 = CARTESIAN_POINT('',(162.1,-113.1,-4.6E-02));
#10629 = VECTOR('',#10630,1.);
#10630 = DIRECTION('',(0.,0.,1.));
#10631 = ORIENTED_EDGE('',*,*,#10502,.F.);
#10632 = ORIENTED_EDGE('',*,*,#10626,.F.);
#10633 = CYLINDRICAL_SURFACE('',#10634,1.6);
#10634 = AXIS2_PLACEMENT_3D('',#10635,#10636,#10637);
#10635 = CARTESIAN_POINT('',(162.1,-111.5,-4.6E-02));
#10636 = DIRECTION('',(-0.,-0.,-1.));
#10637 = DIRECTION('',(-0.,-1.,0.));
#10638 = ADVANCED_FACE('',(#10639),#10650,.F.);
#10639 = FACE_BOUND('',#10640,.T.);
#10640 = EDGE_LOOP('',(#10641,#10642,#10648,#10649));
#10641 = ORIENTED_EDGE('',*,*,#10397,.T.);
#10642 = ORIENTED_EDGE('',*,*,#10643,.T.);
#10643 = EDGE_CURVE('',#10398,#10514,#10644,.T.);
#10644 = LINE('',#10645,#10646);
#10645 = CARTESIAN_POINT('',(160.3,-102.11,-4.6E-02));
#10646 = VECTOR('',#10647,1.);
#10647 = DIRECTION('',(0.,0.,1.));
#10648 = ORIENTED_EDGE('',*,*,#10513,.F.);
#10649 = ORIENTED_EDGE('',*,*,#10643,.F.);
#10650 = CYLINDRICAL_SURFACE('',#10651,0.51);
#10651 = AXIS2_PLACEMENT_3D('',#10652,#10653,#10654);
#10652 = CARTESIAN_POINT('',(160.3,-101.6,-4.6E-02));
#10653 = DIRECTION('',(-0.,-0.,-1.));
#10654 = DIRECTION('',(-0.,-1.,0.));
#10655 = ADVANCED_FACE('',(#10656),#10667,.F.);
#10656 = FACE_BOUND('',#10657,.T.);
#10657 = EDGE_LOOP('',(#10658,#10659,#10665,#10666));
#10658 = ORIENTED_EDGE('',*,*,#10408,.T.);
#10659 = ORIENTED_EDGE('',*,*,#10660,.T.);
#10660 = EDGE_CURVE('',#10409,#10525,#10661,.T.);
#10661 = LINE('',#10662,#10663);
#10662 = CARTESIAN_POINT('',(160.3,-99.57,-4.6E-02));
#10663 = VECTOR('',#10664,1.);
#10664 = DIRECTION('',(0.,0.,1.));
#10665 = ORIENTED_EDGE('',*,*,#10524,.F.);
#10666 = ORIENTED_EDGE('',*,*,#10660,.F.);
#10667 = CYLINDRICAL_SURFACE('',#10668,0.51);
#10668 = AXIS2_PLACEMENT_3D('',#10669,#10670,#10671);
#10669 = CARTESIAN_POINT('',(160.3,-99.06,-4.6E-02));
#10670 = DIRECTION('',(-0.,-0.,-1.));
#10671 = DIRECTION('',(-0.,-1.,0.));
#10672 = ADVANCED_FACE('',(#10673),#10684,.F.);
#10673 = FACE_BOUND('',#10674,.T.);
#10674 = EDGE_LOOP('',(#10675,#10676,#10682,#10683));
#10675 = ORIENTED_EDGE('',*,*,#10419,.T.);
#10676 = ORIENTED_EDGE('',*,*,#10677,.T.);
#10677 = EDGE_CURVE('',#10420,#10536,#10678,.T.);
#10678 = LINE('',#10679,#10680);
#10679 = CARTESIAN_POINT('',(162.46,-99.61,-4.6E-02));
#10680 = VECTOR('',#10681,1.);
#10681 = DIRECTION('',(0.,0.,1.));
#10682 = ORIENTED_EDGE('',*,*,#10535,.F.);
#10683 = ORIENTED_EDGE('',*,*,#10677,.F.);
#10684 = CYLINDRICAL_SURFACE('',#10685,0.55);
#10685 = AXIS2_PLACEMENT_3D('',#10686,#10687,#10688);
#10686 = CARTESIAN_POINT('',(162.46,-99.06,-4.6E-02));
#10687 = DIRECTION('',(-0.,0.,-1.));
#10688 = DIRECTION('',(5.167583532801E-14,-1.,-0.));
#10689 = ADVANCED_FACE('',(#10690),#10701,.F.);
#10690 = FACE_BOUND('',#10691,.T.);
#10691 = EDGE_LOOP('',(#10692,#10693,#10699,#10700));
#10692 = ORIENTED_EDGE('',*,*,#10430,.T.);
#10693 = ORIENTED_EDGE('',*,*,#10694,.T.);
#10694 = EDGE_CURVE('',#10431,#10547,#10695,.T.);
#10695 = LINE('',#10696,#10697);
#10696 = CARTESIAN_POINT('',(130.9,-86.6,-4.6E-02));
#10697 = VECTOR('',#10698,1.);
#10698 = DIRECTION('',(0.,0.,1.));
#10699 = ORIENTED_EDGE('',*,*,#10546,.F.);
#10700 = ORIENTED_EDGE('',*,*,#10694,.F.);
#10701 = CYLINDRICAL_SURFACE('',#10702,1.6);
#10702 = AXIS2_PLACEMENT_3D('',#10703,#10704,#10705);
#10703 = CARTESIAN_POINT('',(130.9,-85.,-4.6E-02));
#10704 = DIRECTION('',(-0.,-0.,-1.));
#10705 = DIRECTION('',(-0.,-1.,0.));
#10706 = ADVANCED_FACE('',(#10707),#10718,.F.);
#10707 = FACE_BOUND('',#10708,.T.);
#10708 = EDGE_LOOP('',(#10709,#10710,#10716,#10717));
#10709 = ORIENTED_EDGE('',*,*,#10441,.T.);
#10710 = ORIENTED_EDGE('',*,*,#10711,.T.);
#10711 = EDGE_CURVE('',#10442,#10558,#10712,.T.);
#10712 = LINE('',#10713,#10714);
#10713 = CARTESIAN_POINT('',(160.3,-97.03,-4.6E-02));
#10714 = VECTOR('',#10715,1.);
#10715 = DIRECTION('',(0.,0.,1.));
#10716 = ORIENTED_EDGE('',*,*,#10557,.F.);
#10717 = ORIENTED_EDGE('',*,*,#10711,.F.);
#10718 = CYLINDRICAL_SURFACE('',#10719,0.51);
#10719 = AXIS2_PLACEMENT_3D('',#10720,#10721,#10722);
#10720 = CARTESIAN_POINT('',(160.3,-96.52,-4.6E-02));
#10721 = DIRECTION('',(-0.,-0.,-1.));
#10722 = DIRECTION('',(-0.,-1.,0.));
#10723 = ADVANCED_FACE('',(#10724),#10735,.F.);
#10724 = FACE_BOUND('',#10725,.T.);
#10725 = EDGE_LOOP('',(#10726,#10727,#10733,#10734));
#10726 = ORIENTED_EDGE('',*,*,#10452,.T.);
#10727 = ORIENTED_EDGE('',*,*,#10728,.T.);
#10728 = EDGE_CURVE('',#10453,#10569,#10729,.T.);
#10729 = LINE('',#10730,#10731);
#10730 = CARTESIAN_POINT('',(160.3,-94.49,-4.6E-02));
#10731 = VECTOR('',#10732,1.);
#10732 = DIRECTION('',(0.,0.,1.));
#10733 = ORIENTED_EDGE('',*,*,#10568,.F.);
#10734 = ORIENTED_EDGE('',*,*,#10728,.F.);
#10735 = CYLINDRICAL_SURFACE('',#10736,0.51);
#10736 = AXIS2_PLACEMENT_3D('',#10737,#10738,#10739);
#10737 = CARTESIAN_POINT('',(160.3,-93.98,-4.6E-02));
#10738 = DIRECTION('',(-0.,-0.,-1.));
#10739 = DIRECTION('',(-0.,-1.,0.));
#10740 = ADVANCED_FACE('',(#10741),#10752,.F.);
#10741 = FACE_BOUND('',#10742,.T.);
#10742 = EDGE_LOOP('',(#10743,#10744,#10750,#10751));
#10743 = ORIENTED_EDGE('',*,*,#10463,.T.);
#10744 = ORIENTED_EDGE('',*,*,#10745,.T.);
#10745 = EDGE_CURVE('',#10464,#10580,#10746,.T.);
#10746 = LINE('',#10747,#10748);
#10747 = CARTESIAN_POINT('',(162.1,-86.6,-4.6E-02));
#10748 = VECTOR('',#10749,1.);
#10749 = DIRECTION('',(0.,0.,1.));
#10750 = ORIENTED_EDGE('',*,*,#10579,.F.);
#10751 = ORIENTED_EDGE('',*,*,#10745,.F.);
#10752 = CYLINDRICAL_SURFACE('',#10753,1.6);
#10753 = AXIS2_PLACEMENT_3D('',#10754,#10755,#10756);
#10754 = CARTESIAN_POINT('',(162.1,-85.,-4.6E-02));
#10755 = DIRECTION('',(-0.,-0.,-1.));
#10756 = DIRECTION('',(-0.,-1.,0.));
#10757 = ( GEOMETRIC_REPRESENTATION_CONTEXT(3) 
GLOBAL_UNCERTAINTY_ASSIGNED_CONTEXT((#10761)) 
GLOBAL_UNIT_ASSIGNED_CONTEXT((#10758,#10759,#10760)) 
REPRESENTATION_CONTEXT('Context #1',
  '3D Context with UNIT and UNCERTAINTY') );
#10758 = ( LENGTH_UNIT() NAMED_UNIT(*) SI_UNIT(.MILLI.,.METRE.) );
#10759 = ( NAMED_UNIT(*) PLANE_ANGLE_UNIT() SI_UNIT($,.RADIAN.) );
#10760 = ( NAMED_UNIT(*) SI_UNIT($,.STERADIAN.) SOLID_ANGLE_UNIT() );
#10761 = UNCERTAINTY_MEASURE_WITH_UNIT(LENGTH_MEASURE(1.E-07),#10758,
  'distance_accuracy_value','confusion accuracy');
#10762 = CONTEXT_DEPENDENT_SHAPE_REPRESENTATION(#10763,#10765);
#10763 = ( REPRESENTATION_RELATIONSHIP('','',#10255,#10) 
REPRESENTATION_RELATIONSHIP_WITH_TRANSFORMATION(#10764) 
SHAPE_REPRESENTATION_RELATIONSHIP() );
#10764 = ITEM_DEFINED_TRANSFORMATION('','',#11,#35);
#10765 = PRODUCT_DEFINITION_SHAPE('Placement','Placement of an item',
  #10766);
#10766 = NEXT_ASSEMBLY_USAGE_OCCURRENCE('6','=>[0:1:1:6]','',#5,#10250,$
  );
#10767 = PRODUCT_RELATED_PRODUCT_CATEGORY('part',$,(#10252));
#10768 = MECHANICAL_DESIGN_GEOMETRIC_PRESENTATION_REPRESENTATION('',(
    #10769),#10757);
#10769 = STYLED_ITEM('color',(#10770),#10256);
#10770 = PRESENTATION_STYLE_ASSIGNMENT((#10771));
#10771 = SURFACE_STYLE_USAGE(.BOTH.,#10772);
#10772 = SURFACE_SIDE_STYLE('',(#10773));
#10773 = SURFACE_STYLE_FILL_AREA(#10774);
#10774 = FILL_AREA_STYLE('',(#10775));
#10775 = FILL_AREA_STYLE_COLOUR('',#10776);
#10776 = COLOUR_RGB('',0.313304153717,0.484529207832,0.410020903123);
ENDSEC;
END-ISO-10303-21;
