ISO-10303-21;
HEADER;
FILE_DESCRIPTION (( 'STEP AP214' ),
    '1' );
FILE_NAME ('21.250.850.10.950.5Brown.STEP',
    '2024-09-28T17:04:57',
    ( 'LENOVO' ),
    ( '' ),
    'SwSTEP 2.0',
    'SolidWorks 2021',
    '' );
FILE_SCHEMA (( 'AUTOMOTIVE_DESIGN' ));
ENDSEC;

DATA;
#1 = DIRECTION ( 'NONE',  ( 0.000000000000000000, -1.000000000000000000, 0.000000000000000000 ) ) ;
#2 = AXIS2_PLACEMENT_3D ( 'NONE', #45, #575, #472 ) ;
#3 = EDGE_LOOP ( 'NONE', ( #177, #945, #909, #509 ) ) ;
#4 = DIRECTION ( 'NONE',  ( 0.000000000000000000, 0.000000000000000000, 1.000000000000000000 ) ) ;
#5 = CARTESIAN_POINT ( 'NONE',  ( 0.4999999999881765689, 0.05000000000000023870, 0.6083333333333329485 ) ) ;
#6 = FILL_AREA_STYLE_COLOUR ( '', #553 ) ;
#7 = DIRECTION ( 'NONE',  ( 0.000000000000000000, 0.000000000000000000, 1.000000000000000000 ) ) ;
#8 = EDGE_CURVE ( 'NONE', #594, #716, #1266, .T. ) ;
#9 = CARTESIAN_POINT ( 'NONE',  ( 0.000000000000000000, 0.000000000000000000, 0.5749999999999994005 ) ) ;
#10 = ADVANCED_FACE ( 'NONE', ( #802 ), #301, .T. ) ;
#11 = DIRECTION ( 'NONE',  ( -1.000000000000000000, 0.000000000000000000, 0.000000000000000000 ) ) ;
#12 =( GEOMETRIC_REPRESENTATION_CONTEXT ( 3 ) GLOBAL_UNCERTAINTY_ASSIGNED_CONTEXT ( ( #686 ) ) GLOBAL_UNIT_ASSIGNED_CONTEXT ( ( #1393, #271, #217 ) ) REPRESENTATION_CONTEXT ( 'NONE', 'WORKASPACE' ) );
#13 = DIRECTION ( 'NONE',  ( 1.000000000000000000, 0.000000000000000000, 0.000000000000000000 ) ) ;
#14 = CARTESIAN_POINT ( 'NONE',  ( -0.9499999999999999556, 0.05000000000000000278, 0.5749999999999994005 ) ) ;
#15 = AXIS2_PLACEMENT_3D ( 'NONE', #512, #1, #758 ) ;
#16 = VERTEX_POINT ( 'NONE', #5 ) ;
#17 = ADVANCED_FACE ( 'NONE', ( #1279 ), #333, .T. ) ;
#18 = ORIENTED_EDGE ( 'NONE', *, *, #1262, .T. ) ;
#19 = DIRECTION ( 'NONE',  ( 0.000000000000000000, -1.000000000000000000, 0.000000000000000000 ) ) ;
#20 = DIRECTION ( 'NONE',  ( 0.000000000000000000, 0.000000000000000000, -1.000000000000000000 ) ) ;
#21 = CIRCLE ( 'NONE', #440, 0.05000000000000002359 ) ;
#22 = FACE_OUTER_BOUND ( 'NONE', #521, .T. ) ;
#23 = EDGE_LOOP ( 'NONE', ( #1089, #1079, #552 ) ) ;
#24 = CARTESIAN_POINT ( 'NONE',  ( -0.5000000000000000000, 0.9000000000000000222, 0.5749999999999994005 ) ) ;
#25 = STYLED_ITEM ( 'NONE', ( #95 ), #740 ) ;
#26 =( NAMED_UNIT ( * ) PLANE_ANGLE_UNIT ( ) SI_UNIT ( $, .RADIAN. ) );
#27 = PRESENTATION_STYLE_ASSIGNMENT (( #530 ) ) ;
#28 = DIRECTION ( 'NONE',  ( -1.000000000000000000, -0.000000000000000000, -0.000000000000000000 ) ) ;
#29 = ORIENTED_EDGE ( 'NONE', *, *, #153, .T. ) ;
#30 = EDGE_CURVE ( 'NONE', #484, #1402, #312, .T. ) ;
#31 = DIRECTION ( 'NONE',  ( -0.000000000000000000, -1.000000000000000000, -0.000000000000000000 ) ) ;
#32 = DIRECTION ( 'NONE',  ( -0.000000000000000000, 0.000000000000000000, -1.000000000000000000 ) ) ;
#33 = CLOSED_SHELL ( 'NONE', ( #1103, #1428, #1287, #101, #343, #1337, #453, #186, #1107, #891 ) ) ;
#34 = MECHANICAL_DESIGN_GEOMETRIC_PRESENTATION_REPRESENTATION (  '', ( #606 ), #1408 ) ;
#35 = FACE_OUTER_BOUND ( 'NONE', #174, .T. ) ;
#36 = VERTEX_POINT ( 'NONE', #223 ) ;
#37 =( NAMED_UNIT ( * ) SI_UNIT ( $, .STERADIAN. ) SOLID_ANGLE_UNIT ( ) );
#38 = PLANE ( 'NONE',  #63 ) ;
#39 = ORIENTED_EDGE ( 'NONE', *, *, #1371, .F. ) ;
#40 = CARTESIAN_POINT ( 'NONE',  ( -0.9500000000000001776, 0.05000000000000000278, -0.5749999999999998446 ) ) ;
#41 = CARTESIAN_POINT ( 'NONE',  ( 0.5000000000000000000, 0.9499999999999999556, 0.5749999999999992895 ) ) ;
#42 = DIRECTION ( 'NONE',  ( -1.000000000000000000, 0.000000000000000000, 0.000000000000000000 ) ) ;
#43 = AXIS2_PLACEMENT_3D ( 'NONE', #167, #387, #522 ) ;
#44 = AXIS2_PLACEMENT_3D ( 'NONE', #582, #1051, #469 ) ;
#45 = CARTESIAN_POINT ( 'NONE',  ( 500000.0000000000582, 0.9333333333333333481, -0.5750000000433678204 ) ) ;
#46 = VECTOR ( 'NONE', #732, 1000.000000000000000 ) ;
#47 = EDGE_CURVE ( 'NONE', #600, #804, #287, .T. ) ;
#48 = EDGE_CURVE ( 'NONE', #149, #359, #298, .T. ) ;
#49 = DIRECTION ( 'NONE',  ( 0.000000000000000000, 0.000000000000000000, 1.000000000000000000 ) ) ;
#50 = AXIS2_PLACEMENT_3D ( 'NONE', #1035, #953, #398 ) ;
#51 = ORIENTED_EDGE ( 'NONE', *, *, #404, .F. ) ;
#52 = ORIENTED_EDGE ( 'NONE', *, *, #485, .F. ) ;
#53 = ORIENTED_EDGE ( 'NONE', *, *, #1234, .T. ) ;
#54 = DIRECTION ( 'NONE',  ( 1.734723475976808574E-16, -0.000000000000000000, 1.000000000000000000 ) ) ;
#55 = APPLICATION_CONTEXT ( 'automotive_design' ) ;
#56 = CARTESIAN_POINT ( 'NONE',  ( 1.000000000000000000, 0.9000000000000000222, 0.6249999999999994449 ) ) ;
#57 = MECHANICAL_DESIGN_GEOMETRIC_PRESENTATION_REPRESENTATION (  '', ( #830 ), #615 ) ;
#58 = CARTESIAN_POINT ( 'NONE',  ( 0.000000000000000000, 0.000000000000000000, -0.5749999999999998446 ) ) ;
#59 = VERTEX_POINT ( 'NONE', #1125 ) ;
#60 = ORIENTED_EDGE ( 'NONE', *, *, #921, .F. ) ;
#61 = DIRECTION ( 'NONE',  ( 1.000000000000000000, 0.000000000000000000, 1.734723475976808574E-16 ) ) ;
#62 = EDGE_CURVE ( 'NONE', #933, #958, #1250, .T. ) ;
#63 = AXIS2_PLACEMENT_3D ( 'NONE', #788, #466, #150 ) ;
#64 = CARTESIAN_POINT ( 'NONE',  ( -0.9500000000000000666, 0.000000000000000000, 1.647987302177968465E-16 ) ) ;
#65 = CYLINDRICAL_SURFACE ( 'NONE', #450, 0.03333333333333334675 ) ;
#66 = DIRECTION ( 'NONE',  ( -1.000000000000000000, -0.000000000000000000, 8.673617379884036705E-17 ) ) ;
#67 = DIRECTION ( 'NONE',  ( 1.000000000000000000, 0.000000000000000000, 0.000000000000000000 ) ) ;
#68 = FACE_OUTER_BOUND ( 'NONE', #1036, .T. ) ;
#69 = ORIENTED_EDGE ( 'NONE', *, *, #254, .T. ) ;
#70 = DIRECTION ( 'NONE',  ( 0.000000000000000000, 0.000000000000000000, 1.000000000000000000 ) ) ;
#71 = DIRECTION ( 'NONE',  ( -1.000000000000000000, 0.000000000000000000, 0.000000000000000000 ) ) ;
#72 = PLANE ( 'NONE',  #835 ) ;
#73 =( LENGTH_UNIT ( ) NAMED_UNIT ( * ) SI_UNIT ( .MILLI., .METRE. ) );
#74 =( GEOMETRIC_REPRESENTATION_CONTEXT ( 3 ) GLOBAL_UNCERTAINTY_ASSIGNED_CONTEXT ( ( #1044 ) ) GLOBAL_UNIT_ASSIGNED_CONTEXT ( ( #73, #292, #634 ) ) REPRESENTATION_CONTEXT ( 'NONE', 'WORKASPACE' ) );
#75 = EDGE_CURVE ( 'NONE', #121, #958, #1255, .T. ) ;
#76 = LINE ( 'NONE', #56, #548 ) ;
#77 = VERTEX_POINT ( 'NONE', #1257 ) ;
#78 = DIRECTION ( 'NONE',  ( -1.000000000000000000, 0.000000000000000000, -0.000000000000000000 ) ) ;
#79 = LINE ( 'NONE', #861, #46 ) ;
#80 = EDGE_LOOP ( 'NONE', ( #168, #826, #1321 ) ) ;
#81 = CARTESIAN_POINT ( 'NONE',  ( 0.9500000000000001776, 0.05000000000000002359, -0.6249999999999998890 ) ) ;
#82 = PRESENTATION_STYLE_ASSIGNMENT (( #947 ) ) ;
#83 = ORIENTED_EDGE ( 'NONE', *, *, #682, .T. ) ;
#84 = PRODUCT_DEFINITION_SHAPE ( 'NONE', 'NONE',  #487 ) ;
#85 = ADVANCED_FACE ( 'NONE', ( #1295 ), #1263, .T. ) ;
#86 = EDGE_LOOP ( 'NONE', ( #498, #1143, #18, #1009 ) ) ;
#87 = ORIENTED_EDGE ( 'NONE', *, *, #839, .T. ) ;
#88 = CARTESIAN_POINT ( 'NONE',  ( -0.5000000000000000000, 0.05000000000000002359, 0.5749999999999994005 ) ) ;
#89 = STYLED_ITEM ( 'NONE', ( #818 ), #186 ) ;
#90 = EDGE_LOOP ( 'NONE', ( #113, #319, #731, #576 ) ) ;
#91 = DIRECTION ( 'NONE',  ( 0.000000000000000000, 0.000000000000000000, -1.000000000000000000 ) ) ;
#92 = CARTESIAN_POINT ( 'NONE',  ( -0.5000000000000002220, 0.9000000000000000222, -0.5749999999999998446 ) ) ;
#93 = EDGE_LOOP ( 'NONE', ( #1412, #629, #644, #1422 ) ) ;
#94 = SURFACE_SIDE_STYLE ('',( #982 ) ) ;
#95 = PRESENTATION_STYLE_ASSIGNMENT (( #1294 ) ) ;
#96 = ORIENTED_EDGE ( 'NONE', *, *, #1091, .F. ) ;
#97 = EDGE_CURVE ( 'NONE', #170, #142, #1272, .T. ) ;
#98 = PRESENTATION_LAYER_ASSIGNMENT (  '', '', ( #1094 ) ) ;
#99 = CIRCLE ( 'NONE', #240, 0.05000000000000002359 ) ;
#100 = VERTEX_POINT ( 'NONE', #805 ) ;
#101 = ADVANCED_FACE ( 'NONE', ( #781 ), #332, .T. ) ;
#102 = CARTESIAN_POINT ( 'NONE',  ( 0.5000000000000002220, 0.9000000000000000222, -0.6249999999999998890 ) ) ;
#103 = CYLINDRICAL_SURFACE ( 'NONE', #1081, 0.05000000000000002359 ) ;
#104 = ORIENTED_EDGE ( 'NONE', *, *, #276, .T. ) ;
#105 = SURFACE_SIDE_STYLE ('',( #1061 ) ) ;
#106 = LINE ( 'NONE', #275, #1084 ) ;
#107 = CARTESIAN_POINT ( 'NONE',  ( 500000.0000000000582, 0.01666666666666666644, 0.5749999999566313136 ) ) ;
#108 = EDGE_LOOP ( 'NONE', ( #756, #914, #558, #776 ) ) ;
#109 = CARTESIAN_POINT ( 'NONE',  ( -1.000000000000000222, 0.05000000000000002359, -0.6249999999999998890 ) ) ;
#110 = FACE_OUTER_BOUND ( 'NONE', #108, .T. ) ;
#111 = ORIENTED_EDGE ( 'NONE', *, *, #8, .T. ) ;
#112 = MECHANICAL_DESIGN_GEOMETRIC_PRESENTATION_REPRESENTATION (  '', ( #290 ), #1172 ) ;
#113 = ORIENTED_EDGE ( 'NONE', *, *, #48, .F. ) ;
#114 = AXIS2_PLACEMENT_3D ( 'NONE', #1186, #32, #949 ) ;
#115 = EDGE_LOOP ( 'NONE', ( #143, #128, #1048, #1069 ) ) ;
#116 = FILL_AREA_STYLE_COLOUR ( '', #1254 ) ;
#117 = ORIENTED_EDGE ( 'NONE', *, *, #921, .T. ) ;
#118 = CARTESIAN_POINT ( 'NONE',  ( -0.9499999999999999556, 0.05000000000000002359, 0.5749999999999994005 ) ) ;
#119 = DIRECTION ( 'NONE',  ( 0.000000000000000000, 0.000000000000000000, 1.000000000000000000 ) ) ;
#120 = AXIS2_PLACEMENT_3D ( 'NONE', #40, #1372, #579 ) ;
#121 = VERTEX_POINT ( 'NONE', #1269 ) ;
#122 = AXIS2_PLACEMENT_3D ( 'NONE', #689, #900, #141 ) ;
#123 = VECTOR ( 'NONE', #414, 1000.000000000000000 ) ;
#124 = ORIENTED_EDGE ( 'NONE', *, *, #816, .F. ) ;
#125 = FACE_OUTER_BOUND ( 'NONE', #614, .T. ) ;
#126 = EDGE_LOOP ( 'NONE', ( #1116, #340, #493, #158 ) ) ;
#127 = SURFACE_STYLE_USAGE ( .BOTH. , #1142 ) ;
#128 = ORIENTED_EDGE ( 'NONE', *, *, #936, .F. ) ;
#129 = DIRECTION ( 'NONE',  ( 1.000000000000000000, 0.000000000000000000, 0.000000000000000000 ) ) ;
#130 = DIRECTION ( 'NONE',  ( -1.000000000000000000, 0.000000000000000000, 0.000000000000000000 ) ) ;
#131 = AXIS2_PLACEMENT_3D ( 'NONE', #630, #856, #1418 ) ;
#132 = CIRCLE ( 'NONE', #274, 0.05000000000000002359 ) ;
#133 = VERTEX_POINT ( 'NONE', #1176 ) ;
#134 = AXIS2_PLACEMENT_3D ( 'NONE', #155, #476, #1038 ) ;
#135 = EDGE_LOOP ( 'NONE', ( #52, #1136, #53, #181 ) ) ;
#136 = ORIENTED_EDGE ( 'NONE', *, *, #1213, .F. ) ;
#137 = CARTESIAN_POINT ( 'NONE',  ( -1.000000000000000000, 0.9000000000000000222, 0.6249999999999994449 ) ) ;
#138 = VERTEX_POINT ( 'NONE', #938 ) ;
#139 =( NAMED_UNIT ( * ) SI_UNIT ( $, .STERADIAN. ) SOLID_ANGLE_UNIT ( ) );
#140 = MECHANICAL_DESIGN_GEOMETRIC_PRESENTATION_REPRESENTATION (  '', ( #216 ), #12 ) ;
#141 = DIRECTION ( 'NONE',  ( 1.000000000000000000, 0.000000000000000000, 0.000000000000000000 ) ) ;
#142 = VERTEX_POINT ( 'NONE', #581 ) ;
#143 = ORIENTED_EDGE ( 'NONE', *, *, #471, .F. ) ;
#144 = DIRECTION ( 'NONE',  ( 1.000000000000000000, 0.000000000000000000, -1.734723475976808574E-16 ) ) ;
#145 = DIRECTION ( 'NONE',  ( 0.000000000000000000, 0.000000000000000000, 1.000000000000000000 ) ) ;
#146 = VERTEX_POINT ( 'NONE', #1247 ) ;
#147 = UNCERTAINTY_MEASURE_WITH_UNIT (LENGTH_MEASURE( 1.000000000000000082E-05 ), #148, 'distance_accuracy_value', 'NONE');
#148 =( LENGTH_UNIT ( ) NAMED_UNIT ( * ) SI_UNIT ( .MILLI., .METRE. ) );
#149 = VERTEX_POINT ( 'NONE', #266 ) ;
#150 = DIRECTION ( 'NONE',  ( 0.000000000000000000, -0.000000000000000000, 1.000000000000000000 ) ) ;
#151 = ORIENTED_EDGE ( 'NONE', *, *, #954, .F. ) ;
#152 = ORIENTED_EDGE ( 'NONE', *, *, #778, .F. ) ;
#153 = EDGE_CURVE ( 'NONE', #490, #958, #344, .T. ) ;
#154 =( NAMED_UNIT ( * ) SI_UNIT ( $, .STERADIAN. ) SOLID_ANGLE_UNIT ( ) );
#155 = CARTESIAN_POINT ( 'NONE',  ( 0.4999999999881765689, 0.05000000000000002359, -0.5749999999999997335 ) ) ;
#156 = DIRECTION ( 'NONE',  ( -1.000000000000000000, 0.000000000000000000, 0.000000000000000000 ) ) ;
#157 = ORIENTED_EDGE ( 'NONE', *, *, #75, .F. ) ;
#158 = ORIENTED_EDGE ( 'NONE', *, *, #1354, .F. ) ;
#159 = CARTESIAN_POINT ( 'NONE',  ( -1.000000000000000222, 0.9000000000000000222, -0.6249999999999998890 ) ) ;
#160 = CARTESIAN_POINT ( 'NONE',  ( 500000.0000000000582, 0.05000000000000003053, -0.6083333333767012574 ) ) ;
#161 = CARTESIAN_POINT ( 'NONE',  ( 0.4999999999881765689, 0.01666666666666666644, 0.5749999998698952508 ) ) ;
#162 = ORIENTED_EDGE ( 'NONE', *, *, #1068, .T. ) ;
#163 = EDGE_LOOP ( 'NONE', ( #907, #1390, #905, #503 ) ) ;
#164 = VERTEX_POINT ( 'NONE', #363 ) ;
#165 = AXIS2_PLACEMENT_3D ( 'NONE', #463, #31, #684 ) ;
#166 = ORIENTED_EDGE ( 'NONE', *, *, #983, .F. ) ;
#167 = CARTESIAN_POINT ( 'NONE',  ( 500000.0000000000582, 0.9000000000000000222, -0.5750000000433678204 ) ) ;
#168 = ORIENTED_EDGE ( 'NONE', *, *, #376, .T. ) ;
#169 = VECTOR ( 'NONE', #54, 1000.000000000000000 ) ;
#170 = VERTEX_POINT ( 'NONE', #713 ) ;
#171 = FACE_OUTER_BOUND ( 'NONE', #3, .T. ) ;
#172 = SURFACE_STYLE_USAGE ( .BOTH. , #200 ) ;
#173 = EDGE_CURVE ( 'NONE', #1092, #1045, #339, .T. ) ;
#174 = EDGE_LOOP ( 'NONE', ( #124, #1256, #412, #1290 ) ) ;
#175 = PRESENTATION_LAYER_ASSIGNMENT (  '', '', ( #1018 ) ) ;
#176 = PRESENTATION_STYLE_ASSIGNMENT (( #1207 ) ) ;
#177 = ORIENTED_EDGE ( 'NONE', *, *, #1424, .F. ) ;
#178 = VECTOR ( 'NONE', #944, 1000.000000000000000 ) ;
#179 = LINE ( 'NONE', #1155, #197 ) ;
#180 = DIRECTION ( 'NONE',  ( 1.734723475976808574E-16, -0.000000000000000000, 1.000000000000000000 ) ) ;
#181 = ORIENTED_EDGE ( 'NONE', *, *, #542, .F. ) ;
#182 = FACE_OUTER_BOUND ( 'NONE', #929, .T. ) ;
#183 = UNCERTAINTY_MEASURE_WITH_UNIT (LENGTH_MEASURE( 1.000000000000000082E-05 ), #1193, 'distance_accuracy_value', 'NONE');
#184 = FACE_OUTER_BOUND ( 'NONE', #93, .T. ) ;
#185 = EDGE_LOOP ( 'NONE', ( #596, #1056, #1111, #563 ) ) ;
#186 = ADVANCED_FACE ( 'NONE', ( #803 ), #316, .T. ) ;
#187 = AXIS2_PLACEMENT_3D ( 'NONE', #800, #1022, #1159 ) ;
#188 = CARTESIAN_POINT ( 'NONE',  ( -0.9500000000000001776, 0.05000000000000002359, -0.5749999999999998446 ) ) ;
#189 = DIRECTION ( 'NONE',  ( 0.000000000000000000, -1.000000000000000000, -0.000000000000000000 ) ) ;
#190 = MECHANICAL_DESIGN_GEOMETRIC_PRESENTATION_REPRESENTATION (  '', ( #251 ), #74 ) ;
#191 = CIRCLE ( 'NONE', #1298, 0.05000000000000002359 ) ;
#192 = VERTEX_POINT ( 'NONE', #822 ) ;
#193 = FACE_OUTER_BOUND ( 'NONE', #80, .T. ) ;
#194 = DIRECTION ( 'NONE',  ( 0.000000000000000000, -1.000000000000000000, 0.000000000000000000 ) ) ;
#195 = EDGE_CURVE ( 'NONE', #405, #241, #1278, .T. ) ;
#196 = SPHERICAL_SURFACE ( 'NONE', #1417, 0.05000000000000000278 ) ;
#197 = VECTOR ( 'NONE', #243, 1000.000000000000000 ) ;
#198 = AXIS2_PLACEMENT_3D ( 'NONE', #507, #408, #632 ) ;
#199 = LINE ( 'NONE', #396, #178 ) ;
#200 = SURFACE_SIDE_STYLE ('',( #896 ) ) ;
#201 = CARTESIAN_POINT ( 'NONE',  ( 1.000000000000000222, 0.9499999999999999556, -0.5749999999999998446 ) ) ;
#202 = CARTESIAN_POINT ( 'NONE',  ( -0.9500000000000000666, 0.9000000000000000222, 1.647987302177968465E-16 ) ) ;
#203 = ADVANCED_FACE ( 'NONE', ( #318 ), #766, .T. ) ;
#204 = EDGE_LOOP ( 'NONE', ( #1075, #815, #352, #1119 ) ) ;
#205 = CIRCLE ( 'NONE', #1173, 0.05000000000000002359 ) ;
#206 = CARTESIAN_POINT ( 'NONE',  ( 0.9499999999999999556, 0.9499999999999999556, 0.6249999999999994449 ) ) ;
#207 = VECTOR ( 'NONE', #1270, 1000.000000000000000 ) ;
#208 = CARTESIAN_POINT ( 'NONE',  ( 0.4999999999881765689, 0.9333333333333333481, 0.5749999999999992895 ) ) ;
#209 = LINE ( 'NONE', #1105, #692 ) ;
#210 = AXIS2_PLACEMENT_3D ( 'NONE', #1346, #786, #470 ) ;
#211 = PRESENTATION_STYLE_ASSIGNMENT (( #127 ) ) ;
#212 = COLOUR_RGB ( '',0.4862745098039215619, 0.2352941176470588203, 0.01568627450980392135 ) ;
#213 = DIRECTION ( 'NONE',  ( 1.000000000000000000, 0.000000000000000000, 1.734723475976808574E-16 ) ) ;
#214 = ADVANCED_FACE ( 'NONE', ( #322 ), #789, .T. ) ;
#215 = FACE_OUTER_BOUND ( 'NONE', #443, .T. ) ;
#216 = STYLED_ITEM ( 'NONE', ( #82 ), #1352 ) ;
#217 =( NAMED_UNIT ( * ) SI_UNIT ( $, .STERADIAN. ) SOLID_ANGLE_UNIT ( ) );
#218 = DIRECTION ( 'NONE',  ( 1.000000000000000000, -0.000000000000000000, -1.734723475976808574E-16 ) ) ;
#219 = DIRECTION ( 'NONE',  ( 1.000000000000000000, 0.000000000000000000, 0.000000000000000000 ) ) ;
#220 = LINE ( 'NONE', #58, #1163 ) ;
#221 = FACE_OUTER_BOUND ( 'NONE', #1087, .T. ) ;
#222 = DIRECTION ( 'NONE',  ( -0.000000000000000000, -1.000000000000000000, -0.000000000000000000 ) ) ;
#223 = CARTESIAN_POINT ( 'NONE',  ( 0.4999999999881765689, 0.9000000000000000222, -0.6083333333333331705 ) ) ;
#224 = ADVANCED_FACE ( 'NONE', ( #1282 ), #791, .T. ) ;
#225 = SURFACE_STYLE_USAGE ( .BOTH. , #105 ) ;
#226 = CIRCLE ( 'NONE', #537, 0.05000000000000002359 ) ;
#227 = CARTESIAN_POINT ( 'NONE',  ( 0.5000000000000000000, 0.05000000000000023870, 0.6249999999999994449 ) ) ;
#228 = ADVANCED_FACE ( 'NONE', ( #326 ), #1292, .T. ) ;
#229 = CARTESIAN_POINT ( 'NONE',  ( 1.000000000000000222, 0.05000000000000002359, -0.6249999999999998890 ) ) ;
#230 = EDGE_CURVE ( 'NONE', #121, #100, #775, .T. ) ;
#231 = DIRECTION ( 'NONE',  ( -1.000000000000000000, 0.000000000000000000, 0.000000000000000000 ) ) ;
#232 = LINE ( 'NONE', #963, #672 ) ;
#233 = CIRCLE ( 'NONE', #697, 0.05000000000000002359 ) ;
#234 = LINE ( 'NONE', #518, #707 ) ;
#235 = SURFACE_SIDE_STYLE ('',( #283 ) ) ;
#236 = DIRECTION ( 'NONE',  ( -0.000000000000000000, 1.000000000000000000, -0.000000000000000000 ) ) ;
#237 = CARTESIAN_POINT ( 'NONE',  ( 0.9500000000000001776, 0.05000000000000002359, -0.5749999999999998446 ) ) ;
#238 = VECTOR ( 'NONE', #1340, 1000.000000000000000 ) ;
#239 = ADVANCED_FACE ( 'NONE', ( #768 ), #1258, .F. ) ;
#240 = AXIS2_PLACEMENT_3D ( 'NONE', #381, #61, #70 ) ;
#241 = VERTEX_POINT ( 'NONE', #926 ) ;
#242 = VERTEX_POINT ( 'NONE', #1165 ) ;
#243 = DIRECTION ( 'NONE',  ( -1.000000000000000000, -0.000000000000000000, 8.673617379884036705E-17 ) ) ;
#244 = CARTESIAN_POINT ( 'NONE',  ( 0.5000000000000000000, 0.05000000000000002359, 0.5749999999999994005 ) ) ;
#245 = VERTEX_POINT ( 'NONE', #41 ) ;
#246 = EDGE_CURVE ( 'NONE', #133, #1304, #1285, .T. ) ;
#247 = EDGE_LOOP ( 'NONE', ( #162, #1310, #811 ) ) ;
#248 = DIRECTION ( 'NONE',  ( -1.000000000000000000, -0.000000000000000000, 8.673617379884036705E-17 ) ) ;
#249 = FACE_OUTER_BOUND ( 'NONE', #456, .T. ) ;
#250 = MECHANICAL_DESIGN_GEOMETRIC_PRESENTATION_REPRESENTATION (  '', ( #313 ), #750 ) ;
#251 = STYLED_ITEM ( 'NONE', ( #1289 ), #343 ) ;
#252 = DIRECTION ( 'NONE',  ( -1.734723475976808574E-16, 0.000000000000000000, -1.000000000000000000 ) ) ;
#253 = DIRECTION ( 'NONE',  ( 0.000000000000000000, 0.000000000000000000, 1.000000000000000000 ) ) ;
#254 = EDGE_CURVE ( 'NONE', #133, #59, #784, .T. ) ;
#255 = PLANE ( 'NONE',  #1385 ) ;
#256 = AXIS2_PLACEMENT_3D ( 'NONE', #544, #1330, #774 ) ;
#257 = CARTESIAN_POINT ( 'NONE',  ( -0.5000000000000000000, 0.000000000000000000, 0.5749999999999992895 ) ) ;
#258 = STYLED_ITEM ( 'NONE', ( #407 ), #1337 ) ;
#259 = CARTESIAN_POINT ( 'NONE',  ( 0.4999999999881765689, 0.05000000000000002359, -0.6083333333333331705 ) ) ;
#260 = DIRECTION ( 'NONE',  ( 0.000000000000000000, -1.000000000000000000, 0.000000000000000000 ) ) ;
#261 = DIRECTION ( 'NONE',  ( 0.000000000000000000, 1.000000000000000000, 0.000000000000000000 ) ) ;
#262 = SURFACE_SIDE_STYLE ('',( #1242 ) ) ;
#263 = DIRECTION ( 'NONE',  ( 8.673617379884036705E-17, -0.000000000000000000, 1.000000000000000000 ) ) ;
#264 =( GEOMETRIC_REPRESENTATION_CONTEXT ( 3 ) GLOBAL_UNCERTAINTY_ASSIGNED_CONTEXT ( ( #147 ) ) GLOBAL_UNIT_ASSIGNED_CONTEXT ( ( #148, #1367, #1128 ) ) REPRESENTATION_CONTEXT ( 'NONE', 'WORKASPACE' ) );
#265 = EDGE_CURVE ( 'NONE', #973, #146, #329, .T. ) ;
#266 = CARTESIAN_POINT ( 'NONE',  ( 1.000000000000000000, 0.9000000000000000222, 0.5749999999999994005 ) ) ;
#267 = SURFACE_SIDE_STYLE ('',( #1086 ) ) ;
#268 = EDGE_CURVE ( 'NONE', #1045, #490, #1274, .T. ) ;
#269 = COLOUR_RGB ( '',0.4862745098039215619, 0.2352941176470588203, 0.01568627450980392135 ) ;
#270 = DIRECTION ( 'NONE',  ( 0.000000000000000000, -1.000000000000000000, 0.000000000000000000 ) ) ;
#271 =( NAMED_UNIT ( * ) PLANE_ANGLE_UNIT ( ) SI_UNIT ( $, .RADIAN. ) );
#272 = FILL_AREA_STYLE_COLOUR ( '', #814 ) ;
#273 = CARTESIAN_POINT ( 'NONE',  ( 0.9499999999999999556, 0.05000000000000002359, 0.6249999999999994449 ) ) ;
#274 = AXIS2_PLACEMENT_3D ( 'NONE', #280, #400, #1259 ) ;
#275 = CARTESIAN_POINT ( 'NONE',  ( 0.4999999999881765689, 0.9000000000000000222, 0.6083333333333329485 ) ) ;
#276 = EDGE_CURVE ( 'NONE', #288, #1416, #311, .T. ) ;
#277 = VERTEX_POINT ( 'NONE', #291 ) ;
#278 = AXIS2_PLACEMENT_3D ( 'NONE', #188, #261, #831 ) ;
#279 = DIRECTION ( 'NONE',  ( 0.000000000000000000, 0.000000000000000000, 1.000000000000000000 ) ) ;
#280 = CARTESIAN_POINT ( 'NONE',  ( 0.9500000000000001776, 0.9000000000000000222, -0.5749999999999998446 ) ) ;
#281 = CIRCLE ( 'NONE', #667, 0.05000000000000002359 ) ;
#282 = EDGE_LOOP ( 'NONE', ( #539, #597, #566, #349 ) ) ;
#283 = SURFACE_STYLE_FILL_AREA ( #1095 ) ;
#284 = ORIENTED_EDGE ( 'NONE', *, *, #393, .T. ) ;
#285 = PRESENTATION_STYLE_ASSIGNMENT (( #931 ) ) ;
#286 = DIRECTION ( 'NONE',  ( 1.734723475976808574E-16, 0.000000000000000000, -1.000000000000000000 ) ) ;
#287 = CIRCLE ( 'NONE', #449, 0.03333333333333334675 ) ;
#288 = VERTEX_POINT ( 'NONE', #841 ) ;
#289 =( NAMED_UNIT ( * ) SI_UNIT ( $, .STERADIAN. ) SOLID_ANGLE_UNIT ( ) );
#290 = STYLED_ITEM ( 'NONE', ( #866 ), #1132 ) ;
#291 = CARTESIAN_POINT ( 'NONE',  ( 0.4999999999881765689, 0.9333333333333333481, -0.5749999999999997335 ) ) ;
#292 =( NAMED_UNIT ( * ) PLANE_ANGLE_UNIT ( ) SI_UNIT ( $, .RADIAN. ) );
#293 = ORIENTED_EDGE ( 'NONE', *, *, #1181, .F. ) ;
#294 = UNCERTAINTY_MEASURE_WITH_UNIT (LENGTH_MEASURE( 1.000000000000000082E-05 ), #937, 'distance_accuracy_value', 'NONE');
#295 = AXIS2_PLACEMENT_3D ( 'NONE', #202, #1217, #335 ) ;
#296 = ORIENTED_EDGE ( 'NONE', *, *, #650, .T. ) ;
#297 = DIRECTION ( 'NONE',  ( -1.000000000000000000, 0.000000000000000000, -1.734723475976808574E-16 ) ) ;
#298 = CIRCLE ( 'NONE', #1308, 0.05000000000000002359 ) ;
#299 = EDGE_CURVE ( 'NONE', #1381, #146, #281, .T. ) ;
#300 = FACE_OUTER_BOUND ( 'NONE', #185, .T. ) ;
#301 = SPHERICAL_SURFACE ( 'NONE', #256, 0.05000000000000000278 ) ;
#302 = PRESENTATION_LAYER_ASSIGNMENT (  '', '', ( #258 ) ) ;
#303 = ADVANCED_FACE ( 'NONE', ( #782 ), #72, .F. ) ;
#304 = CARTESIAN_POINT ( 'NONE',  ( 0.5000000000000002220, 0.9000000000000000222, -0.6249999999999998890 ) ) ;
#305 = DIRECTION ( 'NONE',  ( 0.000000000000000000, 0.000000000000000000, -1.000000000000000000 ) ) ;
#306 = VECTOR ( 'NONE', #325, 1000.000000000000000 ) ;
#307 = FACE_OUTER_BOUND ( 'NONE', #163, .T. ) ;
#308 = ORIENTED_EDGE ( 'NONE', *, *, #1244, .F. ) ;
#309 = DIRECTION ( 'NONE',  ( -1.734723475976808574E-16, 0.000000000000000000, 1.000000000000000000 ) ) ;
#310 = EDGE_LOOP ( 'NONE', ( #554, #641, #478, #1098, #971, #482, #117, #345 ) ) ;
#311 = CIRCLE ( 'NONE', #1240, 0.05000000000000002359 ) ;
#312 = LINE ( 'NONE', #102, #1286 ) ;
#313 = STYLED_ITEM ( 'NONE', ( #285 ), #1107 ) ;
#314 = CARTESIAN_POINT ( 'NONE',  ( -0.9499999999999999556, 0.05000000000000002359, 0.5749999999999994005 ) ) ;
#315 = MECHANICAL_DESIGN_GEOMETRIC_PRESENTATION_REPRESENTATION (  '', ( #89 ), #370 ) ;
#316 = CYLINDRICAL_SURFACE ( 'NONE', #977, 0.03333333333333334675 ) ;
#317 =( LENGTH_UNIT ( ) NAMED_UNIT ( * ) SI_UNIT ( .MILLI., .METRE. ) );
#318 = FACE_OUTER_BOUND ( 'NONE', #446, .T. ) ;
#319 = ORIENTED_EDGE ( 'NONE', *, *, #1213, .T. ) ;
#320 = CARTESIAN_POINT ( 'NONE',  ( -0.5000000000000001110, 0.9333333333333333481, 0.5749999999999992895 ) ) ;
#321 = PRESENTATION_LAYER_ASSIGNMENT (  '', '', ( #1374 ) ) ;
#322 = FACE_OUTER_BOUND ( 'NONE', #115, .T. ) ;
#323 = ORIENTED_EDGE ( 'NONE', *, *, #1091, .T. ) ;
#324 =( LENGTH_UNIT ( ) NAMED_UNIT ( * ) SI_UNIT ( .MILLI., .METRE. ) );
#325 = DIRECTION ( 'NONE',  ( -0.000000000000000000, 1.000000000000000000, -0.000000000000000000 ) ) ;
#326 = FACE_OUTER_BOUND ( 'NONE', #764, .T. ) ;
#327 = DIRECTION ( 'NONE',  ( -1.734723475976808574E-16, 0.000000000000000000, 1.000000000000000000 ) ) ;
#328 = DIRECTION ( 'NONE',  ( 1.734723475976808574E-16, -0.000000000000000000, 1.000000000000000000 ) ) ;
#329 = LINE ( 'NONE', #201, #1252 ) ;
#330 = ORIENTED_EDGE ( 'NONE', *, *, #1336, .F. ) ;
#331 = VERTEX_POINT ( 'NONE', #227 ) ;
#332 = CYLINDRICAL_SURFACE ( 'NONE', #795, 0.03333333333333334675 ) ;
#333 = CYLINDRICAL_SURFACE ( 'NONE', #1114, 0.05000000000000002359 ) ;
#334 = UNCERTAINTY_MEASURE_WITH_UNIT (LENGTH_MEASURE( 1.000000000000000082E-05 ), #1335, 'distance_accuracy_value', 'NONE');
#335 = DIRECTION ( 'NONE',  ( -1.000000000000000000, 0.000000000000000000, 1.734723475976811778E-16 ) ) ;
#336 = ORIENTED_EDGE ( 'NONE', *, *, #426, .F. ) ;
#337 = CARTESIAN_POINT ( 'NONE',  ( 0.4999999999881765689, 0.05000000000000002359, 0.5749999999999995115 ) ) ;
#338 = EDGE_CURVE ( 'NONE', #1027, #59, #797, .T. ) ;
#339 = CIRCLE ( 'NONE', #1162, 0.05000000000000002359 ) ;
#340 = ORIENTED_EDGE ( 'NONE', *, *, #1233, .F. ) ;
#341 = ORIENTED_EDGE ( 'NONE', *, *, #936, .T. ) ;
#342 = EDGE_CURVE ( 'NONE', #420, #77, #1303, .T. ) ;
#343 = ADVANCED_FACE ( 'NONE', ( #307 ), #431, .F. ) ;
#344 = CIRCLE ( 'NONE', #278, 0.05000000000000002359 ) ;
#345 = ORIENTED_EDGE ( 'NONE', *, *, #897, .T. ) ;
#346 = EDGE_LOOP ( 'NONE', ( #451, #422, #1055, #293 ) ) ;
#347 = DIRECTION ( 'NONE',  ( 0.000000000000000000, 0.000000000000000000, 1.000000000000000000 ) ) ;
#348 = FILL_AREA_STYLE_COLOUR ( '', #877 ) ;
#349 = ORIENTED_EDGE ( 'NONE', *, *, #952, .T. ) ;
#350 = MECHANICAL_DESIGN_GEOMETRIC_PRESENTATION_REPRESENTATION (  '', ( #25 ), #598 ) ;
#351 = VERTEX_POINT ( 'NONE', #851 ) ;
#352 = ORIENTED_EDGE ( 'NONE', *, *, #1221, .F. ) ;
#353 = DIRECTION ( 'NONE',  ( 1.000000000000000000, 0.000000000000000000, 1.734723475976808574E-16 ) ) ;
#354 = VECTOR ( 'NONE', #1348, 1000.000000000000000 ) ;
#355 = VERTEX_POINT ( 'NONE', #419 ) ;
#356 = DIRECTION ( 'NONE',  ( 0.000000000000000000, 0.000000000000000000, 1.000000000000000000 ) ) ;
#357 =( LENGTH_UNIT ( ) NAMED_UNIT ( * ) SI_UNIT ( .MILLI., .METRE. ) );
#358 = EDGE_CURVE ( 'NONE', #77, #1388, #1271, .T. ) ;
#359 = VERTEX_POINT ( 'NONE', #739 ) ;
#360 =( GEOMETRIC_REPRESENTATION_CONTEXT ( 3 ) GLOBAL_UNCERTAINTY_ASSIGNED_CONTEXT ( ( #527 ) ) GLOBAL_UNIT_ASSIGNED_CONTEXT ( ( #324, #441, #660 ) ) REPRESENTATION_CONTEXT ( 'NONE', 'WORKASPACE' ) );
#361 = ADVANCED_FACE ( 'NONE', ( #300 ), #708, .T. ) ;
#362 = CARTESIAN_POINT ( 'NONE',  ( 0.9500000000000000666, 0.9000000000000000222, 1.647987302177968465E-16 ) ) ;
#363 = CARTESIAN_POINT ( 'NONE',  ( -0.5000000000000000000, 0.9000000000000000222, 0.6249999999999994449 ) ) ;
#364 = CARTESIAN_POINT ( 'NONE',  ( 0.5000000000000002220, 0.9499999999999999556, -0.6249999999999998890 ) ) ;
#365 = CARTESIAN_POINT ( 'NONE',  ( 0.4999999999881765689, 0.9000000000000000222, 0.5749999999999995115 ) ) ;
#366 = FILL_AREA_STYLE_COLOUR ( '', #1353 ) ;
#367 = DIRECTION ( 'NONE',  ( 1.000000000000000000, -0.000000000000000000, 0.000000000000000000 ) ) ;
#368 = PRESENTATION_LAYER_ASSIGNMENT (  '', '', ( #1101 ) ) ;
#369 = FACE_OUTER_BOUND ( 'NONE', #1420, .T. ) ;
#370 =( GEOMETRIC_REPRESENTATION_CONTEXT ( 3 ) GLOBAL_UNCERTAINTY_ASSIGNED_CONTEXT ( ( #706 ) ) GLOBAL_UNIT_ASSIGNED_CONTEXT ( ( #693, #1373, #1194 ) ) REPRESENTATION_CONTEXT ( 'NONE', 'WORKASPACE' ) );
#371 = LINE ( 'NONE', #932, #377 ) ;
#372 = DIRECTION ( 'NONE',  ( 1.734723475976808574E-16, 0.000000000000000000, -1.000000000000000000 ) ) ;
#373 = CARTESIAN_POINT ( 'NONE',  ( 0.000000000000000000, 0.9000000000000000222, 0.5749999999999994005 ) ) ;
#374 = DIRECTION ( 'NONE',  ( -1.000000000000000000, -0.000000000000000000, -0.000000000000000000 ) ) ;
#375 = FACE_OUTER_BOUND ( 'NONE', #639, .T. ) ;
#376 = EDGE_CURVE ( 'NONE', #490, #933, #1208, .T. ) ;
#377 = VECTOR ( 'NONE', #367, 1000.000000000000000 ) ;
#378 = EDGE_CURVE ( 'NONE', #16, #241, #1212, .T. ) ;
#379 = AXIS2_PLACEMENT_3D ( 'NONE', #237, #434, #119 ) ;
#380 = LINE ( 'NONE', #9, #854 ) ;
#381 = CARTESIAN_POINT ( 'NONE',  ( 0.5000000000000002220, 0.9000000000000000222, -0.5749999999999998446 ) ) ;
#382 = FACE_OUTER_BOUND ( 'NONE', #474, .T. ) ;
#383 = FILL_AREA_STYLE ('',( #272 ) ) ;
#384 = DIRECTION ( 'NONE',  ( 0.000000000000000000, 1.000000000000000000, 0.000000000000000000 ) ) ;
#385 = FACE_OUTER_BOUND ( 'NONE', #1382, .T. ) ;
#386 = AXIS2_PLACEMENT_3D ( 'NONE', #1427, #297, #1189 ) ;
#387 = DIRECTION ( 'NONE',  ( -1.000000000000000000, -0.000000000000000000, 8.673617379884036705E-17 ) ) ;
#388 = VECTOR ( 'NONE', #1342, 1000.000000000000000 ) ;
#389 = CARTESIAN_POINT ( 'NONE',  ( -0.9500000000000001776, 0.9499999999999999556, -0.5749999999999998446 ) ) ;
#390 = DIRECTION ( 'NONE',  ( -1.000000000000000000, 0.000000000000000000, 0.000000000000000000 ) ) ;
#391 = VECTOR ( 'NONE', #424, 1000.000000000000000 ) ;
#392 = FILL_AREA_STYLE ('',( #1195 ) ) ;
#393 = EDGE_CURVE ( 'NONE', #711, #331, #234, .T. ) ;
#394 = AXIS2_PLACEMENT_3D ( 'NONE', #160, #263, #479 ) ;
#395 = SURFACE_STYLE_FILL_AREA ( #1023 ) ;
#396 = CARTESIAN_POINT ( 'NONE',  ( 1.000000000000000222, 0.05000000000000002359, -0.6249999999999998890 ) ) ;
#397 = LINE ( 'NONE', #461, #388 ) ;
#398 = DIRECTION ( 'NONE',  ( 0.000000000000000000, 2.168404344971007685E-15, 1.000000000000000000 ) ) ;
#399 = VECTOR ( 'NONE', #1003, 1000.000000000000000 ) ;
#400 = DIRECTION ( 'NONE',  ( -1.000000000000000000, -0.000000000000000000, -0.000000000000000000 ) ) ;
#401 = VECTOR ( 'NONE', #328, 1000.000000000000000 ) ;
#402 = PLANE ( 'NONE',  #386 ) ;
#403 = UNCERTAINTY_MEASURE_WITH_UNIT (LENGTH_MEASURE( 1.000000000000000082E-05 ), #694, 'distance_accuracy_value', 'NONE');
#404 = EDGE_CURVE ( 'NONE', #59, #138, #1204, .T. ) ;
#405 = VERTEX_POINT ( 'NONE', #1083 ) ;
#406 = ADVANCED_FACE ( 'NONE', ( #1210 ), #735, .F. ) ;
#407 = PRESENTATION_STYLE_ASSIGNMENT (( #172 ) ) ;
#408 = DIRECTION ( 'NONE',  ( -1.000000000000000000, 0.000000000000000000, 0.000000000000000000 ) ) ;
#409 = DIRECTION ( 'NONE',  ( 0.000000000000000000, -1.000000000000000000, -0.000000000000000000 ) ) ;
#410 = DIRECTION ( 'NONE',  ( 1.000000000000000000, 0.000000000000000000, -8.673617379884036705E-17 ) ) ;
#411 = VERTEX_POINT ( 'NONE', #1313 ) ;
#412 = ORIENTED_EDGE ( 'NONE', *, *, #763, .F. ) ;
#413 = FACE_OUTER_BOUND ( 'NONE', #86, .T. ) ;
#414 = DIRECTION ( 'NONE',  ( -1.734723475976808574E-16, 0.000000000000000000, 1.000000000000000000 ) ) ;
#415 = ORIENTED_EDGE ( 'NONE', *, *, #701, .F. ) ;
#416 = ORIENTED_EDGE ( 'NONE', *, *, #567, .T. ) ;
#417 = FILL_AREA_STYLE ('',( #1070 ) ) ;
#418 = LINE ( 'NONE', #770, #848 ) ;
#419 = CARTESIAN_POINT ( 'NONE',  ( -0.9499999999999999556, 0.000000000000000000, 0.5749999999999994005 ) ) ;
#420 = VERTEX_POINT ( 'NONE', #1423 ) ;
#421 = AXIS2_PLACEMENT_3D ( 'NONE', #365, #353, #1236 ) ;
#422 = ORIENTED_EDGE ( 'NONE', *, *, #8, .F. ) ;
#423 = ADVANCED_FACE ( 'NONE', ( #1205 ), #678, .T. ) ;
#424 = DIRECTION ( 'NONE',  ( -1.734723475976808080E-16, -0.000000000000000000, -1.000000000000000000 ) ) ;
#425 = ORIENTED_EDGE ( 'NONE', *, *, #855, .F. ) ;
#426 = EDGE_CURVE ( 'NONE', #411, #941, #1170, .T. ) ;
#427 = EDGE_LOOP ( 'NONE', ( #546, #633, #584, #649 ) ) ;
#428 = EDGE_CURVE ( 'NONE', #1319, #1027, #209, .T. ) ;
#429 = DIRECTION ( 'NONE',  ( -1.734723475976808574E-16, 0.000000000000000000, -1.000000000000000000 ) ) ;
#430 = MECHANICAL_DESIGN_GEOMETRIC_PRESENTATION_REPRESENTATION (  '', ( #1018 ), #957 ) ;
#431 = PLANE ( 'NONE',  #1008 ) ;
#432 = EDGE_LOOP ( 'NONE', ( #940, #152, #51, #636, #889, #1017, #1400, #1129 ) ) ;
#433 = PLANE ( 'NONE',  #961 ) ;
#434 = DIRECTION ( 'NONE',  ( -1.000000000000000000, 0.000000000000000000, 0.000000000000000000 ) ) ;
#435 = ORIENTED_EDGE ( 'NONE', *, *, #983, .T. ) ;
#436 = CARTESIAN_POINT ( 'NONE',  ( -0.5000000000000002220, 0.9499999999999999556, -0.6249999999999998890 ) ) ;
#437 = ORIENTED_EDGE ( 'NONE', *, *, #567, .F. ) ;
#438 = ADVANCED_FACE ( 'NONE', ( #647 ), #677, .T. ) ;
#439 = ORIENTED_EDGE ( 'NONE', *, *, #1336, .T. ) ;
#440 = AXIS2_PLACEMENT_3D ( 'NONE', #118, #1341, #219 ) ;
#441 =( NAMED_UNIT ( * ) PLANE_ANGLE_UNIT ( ) SI_UNIT ( $, .RADIAN. ) );
#442 = AXIS2_PLACEMENT_3D ( 'NONE', #92, #218, #884 ) ;
#443 = EDGE_LOOP ( 'NONE', ( #1077, #609, #918, #603 ) ) ;
#444 = DIRECTION ( 'NONE',  ( 0.000000000000000000, 1.000000000000000000, 0.000000000000000000 ) ) ;
#445 = CARTESIAN_POINT ( 'NONE',  ( -0.5000000000000001110, 0.9000000000000000222, 0.5749999999999995115 ) ) ;
#446 = EDGE_LOOP ( 'NONE', ( #1063, #435, #1148 ) ) ;
#447 = ORIENTED_EDGE ( 'NONE', *, *, #1351, .T. ) ;
#448 = DIRECTION ( 'NONE',  ( 0.000000000000000000, 0.000000000000000000, -1.000000000000000000 ) ) ;
#449 = AXIS2_PLACEMENT_3D ( 'NONE', #524, #881, #533 ) ;
#450 = AXIS2_PLACEMENT_3D ( 'NONE', #720, #1080, #1302 ) ;
#451 = ORIENTED_EDGE ( 'NONE', *, *, #1284, .F. ) ;
#452 = DIRECTION ( 'NONE',  ( -1.000000000000000000, -0.000000000000000000, -0.000000000000000000 ) ) ;
#453 = ADVANCED_FACE ( 'NONE', ( #184 ), #255, .F. ) ;
#454 = ORIENTED_EDGE ( 'NONE', *, *, #502, .T. ) ;
#455 = DIRECTION ( 'NONE',  ( 0.000000000000000000, 0.000000000000000000, 1.000000000000000000 ) ) ;
#456 = EDGE_LOOP ( 'NONE', ( #39, #1140, #901, #416 ) ) ;
#457 = ORIENTED_EDGE ( 'NONE', *, *, #1371, .T. ) ;
#458 = ORIENTED_EDGE ( 'NONE', *, *, #483, .F. ) ;
#459 = ORIENTED_EDGE ( 'NONE', *, *, #874, .T. ) ;
#460 = CARTESIAN_POINT ( 'NONE',  ( -0.5000000000000002220, 0.000000000000000000, -0.5749999999999998446 ) ) ;
#461 = CARTESIAN_POINT ( 'NONE',  ( -0.5000000000000002220, 0.9499999999999999556, -0.6249999999999998890 ) ) ;
#462 = EDGE_CURVE ( 'NONE', #277, #804, #1156, .T. ) ;
#463 = CARTESIAN_POINT ( 'NONE',  ( -0.9500000000000001776, 0.9000000000000000222, -0.5749999999999998446 ) ) ;
#464 = MECHANICAL_DESIGN_GEOMETRIC_PRESENTATION_REPRESENTATION (  '', ( #1374 ), #1197 ) ;
#465 = DIRECTION ( 'NONE',  ( -1.000000000000000000, -0.000000000000000000, 8.673617379884036705E-17 ) ) ;
#466 = DIRECTION ( 'NONE',  ( 0.000000000000000000, 1.000000000000000000, 0.000000000000000000 ) ) ;
#467 = FILL_AREA_STYLE ('',( #1037 ) ) ;
#468 = CARTESIAN_POINT ( 'NONE',  ( -0.5000000000000001110, 0.9000000000000000222, 0.6083333333333329485 ) ) ;
#469 = DIRECTION ( 'NONE',  ( 0.000000000000000000, 0.000000000000000000, 1.000000000000000000 ) ) ;
#470 = DIRECTION ( 'NONE',  ( 0.000000000000000000, 0.000000000000000000, 1.000000000000000000 ) ) ;
#471 = EDGE_CURVE ( 'NONE', #192, #164, #233, .T. ) ;
#472 = DIRECTION ( 'NONE',  ( 0.000000000000000000, -0.000000000000000000, -1.000000000000000000 ) ) ;
#473 = PLANE ( 'NONE',  #394 ) ;
#474 = EDGE_LOOP ( 'NONE', ( #330, #1053, #83, #1315 ) ) ;
#475 = DIRECTION ( 'NONE',  ( 1.000000000000000000, 0.000000000000000000, 1.734723475976811778E-16 ) ) ;
#476 = DIRECTION ( 'NONE',  ( 1.000000000000000000, 0.000000000000000000, 1.734723475976808574E-16 ) ) ;
#477 = CARTESIAN_POINT ( 'NONE',  ( 0.9500000000000001776, 0.9000000000000000222, -0.5749999999999998446 ) ) ;
#478 = ORIENTED_EDGE ( 'NONE', *, *, #1137, .F. ) ;
#479 = DIRECTION ( 'NONE',  ( 1.000000000000000000, 0.000000000000000000, -8.673617379884036705E-17 ) ) ;
#480 = CARTESIAN_POINT ( 'NONE',  ( -1.000000000000000000, 0.9499999999999999556, 0.6249999999999994449 ) ) ;
#481 = SURFACE_SIDE_STYLE ('',( #1314 ) ) ;
#482 = ORIENTED_EDGE ( 'NONE', *, *, #471, .T. ) ;
#483 = EDGE_CURVE ( 'NONE', #242, #711, #1183, .T. ) ;
#484 = VERTEX_POINT ( 'NONE', #1031 ) ;
#485 = EDGE_CURVE ( 'NONE', #1410, #924, #1152, .T. ) ;
#486 = DIRECTION ( 'NONE',  ( 0.000000000000000000, -1.000000000000000000, 0.000000000000000000 ) ) ;
#487 = PRODUCT_DEFINITION ( 'UNKNOWN', '', #1355, #1267 ) ;
#488 = LINE ( 'NONE', #229, #974 ) ;
#489 = COLOUR_RGB ( '',0.4862745098039215619, 0.2352941176470588203, 0.01568627450980392135 ) ;
#490 = VERTEX_POINT ( 'NONE', #1021 ) ;
#491 =( NAMED_UNIT ( * ) PLANE_ANGLE_UNIT ( ) SI_UNIT ( $, .RADIAN. ) );
#492 = DIRECTION ( 'NONE',  ( -1.000000000000000000, 0.000000000000000000, 1.734723475976808574E-16 ) ) ;
#493 = ORIENTED_EDGE ( 'NONE', *, *, #62, .F. ) ;
#494 = AXIS2_PLACEMENT_3D ( 'NONE', #1130, #787, #455 ) ;
#495 = CARTESIAN_POINT ( 'NONE',  ( 0.4999999999881765689, 0.9333333333333333481, -0.5750000001301038832 ) ) ;
#496 = AXIS2_PLACEMENT_3D ( 'NONE', #314, #1413, #536 ) ;
#497 = LINE ( 'NONE', #912, #988 ) ;
#498 = ORIENTED_EDGE ( 'NONE', *, *, #995, .F. ) ;
#499 = DIRECTION ( 'NONE',  ( -1.000000000000000000, -0.000000000000000000, 8.673617379884036705E-17 ) ) ;
#500 =( NAMED_UNIT ( * ) PLANE_ANGLE_UNIT ( ) SI_UNIT ( $, .RADIAN. ) );
#501 = CIRCLE ( 'NONE', #556, 0.05000000000000002359 ) ;
#502 = EDGE_CURVE ( 'NONE', #359, #245, #1192, .T. ) ;
#503 = ORIENTED_EDGE ( 'NONE', *, *, #254, .F. ) ;
#504 = EDGE_CURVE ( 'NONE', #164, #351, #1200, .T. ) ;
#505 = AXIS2_PLACEMENT_3D ( 'NONE', #389, #1093, #1058 ) ;
#506 = DIRECTION ( 'NONE',  ( 0.000000000000000000, 1.000000000000000000, 0.000000000000000000 ) ) ;
#507 = CARTESIAN_POINT ( 'NONE',  ( 1.000000000000000000, 0.05000000000000002359, 0.5749999999999994005 ) ) ;
#508 = CARTESIAN_POINT ( 'NONE',  ( 0.000000000000000000, 0.000000000000000000, 0.000000000000000000 ) ) ;
#509 = ORIENTED_EDGE ( 'NONE', *, *, #462, .F. ) ;
#510 = CARTESIAN_POINT ( 'NONE',  ( -0.5000000000000001110, 0.05000000000000003053, -0.6083333333333331705 ) ) ;
#511 = ORIENTED_EDGE ( 'NONE', *, *, #741, .F. ) ;
#512 = CARTESIAN_POINT ( 'NONE',  ( 0.9499999999999999556, 0.05000000000000000278, 0.5749999999999994005 ) ) ;
#513 = VERTEX_POINT ( 'NONE', #687 ) ;
#514 = CARTESIAN_POINT ( 'NONE',  ( 0.4999999999881765689, 0.9000000000000000222, 0.6083333333333329485 ) ) ;
#515 = CIRCLE ( 'NONE', #765, 0.05000000000000002359 ) ;
#516 = LINE ( 'NONE', #64, #999 ) ;
#517 = FILL_AREA_STYLE ('',( #599 ) ) ;
#518 = CARTESIAN_POINT ( 'NONE',  ( 1.000000000000000000, 0.05000000000000002359, 0.6249999999999994449 ) ) ;
#519 = AXIS2_PLACEMENT_3D ( 'NONE', #1384, #1396, #1060 ) ;
#520 = CARTESIAN_POINT ( 'NONE',  ( 500000.0000000000582, 0.9000000000000000222, -0.6083333333767012574 ) ) ;
#521 = EDGE_LOOP ( 'NONE', ( #1006, #894, #1146, #655, #616, #459, #1425, #1025 ) ) ;
#522 = DIRECTION ( 'NONE',  ( 0.000000000000000000, 0.000000000000000000, 1.000000000000000000 ) ) ;
#523 = COLOUR_RGB ( '',0.7921568627450980005, 0.8196078431372548767, 0.9333333333333333481 ) ;
#524 = CARTESIAN_POINT ( 'NONE',  ( -0.5000000000000001110, 0.9000000000000000222, -0.5749999999999997335 ) ) ;
#525 = EDGE_CURVE ( 'NONE', #149, #242, #699, .T. ) ;
#526 = AXIS2_PLACEMENT_3D ( 'NONE', #362, #372, #475 ) ;
#527 = UNCERTAINTY_MEASURE_WITH_UNIT (LENGTH_MEASURE( 1.000000000000000082E-05 ), #324, 'distance_accuracy_value', 'NONE');
#528 = DIRECTION ( 'NONE',  ( -8.673617379884036705E-17, 0.000000000000000000, -1.000000000000000000 ) ) ;
#529 = FACE_OUTER_BOUND ( 'NONE', #432, .T. ) ;
#530 = SURFACE_STYLE_USAGE ( .BOTH. , #94 ) ;
#531 = ORIENTED_EDGE ( 'NONE', *, *, #742, .F. ) ;
#532 = DIRECTION ( 'NONE',  ( 0.000000000000000000, 0.000000000000000000, 1.000000000000000000 ) ) ;
#533 = DIRECTION ( 'NONE',  ( 0.000000000000000000, 0.000000000000000000, -1.000000000000000000 ) ) ;
#534 = AXIS2_PLACEMENT_3D ( 'NONE', #761, #444, #129 ) ;
#535 = EDGE_LOOP ( 'NONE', ( #925, #96, #1067, #541, #798, #1042, #1040, #792 ) ) ;
#536 = DIRECTION ( 'NONE',  ( 0.000000000000000000, 0.000000000000000000, -1.000000000000000000 ) ) ;
#537 = AXIS2_PLACEMENT_3D ( 'NONE', #927, #613, #602 ) ;
#538 = CARTESIAN_POINT ( 'NONE',  ( 0.4999999999881765689, 0.05000000000000003053, -0.6083333333333331705 ) ) ;
#539 = ORIENTED_EDGE ( 'NONE', *, *, #1354, .T. ) ;
#540 = PLANE ( 'NONE',  #1248 ) ;
#541 = ORIENTED_EDGE ( 'NONE', *, *, #1325, .F. ) ;
#542 = EDGE_CURVE ( 'NONE', #924, #405, #179, .T. ) ;
#543 = ADVANCED_FACE ( 'NONE', ( #681 ), #920, .F. ) ;
#544 = CARTESIAN_POINT ( 'NONE',  ( 0.9500000000000001776, 0.05000000000000000278, -0.5749999999999998446 ) ) ;
#545 = ORIENTED_EDGE ( 'NONE', *, *, #1351, .F. ) ;
#546 = ORIENTED_EDGE ( 'NONE', *, *, #1131, .T. ) ;
#547 = DIRECTION ( 'NONE',  ( 0.000000000000000000, 0.000000000000000000, 1.000000000000000000 ) ) ;
#548 = VECTOR ( 'NONE', #1291, 1000.000000000000000 ) ;
#549 = FILL_AREA_STYLE_COLOUR ( '', #489 ) ;
#550 = EDGE_LOOP ( 'NONE', ( #531, #1158, #631, #425 ) ) ;
#551 = CARTESIAN_POINT ( 'NONE',  ( 0.000000000000000000, 0.000000000000000000, -0.5749999999999998446 ) ) ;
#552 = ORIENTED_EDGE ( 'NONE', *, *, #1054, .F. ) ;
#553 = COLOUR_RGB ( '',0.7921568627450980005, 0.8196078431372548767, 0.9333333333333333481 ) ;
#554 = ORIENTED_EDGE ( 'NONE', *, *, #1406, .T. ) ;
#555 = DIRECTION ( 'NONE',  ( 0.000000000000000000, -1.000000000000000000, 0.000000000000000000 ) ) ;
#556 = AXIS2_PLACEMENT_3D ( 'NONE', #1347, #1144, #1230 ) ;
#557 = CYLINDRICAL_SURFACE ( 'NONE', #519, 0.05000000000000002359 ) ;
#558 = ORIENTED_EDGE ( 'NONE', *, *, #525, .T. ) ;
#559 = AXIS2_PLACEMENT_3D ( 'NONE', #373, #390, #279 ) ;
#560 = DIRECTION ( 'NONE',  ( -1.000000000000000000, -0.000000000000000000, -0.000000000000000000 ) ) ;
#561 = CARTESIAN_POINT ( 'NONE',  ( 0.5000000000000000000, 0.9499999999999999556, 0.6249999999999994449 ) ) ;
#562 = LINE ( 'NONE', #206, #123 ) ;
#563 = ORIENTED_EDGE ( 'NONE', *, *, #1131, .F. ) ;
#564 = CARTESIAN_POINT ( 'NONE',  ( 1.000000000000000222, 0.9000000000000000222, -0.6249999999999998890 ) ) ;
#565 = VECTOR ( 'NONE', #506, 1000.000000000000000 ) ;
#566 = ORIENTED_EDGE ( 'NONE', *, *, #1406, .F. ) ;
#567 = EDGE_CURVE ( 'NONE', #1381, #484, #1187, .T. ) ;
#568 = CARTESIAN_POINT ( 'NONE',  ( -1.000000000000000222, 0.9499999999999999556, -0.5749999999999998446 ) ) ;
#569 = ORIENTED_EDGE ( 'NONE', *, *, #1325, .T. ) ;
#570 = DIRECTION ( 'NONE',  ( 1.000000000000000000, 0.000000000000000000, 0.000000000000000000 ) ) ;
#571 = CARTESIAN_POINT ( 'NONE',  ( 1.000000000000000000, 0.9499999999999999556, 0.5749999999999992895 ) ) ;
#572 = CYLINDRICAL_SURFACE ( 'NONE', #1147, 0.05000000000000002359 ) ;
#573 = ORIENTED_EDGE ( 'NONE', *, *, #97, .T. ) ;
#574 = CARTESIAN_POINT ( 'NONE',  ( 0.9499999999999999556, 0.9499999999999999556, 0.6249999999999994449 ) ) ;
#575 = DIRECTION ( 'NONE',  ( 0.000000000000000000, -1.000000000000000000, 0.000000000000000000 ) ) ;
#576 = ORIENTED_EDGE ( 'NONE', *, *, #763, .T. ) ;
#577 = CARTESIAN_POINT ( 'NONE',  ( 0.000000000000000000, 0.9000000000000000222, -0.5749999999999998446 ) ) ;
#578 = ORIENTED_EDGE ( 'NONE', *, *, #268, .T. ) ;
#579 = DIRECTION ( 'NONE',  ( -1.000000000000000000, 0.000000000000000000, 0.000000000000000000 ) ) ;
#580 = ORIENTED_EDGE ( 'NONE', *, *, #821, .F. ) ;
#581 = CARTESIAN_POINT ( 'NONE',  ( 0.9500000000000001776, 0.9499999999999999556, -0.5749999999999998446 ) ) ;
#582 = CARTESIAN_POINT ( 'NONE',  ( -1.000000000000000222, 0.05000000000000002359, -0.5749999999999998446 ) ) ;
#583 = FACE_OUTER_BOUND ( 'NONE', #1328, .T. ) ;
#584 = ORIENTED_EDGE ( 'NONE', *, *, #1233, .T. ) ;
#585 = EDGE_CURVE ( 'NONE', #351, #991, #226, .T. ) ;
#586 = EDGE_LOOP ( 'NONE', ( #323, #111, #296, #284 ) ) ;
#587 =( NAMED_UNIT ( * ) PLANE_ANGLE_UNIT ( ) SI_UNIT ( $, .RADIAN. ) );
#588 = CARTESIAN_POINT ( 'NONE',  ( 0.9499999999999999556, 0.9499999999999999556, 0.5749999999999994005 ) ) ;
#589 = LINE ( 'NONE', #710, #1168 ) ;
#590 = EDGE_LOOP ( 'NONE', ( #916, #1073, #757 ) ) ;
#591 = COLOUR_RGB ( '',0.4862745098039215619, 0.2352941176470588203, 0.01568627450980392135 ) ;
#592 = ORIENTED_EDGE ( 'NONE', *, *, #1137, .T. ) ;
#593 = DIRECTION ( 'NONE',  ( 0.000000000000000000, 0.000000000000000000, 1.000000000000000000 ) ) ;
#594 = VERTEX_POINT ( 'NONE', #729 ) ;
#595 = SHAPE_DEFINITION_REPRESENTATION ( #84, #1232 ) ;
#596 = ORIENTED_EDGE ( 'NONE', *, *, #627, .T. ) ;
#597 = ORIENTED_EDGE ( 'NONE', *, *, #670, .T. ) ;
#598 =( GEOMETRIC_REPRESENTATION_CONTEXT ( 3 ) GLOBAL_UNCERTAINTY_ASSIGNED_CONTEXT ( ( #403 ) ) GLOBAL_UNIT_ASSIGNED_CONTEXT ( ( #694, #500, #1404 ) ) REPRESENTATION_CONTEXT ( 'NONE', 'WORKASPACE' ) );
#599 = FILL_AREA_STYLE_COLOUR ( '', #1010 ) ;
#600 = VERTEX_POINT ( 'NONE', #1029 ) ;
#601 = DIRECTION ( 'NONE',  ( 0.000000000000000000, 1.000000000000000000, 0.000000000000000000 ) ) ;
#602 = DIRECTION ( 'NONE',  ( 0.000000000000000000, 0.000000000000000000, 1.000000000000000000 ) ) ;
#603 = ORIENTED_EDGE ( 'NONE', *, *, #268, .F. ) ;
#604 = EDGE_CURVE ( 'NONE', #242, #359, #191, .T. ) ;
#605 = ADVANCED_FACE ( 'NONE', ( #1199 ), #1249, .F. ) ;
#606 = STYLED_ITEM ( 'NONE', ( #773 ), #101 ) ;
#607 = EDGE_LOOP ( 'NONE', ( #626, #69, #1394, #993 ) ) ;
#608 = DIRECTION ( 'NONE',  ( -1.734723475976808574E-16, 0.000000000000000000, 1.000000000000000000 ) ) ;
#609 = ORIENTED_EDGE ( 'NONE', *, *, #670, .F. ) ;
#610 = CARTESIAN_POINT ( 'NONE',  ( 0.4999999999881765689, 0.9000000000000000222, -0.5749999999999997335 ) ) ;
#611 = ORIENTED_EDGE ( 'NONE', *, *, #1157, .F. ) ;
#612 = CARTESIAN_POINT ( 'NONE',  ( -1.000000000000000222, 0.05000000000000002359, -0.6249999999999998890 ) ) ;
#613 = DIRECTION ( 'NONE',  ( -1.000000000000000000, 0.000000000000000000, 0.000000000000000000 ) ) ;
#614 = EDGE_LOOP ( 'NONE', ( #104, #87, #946, #1019 ) ) ;
#615 =( GEOMETRIC_REPRESENTATION_CONTEXT ( 3 ) GLOBAL_UNCERTAINTY_ASSIGNED_CONTEXT ( ( #1127 ) ) GLOBAL_UNIT_ASSIGNED_CONTEXT ( ( #317, #26, #139 ) ) REPRESENTATION_CONTEXT ( 'NONE', 'WORKASPACE' ) );
#616 = ORIENTED_EDGE ( 'NONE', *, *, #995, .T. ) ;
#617 = CARTESIAN_POINT ( 'NONE',  ( 0.5000000000000002220, 0.000000000000000000, -0.6249999999999998890 ) ) ;
#618 = ADVANCED_FACE ( 'NONE', ( #221 ), #1188, .T. ) ;
#619 = AXIS2_PLACEMENT_3D ( 'NONE', #477, #823, #42 ) ;
#620 = ORIENTED_EDGE ( 'NONE', *, *, #778, .T. ) ;
#621 = CARTESIAN_POINT ( 'NONE',  ( 0.9499999999999999556, 0.05000000000000002359, 0.5749999999999994005 ) ) ;
#622 = ORIENTED_EDGE ( 'NONE', *, *, #902, .T. ) ;
#623 = DIRECTION ( 'NONE',  ( 0.000000000000000000, 0.000000000000000000, -1.000000000000000000 ) ) ;
#624 = CARTESIAN_POINT ( 'NONE',  ( -1.000000000000000000, 0.9499999999999999556, 0.5749999999999992895 ) ) ;
#625 = EDGE_CURVE ( 'NONE', #1304, #138, #232, .T. ) ;
#626 = ORIENTED_EDGE ( 'NONE', *, *, #246, .F. ) ;
#627 = EDGE_CURVE ( 'NONE', #1388, #991, #696, .T. ) ;
#628 = AXIS2_PLACEMENT_3D ( 'NONE', #709, #812, #943 ) ;
#629 = ORIENTED_EDGE ( 'NONE', *, *, #542, .T. ) ;
#630 = CARTESIAN_POINT ( 'NONE',  ( -1.000000000000000000, 0.05000000000000002359, 0.5749999999999994005 ) ) ;
#631 = ORIENTED_EDGE ( 'NONE', *, *, #1392, .T. ) ;
#632 = DIRECTION ( 'NONE',  ( 0.000000000000000000, 0.000000000000000000, -1.000000000000000000 ) ) ;
#633 = ORIENTED_EDGE ( 'NONE', *, *, #75, .T. ) ;
#634 =( NAMED_UNIT ( * ) SI_UNIT ( $, .STERADIAN. ) SOLID_ANGLE_UNIT ( ) );
#635 = CYLINDRICAL_SURFACE ( 'NONE', #131, 0.05000000000000002359 ) ;
#636 = ORIENTED_EDGE ( 'NONE', *, *, #338, .F. ) ;
#637 = VECTOR ( 'NONE', #726, 1000.000000000000000 ) ;
#638 = PRESENTATION_LAYER_ASSIGNMENT (  '', '', ( #830 ) ) ;
#639 = EDGE_LOOP ( 'NONE', ( #622, #1113, #1332, #341 ) ) ;
#640 = CARTESIAN_POINT ( 'NONE',  ( 0.5000000000000002220, 0.9499999999999999556, -0.6249999999999998890 ) ) ;
#641 = ORIENTED_EDGE ( 'NONE', *, *, #173, .T. ) ;
#642 = COLOUR_RGB ( '',0.4862745098039215619, 0.2352941176470588203, 0.01568627450980392135 ) ;
#643 =( NAMED_UNIT ( * ) SI_UNIT ( $, .STERADIAN. ) SOLID_ANGLE_UNIT ( ) );
#644 = ORIENTED_EDGE ( 'NONE', *, *, #195, .T. ) ;
#645 = DIRECTION ( 'NONE',  ( -1.000000000000000000, 0.000000000000000000, 0.000000000000000000 ) ) ;
#646 = DIRECTION ( 'NONE',  ( 1.000000000000000000, 0.000000000000000000, 1.734723475976808574E-16 ) ) ;
#647 = FACE_OUTER_BOUND ( 'NONE', #785, .T. ) ;
#648 = DIRECTION ( 'NONE',  ( 1.734723475976808574E-16, -0.000000000000000000, -1.000000000000000000 ) ) ;
#649 = ORIENTED_EDGE ( 'NONE', *, *, #358, .T. ) ;
#650 = EDGE_CURVE ( 'NONE', #716, #711, #659, .T. ) ;
#651 = AXIS2_PLACEMENT_3D ( 'NONE', #610, #1429, #91 ) ;
#652 = VECTOR ( 'NONE', #286, 1000.000000000000000 ) ;
#653 = CYLINDRICAL_SURFACE ( 'NONE', #44, 0.05000000000000002359 ) ;
#654 = ADVANCED_FACE ( 'NONE', ( #215 ), #653, .T. ) ;
#655 = ORIENTED_EDGE ( 'NONE', *, *, #793, .T. ) ;
#656 = CARTESIAN_POINT ( 'NONE',  ( -0.5000000000000000000, 0.9499999999999999556, 0.6249999999999994449 ) ) ;
#657 = VECTOR ( 'NONE', #270, 1000.000000000000000 ) ;
#658 = VECTOR ( 'NONE', #19, 1000.000000000000000 ) ;
#659 = CIRCLE ( 'NONE', #964, 0.05000000000000002359 ) ;
#660 =( NAMED_UNIT ( * ) SI_UNIT ( $, .STERADIAN. ) SOLID_ANGLE_UNIT ( ) );
#661 = FILL_AREA_STYLE_COLOUR ( '', #212 ) ;
#662 = FACE_OUTER_BOUND ( 'NONE', #204, .T. ) ;
#663 = LINE ( 'NONE', #364, #666 ) ;
#664 = DIRECTION ( 'NONE',  ( 1.000000000000000000, 0.000000000000000000, -8.673617379884036705E-17 ) ) ;
#665 = SURFACE_STYLE_FILL_AREA ( #1409 ) ;
#666 = VECTOR ( 'NONE', #189, 1000.000000000000000 ) ;
#667 = AXIS2_PLACEMENT_3D ( 'NONE', #1202, #409, #623 ) ;
#668 = CARTESIAN_POINT ( 'NONE',  ( 0.9499999999999999556, 0.9000000000000000222, 0.5749999999999994005 ) ) ;
#669 = SPHERICAL_SURFACE ( 'NONE', #890, 0.05000000000000000278 ) ;
#670 = EDGE_CURVE ( 'NONE', #933, #1092, #220, .T. ) ;
#671 = ADVANCED_FACE ( 'NONE', ( #193 ), #669, .T. ) ;
#672 = VECTOR ( 'NONE', #1364, 1000.000000000000000 ) ;
#673 = DIRECTION ( 'NONE',  ( 0.000000000000000000, 0.000000000000000000, -1.000000000000000000 ) ) ;
#674 = CARTESIAN_POINT ( 'NONE',  ( 0.000000000000000000, 0.9499999999999999556, 0.000000000000000000 ) ) ;
#675 = CIRCLE ( 'NONE', #1419, 0.05000000000000002359 ) ;
#676 = DIRECTION ( 'NONE',  ( -0.000000000000000000, -0.000000000000000000, 1.000000000000000000 ) ) ;
#677 = CYLINDRICAL_SURFACE ( 'NONE', #1206, 0.05000000000000002359 ) ;
#678 = SPHERICAL_SURFACE ( 'NONE', #15, 0.05000000000000000278 ) ;
#679 = DIRECTION ( 'NONE',  ( 1.000000000000000000, 0.000000000000000000, -0.000000000000000000 ) ) ;
#680 = VECTOR ( 'NONE', #465, 1000.000000000000000 ) ;
#681 = FACE_OUTER_BOUND ( 'NONE', #1065, .T. ) ;
#682 = EDGE_CURVE ( 'NONE', #1283, #146, #205, .T. ) ;
#683 = SURFACE_STYLE_FILL_AREA ( #1228 ) ;
#684 = DIRECTION ( 'NONE',  ( 0.000000000000000000, 0.000000000000000000, 1.000000000000000000 ) ) ;
#685 = AXIS2_PLACEMENT_3D ( 'NONE', #960, #746, #528 ) ;
#686 = UNCERTAINTY_MEASURE_WITH_UNIT (LENGTH_MEASURE( 1.000000000000000082E-05 ), #1393, 'distance_accuracy_value', 'NONE');
#687 = CARTESIAN_POINT ( 'NONE',  ( -0.9500000000000001776, 0.9499999999999999556, -0.5749999999999998446 ) ) ;
#688 = DIRECTION ( 'NONE',  ( -0.000000000000000000, 1.000000000000000000, 0.000000000000000000 ) ) ;
#689 = CARTESIAN_POINT ( 'NONE',  ( 1.000000000000000000, 0.9499999999999999556, 0.6249999999999994449 ) ) ;
#690 = VECTOR ( 'NONE', #560, 1000.000000000000000 ) ;
#691 = SURFACE_SIDE_STYLE ('',( #1268 ) ) ;
#692 = VECTOR ( 'NONE', #1118, 1000.000000000000000 ) ;
#693 =( LENGTH_UNIT ( ) NAMED_UNIT ( * ) SI_UNIT ( .MILLI., .METRE. ) );
#694 =( LENGTH_UNIT ( ) NAMED_UNIT ( * ) SI_UNIT ( .MILLI., .METRE. ) );
#695 = AXIS2_PLACEMENT_3D ( 'NONE', #480, #1399, #78 ) ;
#696 = CIRCLE ( 'NONE', #114, 0.05000000000000002359 ) ;
#697 = AXIS2_PLACEMENT_3D ( 'NONE', #24, #930, #799 ) ;
#698 = DIRECTION ( 'NONE',  ( -8.673617379884037937E-17, 0.000000000000000000, -1.000000000000000000 ) ) ;
#699 = CIRCLE ( 'NONE', #210, 0.05000000000000002359 ) ;
#700 = CARTESIAN_POINT ( 'NONE',  ( 0.4999999999881765689, 0.01666666666666667337, 0.5749999999999994005 ) ) ;
#701 = EDGE_CURVE ( 'NONE', #1402, #1416, #663, .T. ) ;
#702 = EDGE_CURVE ( 'NONE', #121, #513, #675, .T. ) ;
#703 = CARTESIAN_POINT ( 'NONE',  ( 1.000000000000000222, 0.9499999999999999556, -0.5749999999999998446 ) ) ;
#704 = CARTESIAN_POINT ( 'NONE',  ( -0.9499999999999999556, 0.9499999999999999556, 0.5749999999999994005 ) ) ;
#705 = AXIS2_PLACEMENT_3D ( 'NONE', #1243, #676, #886 ) ;
#706 = UNCERTAINTY_MEASURE_WITH_UNIT (LENGTH_MEASURE( 1.000000000000000082E-05 ), #693, 'distance_accuracy_value', 'NONE');
#707 = VECTOR ( 'NONE', #645, 1000.000000000000000 ) ;
#708 = CYLINDRICAL_SURFACE ( 'NONE', #295, 0.04999999999999991257 ) ;
#709 = CARTESIAN_POINT ( 'NONE',  ( 0.9500000000000001776, 0.05000000000000002359, -0.6249999999999998890 ) ) ;
#710 = CARTESIAN_POINT ( 'NONE',  ( 0.5000000000000002220, 0.9499999999999999556, -0.6249999999999998890 ) ) ;
#711 = VERTEX_POINT ( 'NONE', #273 ) ;
#712 =( NAMED_UNIT ( * ) SI_UNIT ( $, .STERADIAN. ) SOLID_ANGLE_UNIT ( ) );
#713 = CARTESIAN_POINT ( 'NONE',  ( 0.5000000000000002220, 0.9499999999999999556, -0.5749999999999998446 ) ) ;
#714 = CARTESIAN_POINT ( 'NONE',  ( -0.5000000000000002220, 0.9499999999999999556, -0.6249999999999998890 ) ) ;
#715 = STYLED_ITEM ( 'NONE', ( #211 ), #453 ) ;
#716 = VERTEX_POINT ( 'NONE', #1177 ) ;
#717 = CARTESIAN_POINT ( 'NONE',  ( -0.9500000000000001776, 0.05000000000000002359, -0.6249999999999998890 ) ) ;
#718 = EDGE_CURVE ( 'NONE', #1032, #149, #1180, .T. ) ;
#719 = PRESENTATION_LAYER_ASSIGNMENT (  '', '', ( #216 ) ) ;
#720 = CARTESIAN_POINT ( 'NONE',  ( 500000.0000000000582, 0.05000000000000002359, 0.5749999999566314246 ) ) ;
#721 = LINE ( 'NONE', #159, #1350 ) ;
#722 = DIRECTION ( 'NONE',  ( 1.000000000000000000, 0.000000000000000000, 0.000000000000000000 ) ) ;
#723 = DIRECTION ( 'NONE',  ( -1.000000000000000000, -0.000000000000000000, -0.000000000000000000 ) ) ;
#724 = EDGE_LOOP ( 'NONE', ( #415, #1405, #437, #935 ) ) ;
#725 = CYLINDRICAL_SURFACE ( 'NONE', #187, 0.05000000000000002359 ) ;
#726 = DIRECTION ( 'NONE',  ( -1.000000000000000000, -0.000000000000000000, 8.673617379884036705E-17 ) ) ;
#727 = PLANE ( 'NONE',  #685 ) ;
#728 = DIRECTION ( 'NONE',  ( 1.000000000000000000, 0.000000000000000000, 1.734723475976808574E-16 ) ) ;
#729 = CARTESIAN_POINT ( 'NONE',  ( 0.5000000000000000000, 0.000000000000000000, 0.5749999999999992895 ) ) ;
#730 = DIRECTION ( 'NONE',  ( 0.000000000000000000, -1.000000000000000000, 0.000000000000000000 ) ) ;
#731 = ORIENTED_EDGE ( 'NONE', *, *, #1245, .T. ) ;
#732 = DIRECTION ( 'NONE',  ( 0.000000000000000000, 0.000000000000000000, 1.000000000000000000 ) ) ;
#733 = EDGE_LOOP ( 'NONE', ( #611, #1123, #989 ) ) ;
#734 = DIRECTION ( 'NONE',  ( 0.000000000000000000, 1.000000000000000000, 0.000000000000000000 ) ) ;
#735 = PLANE ( 'NONE',  #1317 ) ;
#736 = ADVANCED_FACE ( 'NONE', ( #125 ), #557, .T. ) ;
#737 = DIRECTION ( 'NONE',  ( 1.000000000000000000, 0.000000000000000000, 0.000000000000000000 ) ) ;
#738 = FILL_AREA_STYLE ('',( #1320 ) ) ;
#739 = CARTESIAN_POINT ( 'NONE',  ( 0.9499999999999999556, 0.9499999999999999556, 0.5749999999999994005 ) ) ;
#740 = MANIFOLD_SOLID_BREP ( 'Boss-Extrude2', #33 ) ;
#741 = EDGE_CURVE ( 'NONE', #142, #484, #132, .T. ) ;
#742 = EDGE_CURVE ( 'NONE', #277, #1410, #1062, .T. ) ;
#743 = MECHANICAL_DESIGN_GEOMETRIC_PRESENTATION_REPRESENTATION (  '', ( #1094 ), #360 ) ;
#744 = CARTESIAN_POINT ( 'NONE',  ( -0.9500000000000001776, 0.000000000000000000, -0.5749999999999998446 ) ) ;
#745 = ADVANCED_FACE ( 'NONE', ( #110 ), #572, .T. ) ;
#746 = DIRECTION ( 'NONE',  ( 1.000000000000000000, 0.000000000000000000, -8.673617379884036705E-17 ) ) ;
#747 = CARTESIAN_POINT ( 'NONE',  ( -0.5000000000000001110, 0.05000000000000002359, -0.5749999999999997335 ) ) ;
#748 = DIRECTION ( 'NONE',  ( -1.000000000000000000, 0.000000000000000000, -0.000000000000000000 ) ) ;
#749 = SURFACE_SIDE_STYLE ('',( #395 ) ) ;
#750 =( GEOMETRIC_REPRESENTATION_CONTEXT ( 3 ) GLOBAL_UNCERTAINTY_ASSIGNED_CONTEXT ( ( #910 ) ) GLOBAL_UNIT_ASSIGNED_CONTEXT ( ( #1368, #1033, #37 ) ) REPRESENTATION_CONTEXT ( 'NONE', 'WORKASPACE' ) );
#751 = FACE_OUTER_BOUND ( 'NONE', #550, .T. ) ;
#752 = AXIS2_PLACEMENT_3D ( 'NONE', #714, #492, #842 ) ;
#753 = PLANE ( 'NONE',  #975 ) ;
#754 = DIRECTION ( 'NONE',  ( -1.000000000000000000, -0.000000000000000000, -0.000000000000000000 ) ) ;
#755 = VECTOR ( 'NONE', #305, 1000.000000000000000 ) ;
#756 = ORIENTED_EDGE ( 'NONE', *, *, #1244, .T. ) ;
#757 = ORIENTED_EDGE ( 'NONE', *, *, #604, .F. ) ;
#758 = DIRECTION ( 'NONE',  ( -1.000000000000000000, 0.000000000000000000, 0.000000000000000000 ) ) ;
#759 = EDGE_CURVE ( 'NONE', #1402, #170, #99, .T. ) ;
#760 = ADVANCED_FACE ( 'NONE', ( #583 ), #951, .F. ) ;
#761 = CARTESIAN_POINT ( 'NONE',  ( -0.9499999999999999556, 0.9000000000000000222, 0.5749999999999994005 ) ) ;
#762 = DIRECTION ( 'NONE',  ( 0.000000000000000000, 0.000000000000000000, -1.000000000000000000 ) ) ;
#763 = EDGE_CURVE ( 'NONE', #142, #359, #562, .T. ) ;
#764 = EDGE_LOOP ( 'NONE', ( #1057, #580, #1312, #808 ) ) ;
#765 = AXIS2_PLACEMENT_3D ( 'NONE', #1411, #1184, #1311 ) ;
#766 = SPHERICAL_SURFACE ( 'NONE', #772, 0.05000000000000000278 ) ;
#767 = COLOUR_RGB ( '',0.4862745098039215619, 0.2352941176470588203, 0.01568627450980392135 ) ;
#768 = FACE_OUTER_BOUND ( 'NONE', #427, .T. ) ;
#769 = CLOSED_SHELL ( 'NONE', ( #860, #1224, #908, #1225, #1002, #303, #438, #745, #1331, #875, #423, #1316, #85, #1301, #736, #618, #10, #1122 ) ) ;
#770 = CARTESIAN_POINT ( 'NONE',  ( -0.9500000000000001776, 0.9499999999999999556, -0.6249999999999998890 ) ) ;
#771 = ADVANCED_FACE ( 'NONE', ( #1074 ), #103, .T. ) ;
#772 = AXIS2_PLACEMENT_3D ( 'NONE', #1050, #1185, #570 ) ;
#773 = PRESENTATION_STYLE_ASSIGNMENT (( #1028 ) ) ;
#774 = DIRECTION ( 'NONE',  ( -1.000000000000000000, 0.000000000000000000, 0.000000000000000000 ) ) ;
#775 = CIRCLE ( 'NONE', #165, 0.05000000000000002359 ) ;
#776 = ORIENTED_EDGE ( 'NONE', *, *, #483, .T. ) ;
#777 = CARTESIAN_POINT ( 'NONE',  ( 0.9500000000000001776, 0.9499999999999999556, -0.6249999999999998890 ) ) ;
#778 = EDGE_CURVE ( 'NONE', #138, #600, #1064, .T. ) ;
#779 = PLANE ( 'NONE',  #1239 ) ;
#780 = DIRECTION ( 'NONE',  ( 1.000000000000000000, 0.000000000000000000, -8.673617379884036705E-17 ) ) ;
#781 = FACE_OUTER_BOUND ( 'NONE', #607, .T. ) ;
#782 = FACE_OUTER_BOUND ( 'NONE', #346, .T. ) ;
#783 = VECTOR ( 'NONE', #1071, 1000.000000000000000 ) ;
#784 = LINE ( 'NONE', #850, #1299 ) ;
#785 = EDGE_LOOP ( 'NONE', ( #569, #447, #928, #454 ) ) ;
#786 = DIRECTION ( 'NONE',  ( -0.000000000000000000, -1.000000000000000000, -0.000000000000000000 ) ) ;
#787 = DIRECTION ( 'NONE',  ( -1.000000000000000000, 0.000000000000000000, 0.000000000000000000 ) ) ;
#788 = CARTESIAN_POINT ( 'NONE',  ( 0.000000000000000000, 0.9499999999999999556, 0.000000000000000000 ) ) ;
#789 = CYLINDRICAL_SURFACE ( 'NONE', #559, 0.05000000000000002359 ) ;
#790 = ORIENTED_EDGE ( 'NONE', *, *, #741, .T. ) ;
#791 = SPHERICAL_SURFACE ( 'NONE', #1046, 0.05000000000000000278 ) ;
#792 = ORIENTED_EDGE ( 'NONE', *, *, #276, .F. ) ;
#793 = EDGE_CURVE ( 'NONE', #924, #16, #106, .T. ) ;
#794 = DIRECTION ( 'NONE',  ( 1.000000000000000000, 0.000000000000000000, 0.000000000000000000 ) ) ;
#795 = AXIS2_PLACEMENT_3D ( 'NONE', #1383, #1280, #1403 ) ;
#796 = VECTOR ( 'NONE', #1246, 1000.000000000000000 ) ;
#797 = LINE ( 'NONE', #870, #755 ) ;
#798 = ORIENTED_EDGE ( 'NONE', *, *, #816, .T. ) ;
#799 = DIRECTION ( 'NONE',  ( 0.000000000000000000, 2.168404344971007685E-15, 1.000000000000000000 ) ) ;
#800 = CARTESIAN_POINT ( 'NONE',  ( 0.9500000000000001776, 0.9499999999999999556, -0.5749999999999998446 ) ) ;
#801 = DIRECTION ( 'NONE',  ( 0.000000000000000000, 0.000000000000000000, -1.000000000000000000 ) ) ;
#802 = FACE_OUTER_BOUND ( 'NONE', #733, .T. ) ;
#803 = FACE_OUTER_BOUND ( 'NONE', #135, .T. ) ;
#804 = VERTEX_POINT ( 'NONE', #1198 ) ;
#805 = CARTESIAN_POINT ( 'NONE',  ( -0.9500000000000001776, 0.9000000000000000222, -0.6249999999999998890 ) ) ;
#806 = CARTESIAN_POINT ( 'NONE',  ( 500000.0000000000582, 0.9000000000000000222, 0.5749999999566314246 ) ) ;
#807 = DIRECTION ( 'NONE',  ( 1.000000000000000000, -0.000000000000000000, -0.000000000000000000 ) ) ;
#808 = ORIENTED_EDGE ( 'NONE', *, *, #358, .F. ) ;
#809 =( GEOMETRIC_REPRESENTATION_CONTEXT ( 3 ) GLOBAL_UNCERTAINTY_ASSIGNED_CONTEXT ( ( #1066 ) ) GLOBAL_UNIT_ASSIGNED_CONTEXT ( ( #1309, #1273, #825 ) ) REPRESENTATION_CONTEXT ( 'NONE', 'WORKASPACE' ) );
#810 = MECHANICAL_DESIGN_GEOMETRIC_PRESENTATION_REPRESENTATION (  '', ( #715 ), #264 ) ;
#811 = ORIENTED_EDGE ( 'NONE', *, *, #627, .F. ) ;
#812 = DIRECTION ( 'NONE',  ( -1.734723475976808574E-16, 0.000000000000000000, 1.000000000000000000 ) ) ;
#813 = CARTESIAN_POINT ( 'NONE',  ( -0.9499999999999999556, 0.9499999999999999556, 0.6249999999999994449 ) ) ;
#814 = COLOUR_RGB ( '',0.4862745098039215619, 0.2352941176470588203, 0.01568627450980392135 ) ;
#815 = ORIENTED_EDGE ( 'NONE', *, *, #1307, .F. ) ;
#816 = EDGE_CURVE ( 'NONE', #245, #170, #589, .T. ) ;
#817 = APPLICATION_CONTEXT ( 'automotive_design' ) ;
#818 = PRESENTATION_STYLE_ASSIGNMENT (( #1395 ) ) ;
#819 = ORIENTED_EDGE ( 'NONE', *, *, #1030, .F. ) ;
#820 = CARTESIAN_POINT ( 'NONE',  ( -1.000000000000000000, 0.9000000000000000222, 0.5749999999999994005 ) ) ;
#821 = EDGE_CURVE ( 'NONE', #351, #420, #1178, .T. ) ;
#822 = CARTESIAN_POINT ( 'NONE',  ( -0.5000000000000000000, 0.9499999999999999556, 0.5749999999999992895 ) ) ;
#823 = DIRECTION ( 'NONE',  ( 0.000000000000000000, -1.000000000000000000, 0.000000000000000000 ) ) ;
#824 = VERTEX_POINT ( 'NONE', #1088 ) ;
#825 =( NAMED_UNIT ( * ) SI_UNIT ( $, .STERADIAN. ) SOLID_ANGLE_UNIT ( ) );
#826 = ORIENTED_EDGE ( 'NONE', *, *, #62, .T. ) ;
#827 = UNCERTAINTY_MEASURE_WITH_UNIT (LENGTH_MEASURE( 1.000000000000000082E-05 ), #1227, 'distance_accuracy_value', 'NONE');
#828 = CIRCLE ( 'NONE', #984, 0.03333333333333334675 ) ;
#829 = SURFACE_STYLE_USAGE ( .BOTH. , #1277 ) ;
#830 = STYLED_ITEM ( 'NONE', ( #27 ), #1103 ) ;
#831 = DIRECTION ( 'NONE',  ( 0.000000000000000000, 0.000000000000000000, -1.000000000000000000 ) ) ;
#832 = CARTESIAN_POINT ( 'NONE',  ( -0.9500000000000001776, 0.05000000000000000278, -0.5749999999999998446 ) ) ;
#833 = VECTOR ( 'NONE', #231, 1000.000000000000000 ) ;
#834 = ORIENTED_EDGE ( 'NONE', *, *, #942, .F. ) ;
#835 = AXIS2_PLACEMENT_3D ( 'NONE', #508, #734, #969 ) ;
#836 = ORIENTED_EDGE ( 'NONE', *, *, #942, .T. ) ;
#837 = CARTESIAN_POINT ( 'NONE',  ( 0.9499999999999999556, 0.9000000000000000222, 0.5749999999999994005 ) ) ;
#838 = LINE ( 'NONE', #1238, #354 ) ;
#839 = EDGE_CURVE ( 'NONE', #1416, #1381, #199, .T. ) ;
#840 = EDGE_CURVE ( 'NONE', #513, #991, #1174, .T. ) ;
#841 = CARTESIAN_POINT ( 'NONE',  ( 0.5000000000000002220, 0.000000000000000000, -0.5749999999999998446 ) ) ;
#842 = DIRECTION ( 'NONE',  ( 1.734723475976808574E-16, 0.000000000000000000, 1.000000000000000000 ) ) ;
#843 = CYLINDRICAL_SURFACE ( 'NONE', #628, 0.05000000000000002359 ) ;
#844 = SURFACE_STYLE_FILL_AREA ( #1359 ) ;
#845 = ADVANCED_FACE ( 'NONE', ( #662 ), #635, .T. ) ;
#846 = DIRECTION ( 'NONE',  ( 1.734723475976808080E-16, -0.000000000000000000, -1.000000000000000000 ) ) ;
#847 = LINE ( 'NONE', #551, #1344 ) ;
#848 = VECTOR ( 'NONE', #236, 1000.000000000000000 ) ;
#849 = CARTESIAN_POINT ( 'NONE',  ( -0.5000000000000002220, 0.000000000000000000, -0.6249999999999998890 ) ) ;
#850 = CARTESIAN_POINT ( 'NONE',  ( 500000.0000000000582, 0.01666666666666666644, -0.5750000000433677094 ) ) ;
#851 = CARTESIAN_POINT ( 'NONE',  ( -0.9499999999999999556, 0.9000000000000000222, 0.6249999999999994449 ) ) ;
#852 = PRESENTATION_LAYER_ASSIGNMENT (  '', '', ( #715 ) ) ;
#853 = FACE_OUTER_BOUND ( 'NONE', #1397, .T. ) ;
#854 = VECTOR ( 'NONE', #748, 1000.000000000000000 ) ;
#855 = EDGE_CURVE ( 'NONE', #1410, #892, #1167, .T. ) ;
#856 = DIRECTION ( 'NONE',  ( 1.000000000000000000, -0.000000000000000000, 0.000000000000000000 ) ) ;
#857 = CYLINDRICAL_SURFACE ( 'NONE', #1235, 0.05000000000000002359 ) ;
#858 = EDGE_CURVE ( 'NONE', #594, #288, #1161, .T. ) ;
#859 = PRESENTATION_STYLE_ASSIGNMENT (( #1145 ) ) ;
#860 = ADVANCED_FACE ( 'NONE', ( #182 ), #402, .F. ) ;
#861 = CARTESIAN_POINT ( 'NONE',  ( -0.5000000000000001110, 0.9333333333333333481, -0.5749999999999997335 ) ) ;
#862 = LINE ( 'NONE', #520, #1356 ) ;
#863 = LINE ( 'NONE', #538, #1361 ) ;
#864 = CIRCLE ( 'NONE', #379, 0.05000000000000002359 ) ;
#865 = CARTESIAN_POINT ( 'NONE',  ( -0.5000000000000000000, 0.9499999999999999556, 0.5749999999999994005 ) ) ;
#866 = PRESENTATION_STYLE_ASSIGNMENT (( #876 ) ) ;
#867 = PRESENTATION_LAYER_ASSIGNMENT (  '', '', ( #25 ) ) ;
#868 = CIRCLE ( 'NONE', #923, 0.05000000000000002359 ) ;
#869 = CIRCLE ( 'NONE', #1024, 0.05000000000000002359 ) ;
#870 = CARTESIAN_POINT ( 'NONE',  ( -0.5000000000000001110, 0.01666666666666666644, 0.5749999999999994005 ) ) ;
#871 = CIRCLE ( 'NONE', #705, 0.05000000000000002359 ) ;
#872 = DIRECTION ( 'NONE',  ( 1.000000000000000000, 0.000000000000000000, 1.734723475976808574E-16 ) ) ;
#873 = LINE ( 'NONE', #561, #399 ) ;
#874 = EDGE_CURVE ( 'NONE', #1319, #133, #1141, .T. ) ;
#875 = ADVANCED_FACE ( 'NONE', ( #1154 ), #196, .T. ) ;
#876 = SURFACE_STYLE_USAGE ( .BOTH. , #749 ) ;
#877 = COLOUR_RGB ( '',0.4862745098039215619, 0.2352941176470588203, 0.01568627450980392135 ) ;
#878 = PRESENTATION_LAYER_ASSIGNMENT (  '', '', ( #606 ) ) ;
#879 = AXIS2_PLACEMENT_3D ( 'NONE', #883, #1117, #1276 ) ;
#880 = LINE ( 'NONE', #1369, #833 ) ;
#881 = DIRECTION ( 'NONE',  ( 1.000000000000000000, 0.000000000000000000, -8.673617379884036705E-17 ) ) ;
#882 = LINE ( 'NONE', #656, #1389 ) ;
#883 = CARTESIAN_POINT ( 'NONE',  ( 0.000000000000000000, 0.000000000000000000, 0.000000000000000000 ) ) ;
#884 = DIRECTION ( 'NONE',  ( 0.000000000000000000, 0.000000000000000000, 1.000000000000000000 ) ) ;
#885 = FILL_AREA_STYLE ('',( #1334 ) ) ;
#886 = DIRECTION ( 'NONE',  ( 1.000000000000000000, 0.000000000000000000, 0.000000000000000000 ) ) ;
#887 = CIRCLE ( 'NONE', #903, 0.05000000000000002359 ) ;
#888 = AXIS2_PLACEMENT_3D ( 'NONE', #244, #872, #347 ) ;
#889 = ORIENTED_EDGE ( 'NONE', *, *, #1262, .F. ) ;
#890 = AXIS2_PLACEMENT_3D ( 'NONE', #832, #384, #67 ) ;
#891 = ADVANCED_FACE ( 'NONE', ( #171 ), #1139, .T. ) ;
#892 = VERTEX_POINT ( 'NONE', #320 ) ;
#893 = CYLINDRICAL_SURFACE ( 'NONE', #198, 0.05000000000000002359 ) ;
#894 = ORIENTED_EDGE ( 'NONE', *, *, #742, .T. ) ;
#895 = SURFACE_STYLE_USAGE ( .BOTH. , #235 ) ;
#896 = SURFACE_STYLE_FILL_AREA ( #417 ) ;
#897 = EDGE_CURVE ( 'NONE', #824, #1108, #869, .T. ) ;
#898 = CARTESIAN_POINT ( 'NONE',  ( 1.000000000000000222, 0.9000000000000000222, -0.5749999999999998446 ) ) ;
#899 = LINE ( 'NONE', #436, #391 ) ;
#900 = DIRECTION ( 'NONE',  ( 0.000000000000000000, 0.000000000000000000, -1.000000000000000000 ) ) ;
#901 = ORIENTED_EDGE ( 'NONE', *, *, #299, .F. ) ;
#902 = EDGE_CURVE ( 'NONE', #192, #941, #899, .T. ) ;
#903 = AXIS2_PLACEMENT_3D ( 'NONE', #621, #1049, #71 ) ;
#904 = LINE ( 'NONE', #865, #1387 ) ;
#905 = ORIENTED_EDGE ( 'NONE', *, *, #338, .T. ) ;
#906 = CARTESIAN_POINT ( 'NONE',  ( 0.000000000000000000, 0.9000000000000000222, -0.5749999999999998446 ) ) ;
#907 = ORIENTED_EDGE ( 'NONE', *, *, #874, .F. ) ;
#908 = ADVANCED_FACE ( 'NONE', ( #1343 ), #753, .F. ) ;
#909 = ORIENTED_EDGE ( 'NONE', *, *, #47, .T. ) ;
#910 = UNCERTAINTY_MEASURE_WITH_UNIT (LENGTH_MEASURE( 1.000000000000000082E-05 ), #1368, 'distance_accuracy_value', 'NONE');
#911 = DIRECTION ( 'NONE',  ( -0.000000000000000000, 1.000000000000000000, -0.000000000000000000 ) ) ;
#912 = CARTESIAN_POINT ( 'NONE',  ( -0.5000000000000002220, 0.9000000000000000222, -0.6249999999999998890 ) ) ;
#913 = SURFACE_SIDE_STYLE ('',( #844 ) ) ;
#914 = ORIENTED_EDGE ( 'NONE', *, *, #718, .T. ) ;
#915 = PRESENTATION_LAYER_ASSIGNMENT (  '', '', ( #313 ) ) ;
#916 = ORIENTED_EDGE ( 'NONE', *, *, #525, .F. ) ;
#917 = PRODUCT_RELATED_PRODUCT_CATEGORY ( 'part', '', ( #1112 ) ) ;
#918 = ORIENTED_EDGE ( 'NONE', *, *, #376, .F. ) ;
#919 = ORIENTED_EDGE ( 'NONE', *, *, #1209, .F. ) ;
#920 = PLANE ( 'NONE',  #1106 ) ;
#921 = EDGE_CURVE ( 'NONE', #164, #824, #882, .T. ) ;
#922 = DIRECTION ( 'NONE',  ( 1.000000000000000000, 0.000000000000000000, 1.734723475976808574E-16 ) ) ;
#923 = AXIS2_PLACEMENT_3D ( 'NONE', #14, #130, #1121 ) ;
#924 = VERTEX_POINT ( 'NONE', #514 ) ;
#925 = ORIENTED_EDGE ( 'NONE', *, *, #858, .F. ) ;
#926 = CARTESIAN_POINT ( 'NONE',  ( -0.5000000000000001110, 0.05000000000000023870, 0.6083333333333329485 ) ) ;
#927 = CARTESIAN_POINT ( 'NONE',  ( -0.9499999999999999556, 0.9000000000000000222, 0.5749999999999994005 ) ) ;
#928 = ORIENTED_EDGE ( 'NONE', *, *, #604, .T. ) ;
#929 = EDGE_LOOP ( 'NONE', ( #136, #1102, #819, #1275 ) ) ;
#930 = DIRECTION ( 'NONE',  ( 1.000000000000000000, -0.000000000000000000, -1.734723475976808574E-16 ) ) ;
#931 = SURFACE_STYLE_USAGE ( .BOTH. , #262 ) ;
#932 = CARTESIAN_POINT ( 'NONE',  ( -1.000000000000000000, 0.05000000000000002359, 0.6249999999999994449 ) ) ;
#933 = VERTEX_POINT ( 'NONE', #744 ) ;
#934 = PRESENTATION_LAYER_ASSIGNMENT (  '', '', ( #251 ) ) ;
#935 = ORIENTED_EDGE ( 'NONE', *, *, #839, .F. ) ;
#936 = EDGE_CURVE ( 'NONE', #991, #192, #904, .T. ) ;
#937 =( LENGTH_UNIT ( ) NAMED_UNIT ( * ) SI_UNIT ( .MILLI., .METRE. ) );
#938 = CARTESIAN_POINT ( 'NONE',  ( -0.5000000000000001110, 0.05000000000000002359, -0.6083333333333331705 ) ) ;
#939 = DIRECTION ( 'NONE',  ( -0.000000000000000000, 0.000000000000000000, 1.000000000000000000 ) ) ;
#940 = ORIENTED_EDGE ( 'NONE', *, *, #47, .F. ) ;
#941 = VERTEX_POINT ( 'NONE', #1219 ) ;
#942 = EDGE_CURVE ( 'NONE', #490, #100, #418, .T. ) ;
#943 = DIRECTION ( 'NONE',  ( -1.000000000000000000, 0.000000000000000000, 0.000000000000000000 ) ) ;
#944 = DIRECTION ( 'NONE',  ( 1.000000000000000000, 0.000000000000000000, 0.000000000000000000 ) ) ;
#945 = ORIENTED_EDGE ( 'NONE', *, *, #1209, .T. ) ;
#946 = ORIENTED_EDGE ( 'NONE', *, *, #1157, .T. ) ;
#947 = SURFACE_STYLE_USAGE ( .BOTH. , #968 ) ;
#948 = DIRECTION ( 'NONE',  ( 0.000000000000000000, -1.000000000000000000, 0.000000000000000000 ) ) ;
#949 = DIRECTION ( 'NONE',  ( 1.000000000000000000, 0.000000000000000000, 0.000000000000000000 ) ) ;
#950 = AXIS2_PLACEMENT_3D ( 'NONE', #704, #555, #1293 ) ;
#951 = PLANE ( 'NONE',  #695 ) ;
#952 = EDGE_CURVE ( 'NONE', #1108, #355, #380, .T. ) ;
#953 = DIRECTION ( 'NONE',  ( 1.000000000000000000, 0.000000000000000000, 1.734723475976808574E-16 ) ) ;
#954 = EDGE_CURVE ( 'NONE', #1304, #36, #863, .T. ) ;
#955 = CARTESIAN_POINT ( 'NONE',  ( -0.5000000000000002220, 0.05000000000000002359, -0.5749999999999998446 ) ) ;
#956 = DIRECTION ( 'NONE',  ( 1.000000000000000000, 0.000000000000000000, 0.000000000000000000 ) ) ;
#957 =( GEOMETRIC_REPRESENTATION_CONTEXT ( 3 ) GLOBAL_UNCERTAINTY_ASSIGNED_CONTEXT ( ( #183 ) ) GLOBAL_UNIT_ASSIGNED_CONTEXT ( ( #1193, #1401, #712 ) ) REPRESENTATION_CONTEXT ( 'NONE', 'WORKASPACE' ) );
#958 = VERTEX_POINT ( 'NONE', #986 ) ;
#959 = DIRECTION ( 'NONE',  ( -1.000000000000000000, 0.000000000000000000, 0.000000000000000000 ) ) ;
#960 = CARTESIAN_POINT ( 'NONE',  ( -0.5000000000000001110, 0.9000000000000000222, -0.5749999999999997335 ) ) ;
#961 = AXIS2_PLACEMENT_3D ( 'NONE', #994, #646, #1223 ) ;
#962 = DIRECTION ( 'NONE',  ( 0.000000000000000000, -1.000000000000000000, 0.000000000000000000 ) ) ;
#963 = CARTESIAN_POINT ( 'NONE',  ( 500000.0000000000582, 0.05000000000000002359, -0.6083333333767012574 ) ) ;
#964 = AXIS2_PLACEMENT_3D ( 'NONE', #1150, #723, #253 ) ;
#965 = CIRCLE ( 'NONE', #1365, 0.03333333333333334675 ) ;
#966 = EDGE_CURVE ( 'NONE', #1013, #331, #873, .T. ) ;
#967 = AXIS2_PLACEMENT_3D ( 'NONE', #1231, #1015, #20 ) ;
#968 = SURFACE_SIDE_STYLE ('',( #1000 ) ) ;
#969 = DIRECTION ( 'NONE',  ( 0.000000000000000000, 0.000000000000000000, 1.000000000000000000 ) ) ;
#970 = CARTESIAN_POINT ( 'NONE',  ( 0.000000000000000000, 0.000000000000000000, 0.000000000000000000 ) ) ;
#971 = ORIENTED_EDGE ( 'NONE', *, *, #902, .F. ) ;
#972 = DIRECTION ( 'NONE',  ( 1.734723475976808080E-16, -0.000000000000000000, -1.000000000000000000 ) ) ;
#973 = VERTEX_POINT ( 'NONE', #898 ) ;
#974 = VECTOR ( 'NONE', #327, 1000.000000000000000 ) ;
#975 = AXIS2_PLACEMENT_3D ( 'NONE', #640, #213, #309 ) ;
#976 = DIRECTION ( 'NONE',  ( 0.000000000000000000, 1.000000000000000000, 0.000000000000000000 ) ) ;
#977 = AXIS2_PLACEMENT_3D ( 'NONE', #806, #66, #593 ) ;
#978 = SPHERICAL_SURFACE ( 'NONE', #534, 0.05000000000000000278 ) ;
#979 = CIRCLE ( 'NONE', #888, 0.05000000000000002359 ) ;
#980 = ORIENTED_EDGE ( 'NONE', *, *, #821, .T. ) ;
#981 = DIRECTION ( 'NONE',  ( 1.000000000000000000, -0.000000000000000000, -1.734723475976808574E-16 ) ) ;
#982 = SURFACE_STYLE_FILL_AREA ( #1241 ) ;
#983 = EDGE_CURVE ( 'NONE', #513, #100, #1430, .T. ) ;
#984 = AXIS2_PLACEMENT_3D ( 'NONE', #445, #664, #762 ) ;
#985 = DIRECTION ( 'NONE',  ( 0.000000000000000000, -0.000000000000000000, 1.000000000000000000 ) ) ;
#986 = CARTESIAN_POINT ( 'NONE',  ( -1.000000000000000222, 0.05000000000000002359, -0.5749999999999998446 ) ) ;
#987 =( NAMED_UNIT ( * ) SI_UNIT ( $, .STERADIAN. ) SOLID_ANGLE_UNIT ( ) );
#988 = VECTOR ( 'NONE', #1237, 1000.000000000000000 ) ;
#989 = ORIENTED_EDGE ( 'NONE', *, *, #682, .F. ) ;
#990 = FACE_OUTER_BOUND ( 'NONE', #247, .T. ) ;
#991 = VERTEX_POINT ( 'NONE', #1120 ) ;
#992 = CARTESIAN_POINT ( 'NONE',  ( 500000.0000000000582, 0.05000000000000023870, 0.6083333332899648616 ) ) ;
#993 = ORIENTED_EDGE ( 'NONE', *, *, #625, .F. ) ;
#994 = CARTESIAN_POINT ( 'NONE',  ( 0.5000000000000002220, 0.9499999999999999556, -0.6249999999999998890 ) ) ;
#995 = EDGE_CURVE ( 'NONE', #16, #1319, #965, .T. ) ;
#996 = CARTESIAN_POINT ( 'NONE',  ( -0.5000000000000001110, 0.05000000000000002359, 0.5749999999999995115 ) ) ;
#997 = ORIENTED_EDGE ( 'NONE', *, *, #625, .T. ) ;
#998 = DIRECTION ( 'NONE',  ( -1.000000000000000000, 0.000000000000000000, 0.000000000000000000 ) ) ;
#999 = VECTOR ( 'NONE', #429, 1000.000000000000000 ) ;
#1000 = SURFACE_STYLE_FILL_AREA ( #738 ) ;
#1001 = DIRECTION ( 'NONE',  ( -1.000000000000000000, 0.000000000000000000, 8.673617379884037937E-17 ) ) ;
#1002 = ADVANCED_FACE ( 'NONE', ( #35 ), #779, .T. ) ;
#1003 = DIRECTION ( 'NONE',  ( 0.000000000000000000, -1.000000000000000000, -0.000000000000000000 ) ) ;
#1004 = DIRECTION ( 'NONE',  ( 0.000000000000000000, 0.000000000000000000, -1.000000000000000000 ) ) ;
#1005 = CIRCLE ( 'NONE', #651, 0.03333333333333334675 ) ;
#1006 = ORIENTED_EDGE ( 'NONE', *, *, #1424, .T. ) ;
#1007 = PRESENTATION_STYLE_ASSIGNMENT (( #829 ) ) ;
#1008 = AXIS2_PLACEMENT_3D ( 'NONE', #107, #976, #1072 ) ;
#1009 = ORIENTED_EDGE ( 'NONE', *, *, #428, .F. ) ;
#1010 = COLOUR_RGB ( '',0.4862745098039215619, 0.2352941176470588203, 0.01568627450980392135 ) ;
#1011 = CARTESIAN_POINT ( 'NONE',  ( 500000.0000000000582, 0.9000000000000000222, 0.6083333332899648616 ) ) ;
#1012 = EDGE_CURVE ( 'NONE', #100, #411, #497, .T. ) ;
#1013 = VERTEX_POINT ( 'NONE', #1358 ) ;
#1014 = CARTESIAN_POINT ( 'NONE',  ( 1.000000000000000000, 0.05000000000000002359, 0.5749999999999994005 ) ) ;
#1015 = DIRECTION ( 'NONE',  ( -0.000000000000000000, 1.000000000000000000, -0.000000000000000000 ) ) ;
#1016 = LINE ( 'NONE', #849, #1052 ) ;
#1017 = ORIENTED_EDGE ( 'NONE', *, *, #195, .F. ) ;
#1018 = STYLED_ITEM ( 'NONE', ( #1007 ), #1428 ) ;
#1019 = ORIENTED_EDGE ( 'NONE', *, *, #1181, .T. ) ;
#1020 = CARTESIAN_POINT ( 'NONE',  ( -1.000000000000000222, 0.9499999999999999556, -0.6249999999999998890 ) ) ;
#1021 = CARTESIAN_POINT ( 'NONE',  ( -0.9500000000000001776, 0.05000000000000002359, -0.6249999999999998890 ) ) ;
#1022 = DIRECTION ( 'NONE',  ( 0.000000000000000000, -1.000000000000000000, 0.000000000000000000 ) ) ;
#1023 = FILL_AREA_STYLE ('',( #366 ) ) ;
#1024 = AXIS2_PLACEMENT_3D ( 'NONE', #88, #981, #4 ) ;
#1025 = ORIENTED_EDGE ( 'NONE', *, *, #954, .T. ) ;
#1026 = AXIS2_PLACEMENT_3D ( 'NONE', #1203, #452, #1306 ) ;
#1027 = VERTEX_POINT ( 'NONE', #1322 ) ;
#1028 = SURFACE_STYLE_USAGE ( .BOTH. , #691 ) ;
#1029 = CARTESIAN_POINT ( 'NONE',  ( -0.5000000000000001110, 0.9000000000000000222, -0.6083333333333331705 ) ) ;
#1030 = EDGE_CURVE ( 'NONE', #146, #1032, #488, .T. ) ;
#1031 = CARTESIAN_POINT ( 'NONE',  ( 0.9500000000000001776, 0.9000000000000000222, -0.6249999999999998890 ) ) ;
#1032 = VERTEX_POINT ( 'NONE', #1014 ) ;
#1033 =( NAMED_UNIT ( * ) PLANE_ANGLE_UNIT ( ) SI_UNIT ( $, .RADIAN. ) );
#1034 = AXIS2_PLACEMENT_3D ( 'NONE', #996, #780, #1004 ) ;
#1035 = CARTESIAN_POINT ( 'NONE',  ( 0.5000000000000000000, 0.9000000000000000222, 0.5749999999999994005 ) ) ;
#1036 = EDGE_LOOP ( 'NONE', ( #1324, #834, #29, #157 ) ) ;
#1037 = FILL_AREA_STYLE_COLOUR ( '', #767 ) ;
#1038 = DIRECTION ( 'NONE',  ( 0.000000000000000000, 0.000000000000000000, -1.000000000000000000 ) ) ;
#1039 = CARTESIAN_POINT ( 'NONE',  ( -0.9500000000000001776, 0.9000000000000000222, -0.5749999999999998446 ) ) ;
#1040 = ORIENTED_EDGE ( 'NONE', *, *, #701, .T. ) ;
#1041 = CYLINDRICAL_SURFACE ( 'NONE', #505, 0.05000000000000002359 ) ;
#1042 = ORIENTED_EDGE ( 'NONE', *, *, #759, .F. ) ;
#1043 = CARTESIAN_POINT ( 'NONE',  ( 500000.0000000000582, 0.9333333333333333481, 0.5749999999566312026 ) ) ;
#1044 = UNCERTAINTY_MEASURE_WITH_UNIT (LENGTH_MEASURE( 1.000000000000000082E-05 ), #73, 'distance_accuracy_value', 'NONE');
#1045 = VERTEX_POINT ( 'NONE', #1218 ) ;
#1046 = AXIS2_PLACEMENT_3D ( 'NONE', #1362, #601, #722 ) ;
#1047 = SURFACE_STYLE_FILL_AREA ( #517 ) ;
#1048 = ORIENTED_EDGE ( 'NONE', *, *, #585, .F. ) ;
#1049 = DIRECTION ( 'NONE',  ( 0.000000000000000000, 0.000000000000000000, 1.000000000000000000 ) ) ;
#1050 = CARTESIAN_POINT ( 'NONE',  ( -0.9500000000000001776, 0.9000000000000000222, -0.5749999999999998446 ) ) ;
#1051 = DIRECTION ( 'NONE',  ( -1.000000000000000000, 0.000000000000000000, 0.000000000000000000 ) ) ;
#1052 = VECTOR ( 'NONE', #1421, 1000.000000000000000 ) ;
#1053 = ORIENTED_EDGE ( 'NONE', *, *, #1284, .T. ) ;
#1054 = EDGE_CURVE ( 'NONE', #355, #77, #21, .T. ) ;
#1055 = ORIENTED_EDGE ( 'NONE', *, *, #858, .T. ) ;
#1056 = ORIENTED_EDGE ( 'NONE', *, *, #840, .F. ) ;
#1057 = ORIENTED_EDGE ( 'NONE', *, *, #342, .F. ) ;
#1058 = DIRECTION ( 'NONE',  ( 0.000000000000000000, 0.000000000000000000, -1.000000000000000000 ) ) ;
#1059 = DIRECTION ( 'NONE',  ( 1.000000000000000000, -0.000000000000000000, -1.734723475976808574E-16 ) ) ;
#1060 = DIRECTION ( 'NONE',  ( 0.000000000000000000, 0.000000000000000000, 1.000000000000000000 ) ) ;
#1061 = SURFACE_STYLE_FILL_AREA ( #1104 ) ;
#1062 = LINE ( 'NONE', #495, #1078 ) ;
#1063 = ORIENTED_EDGE ( 'NONE', *, *, #702, .T. ) ;
#1064 = LINE ( 'NONE', #510, #565 ) ;
#1065 = EDGE_LOOP ( 'NONE', ( #592, #578, #836, #1100 ) ) ;
#1066 = UNCERTAINTY_MEASURE_WITH_UNIT (LENGTH_MEASURE( 1.000000000000000082E-05 ), #1309, 'distance_accuracy_value', 'NONE');
#1067 = ORIENTED_EDGE ( 'NONE', *, *, #966, .F. ) ;
#1068 = EDGE_CURVE ( 'NONE', #1388, #351, #501, .T. ) ;
#1069 = ORIENTED_EDGE ( 'NONE', *, *, #504, .F. ) ;
#1070 = FILL_AREA_STYLE_COLOUR ( '', #1377 ) ;
#1071 = DIRECTION ( 'NONE',  ( -1.000000000000000000, 0.000000000000000000, 0.000000000000000000 ) ) ;
#1072 = DIRECTION ( 'NONE',  ( 0.000000000000000000, -0.000000000000000000, 1.000000000000000000 ) ) ;
#1073 = ORIENTED_EDGE ( 'NONE', *, *, #48, .T. ) ;
#1074 = FACE_OUTER_BOUND ( 'NONE', #126, .T. ) ;
#1075 = ORIENTED_EDGE ( 'NONE', *, *, #897, .F. ) ;
#1076 = SURFACE_SIDE_STYLE ('',( #665 ) ) ;
#1077 = ORIENTED_EDGE ( 'NONE', *, *, #173, .F. ) ;
#1078 = VECTOR ( 'NONE', #608, 1000.000000000000000 ) ;
#1079 = ORIENTED_EDGE ( 'NONE', *, *, #342, .T. ) ;
#1080 = DIRECTION ( 'NONE',  ( -1.000000000000000000, -0.000000000000000000, 8.673617379884036705E-17 ) ) ;
#1081 = AXIS2_PLACEMENT_3D ( 'NONE', #717, #180, #737 ) ;
#1082 = DIRECTION ( 'NONE',  ( 0.000000000000000000, 0.000000000000000000, 1.000000000000000000 ) ) ;
#1083 = CARTESIAN_POINT ( 'NONE',  ( -0.5000000000000001110, 0.9000000000000000222, 0.6083333333333329485 ) ) ;
#1084 = VECTOR ( 'NONE', #194, 1000.000000000000000 ) ;
#1085 = EDGE_LOOP ( 'NONE', ( #336, #1134, #166, #1126 ) ) ;
#1086 = SURFACE_STYLE_FILL_AREA ( #392 ) ;
#1087 = EDGE_LOOP ( 'NONE', ( #1426, #457, #511 ) ) ;
#1088 = CARTESIAN_POINT ( 'NONE',  ( -0.5000000000000000000, 0.05000000000000023870, 0.6249999999999994449 ) ) ;
#1089 = ORIENTED_EDGE ( 'NONE', *, *, #1221, .T. ) ;
#1090 = ADVANCED_FACE ( 'NONE', ( #990 ), #978, .T. ) ;
#1091 = EDGE_CURVE ( 'NONE', #331, #594, #979, .T. ) ;
#1092 = VERTEX_POINT ( 'NONE', #460 ) ;
#1093 = DIRECTION ( 'NONE',  ( 0.000000000000000000, -1.000000000000000000, 0.000000000000000000 ) ) ;
#1094 = STYLED_ITEM ( 'NONE', ( #1099 ), #1232 ) ;
#1095 = FILL_AREA_STYLE ('',( #116 ) ) ;
#1096 = ORIENTED_EDGE ( 'NONE', *, *, #650, .F. ) ;
#1097 = DIRECTION ( 'NONE',  ( 0.000000000000000000, 0.000000000000000000, -1.000000000000000000 ) ) ;
#1098 = ORIENTED_EDGE ( 'NONE', *, *, #426, .T. ) ;
#1099 = PRESENTATION_STYLE_ASSIGNMENT (( #225 ) ) ;
#1100 = ORIENTED_EDGE ( 'NONE', *, *, #1012, .T. ) ;
#1101 = STYLED_ITEM ( 'NONE', ( #176 ), #891 ) ;
#1102 = ORIENTED_EDGE ( 'NONE', *, *, #718, .F. ) ;
#1103 = ADVANCED_FACE ( 'NONE', ( #22 ), #433, .T. ) ;
#1104 = FILL_AREA_STYLE ('',( #6 ) ) ;
#1105 = CARTESIAN_POINT ( 'NONE',  ( 500000.0000000000582, 0.01666666666666667337, 0.5749999999566313136 ) ) ;
#1106 = AXIS2_PLACEMENT_3D ( 'NONE', #1251, #547, #679 ) ;
#1107 = ADVANCED_FACE ( 'NONE', ( #751 ), #1379, .F. ) ;
#1108 = VERTEX_POINT ( 'NONE', #257 ) ;
#1109 = DIRECTION ( 'NONE',  ( 0.000000000000000000, 1.000000000000000000, 0.000000000000000000 ) ) ;
#1110 = PLANE ( 'NONE',  #122 ) ;
#1111 = ORIENTED_EDGE ( 'NONE', *, *, #702, .F. ) ;
#1112 = PRODUCT ( '21.250.850.10.950.5Brown', '21.250.850.10.950.5Brown', '', ( #1182 ) ) ;
#1113 = ORIENTED_EDGE ( 'NONE', *, *, #1220, .T. ) ;
#1114 = AXIS2_PLACEMENT_3D ( 'NONE', #906, #13, #448 ) ;
#1115 = MECHANICAL_DESIGN_GEOMETRIC_PRESENTATION_REPRESENTATION (  '', ( #258 ), #1326 ) ;
#1116 = ORIENTED_EDGE ( 'NONE', *, *, #1054, .T. ) ;
#1117 = DIRECTION ( 'NONE',  ( 0.000000000000000000, 0.000000000000000000, 1.000000000000000000 ) ) ;
#1118 = DIRECTION ( 'NONE',  ( -1.000000000000000000, -0.000000000000000000, 8.673617379884036705E-17 ) ) ;
#1119 = ORIENTED_EDGE ( 'NONE', *, *, #952, .F. ) ;
#1120 = CARTESIAN_POINT ( 'NONE',  ( -0.9499999999999999556, 0.9499999999999999556, 0.5749999999999994005 ) ) ;
#1121 = DIRECTION ( 'NONE',  ( 0.000000000000000000, 0.000000000000000000, 1.000000000000000000 ) ) ;
#1122 = ADVANCED_FACE ( 'NONE', ( #249 ), #725, .T. ) ;
#1123 = ORIENTED_EDGE ( 'NONE', *, *, #299, .T. ) ;
#1124 = ORIENTED_EDGE ( 'NONE', *, *, #504, .T. ) ;
#1125 = CARTESIAN_POINT ( 'NONE',  ( -0.5000000000000001110, 0.01666666666666666644, -0.5749999999999996225 ) ) ;
#1126 = ORIENTED_EDGE ( 'NONE', *, *, #1220, .F. ) ;
#1127 = UNCERTAINTY_MEASURE_WITH_UNIT (LENGTH_MEASURE( 1.000000000000000082E-05 ), #317, 'distance_accuracy_value', 'NONE');
#1128 =( NAMED_UNIT ( * ) SI_UNIT ( $, .STERADIAN. ) SOLID_ANGLE_UNIT ( ) );
#1129 = ORIENTED_EDGE ( 'NONE', *, *, #1392, .F. ) ;
#1130 = CARTESIAN_POINT ( 'NONE',  ( -0.9500000000000001776, 0.9000000000000000222, -0.5749999999999998446 ) ) ;
#1131 = EDGE_CURVE ( 'NONE', #1388, #121, #721, .T. ) ;
#1132 = MANIFOLD_SOLID_BREP ( 'Mirror2', #769 ) ;
#1133 = CARTESIAN_POINT ( 'NONE',  ( 0.9500000000000001776, 0.000000000000000000, -0.5749999999999998446 ) ) ;
#1134 = ORIENTED_EDGE ( 'NONE', *, *, #1012, .F. ) ;
#1135 = ADVANCED_FACE ( 'NONE', ( #375 ), #38, .T. ) ;
#1136 = ORIENTED_EDGE ( 'NONE', *, *, #855, .T. ) ;
#1137 = EDGE_CURVE ( 'NONE', #411, #1045, #397, .T. ) ;
#1138 = DIRECTION ( 'NONE',  ( 0.000000000000000000, 0.000000000000000000, 1.000000000000000000 ) ) ;
#1139 = CYLINDRICAL_SURFACE ( 'NONE', #43, 0.03333333333333334675 ) ;
#1140 = ORIENTED_EDGE ( 'NONE', *, *, #265, .T. ) ;
#1141 = LINE ( 'NONE', #161, #652 ) ;
#1142 = SURFACE_SIDE_STYLE ('',( #683 ) ) ;
#1143 = ORIENTED_EDGE ( 'NONE', *, *, #378, .T. ) ;
#1144 = DIRECTION ( 'NONE',  ( 0.000000000000000000, 1.000000000000000000, -0.000000000000000000 ) ) ;
#1145 = SURFACE_STYLE_USAGE ( .BOTH. , #913 ) ;
#1146 = ORIENTED_EDGE ( 'NONE', *, *, #485, .T. ) ;
#1147 = AXIS2_PLACEMENT_3D ( 'NONE', #588, #486, #1214 ) ;
#1148 = ORIENTED_EDGE ( 'NONE', *, *, #230, .F. ) ;
#1149 = CARTESIAN_POINT ( 'NONE',  ( 0.000000000000000000, 0.000000000000000000, 0.5749999999999994005 ) ) ;
#1150 = CARTESIAN_POINT ( 'NONE',  ( 0.9499999999999999556, 0.05000000000000000278, 0.5749999999999994005 ) ) ;
#1151 = VECTOR ( 'NONE', #972, 1000.000000000000000 ) ;
#1152 = CIRCLE ( 'NONE', #421, 0.03333333333333334675 ) ;
#1153 = ORIENTED_EDGE ( 'NONE', *, *, #1307, .T. ) ;
#1154 = FACE_OUTER_BOUND ( 'NONE', #590, .T. ) ;
#1155 = CARTESIAN_POINT ( 'NONE',  ( 500000.0000000000582, 0.9000000000000000222, 0.6083333332899648616 ) ) ;
#1156 = LINE ( 'NONE', #1261, #680 ) ;
#1157 = EDGE_CURVE ( 'NONE', #1381, #1283, #864, .T. ) ;
#1158 = ORIENTED_EDGE ( 'NONE', *, *, #462, .T. ) ;
#1159 = DIRECTION ( 'NONE',  ( 0.000000000000000000, 0.000000000000000000, -1.000000000000000000 ) ) ;
#1160 = CARTESIAN_POINT ( 'NONE',  ( 1.000000000000000222, 0.9499999999999999556, -0.6249999999999998890 ) ) ;
#1161 = LINE ( 'NONE', #617, #1151 ) ;
#1162 = AXIS2_PLACEMENT_3D ( 'NONE', #955, #1059, #49 ) ;
#1163 = VECTOR ( 'NONE', #807, 1000.000000000000000 ) ;
#1164 =( NAMED_UNIT ( * ) PLANE_ANGLE_UNIT ( ) SI_UNIT ( $, .RADIAN. ) );
#1165 = CARTESIAN_POINT ( 'NONE',  ( 0.9499999999999999556, 0.9000000000000000222, 0.6249999999999994449 ) ) ;
#1166 = CARTESIAN_POINT ( 'NONE',  ( 0.9500000000000001776, 0.05000000000000000278, -0.5749999999999998446 ) ) ;
#1167 = LINE ( 'NONE', #1043, #637 ) ;
#1168 = VECTOR ( 'NONE', #846, 1000.000000000000000 ) ;
#1169 = DIRECTION ( 'NONE',  ( -1.000000000000000000, 0.000000000000000000, 0.000000000000000000 ) ) ;
#1170 = CIRCLE ( 'NONE', #442, 0.05000000000000002359 ) ;
#1171 = DIRECTION ( 'NONE',  ( -1.000000000000000000, 0.000000000000000000, 0.000000000000000000 ) ) ;
#1172 =( GEOMETRIC_REPRESENTATION_CONTEXT ( 3 ) GLOBAL_UNCERTAINTY_ASSIGNED_CONTEXT ( ( #334 ) ) GLOBAL_UNIT_ASSIGNED_CONTEXT ( ( #1335, #1253, #987 ) ) REPRESENTATION_CONTEXT ( 'NONE', 'WORKASPACE' ) );
#1173 = AXIS2_PLACEMENT_3D ( 'NONE', #1166, #939, #956 ) ;
#1174 = LINE ( 'NONE', #1318, #169 ) ;
#1175 = APPLICATION_PROTOCOL_DEFINITION ( 'draft international standard', 'automotive_design', 1998, #817 ) ;
#1176 = CARTESIAN_POINT ( 'NONE',  ( 0.4999999999881765689, 0.01666666666666666644, -0.5749999999999996225 ) ) ;
#1177 = CARTESIAN_POINT ( 'NONE',  ( 0.9499999999999999556, 0.000000000000000000, 0.5749999999999994005 ) ) ;
#1178 = LINE ( 'NONE', #813, #657 ) ;
#1179 = UNCERTAINTY_MEASURE_WITH_UNIT (LENGTH_MEASURE( 1.000000000000000082E-05 ), #1201, 'distance_accuracy_value', 'NONE');
#1180 = LINE ( 'NONE', #571, #207 ) ;
#1181 = EDGE_CURVE ( 'NONE', #1283, #288, #847, .T. ) ;
#1182 = PRODUCT_CONTEXT ( 'NONE', #817, 'mechanical' ) ;
#1183 = LINE ( 'NONE', #574, #658 ) ;
#1184 = DIRECTION ( 'NONE',  ( 0.000000000000000000, 1.000000000000000000, 0.000000000000000000 ) ) ;
#1185 = DIRECTION ( 'NONE',  ( 0.000000000000000000, 1.000000000000000000, 0.000000000000000000 ) ) ;
#1186 = CARTESIAN_POINT ( 'NONE',  ( -0.9499999999999999556, 0.9000000000000000222, 0.5749999999999994005 ) ) ;
#1187 = LINE ( 'NONE', #777, #1196 ) ;
#1188 = SPHERICAL_SURFACE ( 'NONE', #619, 0.05000000000000000278 ) ;
#1189 = DIRECTION ( 'NONE',  ( 1.734723475976808574E-16, 0.000000000000000000, -1.000000000000000000 ) ) ;
#1190 = VECTOR ( 'NONE', #1169, 1000.000000000000000 ) ;
#1191 = PRESENTATION_LAYER_ASSIGNMENT (  '', '', ( #89 ) ) ;
#1192 = LINE ( 'NONE', #1357, #1190 ) ;
#1193 =( LENGTH_UNIT ( ) NAMED_UNIT ( * ) SI_UNIT ( .MILLI., .METRE. ) );
#1194 =( NAMED_UNIT ( * ) SI_UNIT ( $, .STERADIAN. ) SOLID_ANGLE_UNIT ( ) );
#1195 = FILL_AREA_STYLE_COLOUR ( '', #591 ) ;
#1196 = VECTOR ( 'NONE', #911, 1000.000000000000000 ) ;
#1197 =( GEOMETRIC_REPRESENTATION_CONTEXT ( 3 ) GLOBAL_UNCERTAINTY_ASSIGNED_CONTEXT ( ( #1339 ) ) GLOBAL_UNIT_ASSIGNED_CONTEXT ( ( #357, #587, #1380 ) ) REPRESENTATION_CONTEXT ( 'NONE', 'WORKASPACE' ) );
#1198 = CARTESIAN_POINT ( 'NONE',  ( -0.5000000000000001110, 0.9333333333333333481, -0.5749999999999997335 ) ) ;
#1199 = FACE_OUTER_BOUND ( 'NONE', #310, .T. ) ;
#1200 = LINE ( 'NONE', #137, #690 ) ;
#1201 =( LENGTH_UNIT ( ) NAMED_UNIT ( * ) SI_UNIT ( .MILLI., .METRE. ) );
#1202 = CARTESIAN_POINT ( 'NONE',  ( 0.9500000000000001776, 0.05000000000000002359, -0.5749999999999998446 ) ) ;
#1203 = CARTESIAN_POINT ( 'NONE',  ( -0.9500000000000001776, 0.05000000000000002359, -0.5749999999999998446 ) ) ;
#1204 = CIRCLE ( 'NONE', #1366, 0.03333333333333334675 ) ;
#1205 = FACE_OUTER_BOUND ( 'NONE', #1414, .T. ) ;
#1206 = AXIS2_PLACEMENT_3D ( 'NONE', #1222, #1333, #7 ) ;
#1207 = SURFACE_STYLE_USAGE ( .BOTH. , #1076 ) ;
#1208 = CIRCLE ( 'NONE', #1026, 0.05000000000000002359 ) ;
#1209 = EDGE_CURVE ( 'NONE', #36, #600, #862, .T. ) ;
#1210 = FACE_OUTER_BOUND ( 'NONE', #282, .T. ) ;
#1211 = DIRECTION ( 'NONE',  ( 0.000000000000000000, 1.000000000000000000, 0.000000000000000000 ) ) ;
#1212 = LINE ( 'NONE', #992, #238 ) ;
#1213 = EDGE_CURVE ( 'NONE', #149, #973, #1370, .T. ) ;
#1214 = DIRECTION ( 'NONE',  ( 0.000000000000000000, 0.000000000000000000, -1.000000000000000000 ) ) ;
#1215 = ORIENTED_EDGE ( 'NONE', *, *, #759, .T. ) ;
#1216 = CARTESIAN_POINT ( 'NONE',  ( 0.5000000000000002220, 0.05000000000000023870, -0.6249999999999998890 ) ) ;
#1217 = DIRECTION ( 'NONE',  ( -1.734723475976808574E-16, 0.000000000000000000, -1.000000000000000000 ) ) ;
#1218 = CARTESIAN_POINT ( 'NONE',  ( -0.5000000000000002220, 0.05000000000000023870, -0.6249999999999998890 ) ) ;
#1219 = CARTESIAN_POINT ( 'NONE',  ( -0.5000000000000002220, 0.9499999999999999556, -0.5749999999999998446 ) ) ;
#1220 = EDGE_CURVE ( 'NONE', #941, #513, #880, .T. ) ;
#1221 = EDGE_CURVE ( 'NONE', #355, #420, #868, .T. ) ;
#1222 = CARTESIAN_POINT ( 'NONE',  ( 0.000000000000000000, 0.9000000000000000222, 0.5749999999999994005 ) ) ;
#1223 = DIRECTION ( 'NONE',  ( -1.734723475976808574E-16, 0.000000000000000000, 1.000000000000000000 ) ) ;
#1224 = ADVANCED_FACE ( 'NONE', ( #385 ), #1110, .F. ) ;
#1225 = ADVANCED_FACE ( 'NONE', ( #1323 ), #540, .F. ) ;
#1226 = MECHANICAL_DESIGN_GEOMETRIC_PRESENTATION_REPRESENTATION (  '', ( #1101 ), #809 ) ;
#1227 =( LENGTH_UNIT ( ) NAMED_UNIT ( * ) SI_UNIT ( .MILLI., .METRE. ) );
#1228 = FILL_AREA_STYLE ('',( #661 ) ) ;
#1229 = AXIS2_PLACEMENT_3D ( 'NONE', #1020, #144, #252 ) ;
#1230 = DIRECTION ( 'NONE',  ( 0.000000000000000000, 0.000000000000000000, 1.000000000000000000 ) ) ;
#1231 = CARTESIAN_POINT ( 'NONE',  ( 0.9499999999999999556, 0.05000000000000002359, 0.5749999999999994005 ) ) ;
#1232 = ADVANCED_BREP_SHAPE_REPRESENTATION ( '21.250.850.10.950.5Brown', ( #1352, #1132, #740, #879 ), #1288 ) ;
#1233 = EDGE_CURVE ( 'NONE', #958, #77, #1360, .T. ) ;
#1234 = EDGE_CURVE ( 'NONE', #892, #405, #828, .T. ) ;
#1235 = AXIS2_PLACEMENT_3D ( 'NONE', #577, #1171, #801 ) ;
#1236 = DIRECTION ( 'NONE',  ( 0.000000000000000000, 0.000000000000000000, -1.000000000000000000 ) ) ;
#1237 = DIRECTION ( 'NONE',  ( 1.000000000000000000, -0.000000000000000000, -0.000000000000000000 ) ) ;
#1238 = CARTESIAN_POINT ( 'NONE',  ( 0.9500000000000000666, 0.000000000000000000, 1.647987302177968465E-16 ) ) ;
#1239 = AXIS2_PLACEMENT_3D ( 'NONE', #674, #1109, #356 ) ;
#1240 = AXIS2_PLACEMENT_3D ( 'NONE', #1305, #728, #1082 ) ;
#1241 = FILL_AREA_STYLE ('',( #549 ) ) ;
#1242 = SURFACE_STYLE_FILL_AREA ( #885 ) ;
#1243 = CARTESIAN_POINT ( 'NONE',  ( 0.9500000000000001776, 0.9000000000000000222, -0.5749999999999998446 ) ) ;
#1244 = EDGE_CURVE ( 'NONE', #711, #1032, #1363, .T. ) ;
#1245 = EDGE_CURVE ( 'NONE', #973, #142, #871, .T. ) ;
#1246 = DIRECTION ( 'NONE',  ( 1.000000000000000000, -0.000000000000000000, -0.000000000000000000 ) ) ;
#1247 = CARTESIAN_POINT ( 'NONE',  ( 1.000000000000000222, 0.05000000000000002359, -0.5749999999999998446 ) ) ;
#1248 = AXIS2_PLACEMENT_3D ( 'NONE', #1160, #532, #11 ) ;
#1249 = PLANE ( 'NONE',  #752 ) ;
#1250 = CIRCLE ( 'NONE', #120, 0.05000000000000002359 ) ;
#1251 = CARTESIAN_POINT ( 'NONE',  ( -1.000000000000000222, 0.9499999999999999556, -0.6249999999999998890 ) ) ;
#1252 = VECTOR ( 'NONE', #962, 1000.000000000000000 ) ;
#1253 =( NAMED_UNIT ( * ) PLANE_ANGLE_UNIT ( ) SI_UNIT ( $, .RADIAN. ) );
#1254 = COLOUR_RGB ( '',0.4862745098039215619, 0.2352941176470588203, 0.01568627450980392135 ) ;
#1255 = LINE ( 'NONE', #568, #1260 ) ;
#1256 = ORIENTED_EDGE ( 'NONE', *, *, #502, .F. ) ;
#1257 = CARTESIAN_POINT ( 'NONE',  ( -1.000000000000000000, 0.05000000000000002359, 0.5749999999999994005 ) ) ;
#1258 = PLANE ( 'NONE',  #1229 ) ;
#1259 = DIRECTION ( 'NONE',  ( 0.000000000000000000, 0.000000000000000000, 1.000000000000000000 ) ) ;
#1260 = VECTOR ( 'NONE', #260, 1000.000000000000000 ) ;
#1261 = CARTESIAN_POINT ( 'NONE',  ( 500000.0000000000582, 0.9333333333333333481, -0.5750000000433678204 ) ) ;
#1262 = EDGE_CURVE ( 'NONE', #241, #1027, #1345, .T. ) ;
#1263 = CYLINDRICAL_SURFACE ( 'NONE', #526, 0.04999999999999991257 ) ;
#1264 = DIRECTION ( 'NONE',  ( -1.734723475976808574E-16, -0.000000000000000000, -1.000000000000000000 ) ) ;
#1265 = VECTOR ( 'NONE', #948, 1000.000000000000000 ) ;
#1266 = LINE ( 'NONE', #1149, #796 ) ;
#1267 = PRODUCT_DEFINITION_CONTEXT ( 'detailed design', #55, 'design' ) ;
#1268 = SURFACE_STYLE_FILL_AREA ( #467 ) ;
#1269 = CARTESIAN_POINT ( 'NONE',  ( -1.000000000000000222, 0.9000000000000000222, -0.5749999999999998446 ) ) ;
#1270 = DIRECTION ( 'NONE',  ( -0.000000000000000000, 1.000000000000000000, -0.000000000000000000 ) ) ;
#1271 = LINE ( 'NONE', #624, #306 ) ;
#1272 = LINE ( 'NONE', #703, #1300 ) ;
#1273 =( NAMED_UNIT ( * ) PLANE_ANGLE_UNIT ( ) SI_UNIT ( $, .RADIAN. ) );
#1274 = LINE ( 'NONE', #612, #783 ) ;
#1275 = ORIENTED_EDGE ( 'NONE', *, *, #265, .F. ) ;
#1276 = DIRECTION ( 'NONE',  ( 1.000000000000000000, 0.000000000000000000, 0.000000000000000000 ) ) ;
#1277 = SURFACE_SIDE_STYLE ('',( #1047 ) ) ;
#1278 = LINE ( 'NONE', #468, #1265 ) ;
#1279 = FACE_OUTER_BOUND ( 'NONE', #1085, .T. ) ;
#1280 = DIRECTION ( 'NONE',  ( -1.000000000000000000, -0.000000000000000000, 8.673617379884036705E-17 ) ) ;
#1281 = DIRECTION ( 'NONE',  ( 0.000000000000000000, 0.000000000000000000, -1.000000000000000000 ) ) ;
#1282 = FACE_OUTER_BOUND ( 'NONE', #23, .T. ) ;
#1283 = VERTEX_POINT ( 'NONE', #1133 ) ;
#1284 = EDGE_CURVE ( 'NONE', #716, #1283, #838, .T. ) ;
#1285 = CIRCLE ( 'NONE', #134, 0.03333333333333334675 ) ;
#1286 = VECTOR ( 'NONE', #754, 1000.000000000000000 ) ;
#1287 = ADVANCED_FACE ( 'NONE', ( #369 ), #473, .F. ) ;
#1288 =( GEOMETRIC_REPRESENTATION_CONTEXT ( 3 ) GLOBAL_UNCERTAINTY_ASSIGNED_CONTEXT ( ( #827 ) ) GLOBAL_UNIT_ASSIGNED_CONTEXT ( ( #1227, #1338, #643 ) ) REPRESENTATION_CONTEXT ( 'NONE', 'WORKASPACE' ) );
#1289 = PRESENTATION_STYLE_ASSIGNMENT (( #895 ) ) ;
#1290 = ORIENTED_EDGE ( 'NONE', *, *, #97, .F. ) ;
#1291 = DIRECTION ( 'NONE',  ( 1.000000000000000000, -0.000000000000000000, -0.000000000000000000 ) ) ;
#1292 = CYLINDRICAL_SURFACE ( 'NONE', #950, 0.05000000000000002359 ) ;
#1293 = DIRECTION ( 'NONE',  ( 0.000000000000000000, 0.000000000000000000, -1.000000000000000000 ) ) ;
#1294 = SURFACE_STYLE_USAGE ( .BOTH. , #267 ) ;
#1295 = FACE_OUTER_BOUND ( 'NONE', #90, .T. ) ;
#1296 = PRESENTATION_LAYER_ASSIGNMENT (  '', '', ( #290 ) ) ;
#1297 = FILL_AREA_STYLE_COLOUR ( '', #642 ) ;
#1298 = AXIS2_PLACEMENT_3D ( 'NONE', #1376, #374, #145 ) ;
#1299 = VECTOR ( 'NONE', #499, 1000.000000000000000 ) ;
#1300 = VECTOR ( 'NONE', #794, 1000.000000000000000 ) ;
#1301 = ADVANCED_FACE ( 'NONE', ( #382 ), #843, .T. ) ;
#1302 = DIRECTION ( 'NONE',  ( 0.000000000000000000, 0.000000000000000000, 1.000000000000000000 ) ) ;
#1303 = CIRCLE ( 'NONE', #496, 0.05000000000000002359 ) ;
#1304 = VERTEX_POINT ( 'NONE', #259 ) ;
#1305 = CARTESIAN_POINT ( 'NONE',  ( 0.5000000000000002220, 0.05000000000000002359, -0.5749999999999998446 ) ) ;
#1306 = DIRECTION ( 'NONE',  ( 0.000000000000000000, 0.000000000000000000, 1.000000000000000000 ) ) ;
#1307 = EDGE_CURVE ( 'NONE', #420, #824, #371, .T. ) ;
#1308 = AXIS2_PLACEMENT_3D ( 'NONE', #668, #1138, #998 ) ;
#1309 =( LENGTH_UNIT ( ) NAMED_UNIT ( * ) SI_UNIT ( .MILLI., .METRE. ) );
#1310 = ORIENTED_EDGE ( 'NONE', *, *, #585, .T. ) ;
#1311 = DIRECTION ( 'NONE',  ( 0.000000000000000000, 0.000000000000000000, 1.000000000000000000 ) ) ;
#1312 = ORIENTED_EDGE ( 'NONE', *, *, #1068, .F. ) ;
#1313 = CARTESIAN_POINT ( 'NONE',  ( -0.5000000000000002220, 0.9000000000000000222, -0.6249999999999998890 ) ) ;
#1314 = SURFACE_STYLE_FILL_AREA ( #383 ) ;
#1315 = ORIENTED_EDGE ( 'NONE', *, *, #1030, .T. ) ;
#1316 = ADVANCED_FACE ( 'NONE', ( #853 ), #857, .T. ) ;
#1317 = AXIS2_PLACEMENT_3D ( 'NONE', #970, #1211, #985 ) ;
#1318 = CARTESIAN_POINT ( 'NONE',  ( -0.9499999999999999556, 0.9499999999999999556, 0.6249999999999994449 ) ) ;
#1319 = VERTEX_POINT ( 'NONE', #700 ) ;
#1320 = FILL_AREA_STYLE_COLOUR ( '', #523 ) ;
#1321 = ORIENTED_EDGE ( 'NONE', *, *, #153, .F. ) ;
#1322 = CARTESIAN_POINT ( 'NONE',  ( -0.5000000000000001110, 0.01666666666666667337, 0.5749999999999994005 ) ) ;
#1323 = FACE_OUTER_BOUND ( 'NONE', #724, .T. ) ;
#1324 = ORIENTED_EDGE ( 'NONE', *, *, #230, .T. ) ;
#1325 = EDGE_CURVE ( 'NONE', #245, #1013, #1349, .T. ) ;
#1326 =( GEOMETRIC_REPRESENTATION_CONTEXT ( 3 ) GLOBAL_UNCERTAINTY_ASSIGNED_CONTEXT ( ( #1179 ) ) GLOBAL_UNIT_ASSIGNED_CONTEXT ( ( #1201, #491, #289 ) ) REPRESENTATION_CONTEXT ( 'NONE', 'WORKASPACE' ) );
#1327 = VECTOR ( 'NONE', #648, 1000.000000000000000 ) ;
#1328 = EDGE_LOOP ( 'NONE', ( #980, #1153, #60, #1124 ) ) ;
#1329 = DIRECTION ( 'NONE',  ( 1.000000000000000000, -0.000000000000000000, 0.000000000000000000 ) ) ;
#1330 = DIRECTION ( 'NONE',  ( 0.000000000000000000, -1.000000000000000000, 0.000000000000000000 ) ) ;
#1331 = ADVANCED_FACE ( 'NONE', ( #1375 ), #893, .T. ) ;
#1332 = ORIENTED_EDGE ( 'NONE', *, *, #840, .T. ) ;
#1333 = DIRECTION ( 'NONE',  ( 1.000000000000000000, 0.000000000000000000, 0.000000000000000000 ) ) ;
#1334 = FILL_AREA_STYLE_COLOUR ( '', #269 ) ;
#1335 =( LENGTH_UNIT ( ) NAMED_UNIT ( * ) SI_UNIT ( .MILLI., .METRE. ) );
#1336 = EDGE_CURVE ( 'NONE', #716, #1032, #887, .T. ) ;
#1337 = ADVANCED_FACE ( 'NONE', ( #413 ), #65, .T. ) ;
#1338 =( NAMED_UNIT ( * ) PLANE_ANGLE_UNIT ( ) SI_UNIT ( $, .RADIAN. ) );
#1339 = UNCERTAINTY_MEASURE_WITH_UNIT (LENGTH_MEASURE( 1.000000000000000082E-05 ), #357, 'distance_accuracy_value', 'NONE');
#1340 = DIRECTION ( 'NONE',  ( -1.000000000000000000, -0.000000000000000000, 8.673617379884036705E-17 ) ) ;
#1341 = DIRECTION ( 'NONE',  ( -0.000000000000000000, -0.000000000000000000, -1.000000000000000000 ) ) ;
#1342 = DIRECTION ( 'NONE',  ( -0.000000000000000000, -1.000000000000000000, -0.000000000000000000 ) ) ;
#1343 = FACE_OUTER_BOUND ( 'NONE', #535, .T. ) ;
#1344 = VECTOR ( 'NONE', #28, 1000.000000000000000 ) ;
#1345 = CIRCLE ( 'NONE', #1034, 0.03333333333333334675 ) ;
#1346 = CARTESIAN_POINT ( 'NONE',  ( 0.9499999999999999556, 0.9000000000000000222, 0.5749999999999994005 ) ) ;
#1347 = CARTESIAN_POINT ( 'NONE',  ( -0.9499999999999999556, 0.9000000000000000222, 0.5749999999999994005 ) ) ;
#1348 = DIRECTION ( 'NONE',  ( 1.734723475976808574E-16, -0.000000000000000000, -1.000000000000000000 ) ) ;
#1349 = CIRCLE ( 'NONE', #50, 0.05000000000000002359 ) ;
#1350 = VECTOR ( 'NONE', #1264, 1000.000000000000000 ) ;
#1351 = EDGE_CURVE ( 'NONE', #1013, #242, #76, .T. ) ;
#1352 = MANIFOLD_SOLID_BREP ( 'Fillet1', #1378 ) ;
#1353 = COLOUR_RGB ( '',0.7921568627450980005, 0.8196078431372548767, 0.9333333333333333481 ) ;
#1354 = EDGE_CURVE ( 'NONE', #355, #933, #516, .T. ) ;
#1355 = PRODUCT_DEFINITION_FORMATION_WITH_SPECIFIED_SOURCE ( 'ANY', '', #1112, .NOT_KNOWN. ) ;
#1356 = VECTOR ( 'NONE', #248, 1000.000000000000000 ) ;
#1357 = CARTESIAN_POINT ( 'NONE',  ( 0.5000000000000000000, 0.9499999999999999556, 0.5749999999999994005 ) ) ;
#1358 = CARTESIAN_POINT ( 'NONE',  ( 0.5000000000000000000, 0.9000000000000000222, 0.6249999999999994449 ) ) ;
#1359 = FILL_AREA_STYLE ('',( #348 ) ) ;
#1360 = LINE ( 'NONE', #109, #401 ) ;
#1361 = VECTOR ( 'NONE', #688, 1000.000000000000000 ) ;
#1362 = CARTESIAN_POINT ( 'NONE',  ( -0.9499999999999999556, 0.05000000000000000278, 0.5749999999999994005 ) ) ;
#1363 = CIRCLE ( 'NONE', #967, 0.05000000000000002359 ) ;
#1364 = DIRECTION ( 'NONE',  ( -1.000000000000000000, -0.000000000000000000, 8.673617379884036705E-17 ) ) ;
#1365 = AXIS2_PLACEMENT_3D ( 'NONE', #337, #922, #1097 ) ;
#1366 = AXIS2_PLACEMENT_3D ( 'NONE', #747, #410, #673 ) ;
#1367 =( NAMED_UNIT ( * ) PLANE_ANGLE_UNIT ( ) SI_UNIT ( $, .RADIAN. ) );
#1368 =( LENGTH_UNIT ( ) NAMED_UNIT ( * ) SI_UNIT ( .MILLI., .METRE. ) );
#1369 = CARTESIAN_POINT ( 'NONE',  ( -1.000000000000000222, 0.9499999999999999556, -0.5749999999999998446 ) ) ;
#1370 = LINE ( 'NONE', #564, #1327 ) ;
#1371 = EDGE_CURVE ( 'NONE', #973, #484, #515, .T. ) ;
#1372 = DIRECTION ( 'NONE',  ( -0.000000000000000000, -0.000000000000000000, -1.000000000000000000 ) ) ;
#1373 =( NAMED_UNIT ( * ) PLANE_ANGLE_UNIT ( ) SI_UNIT ( $, .RADIAN. ) );
#1374 = STYLED_ITEM ( 'NONE', ( #859 ), #1287 ) ;
#1375 = FACE_OUTER_BOUND ( 'NONE', #586, .T. ) ;
#1376 = CARTESIAN_POINT ( 'NONE',  ( 0.9499999999999999556, 0.9000000000000000222, 0.5749999999999994005 ) ) ;
#1377 = COLOUR_RGB ( '',0.4862745098039215619, 0.2352941176470588203, 0.01568627450980392135 ) ;
#1378 = CLOSED_SHELL ( 'NONE', ( #239, #760, #605, #543, #1135, #406, #214, #228, #845, #1090, #224, #17, #361, #771, #654, #203, #671, #1415 ) ) ;
#1379 = PLANE ( 'NONE',  #2 ) ;
#1380 =( NAMED_UNIT ( * ) SI_UNIT ( $, .STERADIAN. ) SOLID_ANGLE_UNIT ( ) );
#1381 = VERTEX_POINT ( 'NONE', #81 ) ;
#1382 = EDGE_LOOP ( 'NONE', ( #458, #545, #1386, #1407 ) ) ;
#1383 = CARTESIAN_POINT ( 'NONE',  ( 500000.0000000000582, 0.05000000000000002359, -0.5750000000433678204 ) ) ;
#1384 = CARTESIAN_POINT ( 'NONE',  ( 1.000000000000000222, 0.05000000000000002359, -0.5749999999999998446 ) ) ;
#1385 = AXIS2_PLACEMENT_3D ( 'NONE', #1011, #698, #1001 ) ;
#1386 = ORIENTED_EDGE ( 'NONE', *, *, #966, .T. ) ;
#1387 = VECTOR ( 'NONE', #1329, 1000.000000000000000 ) ;
#1388 = VERTEX_POINT ( 'NONE', #820 ) ;
#1389 = VECTOR ( 'NONE', #222, 1000.000000000000000 ) ;
#1390 = ORIENTED_EDGE ( 'NONE', *, *, #428, .T. ) ;
#1391 = APPLICATION_PROTOCOL_DEFINITION ( 'draft international standard', 'automotive_design', 1998, #55 ) ;
#1392 = EDGE_CURVE ( 'NONE', #804, #892, #79, .T. ) ;
#1393 =( LENGTH_UNIT ( ) NAMED_UNIT ( * ) SI_UNIT ( .MILLI., .METRE. ) );
#1394 = ORIENTED_EDGE ( 'NONE', *, *, #404, .T. ) ;
#1395 = SURFACE_STYLE_USAGE ( .BOTH. , #481 ) ;
#1396 = DIRECTION ( 'NONE',  ( 1.000000000000000000, 0.000000000000000000, 0.000000000000000000 ) ) ;
#1397 = EDGE_LOOP ( 'NONE', ( #1215, #573, #790, #1398 ) ) ;
#1398 = ORIENTED_EDGE ( 'NONE', *, *, #30, .T. ) ;
#1399 = DIRECTION ( 'NONE',  ( 0.000000000000000000, 0.000000000000000000, -1.000000000000000000 ) ) ;
#1400 = ORIENTED_EDGE ( 'NONE', *, *, #1234, .F. ) ;
#1401 =( NAMED_UNIT ( * ) PLANE_ANGLE_UNIT ( ) SI_UNIT ( $, .RADIAN. ) );
#1402 = VERTEX_POINT ( 'NONE', #304 ) ;
#1403 = DIRECTION ( 'NONE',  ( 0.000000000000000000, 0.000000000000000000, 1.000000000000000000 ) ) ;
#1404 =( NAMED_UNIT ( * ) SI_UNIT ( $, .STERADIAN. ) SOLID_ANGLE_UNIT ( ) );
#1405 = ORIENTED_EDGE ( 'NONE', *, *, #30, .F. ) ;
#1406 = EDGE_CURVE ( 'NONE', #1108, #1092, #1016, .T. ) ;
#1407 = ORIENTED_EDGE ( 'NONE', *, *, #393, .F. ) ;
#1408 =( GEOMETRIC_REPRESENTATION_CONTEXT ( 3 ) GLOBAL_UNCERTAINTY_ASSIGNED_CONTEXT ( ( #294 ) ) GLOBAL_UNIT_ASSIGNED_CONTEXT ( ( #937, #1164, #154 ) ) REPRESENTATION_CONTEXT ( 'NONE', 'WORKASPACE' ) );
#1409 = FILL_AREA_STYLE ('',( #1297 ) ) ;
#1410 = VERTEX_POINT ( 'NONE', #208 ) ;
#1411 = CARTESIAN_POINT ( 'NONE',  ( 0.9500000000000001776, 0.9000000000000000222, -0.5749999999999998446 ) ) ;
#1412 = ORIENTED_EDGE ( 'NONE', *, *, #793, .F. ) ;
#1413 = DIRECTION ( 'NONE',  ( 0.000000000000000000, -1.000000000000000000, 0.000000000000000000 ) ) ;
#1414 = EDGE_LOOP ( 'NONE', ( #1096, #439, #308 ) ) ;
#1415 = ADVANCED_FACE ( 'NONE', ( #68 ), #1041, .T. ) ;
#1416 = VERTEX_POINT ( 'NONE', #1216 ) ;
#1417 = AXIS2_PLACEMENT_3D ( 'NONE', #837, #730, #959 ) ;
#1418 = DIRECTION ( 'NONE',  ( 0.000000000000000000, 0.000000000000000000, -1.000000000000000000 ) ) ;
#1419 = AXIS2_PLACEMENT_3D ( 'NONE', #1039, #1281, #156 ) ;
#1420 = EDGE_LOOP ( 'NONE', ( #151, #997, #620, #919 ) ) ;
#1421 = DIRECTION ( 'NONE',  ( -1.734723475976808080E-16, -0.000000000000000000, -1.000000000000000000 ) ) ;
#1422 = ORIENTED_EDGE ( 'NONE', *, *, #378, .F. ) ;
#1423 = CARTESIAN_POINT ( 'NONE',  ( -0.9499999999999999556, 0.05000000000000002359, 0.6249999999999994449 ) ) ;
#1424 = EDGE_CURVE ( 'NONE', #36, #277, #1005, .T. ) ;
#1425 = ORIENTED_EDGE ( 'NONE', *, *, #246, .T. ) ;
#1426 = ORIENTED_EDGE ( 'NONE', *, *, #1245, .F. ) ;
#1427 = CARTESIAN_POINT ( 'NONE',  ( 1.000000000000000222, 0.9499999999999999556, -0.6249999999999998890 ) ) ;
#1428 = ADVANCED_FACE ( 'NONE', ( #529 ), #727, .F. ) ;
#1429 = DIRECTION ( 'NONE',  ( 1.000000000000000000, 0.000000000000000000, 1.734723475976808574E-16 ) ) ;
#1430 = CIRCLE ( 'NONE', #494, 0.05000000000000002359 ) ;
ENDSEC;
END-ISO-10303-21;
