ISO-10303-21;
HEADER;
FILE_DESCRIPTION(('KiCad electronic assembly'),'2;1');
FILE_NAME('Barometer_Module.step','2026-04-18T19:49:28',('Pcbnew'),(
    'Kicad'),'Open CASCADE STEP processor 7.6','KiCad to STEP converter'
  ,'Unknown');
FILE_SCHEMA(('AUTOMOTIVE_DESIGN { 1 0 10303 214 1 1 1 1 }'));
ENDSEC;
DATA;
#1 = APPLICATION_PROTOCOL_DEFINITION('international standard',
  'automotive_design',2000,#2);
#2 = APPLICATION_CONTEXT(
  'core data for automotive mechanical design processes');
#3 = SHAPE_DEFINITION_REPRESENTATION(#4,#10);
#4 = PRODUCT_DEFINITION_SHAPE('','',#5);
#5 = PRODUCT_DEFINITION('design','',#6,#9);
#6 = PRODUCT_DEFINITION_FORMATION('','',#7);
#7 = PRODUCT('Barometer_Module 1','Barometer_Module 1','',(#8));
#8 = PRODUCT_CONTEXT('',#2,'mechanical');
#9 = PRODUCT_DEFINITION_CONTEXT('part definition',#2,'design');
#10 = SHAPE_REPRESENTATION('',(#11,#15,#19,#23,#27,#31,#35,#39,#43,#47,
    #51,#55,#59,#63,#67,#71,#75,#79),#83);
#11 = AXIS2_PLACEMENT_3D('',#12,#13,#14);
#12 = CARTESIAN_POINT('',(0.,0.,0.));
#13 = DIRECTION('',(0.,0.,1.));
#14 = DIRECTION('',(1.,0.,-0.));
#15 = AXIS2_PLACEMENT_3D('',#16,#17,#18);
#16 = CARTESIAN_POINT('',(237.8375,-133.6,1.595));
#17 = DIRECTION('',(0.,0.,1.));
#18 = DIRECTION('',(1.,0.,0.));
#19 = AXIS2_PLACEMENT_3D('',#20,#21,#22);
#20 = CARTESIAN_POINT('',(201.9,-144.4,1.595));
#21 = DIRECTION('',(0.,0.,1.));
#22 = DIRECTION('',(1.,0.,0.));
#23 = AXIS2_PLACEMENT_3D('',#24,#25,#26);
#24 = CARTESIAN_POINT('',(196.2125,-138.8,1.595));
#25 = DIRECTION('',(0.,0.,1.));
#26 = DIRECTION('',(1.,0.,0.));
#27 = AXIS2_PLACEMENT_3D('',#28,#29,#30);
#28 = CARTESIAN_POINT('',(212.7,-128.,1.595));
#29 = DIRECTION('',(0.,0.,1.));
#30 = DIRECTION('',(-1.,1.224646799147E-16,0.));
#31 = AXIS2_PLACEMENT_3D('',#32,#33,#34);
#32 = CARTESIAN_POINT('',(196.2125,-144.4,1.595));
#33 = DIRECTION('',(0.,0.,1.));
#34 = DIRECTION('',(1.,0.,0.));
#35 = AXIS2_PLACEMENT_3D('',#36,#37,#38);
#36 = CARTESIAN_POINT('',(231.4,-135.4,1.595));
#37 = DIRECTION('',(0.,0.,1.));
#38 = DIRECTION('',(1.,0.,0.));
#39 = AXIS2_PLACEMENT_3D('',#40,#41,#42);
#40 = CARTESIAN_POINT('',(219.2,-128.1,1.595));
#41 = DIRECTION('',(0.,0.,1.));
#42 = DIRECTION('',(-1.,1.224646799147E-16,0.));
#43 = AXIS2_PLACEMENT_3D('',#44,#45,#46);
#44 = CARTESIAN_POINT('',(229.375,-143.63,2.595));
#45 = DIRECTION('',(-1.,2.334869823773E-16,1.110223024625E-16));
#46 = DIRECTION('',(-2.334869823773E-16,-1.,0.));
#47 = AXIS2_PLACEMENT_3D('',#48,#49,#50);
#48 = CARTESIAN_POINT('',(241.8,-130.1,1.595));
#49 = DIRECTION('',(0.,0.,1.));
#50 = DIRECTION('',(-1.,1.224646799147E-16,0.));
#51 = AXIS2_PLACEMENT_3D('',#52,#53,#54);
#52 = CARTESIAN_POINT('',(225.5,-128.1,1.595));
#53 = DIRECTION('',(0.,0.,1.));
#54 = DIRECTION('',(-1.,1.224646799147E-16,0.));
#55 = AXIS2_PLACEMENT_3D('',#56,#57,#58);
#56 = CARTESIAN_POINT('',(247.2,-133.5,1.595));
#57 = DIRECTION('',(-0.,0.,1.));
#58 = DIRECTION('',(1.110223024625E-16,-1.,0.));
#59 = AXIS2_PLACEMENT_3D('',#60,#61,#62);
#60 = CARTESIAN_POINT('',(221.9,-137.48,1.595));
#61 = DIRECTION('',(-0.,0.,1.));
#62 = DIRECTION('',(1.110223024625E-16,-1.,0.));
#63 = AXIS2_PLACEMENT_3D('',#64,#65,#66);
#64 = CARTESIAN_POINT('',(205.4,-131.3,1.595));
#65 = DIRECTION('',(-0.,0.,1.));
#66 = DIRECTION('',(1.110223024625E-16,-1.,0.));
#67 = AXIS2_PLACEMENT_3D('',#68,#69,#70);
#68 = CARTESIAN_POINT('',(232.3,-128.1,1.595));
#69 = DIRECTION('',(0.,0.,1.));
#70 = DIRECTION('',(-1.,1.224646799147E-16,0.));
#71 = AXIS2_PLACEMENT_3D('',#72,#73,#74);
#72 = CARTESIAN_POINT('',(220.8375,-143.7,1.595));
#73 = DIRECTION('',(0.,0.,1.));
#74 = DIRECTION('',(1.,0.,0.));
#75 = AXIS2_PLACEMENT_3D('',#76,#77,#78);
#76 = CARTESIAN_POINT('',(201.9,-138.8,1.595));
#77 = DIRECTION('',(0.,0.,1.));
#78 = DIRECTION('',(1.,0.,0.));
#79 = AXIS2_PLACEMENT_3D('',#80,#81,#82);
#80 = CARTESIAN_POINT('',(0.,0.,0.));
#81 = DIRECTION('',(0.,0.,1.));
#82 = DIRECTION('',(1.,0.,-0.));
#83 = ( GEOMETRIC_REPRESENTATION_CONTEXT(3) 
GLOBAL_UNCERTAINTY_ASSIGNED_CONTEXT((#87)) GLOBAL_UNIT_ASSIGNED_CONTEXT(
(#84,#85,#86)) REPRESENTATION_CONTEXT('Context #1',
  '3D Context with UNIT and UNCERTAINTY') );
#84 = ( LENGTH_UNIT() NAMED_UNIT(*) SI_UNIT(.MILLI.,.METRE.) );
#85 = ( NAMED_UNIT(*) PLANE_ANGLE_UNIT() SI_UNIT($,.RADIAN.) );
#86 = ( NAMED_UNIT(*) SI_UNIT($,.STERADIAN.) SOLID_ANGLE_UNIT() );
#87 = UNCERTAINTY_MEASURE_WITH_UNIT(LENGTH_MEASURE(1.E-07),#84,
  'distance_accuracy_value','confusion accuracy');
#88 = PRODUCT_RELATED_PRODUCT_CATEGORY('part',$,(#7));
#89 = SHAPE_DEFINITION_REPRESENTATION(#90,#96);
#90 = PRODUCT_DEFINITION_SHAPE('','',#91);
#91 = PRODUCT_DEFINITION('design','',#92,#95);
#92 = PRODUCT_DEFINITION_FORMATION('','',#93);
#93 = PRODUCT('C_0603_1608Metric','C_0603_1608Metric','',(#94));
#94 = PRODUCT_CONTEXT('',#2,'mechanical');
#95 = PRODUCT_DEFINITION_CONTEXT('part definition',#2,'design');
#96 = ADVANCED_BREP_SHAPE_REPRESENTATION('',(#11,#97),#951);
#97 = MANIFOLD_SOLID_BREP('',#98);
#98 = CLOSED_SHELL('',(#99,#175,#206,#231,#256,#280,#304,#329,#354,#371,
    #457,#489,#513,#538,#562,#587,#611,#636,#653,#739,#770,#795,#820,
    #844,#868,#893,#918,#935));
#99 = ADVANCED_FACE('',(#100),#170,.F.);
#100 = FACE_BOUND('',#101,.F.);
#101 = EDGE_LOOP('',(#102,#112,#121,#129,#138,#146,#155,#163));
#102 = ORIENTED_EDGE('',*,*,#103,.F.);
#103 = EDGE_CURVE('',#104,#106,#108,.T.);
#104 = VERTEX_POINT('',#105);
#105 = CARTESIAN_POINT('',(-0.8,-0.4,3.E-02));
#106 = VERTEX_POINT('',#107);
#107 = CARTESIAN_POINT('',(-0.8,-0.4,0.77));
#108 = LINE('',#109,#110);
#109 = CARTESIAN_POINT('',(-0.8,-0.4,0.));
#110 = VECTOR('',#111,1.);
#111 = DIRECTION('',(0.,0.,1.));
#112 = ORIENTED_EDGE('',*,*,#113,.T.);
#113 = EDGE_CURVE('',#104,#114,#116,.T.);
#114 = VERTEX_POINT('',#115);
#115 = CARTESIAN_POINT('',(-0.8,-0.37,0.));
#116 = CIRCLE('',#117,3.E-02);
#117 = AXIS2_PLACEMENT_3D('',#118,#119,#120);
#118 = CARTESIAN_POINT('',(-0.8,-0.37,3.E-02));
#119 = DIRECTION('',(1.,0.,-0.));
#120 = DIRECTION('',(0.,0.,1.));
#121 = ORIENTED_EDGE('',*,*,#122,.T.);
#122 = EDGE_CURVE('',#114,#123,#125,.T.);
#123 = VERTEX_POINT('',#124);
#124 = CARTESIAN_POINT('',(-0.8,0.37,0.));
#125 = LINE('',#126,#127);
#126 = CARTESIAN_POINT('',(-0.8,-0.4,0.));
#127 = VECTOR('',#128,1.);
#128 = DIRECTION('',(0.,1.,0.));
#129 = ORIENTED_EDGE('',*,*,#130,.F.);
#130 = EDGE_CURVE('',#131,#123,#133,.T.);
#131 = VERTEX_POINT('',#132);
#132 = CARTESIAN_POINT('',(-0.8,0.4,3.E-02));
#133 = CIRCLE('',#134,3.E-02);
#134 = AXIS2_PLACEMENT_3D('',#135,#136,#137);
#135 = CARTESIAN_POINT('',(-0.8,0.37,3.E-02));
#136 = DIRECTION('',(-1.,0.,0.));
#137 = DIRECTION('',(0.,0.,1.));
#138 = ORIENTED_EDGE('',*,*,#139,.T.);
#139 = EDGE_CURVE('',#131,#140,#142,.T.);
#140 = VERTEX_POINT('',#141);
#141 = CARTESIAN_POINT('',(-0.8,0.4,0.77));
#142 = LINE('',#143,#144);
#143 = CARTESIAN_POINT('',(-0.8,0.4,0.));
#144 = VECTOR('',#145,1.);
#145 = DIRECTION('',(0.,0.,1.));
#146 = ORIENTED_EDGE('',*,*,#147,.T.);
#147 = EDGE_CURVE('',#140,#148,#150,.T.);
#148 = VERTEX_POINT('',#149);
#149 = CARTESIAN_POINT('',(-0.8,0.37,0.8));
#150 = CIRCLE('',#151,3.E-02);
#151 = AXIS2_PLACEMENT_3D('',#152,#153,#154);
#152 = CARTESIAN_POINT('',(-0.8,0.37,0.77));
#153 = DIRECTION('',(1.,0.,-0.));
#154 = DIRECTION('',(0.,0.,1.));
#155 = ORIENTED_EDGE('',*,*,#156,.F.);
#156 = EDGE_CURVE('',#157,#148,#159,.T.);
#157 = VERTEX_POINT('',#158);
#158 = CARTESIAN_POINT('',(-0.8,-0.37,0.8));
#159 = LINE('',#160,#161);
#160 = CARTESIAN_POINT('',(-0.8,-0.4,0.8));
#161 = VECTOR('',#162,1.);
#162 = DIRECTION('',(0.,1.,0.));
#163 = ORIENTED_EDGE('',*,*,#164,.F.);
#164 = EDGE_CURVE('',#106,#157,#165,.T.);
#165 = CIRCLE('',#166,3.E-02);
#166 = AXIS2_PLACEMENT_3D('',#167,#168,#169);
#167 = CARTESIAN_POINT('',(-0.8,-0.37,0.77));
#168 = DIRECTION('',(-1.,0.,0.));
#169 = DIRECTION('',(0.,0.,1.));
#170 = PLANE('',#171);
#171 = AXIS2_PLACEMENT_3D('',#172,#173,#174);
#172 = CARTESIAN_POINT('',(-0.8,-0.4,0.));
#173 = DIRECTION('',(1.,0.,0.));
#174 = DIRECTION('',(0.,0.,1.));
#175 = ADVANCED_FACE('',(#176),#201,.F.);
#176 = FACE_BOUND('',#177,.F.);
#177 = EDGE_LOOP('',(#178,#188,#194,#195));
#178 = ORIENTED_EDGE('',*,*,#179,.F.);
#179 = EDGE_CURVE('',#180,#182,#184,.T.);
#180 = VERTEX_POINT('',#181);
#181 = CARTESIAN_POINT('',(-0.5,-0.4,3.E-02));
#182 = VERTEX_POINT('',#183);
#183 = CARTESIAN_POINT('',(-0.5,-0.4,0.77));
#184 = LINE('',#185,#186);
#185 = CARTESIAN_POINT('',(-0.5,-0.4,0.));
#186 = VECTOR('',#187,1.);
#187 = DIRECTION('',(0.,0.,1.));
#188 = ORIENTED_EDGE('',*,*,#189,.F.);
#189 = EDGE_CURVE('',#104,#180,#190,.T.);
#190 = LINE('',#191,#192);
#191 = CARTESIAN_POINT('',(-0.8,-0.4,3.E-02));
#192 = VECTOR('',#193,1.);
#193 = DIRECTION('',(1.,0.,0.));
#194 = ORIENTED_EDGE('',*,*,#103,.T.);
#195 = ORIENTED_EDGE('',*,*,#196,.T.);
#196 = EDGE_CURVE('',#106,#182,#197,.T.);
#197 = LINE('',#198,#199);
#198 = CARTESIAN_POINT('',(-0.8,-0.4,0.77));
#199 = VECTOR('',#200,1.);
#200 = DIRECTION('',(1.,0.,0.));
#201 = PLANE('',#202);
#202 = AXIS2_PLACEMENT_3D('',#203,#204,#205);
#203 = CARTESIAN_POINT('',(-0.8,-0.4,0.));
#204 = DIRECTION('',(0.,1.,0.));
#205 = DIRECTION('',(0.,-0.,1.));
#206 = ADVANCED_FACE('',(#207),#226,.T.);
#207 = FACE_BOUND('',#208,.T.);
#208 = EDGE_LOOP('',(#209,#210,#218,#225));
#209 = ORIENTED_EDGE('',*,*,#113,.T.);
#210 = ORIENTED_EDGE('',*,*,#211,.T.);
#211 = EDGE_CURVE('',#114,#212,#214,.T.);
#212 = VERTEX_POINT('',#213);
#213 = CARTESIAN_POINT('',(-0.5,-0.37,0.));
#214 = LINE('',#215,#216);
#215 = CARTESIAN_POINT('',(-0.8,-0.37,0.));
#216 = VECTOR('',#217,1.);
#217 = DIRECTION('',(1.,0.,0.));
#218 = ORIENTED_EDGE('',*,*,#219,.F.);
#219 = EDGE_CURVE('',#180,#212,#220,.T.);
#220 = CIRCLE('',#221,3.E-02);
#221 = AXIS2_PLACEMENT_3D('',#222,#223,#224);
#222 = CARTESIAN_POINT('',(-0.5,-0.37,3.E-02));
#223 = DIRECTION('',(1.,0.,-0.));
#224 = DIRECTION('',(0.,0.,1.));
#225 = ORIENTED_EDGE('',*,*,#189,.F.);
#226 = CYLINDRICAL_SURFACE('',#227,3.E-02);
#227 = AXIS2_PLACEMENT_3D('',#228,#229,#230);
#228 = CARTESIAN_POINT('',(-0.8,-0.37,3.E-02));
#229 = DIRECTION('',(1.,0.,0.));
#230 = DIRECTION('',(0.,-1.,0.));
#231 = ADVANCED_FACE('',(#232),#251,.T.);
#232 = FACE_BOUND('',#233,.T.);
#233 = EDGE_LOOP('',(#234,#235,#244,#250));
#234 = ORIENTED_EDGE('',*,*,#196,.T.);
#235 = ORIENTED_EDGE('',*,*,#236,.T.);
#236 = EDGE_CURVE('',#182,#237,#239,.T.);
#237 = VERTEX_POINT('',#238);
#238 = CARTESIAN_POINT('',(-0.5,-0.37,0.8));
#239 = CIRCLE('',#240,3.E-02);
#240 = AXIS2_PLACEMENT_3D('',#241,#242,#243);
#241 = CARTESIAN_POINT('',(-0.5,-0.37,0.77));
#242 = DIRECTION('',(-1.,0.,0.));
#243 = DIRECTION('',(0.,0.,1.));
#244 = ORIENTED_EDGE('',*,*,#245,.F.);
#245 = EDGE_CURVE('',#157,#237,#246,.T.);
#246 = LINE('',#247,#248);
#247 = CARTESIAN_POINT('',(-0.8,-0.37,0.8));
#248 = VECTOR('',#249,1.);
#249 = DIRECTION('',(1.,0.,0.));
#250 = ORIENTED_EDGE('',*,*,#164,.F.);
#251 = CYLINDRICAL_SURFACE('',#252,3.E-02);
#252 = AXIS2_PLACEMENT_3D('',#253,#254,#255);
#253 = CARTESIAN_POINT('',(-0.8,-0.37,0.77));
#254 = DIRECTION('',(1.,0.,0.));
#255 = DIRECTION('',(0.,-1.,0.));
#256 = ADVANCED_FACE('',(#257),#275,.F.);
#257 = FACE_BOUND('',#258,.F.);
#258 = EDGE_LOOP('',(#259,#260,#261,#269));
#259 = ORIENTED_EDGE('',*,*,#122,.F.);
#260 = ORIENTED_EDGE('',*,*,#211,.T.);
#261 = ORIENTED_EDGE('',*,*,#262,.T.);
#262 = EDGE_CURVE('',#212,#263,#265,.T.);
#263 = VERTEX_POINT('',#264);
#264 = CARTESIAN_POINT('',(-0.5,0.37,0.));
#265 = LINE('',#266,#267);
#266 = CARTESIAN_POINT('',(-0.5,-0.4,0.));
#267 = VECTOR('',#268,1.);
#268 = DIRECTION('',(0.,1.,0.));
#269 = ORIENTED_EDGE('',*,*,#270,.F.);
#270 = EDGE_CURVE('',#123,#263,#271,.T.);
#271 = LINE('',#272,#273);
#272 = CARTESIAN_POINT('',(-0.8,0.37,0.));
#273 = VECTOR('',#274,1.);
#274 = DIRECTION('',(1.,0.,0.));
#275 = PLANE('',#276);
#276 = AXIS2_PLACEMENT_3D('',#277,#278,#279);
#277 = CARTESIAN_POINT('',(-0.8,-0.4,0.));
#278 = DIRECTION('',(0.,0.,1.));
#279 = DIRECTION('',(1.,0.,-0.));
#280 = ADVANCED_FACE('',(#281),#299,.T.);
#281 = FACE_BOUND('',#282,.T.);
#282 = EDGE_LOOP('',(#283,#284,#285,#293));
#283 = ORIENTED_EDGE('',*,*,#156,.F.);
#284 = ORIENTED_EDGE('',*,*,#245,.T.);
#285 = ORIENTED_EDGE('',*,*,#286,.T.);
#286 = EDGE_CURVE('',#237,#287,#289,.T.);
#287 = VERTEX_POINT('',#288);
#288 = CARTESIAN_POINT('',(-0.5,0.37,0.8));
#289 = LINE('',#290,#291);
#290 = CARTESIAN_POINT('',(-0.5,-0.4,0.8));
#291 = VECTOR('',#292,1.);
#292 = DIRECTION('',(0.,1.,0.));
#293 = ORIENTED_EDGE('',*,*,#294,.F.);
#294 = EDGE_CURVE('',#148,#287,#295,.T.);
#295 = LINE('',#296,#297);
#296 = CARTESIAN_POINT('',(-0.8,0.37,0.8));
#297 = VECTOR('',#298,1.);
#298 = DIRECTION('',(1.,0.,0.));
#299 = PLANE('',#300);
#300 = AXIS2_PLACEMENT_3D('',#301,#302,#303);
#301 = CARTESIAN_POINT('',(-0.8,-0.4,0.8));
#302 = DIRECTION('',(0.,0.,1.));
#303 = DIRECTION('',(1.,0.,-0.));
#304 = ADVANCED_FACE('',(#305),#324,.T.);
#305 = FACE_BOUND('',#306,.T.);
#306 = EDGE_LOOP('',(#307,#315,#322,#323));
#307 = ORIENTED_EDGE('',*,*,#308,.T.);
#308 = EDGE_CURVE('',#131,#309,#311,.T.);
#309 = VERTEX_POINT('',#310);
#310 = CARTESIAN_POINT('',(-0.5,0.4,3.E-02));
#311 = LINE('',#312,#313);
#312 = CARTESIAN_POINT('',(-0.8,0.4,3.E-02));
#313 = VECTOR('',#314,1.);
#314 = DIRECTION('',(1.,0.,0.));
#315 = ORIENTED_EDGE('',*,*,#316,.T.);
#316 = EDGE_CURVE('',#309,#263,#317,.T.);
#317 = CIRCLE('',#318,3.E-02);
#318 = AXIS2_PLACEMENT_3D('',#319,#320,#321);
#319 = CARTESIAN_POINT('',(-0.5,0.37,3.E-02));
#320 = DIRECTION('',(-1.,0.,0.));
#321 = DIRECTION('',(0.,0.,1.));
#322 = ORIENTED_EDGE('',*,*,#270,.F.);
#323 = ORIENTED_EDGE('',*,*,#130,.F.);
#324 = CYLINDRICAL_SURFACE('',#325,3.E-02);
#325 = AXIS2_PLACEMENT_3D('',#326,#327,#328);
#326 = CARTESIAN_POINT('',(-0.8,0.37,3.E-02));
#327 = DIRECTION('',(1.,0.,0.));
#328 = DIRECTION('',(-0.,1.,0.));
#329 = ADVANCED_FACE('',(#330),#349,.T.);
#330 = FACE_BOUND('',#331,.T.);
#331 = EDGE_LOOP('',(#332,#333,#334,#343));
#332 = ORIENTED_EDGE('',*,*,#147,.T.);
#333 = ORIENTED_EDGE('',*,*,#294,.T.);
#334 = ORIENTED_EDGE('',*,*,#335,.F.);
#335 = EDGE_CURVE('',#336,#287,#338,.T.);
#336 = VERTEX_POINT('',#337);
#337 = CARTESIAN_POINT('',(-0.5,0.4,0.77));
#338 = CIRCLE('',#339,3.E-02);
#339 = AXIS2_PLACEMENT_3D('',#340,#341,#342);
#340 = CARTESIAN_POINT('',(-0.5,0.37,0.77));
#341 = DIRECTION('',(1.,0.,-0.));
#342 = DIRECTION('',(0.,0.,1.));
#343 = ORIENTED_EDGE('',*,*,#344,.F.);
#344 = EDGE_CURVE('',#140,#336,#345,.T.);
#345 = LINE('',#346,#347);
#346 = CARTESIAN_POINT('',(-0.8,0.4,0.77));
#347 = VECTOR('',#348,1.);
#348 = DIRECTION('',(1.,0.,0.));
#349 = CYLINDRICAL_SURFACE('',#350,3.E-02);
#350 = AXIS2_PLACEMENT_3D('',#351,#352,#353);
#351 = CARTESIAN_POINT('',(-0.8,0.37,0.77));
#352 = DIRECTION('',(1.,0.,0.));
#353 = DIRECTION('',(-0.,1.,0.));
#354 = ADVANCED_FACE('',(#355),#366,.T.);
#355 = FACE_BOUND('',#356,.T.);
#356 = EDGE_LOOP('',(#357,#363,#364,#365));
#357 = ORIENTED_EDGE('',*,*,#358,.F.);
#358 = EDGE_CURVE('',#309,#336,#359,.T.);
#359 = LINE('',#360,#361);
#360 = CARTESIAN_POINT('',(-0.5,0.4,0.));
#361 = VECTOR('',#362,1.);
#362 = DIRECTION('',(0.,0.,1.));
#363 = ORIENTED_EDGE('',*,*,#308,.F.);
#364 = ORIENTED_EDGE('',*,*,#139,.T.);
#365 = ORIENTED_EDGE('',*,*,#344,.T.);
#366 = PLANE('',#367);
#367 = AXIS2_PLACEMENT_3D('',#368,#369,#370);
#368 = CARTESIAN_POINT('',(-0.8,0.4,0.));
#369 = DIRECTION('',(0.,1.,0.));
#370 = DIRECTION('',(0.,-0.,1.));
#371 = ADVANCED_FACE('',(#372,#382),#452,.T.);
#372 = FACE_BOUND('',#373,.T.);
#373 = EDGE_LOOP('',(#374,#375,#376,#377,#378,#379,#380,#381));
#374 = ORIENTED_EDGE('',*,*,#179,.F.);
#375 = ORIENTED_EDGE('',*,*,#219,.T.);
#376 = ORIENTED_EDGE('',*,*,#262,.T.);
#377 = ORIENTED_EDGE('',*,*,#316,.F.);
#378 = ORIENTED_EDGE('',*,*,#358,.T.);
#379 = ORIENTED_EDGE('',*,*,#335,.T.);
#380 = ORIENTED_EDGE('',*,*,#286,.F.);
#381 = ORIENTED_EDGE('',*,*,#236,.F.);
#382 = FACE_BOUND('',#383,.T.);
#383 = EDGE_LOOP('',(#384,#395,#403,#412,#420,#429,#437,#446));
#384 = ORIENTED_EDGE('',*,*,#385,.F.);
#385 = EDGE_CURVE('',#386,#388,#390,.T.);
#386 = VERTEX_POINT('',#387);
#387 = CARTESIAN_POINT('',(-0.5,-0.37,6.E-02));
#388 = VERTEX_POINT('',#389);
#389 = CARTESIAN_POINT('',(-0.5,-0.34,3.E-02));
#390 = CIRCLE('',#391,3.E-02);
#391 = AXIS2_PLACEMENT_3D('',#392,#393,#394);
#392 = CARTESIAN_POINT('',(-0.5,-0.34,6.E-02));
#393 = DIRECTION('',(1.,0.,-0.));
#394 = DIRECTION('',(0.,0.,1.));
#395 = ORIENTED_EDGE('',*,*,#396,.T.);
#396 = EDGE_CURVE('',#386,#397,#399,.T.);
#397 = VERTEX_POINT('',#398);
#398 = CARTESIAN_POINT('',(-0.5,-0.37,0.74));
#399 = LINE('',#400,#401);
#400 = CARTESIAN_POINT('',(-0.5,-0.37,3.E-02));
#401 = VECTOR('',#402,1.);
#402 = DIRECTION('',(0.,0.,1.));
#403 = ORIENTED_EDGE('',*,*,#404,.T.);
#404 = EDGE_CURVE('',#397,#405,#407,.T.);
#405 = VERTEX_POINT('',#406);
#406 = CARTESIAN_POINT('',(-0.5,-0.34,0.77));
#407 = CIRCLE('',#408,3.E-02);
#408 = AXIS2_PLACEMENT_3D('',#409,#410,#411);
#409 = CARTESIAN_POINT('',(-0.5,-0.34,0.74));
#410 = DIRECTION('',(-1.,0.,0.));
#411 = DIRECTION('',(0.,0.,1.));
#412 = ORIENTED_EDGE('',*,*,#413,.T.);
#413 = EDGE_CURVE('',#405,#414,#416,.T.);
#414 = VERTEX_POINT('',#415);
#415 = CARTESIAN_POINT('',(-0.5,0.34,0.77));
#416 = LINE('',#417,#418);
#417 = CARTESIAN_POINT('',(-0.5,-0.37,0.77));
#418 = VECTOR('',#419,1.);
#419 = DIRECTION('',(0.,1.,0.));
#420 = ORIENTED_EDGE('',*,*,#421,.F.);
#421 = EDGE_CURVE('',#422,#414,#424,.T.);
#422 = VERTEX_POINT('',#423);
#423 = CARTESIAN_POINT('',(-0.5,0.37,0.74));
#424 = CIRCLE('',#425,3.E-02);
#425 = AXIS2_PLACEMENT_3D('',#426,#427,#428);
#426 = CARTESIAN_POINT('',(-0.5,0.34,0.74));
#427 = DIRECTION('',(1.,0.,-0.));
#428 = DIRECTION('',(0.,0.,1.));
#429 = ORIENTED_EDGE('',*,*,#430,.F.);
#430 = EDGE_CURVE('',#431,#422,#433,.T.);
#431 = VERTEX_POINT('',#432);
#432 = CARTESIAN_POINT('',(-0.5,0.37,6.E-02));
#433 = LINE('',#434,#435);
#434 = CARTESIAN_POINT('',(-0.5,0.37,3.E-02));
#435 = VECTOR('',#436,1.);
#436 = DIRECTION('',(0.,0.,1.));
#437 = ORIENTED_EDGE('',*,*,#438,.T.);
#438 = EDGE_CURVE('',#431,#439,#441,.T.);
#439 = VERTEX_POINT('',#440);
#440 = CARTESIAN_POINT('',(-0.5,0.34,3.E-02));
#441 = CIRCLE('',#442,3.E-02);
#442 = AXIS2_PLACEMENT_3D('',#443,#444,#445);
#443 = CARTESIAN_POINT('',(-0.5,0.34,6.E-02));
#444 = DIRECTION('',(-1.,0.,0.));
#445 = DIRECTION('',(0.,0.,1.));
#446 = ORIENTED_EDGE('',*,*,#447,.F.);
#447 = EDGE_CURVE('',#388,#439,#448,.T.);
#448 = LINE('',#449,#450);
#449 = CARTESIAN_POINT('',(-0.5,-0.37,3.E-02));
#450 = VECTOR('',#451,1.);
#451 = DIRECTION('',(0.,1.,0.));
#452 = PLANE('',#453);
#453 = AXIS2_PLACEMENT_3D('',#454,#455,#456);
#454 = CARTESIAN_POINT('',(-0.5,-0.4,0.));
#455 = DIRECTION('',(1.,0.,0.));
#456 = DIRECTION('',(0.,0.,1.));
#457 = ADVANCED_FACE('',(#458),#484,.T.);
#458 = FACE_BOUND('',#459,.T.);
#459 = EDGE_LOOP('',(#460,#461,#469,#478));
#460 = ORIENTED_EDGE('',*,*,#385,.T.);
#461 = ORIENTED_EDGE('',*,*,#462,.T.);
#462 = EDGE_CURVE('',#388,#463,#465,.T.);
#463 = VERTEX_POINT('',#464);
#464 = CARTESIAN_POINT('',(0.5,-0.34,3.E-02));
#465 = LINE('',#466,#467);
#466 = CARTESIAN_POINT('',(-0.5,-0.34,3.E-02));
#467 = VECTOR('',#468,1.);
#468 = DIRECTION('',(1.,0.,0.));
#469 = ORIENTED_EDGE('',*,*,#470,.F.);
#470 = EDGE_CURVE('',#471,#463,#473,.T.);
#471 = VERTEX_POINT('',#472);
#472 = CARTESIAN_POINT('',(0.5,-0.37,6.E-02));
#473 = CIRCLE('',#474,3.E-02);
#474 = AXIS2_PLACEMENT_3D('',#475,#476,#477);
#475 = CARTESIAN_POINT('',(0.5,-0.34,6.E-02));
#476 = DIRECTION('',(1.,0.,-0.));
#477 = DIRECTION('',(0.,0.,1.));
#478 = ORIENTED_EDGE('',*,*,#479,.F.);
#479 = EDGE_CURVE('',#386,#471,#480,.T.);
#480 = LINE('',#481,#482);
#481 = CARTESIAN_POINT('',(-0.5,-0.37,6.E-02));
#482 = VECTOR('',#483,1.);
#483 = DIRECTION('',(1.,0.,0.));
#484 = CYLINDRICAL_SURFACE('',#485,3.E-02);
#485 = AXIS2_PLACEMENT_3D('',#486,#487,#488);
#486 = CARTESIAN_POINT('',(-0.5,-0.34,6.E-02));
#487 = DIRECTION('',(1.,0.,0.));
#488 = DIRECTION('',(0.,-1.,0.));
#489 = ADVANCED_FACE('',(#490),#508,.F.);
#490 = FACE_BOUND('',#491,.F.);
#491 = EDGE_LOOP('',(#492,#493,#494,#502));
#492 = ORIENTED_EDGE('',*,*,#447,.F.);
#493 = ORIENTED_EDGE('',*,*,#462,.T.);
#494 = ORIENTED_EDGE('',*,*,#495,.T.);
#495 = EDGE_CURVE('',#463,#496,#498,.T.);
#496 = VERTEX_POINT('',#497);
#497 = CARTESIAN_POINT('',(0.5,0.34,3.E-02));
#498 = LINE('',#499,#500);
#499 = CARTESIAN_POINT('',(0.5,-0.37,3.E-02));
#500 = VECTOR('',#501,1.);
#501 = DIRECTION('',(0.,1.,0.));
#502 = ORIENTED_EDGE('',*,*,#503,.F.);
#503 = EDGE_CURVE('',#439,#496,#504,.T.);
#504 = LINE('',#505,#506);
#505 = CARTESIAN_POINT('',(-0.5,0.34,3.E-02));
#506 = VECTOR('',#507,1.);
#507 = DIRECTION('',(1.,0.,0.));
#508 = PLANE('',#509);
#509 = AXIS2_PLACEMENT_3D('',#510,#511,#512);
#510 = CARTESIAN_POINT('',(-0.5,-0.37,3.E-02));
#511 = DIRECTION('',(0.,0.,1.));
#512 = DIRECTION('',(1.,0.,-0.));
#513 = ADVANCED_FACE('',(#514),#533,.T.);
#514 = FACE_BOUND('',#515,.T.);
#515 = EDGE_LOOP('',(#516,#524,#531,#532));
#516 = ORIENTED_EDGE('',*,*,#517,.T.);
#517 = EDGE_CURVE('',#431,#518,#520,.T.);
#518 = VERTEX_POINT('',#519);
#519 = CARTESIAN_POINT('',(0.5,0.37,6.E-02));
#520 = LINE('',#521,#522);
#521 = CARTESIAN_POINT('',(-0.5,0.37,6.E-02));
#522 = VECTOR('',#523,1.);
#523 = DIRECTION('',(1.,0.,0.));
#524 = ORIENTED_EDGE('',*,*,#525,.T.);
#525 = EDGE_CURVE('',#518,#496,#526,.T.);
#526 = CIRCLE('',#527,3.E-02);
#527 = AXIS2_PLACEMENT_3D('',#528,#529,#530);
#528 = CARTESIAN_POINT('',(0.5,0.34,6.E-02));
#529 = DIRECTION('',(-1.,0.,0.));
#530 = DIRECTION('',(0.,0.,1.));
#531 = ORIENTED_EDGE('',*,*,#503,.F.);
#532 = ORIENTED_EDGE('',*,*,#438,.F.);
#533 = CYLINDRICAL_SURFACE('',#534,3.E-02);
#534 = AXIS2_PLACEMENT_3D('',#535,#536,#537);
#535 = CARTESIAN_POINT('',(-0.5,0.34,6.E-02));
#536 = DIRECTION('',(1.,0.,0.));
#537 = DIRECTION('',(-0.,1.,0.));
#538 = ADVANCED_FACE('',(#539),#557,.T.);
#539 = FACE_BOUND('',#540,.T.);
#540 = EDGE_LOOP('',(#541,#549,#550,#551));
#541 = ORIENTED_EDGE('',*,*,#542,.F.);
#542 = EDGE_CURVE('',#518,#543,#545,.T.);
#543 = VERTEX_POINT('',#544);
#544 = CARTESIAN_POINT('',(0.5,0.37,0.74));
#545 = LINE('',#546,#547);
#546 = CARTESIAN_POINT('',(0.5,0.37,3.E-02));
#547 = VECTOR('',#548,1.);
#548 = DIRECTION('',(0.,0.,1.));
#549 = ORIENTED_EDGE('',*,*,#517,.F.);
#550 = ORIENTED_EDGE('',*,*,#430,.T.);
#551 = ORIENTED_EDGE('',*,*,#552,.T.);
#552 = EDGE_CURVE('',#422,#543,#553,.T.);
#553 = LINE('',#554,#555);
#554 = CARTESIAN_POINT('',(-0.5,0.37,0.74));
#555 = VECTOR('',#556,1.);
#556 = DIRECTION('',(1.,0.,0.));
#557 = PLANE('',#558);
#558 = AXIS2_PLACEMENT_3D('',#559,#560,#561);
#559 = CARTESIAN_POINT('',(-0.5,0.37,3.E-02));
#560 = DIRECTION('',(0.,1.,0.));
#561 = DIRECTION('',(0.,-0.,1.));
#562 = ADVANCED_FACE('',(#563),#582,.T.);
#563 = FACE_BOUND('',#564,.T.);
#564 = EDGE_LOOP('',(#565,#566,#574,#581));
#565 = ORIENTED_EDGE('',*,*,#421,.T.);
#566 = ORIENTED_EDGE('',*,*,#567,.T.);
#567 = EDGE_CURVE('',#414,#568,#570,.T.);
#568 = VERTEX_POINT('',#569);
#569 = CARTESIAN_POINT('',(0.5,0.34,0.77));
#570 = LINE('',#571,#572);
#571 = CARTESIAN_POINT('',(-0.5,0.34,0.77));
#572 = VECTOR('',#573,1.);
#573 = DIRECTION('',(1.,0.,0.));
#574 = ORIENTED_EDGE('',*,*,#575,.F.);
#575 = EDGE_CURVE('',#543,#568,#576,.T.);
#576 = CIRCLE('',#577,3.E-02);
#577 = AXIS2_PLACEMENT_3D('',#578,#579,#580);
#578 = CARTESIAN_POINT('',(0.5,0.34,0.74));
#579 = DIRECTION('',(1.,0.,-0.));
#580 = DIRECTION('',(0.,0.,1.));
#581 = ORIENTED_EDGE('',*,*,#552,.F.);
#582 = CYLINDRICAL_SURFACE('',#583,3.E-02);
#583 = AXIS2_PLACEMENT_3D('',#584,#585,#586);
#584 = CARTESIAN_POINT('',(-0.5,0.34,0.74));
#585 = DIRECTION('',(1.,0.,0.));
#586 = DIRECTION('',(-0.,1.,0.));
#587 = ADVANCED_FACE('',(#588),#606,.T.);
#588 = FACE_BOUND('',#589,.T.);
#589 = EDGE_LOOP('',(#590,#591,#599,#605));
#590 = ORIENTED_EDGE('',*,*,#413,.F.);
#591 = ORIENTED_EDGE('',*,*,#592,.T.);
#592 = EDGE_CURVE('',#405,#593,#595,.T.);
#593 = VERTEX_POINT('',#594);
#594 = CARTESIAN_POINT('',(0.5,-0.34,0.77));
#595 = LINE('',#596,#597);
#596 = CARTESIAN_POINT('',(-0.5,-0.34,0.77));
#597 = VECTOR('',#598,1.);
#598 = DIRECTION('',(1.,0.,0.));
#599 = ORIENTED_EDGE('',*,*,#600,.T.);
#600 = EDGE_CURVE('',#593,#568,#601,.T.);
#601 = LINE('',#602,#603);
#602 = CARTESIAN_POINT('',(0.5,-0.37,0.77));
#603 = VECTOR('',#604,1.);
#604 = DIRECTION('',(0.,1.,0.));
#605 = ORIENTED_EDGE('',*,*,#567,.F.);
#606 = PLANE('',#607);
#607 = AXIS2_PLACEMENT_3D('',#608,#609,#610);
#608 = CARTESIAN_POINT('',(-0.5,-0.37,0.77));
#609 = DIRECTION('',(0.,0.,1.));
#610 = DIRECTION('',(1.,0.,-0.));
#611 = ADVANCED_FACE('',(#612),#631,.T.);
#612 = FACE_BOUND('',#613,.T.);
#613 = EDGE_LOOP('',(#614,#622,#629,#630));
#614 = ORIENTED_EDGE('',*,*,#615,.T.);
#615 = EDGE_CURVE('',#397,#616,#618,.T.);
#616 = VERTEX_POINT('',#617);
#617 = CARTESIAN_POINT('',(0.5,-0.37,0.74));
#618 = LINE('',#619,#620);
#619 = CARTESIAN_POINT('',(-0.5,-0.37,0.74));
#620 = VECTOR('',#621,1.);
#621 = DIRECTION('',(1.,0.,0.));
#622 = ORIENTED_EDGE('',*,*,#623,.T.);
#623 = EDGE_CURVE('',#616,#593,#624,.T.);
#624 = CIRCLE('',#625,3.E-02);
#625 = AXIS2_PLACEMENT_3D('',#626,#627,#628);
#626 = CARTESIAN_POINT('',(0.5,-0.34,0.74));
#627 = DIRECTION('',(-1.,0.,0.));
#628 = DIRECTION('',(0.,0.,1.));
#629 = ORIENTED_EDGE('',*,*,#592,.F.);
#630 = ORIENTED_EDGE('',*,*,#404,.F.);
#631 = CYLINDRICAL_SURFACE('',#632,3.E-02);
#632 = AXIS2_PLACEMENT_3D('',#633,#634,#635);
#633 = CARTESIAN_POINT('',(-0.5,-0.34,0.74));
#634 = DIRECTION('',(1.,0.,0.));
#635 = DIRECTION('',(0.,-1.,0.));
#636 = ADVANCED_FACE('',(#637),#648,.F.);
#637 = FACE_BOUND('',#638,.F.);
#638 = EDGE_LOOP('',(#639,#645,#646,#647));
#639 = ORIENTED_EDGE('',*,*,#640,.F.);
#640 = EDGE_CURVE('',#471,#616,#641,.T.);
#641 = LINE('',#642,#643);
#642 = CARTESIAN_POINT('',(0.5,-0.37,3.E-02));
#643 = VECTOR('',#644,1.);
#644 = DIRECTION('',(0.,0.,1.));
#645 = ORIENTED_EDGE('',*,*,#479,.F.);
#646 = ORIENTED_EDGE('',*,*,#396,.T.);
#647 = ORIENTED_EDGE('',*,*,#615,.T.);
#648 = PLANE('',#649);
#649 = AXIS2_PLACEMENT_3D('',#650,#651,#652);
#650 = CARTESIAN_POINT('',(-0.5,-0.37,3.E-02));
#651 = DIRECTION('',(0.,1.,0.));
#652 = DIRECTION('',(0.,-0.,1.));
#653 = ADVANCED_FACE('',(#654,#724),#734,.F.);
#654 = FACE_BOUND('',#655,.F.);
#655 = EDGE_LOOP('',(#656,#666,#675,#683,#692,#700,#709,#717));
#656 = ORIENTED_EDGE('',*,*,#657,.F.);
#657 = EDGE_CURVE('',#658,#660,#662,.T.);
#658 = VERTEX_POINT('',#659);
#659 = CARTESIAN_POINT('',(0.5,-0.4,3.E-02));
#660 = VERTEX_POINT('',#661);
#661 = CARTESIAN_POINT('',(0.5,-0.4,0.77));
#662 = LINE('',#663,#664);
#663 = CARTESIAN_POINT('',(0.5,-0.4,0.));
#664 = VECTOR('',#665,1.);
#665 = DIRECTION('',(0.,0.,1.));
#666 = ORIENTED_EDGE('',*,*,#667,.T.);
#667 = EDGE_CURVE('',#658,#668,#670,.T.);
#668 = VERTEX_POINT('',#669);
#669 = CARTESIAN_POINT('',(0.5,-0.37,0.));
#670 = CIRCLE('',#671,3.E-02);
#671 = AXIS2_PLACEMENT_3D('',#672,#673,#674);
#672 = CARTESIAN_POINT('',(0.5,-0.37,3.E-02));
#673 = DIRECTION('',(1.,0.,-0.));
#674 = DIRECTION('',(0.,0.,1.));
#675 = ORIENTED_EDGE('',*,*,#676,.T.);
#676 = EDGE_CURVE('',#668,#677,#679,.T.);
#677 = VERTEX_POINT('',#678);
#678 = CARTESIAN_POINT('',(0.5,0.37,0.));
#679 = LINE('',#680,#681);
#680 = CARTESIAN_POINT('',(0.5,-0.4,0.));
#681 = VECTOR('',#682,1.);
#682 = DIRECTION('',(0.,1.,0.));
#683 = ORIENTED_EDGE('',*,*,#684,.F.);
#684 = EDGE_CURVE('',#685,#677,#687,.T.);
#685 = VERTEX_POINT('',#686);
#686 = CARTESIAN_POINT('',(0.5,0.4,3.E-02));
#687 = CIRCLE('',#688,3.E-02);
#688 = AXIS2_PLACEMENT_3D('',#689,#690,#691);
#689 = CARTESIAN_POINT('',(0.5,0.37,3.E-02));
#690 = DIRECTION('',(-1.,0.,0.));
#691 = DIRECTION('',(0.,0.,1.));
#692 = ORIENTED_EDGE('',*,*,#693,.T.);
#693 = EDGE_CURVE('',#685,#694,#696,.T.);
#694 = VERTEX_POINT('',#695);
#695 = CARTESIAN_POINT('',(0.5,0.4,0.77));
#696 = LINE('',#697,#698);
#697 = CARTESIAN_POINT('',(0.5,0.4,0.));
#698 = VECTOR('',#699,1.);
#699 = DIRECTION('',(0.,0.,1.));
#700 = ORIENTED_EDGE('',*,*,#701,.T.);
#701 = EDGE_CURVE('',#694,#702,#704,.T.);
#702 = VERTEX_POINT('',#703);
#703 = CARTESIAN_POINT('',(0.5,0.37,0.8));
#704 = CIRCLE('',#705,3.E-02);
#705 = AXIS2_PLACEMENT_3D('',#706,#707,#708);
#706 = CARTESIAN_POINT('',(0.5,0.37,0.77));
#707 = DIRECTION('',(1.,0.,-0.));
#708 = DIRECTION('',(0.,0.,1.));
#709 = ORIENTED_EDGE('',*,*,#710,.F.);
#710 = EDGE_CURVE('',#711,#702,#713,.T.);
#711 = VERTEX_POINT('',#712);
#712 = CARTESIAN_POINT('',(0.5,-0.37,0.8));
#713 = LINE('',#714,#715);
#714 = CARTESIAN_POINT('',(0.5,-0.4,0.8));
#715 = VECTOR('',#716,1.);
#716 = DIRECTION('',(0.,1.,0.));
#717 = ORIENTED_EDGE('',*,*,#718,.F.);
#718 = EDGE_CURVE('',#660,#711,#719,.T.);
#719 = CIRCLE('',#720,3.E-02);
#720 = AXIS2_PLACEMENT_3D('',#721,#722,#723);
#721 = CARTESIAN_POINT('',(0.5,-0.37,0.77));
#722 = DIRECTION('',(-1.,0.,0.));
#723 = DIRECTION('',(0.,0.,1.));
#724 = FACE_BOUND('',#725,.F.);
#725 = EDGE_LOOP('',(#726,#727,#728,#729,#730,#731,#732,#733));
#726 = ORIENTED_EDGE('',*,*,#470,.F.);
#727 = ORIENTED_EDGE('',*,*,#640,.T.);
#728 = ORIENTED_EDGE('',*,*,#623,.T.);
#729 = ORIENTED_EDGE('',*,*,#600,.T.);
#730 = ORIENTED_EDGE('',*,*,#575,.F.);
#731 = ORIENTED_EDGE('',*,*,#542,.F.);
#732 = ORIENTED_EDGE('',*,*,#525,.T.);
#733 = ORIENTED_EDGE('',*,*,#495,.F.);
#734 = PLANE('',#735);
#735 = AXIS2_PLACEMENT_3D('',#736,#737,#738);
#736 = CARTESIAN_POINT('',(0.5,-0.4,0.));
#737 = DIRECTION('',(1.,0.,0.));
#738 = DIRECTION('',(0.,0.,1.));
#739 = ADVANCED_FACE('',(#740),#765,.F.);
#740 = FACE_BOUND('',#741,.F.);
#741 = EDGE_LOOP('',(#742,#752,#758,#759));
#742 = ORIENTED_EDGE('',*,*,#743,.F.);
#743 = EDGE_CURVE('',#744,#746,#748,.T.);
#744 = VERTEX_POINT('',#745);
#745 = CARTESIAN_POINT('',(0.8,-0.4,3.E-02));
#746 = VERTEX_POINT('',#747);
#747 = CARTESIAN_POINT('',(0.8,-0.4,0.77));
#748 = LINE('',#749,#750);
#749 = CARTESIAN_POINT('',(0.8,-0.4,0.));
#750 = VECTOR('',#751,1.);
#751 = DIRECTION('',(0.,0.,1.));
#752 = ORIENTED_EDGE('',*,*,#753,.F.);
#753 = EDGE_CURVE('',#658,#744,#754,.T.);
#754 = LINE('',#755,#756);
#755 = CARTESIAN_POINT('',(0.5,-0.4,3.E-02));
#756 = VECTOR('',#757,1.);
#757 = DIRECTION('',(1.,0.,0.));
#758 = ORIENTED_EDGE('',*,*,#657,.T.);
#759 = ORIENTED_EDGE('',*,*,#760,.T.);
#760 = EDGE_CURVE('',#660,#746,#761,.T.);
#761 = LINE('',#762,#763);
#762 = CARTESIAN_POINT('',(0.5,-0.4,0.77));
#763 = VECTOR('',#764,1.);
#764 = DIRECTION('',(1.,0.,0.));
#765 = PLANE('',#766);
#766 = AXIS2_PLACEMENT_3D('',#767,#768,#769);
#767 = CARTESIAN_POINT('',(0.5,-0.4,0.));
#768 = DIRECTION('',(0.,1.,0.));
#769 = DIRECTION('',(0.,-0.,1.));
#770 = ADVANCED_FACE('',(#771),#790,.T.);
#771 = FACE_BOUND('',#772,.T.);
#772 = EDGE_LOOP('',(#773,#774,#782,#789));
#773 = ORIENTED_EDGE('',*,*,#667,.T.);
#774 = ORIENTED_EDGE('',*,*,#775,.T.);
#775 = EDGE_CURVE('',#668,#776,#778,.T.);
#776 = VERTEX_POINT('',#777);
#777 = CARTESIAN_POINT('',(0.8,-0.37,0.));
#778 = LINE('',#779,#780);
#779 = CARTESIAN_POINT('',(0.5,-0.37,0.));
#780 = VECTOR('',#781,1.);
#781 = DIRECTION('',(1.,0.,0.));
#782 = ORIENTED_EDGE('',*,*,#783,.F.);
#783 = EDGE_CURVE('',#744,#776,#784,.T.);
#784 = CIRCLE('',#785,3.E-02);
#785 = AXIS2_PLACEMENT_3D('',#786,#787,#788);
#786 = CARTESIAN_POINT('',(0.8,-0.37,3.E-02));
#787 = DIRECTION('',(1.,0.,-0.));
#788 = DIRECTION('',(0.,0.,1.));
#789 = ORIENTED_EDGE('',*,*,#753,.F.);
#790 = CYLINDRICAL_SURFACE('',#791,3.E-02);
#791 = AXIS2_PLACEMENT_3D('',#792,#793,#794);
#792 = CARTESIAN_POINT('',(0.5,-0.37,3.E-02));
#793 = DIRECTION('',(1.,0.,0.));
#794 = DIRECTION('',(0.,-1.,0.));
#795 = ADVANCED_FACE('',(#796),#815,.T.);
#796 = FACE_BOUND('',#797,.T.);
#797 = EDGE_LOOP('',(#798,#799,#808,#814));
#798 = ORIENTED_EDGE('',*,*,#760,.T.);
#799 = ORIENTED_EDGE('',*,*,#800,.T.);
#800 = EDGE_CURVE('',#746,#801,#803,.T.);
#801 = VERTEX_POINT('',#802);
#802 = CARTESIAN_POINT('',(0.8,-0.37,0.8));
#803 = CIRCLE('',#804,3.E-02);
#804 = AXIS2_PLACEMENT_3D('',#805,#806,#807);
#805 = CARTESIAN_POINT('',(0.8,-0.37,0.77));
#806 = DIRECTION('',(-1.,0.,0.));
#807 = DIRECTION('',(0.,0.,1.));
#808 = ORIENTED_EDGE('',*,*,#809,.F.);
#809 = EDGE_CURVE('',#711,#801,#810,.T.);
#810 = LINE('',#811,#812);
#811 = CARTESIAN_POINT('',(0.5,-0.37,0.8));
#812 = VECTOR('',#813,1.);
#813 = DIRECTION('',(1.,0.,0.));
#814 = ORIENTED_EDGE('',*,*,#718,.F.);
#815 = CYLINDRICAL_SURFACE('',#816,3.E-02);
#816 = AXIS2_PLACEMENT_3D('',#817,#818,#819);
#817 = CARTESIAN_POINT('',(0.5,-0.37,0.77));
#818 = DIRECTION('',(1.,0.,0.));
#819 = DIRECTION('',(0.,-1.,0.));
#820 = ADVANCED_FACE('',(#821),#839,.F.);
#821 = FACE_BOUND('',#822,.F.);
#822 = EDGE_LOOP('',(#823,#824,#825,#833));
#823 = ORIENTED_EDGE('',*,*,#676,.F.);
#824 = ORIENTED_EDGE('',*,*,#775,.T.);
#825 = ORIENTED_EDGE('',*,*,#826,.T.);
#826 = EDGE_CURVE('',#776,#827,#829,.T.);
#827 = VERTEX_POINT('',#828);
#828 = CARTESIAN_POINT('',(0.8,0.37,0.));
#829 = LINE('',#830,#831);
#830 = CARTESIAN_POINT('',(0.8,-0.4,0.));
#831 = VECTOR('',#832,1.);
#832 = DIRECTION('',(0.,1.,0.));
#833 = ORIENTED_EDGE('',*,*,#834,.F.);
#834 = EDGE_CURVE('',#677,#827,#835,.T.);
#835 = LINE('',#836,#837);
#836 = CARTESIAN_POINT('',(0.5,0.37,0.));
#837 = VECTOR('',#838,1.);
#838 = DIRECTION('',(1.,0.,0.));
#839 = PLANE('',#840);
#840 = AXIS2_PLACEMENT_3D('',#841,#842,#843);
#841 = CARTESIAN_POINT('',(0.5,-0.4,0.));
#842 = DIRECTION('',(0.,0.,1.));
#843 = DIRECTION('',(1.,0.,-0.));
#844 = ADVANCED_FACE('',(#845),#863,.T.);
#845 = FACE_BOUND('',#846,.T.);
#846 = EDGE_LOOP('',(#847,#848,#849,#857));
#847 = ORIENTED_EDGE('',*,*,#710,.F.);
#848 = ORIENTED_EDGE('',*,*,#809,.T.);
#849 = ORIENTED_EDGE('',*,*,#850,.T.);
#850 = EDGE_CURVE('',#801,#851,#853,.T.);
#851 = VERTEX_POINT('',#852);
#852 = CARTESIAN_POINT('',(0.8,0.37,0.8));
#853 = LINE('',#854,#855);
#854 = CARTESIAN_POINT('',(0.8,-0.4,0.8));
#855 = VECTOR('',#856,1.);
#856 = DIRECTION('',(0.,1.,0.));
#857 = ORIENTED_EDGE('',*,*,#858,.F.);
#858 = EDGE_CURVE('',#702,#851,#859,.T.);
#859 = LINE('',#860,#861);
#860 = CARTESIAN_POINT('',(0.5,0.37,0.8));
#861 = VECTOR('',#862,1.);
#862 = DIRECTION('',(1.,0.,0.));
#863 = PLANE('',#864);
#864 = AXIS2_PLACEMENT_3D('',#865,#866,#867);
#865 = CARTESIAN_POINT('',(0.5,-0.4,0.8));
#866 = DIRECTION('',(0.,0.,1.));
#867 = DIRECTION('',(1.,0.,-0.));
#868 = ADVANCED_FACE('',(#869),#888,.T.);
#869 = FACE_BOUND('',#870,.T.);
#870 = EDGE_LOOP('',(#871,#879,#886,#887));
#871 = ORIENTED_EDGE('',*,*,#872,.T.);
#872 = EDGE_CURVE('',#685,#873,#875,.T.);
#873 = VERTEX_POINT('',#874);
#874 = CARTESIAN_POINT('',(0.8,0.4,3.E-02));
#875 = LINE('',#876,#877);
#876 = CARTESIAN_POINT('',(0.5,0.4,3.E-02));
#877 = VECTOR('',#878,1.);
#878 = DIRECTION('',(1.,0.,0.));
#879 = ORIENTED_EDGE('',*,*,#880,.T.);
#880 = EDGE_CURVE('',#873,#827,#881,.T.);
#881 = CIRCLE('',#882,3.E-02);
#882 = AXIS2_PLACEMENT_3D('',#883,#884,#885);
#883 = CARTESIAN_POINT('',(0.8,0.37,3.E-02));
#884 = DIRECTION('',(-1.,0.,0.));
#885 = DIRECTION('',(0.,0.,1.));
#886 = ORIENTED_EDGE('',*,*,#834,.F.);
#887 = ORIENTED_EDGE('',*,*,#684,.F.);
#888 = CYLINDRICAL_SURFACE('',#889,3.E-02);
#889 = AXIS2_PLACEMENT_3D('',#890,#891,#892);
#890 = CARTESIAN_POINT('',(0.5,0.37,3.E-02));
#891 = DIRECTION('',(1.,0.,0.));
#892 = DIRECTION('',(-0.,1.,0.));
#893 = ADVANCED_FACE('',(#894),#913,.T.);
#894 = FACE_BOUND('',#895,.T.);
#895 = EDGE_LOOP('',(#896,#897,#898,#907));
#896 = ORIENTED_EDGE('',*,*,#701,.T.);
#897 = ORIENTED_EDGE('',*,*,#858,.T.);
#898 = ORIENTED_EDGE('',*,*,#899,.F.);
#899 = EDGE_CURVE('',#900,#851,#902,.T.);
#900 = VERTEX_POINT('',#901);
#901 = CARTESIAN_POINT('',(0.8,0.4,0.77));
#902 = CIRCLE('',#903,3.E-02);
#903 = AXIS2_PLACEMENT_3D('',#904,#905,#906);
#904 = CARTESIAN_POINT('',(0.8,0.37,0.77));
#905 = DIRECTION('',(1.,0.,-0.));
#906 = DIRECTION('',(0.,0.,1.));
#907 = ORIENTED_EDGE('',*,*,#908,.F.);
#908 = EDGE_CURVE('',#694,#900,#909,.T.);
#909 = LINE('',#910,#911);
#910 = CARTESIAN_POINT('',(0.5,0.4,0.77));
#911 = VECTOR('',#912,1.);
#912 = DIRECTION('',(1.,0.,0.));
#913 = CYLINDRICAL_SURFACE('',#914,3.E-02);
#914 = AXIS2_PLACEMENT_3D('',#915,#916,#917);
#915 = CARTESIAN_POINT('',(0.5,0.37,0.77));
#916 = DIRECTION('',(1.,0.,0.));
#917 = DIRECTION('',(-0.,1.,0.));
#918 = ADVANCED_FACE('',(#919),#930,.T.);
#919 = FACE_BOUND('',#920,.T.);
#920 = EDGE_LOOP('',(#921,#927,#928,#929));
#921 = ORIENTED_EDGE('',*,*,#922,.F.);
#922 = EDGE_CURVE('',#873,#900,#923,.T.);
#923 = LINE('',#924,#925);
#924 = CARTESIAN_POINT('',(0.8,0.4,0.));
#925 = VECTOR('',#926,1.);
#926 = DIRECTION('',(0.,0.,1.));
#927 = ORIENTED_EDGE('',*,*,#872,.F.);
#928 = ORIENTED_EDGE('',*,*,#693,.T.);
#929 = ORIENTED_EDGE('',*,*,#908,.T.);
#930 = PLANE('',#931);
#931 = AXIS2_PLACEMENT_3D('',#932,#933,#934);
#932 = CARTESIAN_POINT('',(0.5,0.4,0.));
#933 = DIRECTION('',(0.,1.,0.));
#934 = DIRECTION('',(0.,-0.,1.));
#935 = ADVANCED_FACE('',(#936),#946,.T.);
#936 = FACE_BOUND('',#937,.T.);
#937 = EDGE_LOOP('',(#938,#939,#940,#941,#942,#943,#944,#945));
#938 = ORIENTED_EDGE('',*,*,#743,.F.);
#939 = ORIENTED_EDGE('',*,*,#783,.T.);
#940 = ORIENTED_EDGE('',*,*,#826,.T.);
#941 = ORIENTED_EDGE('',*,*,#880,.F.);
#942 = ORIENTED_EDGE('',*,*,#922,.T.);
#943 = ORIENTED_EDGE('',*,*,#899,.T.);
#944 = ORIENTED_EDGE('',*,*,#850,.F.);
#945 = ORIENTED_EDGE('',*,*,#800,.F.);
#946 = PLANE('',#947);
#947 = AXIS2_PLACEMENT_3D('',#948,#949,#950);
#948 = CARTESIAN_POINT('',(0.8,-0.4,0.));
#949 = DIRECTION('',(1.,0.,0.));
#950 = DIRECTION('',(0.,0.,1.));
#951 = ( GEOMETRIC_REPRESENTATION_CONTEXT(3) 
GLOBAL_UNCERTAINTY_ASSIGNED_CONTEXT((#955)) GLOBAL_UNIT_ASSIGNED_CONTEXT
((#952,#953,#954)) REPRESENTATION_CONTEXT('Context #1',
  '3D Context with UNIT and UNCERTAINTY') );
#952 = ( LENGTH_UNIT() NAMED_UNIT(*) SI_UNIT(.MILLI.,.METRE.) );
#953 = ( NAMED_UNIT(*) PLANE_ANGLE_UNIT() SI_UNIT($,.RADIAN.) );
#954 = ( NAMED_UNIT(*) SI_UNIT($,.STERADIAN.) SOLID_ANGLE_UNIT() );
#955 = UNCERTAINTY_MEASURE_WITH_UNIT(LENGTH_MEASURE(1.E-07),#952,
  'distance_accuracy_value','confusion accuracy');
#956 = CONTEXT_DEPENDENT_SHAPE_REPRESENTATION(#957,#959);
#957 = ( REPRESENTATION_RELATIONSHIP('','',#96,#10) 
REPRESENTATION_RELATIONSHIP_WITH_TRANSFORMATION(#958) 
SHAPE_REPRESENTATION_RELATIONSHIP() );
#958 = ITEM_DEFINED_TRANSFORMATION('','',#11,#15);
#959 = PRODUCT_DEFINITION_SHAPE('Placement','Placement of an item',#960
  );
#960 = NEXT_ASSEMBLY_USAGE_OCCURRENCE('1','C1','',#5,#91,$);
#961 = PRODUCT_RELATED_PRODUCT_CATEGORY('part',$,(#93));
#962 = SHAPE_DEFINITION_REPRESENTATION(#963,#969);
#963 = PRODUCT_DEFINITION_SHAPE('','',#964);
#964 = PRODUCT_DEFINITION('design','',#965,#968);
#965 = PRODUCT_DEFINITION_FORMATION('','',#966);
#966 = PRODUCT('R_0603_1608Metric','R_0603_1608Metric','',(#967));
#967 = PRODUCT_CONTEXT('',#2,'mechanical');
#968 = PRODUCT_DEFINITION_CONTEXT('part definition',#2,'design');
#969 = ADVANCED_BREP_SHAPE_REPRESENTATION('',(#11,#970),#1760);
#970 = MANIFOLD_SOLID_BREP('',#971);
#971 = CLOSED_SHELL('',(#972,#1012,#1095,#1120,#1145,#1212,#1229,#1246,
    #1295,#1312,#1329,#1378,#1395,#1464,#1495,#1519,#1588,#1612,#1629,
    #1646,#1663,#1680,#1697,#1714,#1731,#1748));
#972 = ADVANCED_FACE('',(#973),#1007,.F.);
#973 = FACE_BOUND('',#974,.F.);
#974 = EDGE_LOOP('',(#975,#985,#993,#1001));
#975 = ORIENTED_EDGE('',*,*,#976,.F.);
#976 = EDGE_CURVE('',#977,#979,#981,.T.);
#977 = VERTEX_POINT('',#978);
#978 = CARTESIAN_POINT('',(-0.8,-0.4,4.5E-02));
#979 = VERTEX_POINT('',#980);
#980 = CARTESIAN_POINT('',(-0.8,-0.4,0.405));
#981 = LINE('',#982,#983);
#982 = CARTESIAN_POINT('',(-0.8,-0.4,0.));
#983 = VECTOR('',#984,1.);
#984 = DIRECTION('',(0.,0.,1.));
#985 = ORIENTED_EDGE('',*,*,#986,.T.);
#986 = EDGE_CURVE('',#977,#987,#989,.T.);
#987 = VERTEX_POINT('',#988);
#988 = CARTESIAN_POINT('',(-0.8,0.4,4.5E-02));
#989 = LINE('',#990,#991);
#990 = CARTESIAN_POINT('',(-0.8,-0.4,4.5E-02));
#991 = VECTOR('',#992,1.);
#992 = DIRECTION('',(0.,1.,0.));
#993 = ORIENTED_EDGE('',*,*,#994,.T.);
#994 = EDGE_CURVE('',#987,#995,#997,.T.);
#995 = VERTEX_POINT('',#996);
#996 = CARTESIAN_POINT('',(-0.8,0.4,0.405));
#997 = LINE('',#998,#999);
#998 = CARTESIAN_POINT('',(-0.8,0.4,0.));
#999 = VECTOR('',#1000,1.);
#1000 = DIRECTION('',(0.,0.,1.));
#1001 = ORIENTED_EDGE('',*,*,#1002,.F.);
#1002 = EDGE_CURVE('',#979,#995,#1003,.T.);
#1003 = LINE('',#1004,#1005);
#1004 = CARTESIAN_POINT('',(-0.8,-0.4,0.405));
#1005 = VECTOR('',#1006,1.);
#1006 = DIRECTION('',(0.,1.,0.));
#1007 = PLANE('',#1008);
#1008 = AXIS2_PLACEMENT_3D('',#1009,#1010,#1011);
#1009 = CARTESIAN_POINT('',(-0.8,-0.4,0.));
#1010 = DIRECTION('',(1.,0.,0.));
#1011 = DIRECTION('',(0.,0.,1.));
#1012 = ADVANCED_FACE('',(#1013),#1090,.F.);
#1013 = FACE_BOUND('',#1014,.F.);
#1014 = EDGE_LOOP('',(#1015,#1025,#1032,#1033,#1042,#1050,#1059,#1067,
    #1075,#1083));
#1015 = ORIENTED_EDGE('',*,*,#1016,.F.);
#1016 = EDGE_CURVE('',#1017,#1019,#1021,.T.);
#1017 = VERTEX_POINT('',#1018);
#1018 = CARTESIAN_POINT('',(-0.755,-0.4,-2.775557561563E-17));
#1019 = VERTEX_POINT('',#1020);
#1020 = CARTESIAN_POINT('',(-0.545,-0.4,-2.775557561563E-17));
#1021 = LINE('',#1022,#1023);
#1022 = CARTESIAN_POINT('',(-0.8,-0.4,0.));
#1023 = VECTOR('',#1024,1.);
#1024 = DIRECTION('',(1.,0.,0.));
#1025 = ORIENTED_EDGE('',*,*,#1026,.F.);
#1026 = EDGE_CURVE('',#977,#1017,#1027,.T.);
#1027 = CIRCLE('',#1028,4.5E-02);
#1028 = AXIS2_PLACEMENT_3D('',#1029,#1030,#1031);
#1029 = CARTESIAN_POINT('',(-0.755,-0.4,4.5E-02));
#1030 = DIRECTION('',(0.,-1.,0.));
#1031 = DIRECTION('',(0.,0.,1.));
#1032 = ORIENTED_EDGE('',*,*,#976,.T.);
#1033 = ORIENTED_EDGE('',*,*,#1034,.T.);
#1034 = EDGE_CURVE('',#979,#1035,#1037,.T.);
#1035 = VERTEX_POINT('',#1036);
#1036 = CARTESIAN_POINT('',(-0.755,-0.4,0.45));
#1037 = CIRCLE('',#1038,4.5E-02);
#1038 = AXIS2_PLACEMENT_3D('',#1039,#1040,#1041);
#1039 = CARTESIAN_POINT('',(-0.755,-0.4,0.405));
#1040 = DIRECTION('',(0.,1.,0.));
#1041 = DIRECTION('',(0.,-0.,1.));
#1042 = ORIENTED_EDGE('',*,*,#1043,.T.);
#1043 = EDGE_CURVE('',#1035,#1044,#1046,.T.);
#1044 = VERTEX_POINT('',#1045);
#1045 = CARTESIAN_POINT('',(-0.545,-0.4,0.45));
#1046 = LINE('',#1047,#1048);
#1047 = CARTESIAN_POINT('',(-0.8,-0.4,0.45));
#1048 = VECTOR('',#1049,1.);
#1049 = DIRECTION('',(1.,0.,0.));
#1050 = ORIENTED_EDGE('',*,*,#1051,.F.);
#1051 = EDGE_CURVE('',#1052,#1044,#1054,.T.);
#1052 = VERTEX_POINT('',#1053);
#1053 = CARTESIAN_POINT('',(-0.5,-0.4,0.405));
#1054 = CIRCLE('',#1055,4.5E-02);
#1055 = AXIS2_PLACEMENT_3D('',#1056,#1057,#1058);
#1056 = CARTESIAN_POINT('',(-0.545,-0.4,0.405));
#1057 = DIRECTION('',(0.,-1.,0.));
#1058 = DIRECTION('',(0.,0.,1.));
#1059 = ORIENTED_EDGE('',*,*,#1060,.F.);
#1060 = EDGE_CURVE('',#1061,#1052,#1063,.T.);
#1061 = VERTEX_POINT('',#1062);
#1062 = CARTESIAN_POINT('',(-0.755,-0.4,0.405));
#1063 = LINE('',#1064,#1065);
#1064 = CARTESIAN_POINT('',(-0.755,-0.4,0.405));
#1065 = VECTOR('',#1066,1.);
#1066 = DIRECTION('',(1.,0.,0.));
#1067 = ORIENTED_EDGE('',*,*,#1068,.F.);
#1068 = EDGE_CURVE('',#1069,#1061,#1071,.T.);
#1069 = VERTEX_POINT('',#1070);
#1070 = CARTESIAN_POINT('',(-0.755,-0.4,4.5E-02));
#1071 = LINE('',#1072,#1073);
#1072 = CARTESIAN_POINT('',(-0.755,-0.4,4.5E-02));
#1073 = VECTOR('',#1074,1.);
#1074 = DIRECTION('',(0.,0.,1.));
#1075 = ORIENTED_EDGE('',*,*,#1076,.T.);
#1076 = EDGE_CURVE('',#1069,#1077,#1079,.T.);
#1077 = VERTEX_POINT('',#1078);
#1078 = CARTESIAN_POINT('',(-0.5,-0.4,4.5E-02));
#1079 = LINE('',#1080,#1081);
#1080 = CARTESIAN_POINT('',(-0.755,-0.4,4.5E-02));
#1081 = VECTOR('',#1082,1.);
#1082 = DIRECTION('',(1.,0.,0.));
#1083 = ORIENTED_EDGE('',*,*,#1084,.T.);
#1084 = EDGE_CURVE('',#1077,#1019,#1085,.T.);
#1085 = CIRCLE('',#1086,4.5E-02);
#1086 = AXIS2_PLACEMENT_3D('',#1087,#1088,#1089);
#1087 = CARTESIAN_POINT('',(-0.545,-0.4,4.5E-02));
#1088 = DIRECTION('',(0.,1.,0.));
#1089 = DIRECTION('',(0.,-0.,1.));
#1090 = PLANE('',#1091);
#1091 = AXIS2_PLACEMENT_3D('',#1092,#1093,#1094);
#1092 = CARTESIAN_POINT('',(-0.8,-0.4,0.));
#1093 = DIRECTION('',(0.,1.,0.));
#1094 = DIRECTION('',(0.,-0.,1.));
#1095 = ADVANCED_FACE('',(#1096),#1115,.T.);
#1096 = FACE_BOUND('',#1097,.T.);
#1097 = EDGE_LOOP('',(#1098,#1099,#1108,#1114));
#1098 = ORIENTED_EDGE('',*,*,#986,.T.);
#1099 = ORIENTED_EDGE('',*,*,#1100,.T.);
#1100 = EDGE_CURVE('',#987,#1101,#1103,.T.);
#1101 = VERTEX_POINT('',#1102);
#1102 = CARTESIAN_POINT('',(-0.755,0.4,-2.775557561563E-17));
#1103 = CIRCLE('',#1104,4.5E-02);
#1104 = AXIS2_PLACEMENT_3D('',#1105,#1106,#1107);
#1105 = CARTESIAN_POINT('',(-0.755,0.4,4.5E-02));
#1106 = DIRECTION('',(0.,-1.,0.));
#1107 = DIRECTION('',(0.,0.,1.));
#1108 = ORIENTED_EDGE('',*,*,#1109,.F.);
#1109 = EDGE_CURVE('',#1017,#1101,#1110,.T.);
#1110 = LINE('',#1111,#1112);
#1111 = CARTESIAN_POINT('',(-0.755,-0.4,-2.775557561563E-17));
#1112 = VECTOR('',#1113,1.);
#1113 = DIRECTION('',(0.,1.,0.));
#1114 = ORIENTED_EDGE('',*,*,#1026,.F.);
#1115 = CYLINDRICAL_SURFACE('',#1116,4.5E-02);
#1116 = AXIS2_PLACEMENT_3D('',#1117,#1118,#1119);
#1117 = CARTESIAN_POINT('',(-0.755,-0.4,4.5E-02));
#1118 = DIRECTION('',(0.,1.,0.));
#1119 = DIRECTION('',(-1.,0.,0.));
#1120 = ADVANCED_FACE('',(#1121),#1140,.T.);
#1121 = FACE_BOUND('',#1122,.T.);
#1122 = EDGE_LOOP('',(#1123,#1124,#1132,#1139));
#1123 = ORIENTED_EDGE('',*,*,#1034,.T.);
#1124 = ORIENTED_EDGE('',*,*,#1125,.T.);
#1125 = EDGE_CURVE('',#1035,#1126,#1128,.T.);
#1126 = VERTEX_POINT('',#1127);
#1127 = CARTESIAN_POINT('',(-0.755,0.4,0.45));
#1128 = LINE('',#1129,#1130);
#1129 = CARTESIAN_POINT('',(-0.755,-0.4,0.45));
#1130 = VECTOR('',#1131,1.);
#1131 = DIRECTION('',(0.,1.,0.));
#1132 = ORIENTED_EDGE('',*,*,#1133,.F.);
#1133 = EDGE_CURVE('',#995,#1126,#1134,.T.);
#1134 = CIRCLE('',#1135,4.5E-02);
#1135 = AXIS2_PLACEMENT_3D('',#1136,#1137,#1138);
#1136 = CARTESIAN_POINT('',(-0.755,0.4,0.405));
#1137 = DIRECTION('',(0.,1.,0.));
#1138 = DIRECTION('',(0.,-0.,1.));
#1139 = ORIENTED_EDGE('',*,*,#1002,.F.);
#1140 = CYLINDRICAL_SURFACE('',#1141,4.5E-02);
#1141 = AXIS2_PLACEMENT_3D('',#1142,#1143,#1144);
#1142 = CARTESIAN_POINT('',(-0.755,-0.4,0.405));
#1143 = DIRECTION('',(0.,1.,0.));
#1144 = DIRECTION('',(-1.,0.,0.));
#1145 = ADVANCED_FACE('',(#1146),#1207,.T.);
#1146 = FACE_BOUND('',#1147,.T.);
#1147 = EDGE_LOOP('',(#1148,#1156,#1157,#1158,#1159,#1167,#1176,#1184,
    #1192,#1200));
#1148 = ORIENTED_EDGE('',*,*,#1149,.F.);
#1149 = EDGE_CURVE('',#1101,#1150,#1152,.T.);
#1150 = VERTEX_POINT('',#1151);
#1151 = CARTESIAN_POINT('',(-0.545,0.4,-2.775557561563E-17));
#1152 = LINE('',#1153,#1154);
#1153 = CARTESIAN_POINT('',(-0.8,0.4,0.));
#1154 = VECTOR('',#1155,1.);
#1155 = DIRECTION('',(1.,0.,0.));
#1156 = ORIENTED_EDGE('',*,*,#1100,.F.);
#1157 = ORIENTED_EDGE('',*,*,#994,.T.);
#1158 = ORIENTED_EDGE('',*,*,#1133,.T.);
#1159 = ORIENTED_EDGE('',*,*,#1160,.T.);
#1160 = EDGE_CURVE('',#1126,#1161,#1163,.T.);
#1161 = VERTEX_POINT('',#1162);
#1162 = CARTESIAN_POINT('',(-0.545,0.4,0.45));
#1163 = LINE('',#1164,#1165);
#1164 = CARTESIAN_POINT('',(-0.8,0.4,0.45));
#1165 = VECTOR('',#1166,1.);
#1166 = DIRECTION('',(1.,0.,0.));
#1167 = ORIENTED_EDGE('',*,*,#1168,.F.);
#1168 = EDGE_CURVE('',#1169,#1161,#1171,.T.);
#1169 = VERTEX_POINT('',#1170);
#1170 = CARTESIAN_POINT('',(-0.5,0.4,0.405));
#1171 = CIRCLE('',#1172,4.5E-02);
#1172 = AXIS2_PLACEMENT_3D('',#1173,#1174,#1175);
#1173 = CARTESIAN_POINT('',(-0.545,0.4,0.405));
#1174 = DIRECTION('',(0.,-1.,0.));
#1175 = DIRECTION('',(0.,0.,1.));
#1176 = ORIENTED_EDGE('',*,*,#1177,.F.);
#1177 = EDGE_CURVE('',#1178,#1169,#1180,.T.);
#1178 = VERTEX_POINT('',#1179);
#1179 = CARTESIAN_POINT('',(-0.755,0.4,0.405));
#1180 = LINE('',#1181,#1182);
#1181 = CARTESIAN_POINT('',(-0.755,0.4,0.405));
#1182 = VECTOR('',#1183,1.);
#1183 = DIRECTION('',(1.,0.,0.));
#1184 = ORIENTED_EDGE('',*,*,#1185,.F.);
#1185 = EDGE_CURVE('',#1186,#1178,#1188,.T.);
#1186 = VERTEX_POINT('',#1187);
#1187 = CARTESIAN_POINT('',(-0.755,0.4,4.5E-02));
#1188 = LINE('',#1189,#1190);
#1189 = CARTESIAN_POINT('',(-0.755,0.4,4.5E-02));
#1190 = VECTOR('',#1191,1.);
#1191 = DIRECTION('',(0.,0.,1.));
#1192 = ORIENTED_EDGE('',*,*,#1193,.T.);
#1193 = EDGE_CURVE('',#1186,#1194,#1196,.T.);
#1194 = VERTEX_POINT('',#1195);
#1195 = CARTESIAN_POINT('',(-0.5,0.4,4.5E-02));
#1196 = LINE('',#1197,#1198);
#1197 = CARTESIAN_POINT('',(-0.755,0.4,4.5E-02));
#1198 = VECTOR('',#1199,1.);
#1199 = DIRECTION('',(1.,0.,0.));
#1200 = ORIENTED_EDGE('',*,*,#1201,.T.);
#1201 = EDGE_CURVE('',#1194,#1150,#1202,.T.);
#1202 = CIRCLE('',#1203,4.5E-02);
#1203 = AXIS2_PLACEMENT_3D('',#1204,#1205,#1206);
#1204 = CARTESIAN_POINT('',(-0.545,0.4,4.5E-02));
#1205 = DIRECTION('',(0.,1.,0.));
#1206 = DIRECTION('',(0.,-0.,1.));
#1207 = PLANE('',#1208);
#1208 = AXIS2_PLACEMENT_3D('',#1209,#1210,#1211);
#1209 = CARTESIAN_POINT('',(-0.8,0.4,0.));
#1210 = DIRECTION('',(0.,1.,0.));
#1211 = DIRECTION('',(0.,-0.,1.));
#1212 = ADVANCED_FACE('',(#1213),#1224,.F.);
#1213 = FACE_BOUND('',#1214,.F.);
#1214 = EDGE_LOOP('',(#1215,#1216,#1217,#1218));
#1215 = ORIENTED_EDGE('',*,*,#1149,.F.);
#1216 = ORIENTED_EDGE('',*,*,#1109,.F.);
#1217 = ORIENTED_EDGE('',*,*,#1016,.T.);
#1218 = ORIENTED_EDGE('',*,*,#1219,.T.);
#1219 = EDGE_CURVE('',#1019,#1150,#1220,.T.);
#1220 = LINE('',#1221,#1222);
#1221 = CARTESIAN_POINT('',(-0.545,-0.4,-2.775557561563E-17));
#1222 = VECTOR('',#1223,1.);
#1223 = DIRECTION('',(0.,1.,0.));
#1224 = PLANE('',#1225);
#1225 = AXIS2_PLACEMENT_3D('',#1226,#1227,#1228);
#1226 = CARTESIAN_POINT('',(-0.8,-0.4,0.));
#1227 = DIRECTION('',(0.,0.,1.));
#1228 = DIRECTION('',(1.,0.,-0.));
#1229 = ADVANCED_FACE('',(#1230),#1241,.T.);
#1230 = FACE_BOUND('',#1231,.T.);
#1231 = EDGE_LOOP('',(#1232,#1233,#1234,#1235));
#1232 = ORIENTED_EDGE('',*,*,#1084,.T.);
#1233 = ORIENTED_EDGE('',*,*,#1219,.T.);
#1234 = ORIENTED_EDGE('',*,*,#1201,.F.);
#1235 = ORIENTED_EDGE('',*,*,#1236,.F.);
#1236 = EDGE_CURVE('',#1077,#1194,#1237,.T.);
#1237 = LINE('',#1238,#1239);
#1238 = CARTESIAN_POINT('',(-0.5,-0.4,4.5E-02));
#1239 = VECTOR('',#1240,1.);
#1240 = DIRECTION('',(0.,1.,0.));
#1241 = CYLINDRICAL_SURFACE('',#1242,4.5E-02);
#1242 = AXIS2_PLACEMENT_3D('',#1243,#1244,#1245);
#1243 = CARTESIAN_POINT('',(-0.545,-0.4,4.5E-02));
#1244 = DIRECTION('',(0.,1.,0.));
#1245 = DIRECTION('',(1.,0.,0.));
#1246 = ADVANCED_FACE('',(#1247),#1290,.F.);
#1247 = FACE_BOUND('',#1248,.F.);
#1248 = EDGE_LOOP('',(#1249,#1250,#1251,#1252,#1260,#1268,#1276,#1284));
#1249 = ORIENTED_EDGE('',*,*,#1076,.F.);
#1250 = ORIENTED_EDGE('',*,*,#1068,.T.);
#1251 = ORIENTED_EDGE('',*,*,#1060,.T.);
#1252 = ORIENTED_EDGE('',*,*,#1253,.T.);
#1253 = EDGE_CURVE('',#1052,#1254,#1256,.T.);
#1254 = VERTEX_POINT('',#1255);
#1255 = CARTESIAN_POINT('',(0.5,-0.4,0.405));
#1256 = LINE('',#1257,#1258);
#1257 = CARTESIAN_POINT('',(-0.5,-0.4,0.405));
#1258 = VECTOR('',#1259,1.);
#1259 = DIRECTION('',(1.,0.,0.));
#1260 = ORIENTED_EDGE('',*,*,#1261,.T.);
#1261 = EDGE_CURVE('',#1254,#1262,#1264,.T.);
#1262 = VERTEX_POINT('',#1263);
#1263 = CARTESIAN_POINT('',(0.755,-0.4,0.405));
#1264 = LINE('',#1265,#1266);
#1265 = CARTESIAN_POINT('',(-0.755,-0.4,0.405));
#1266 = VECTOR('',#1267,1.);
#1267 = DIRECTION('',(1.,0.,0.));
#1268 = ORIENTED_EDGE('',*,*,#1269,.F.);
#1269 = EDGE_CURVE('',#1270,#1262,#1272,.T.);
#1270 = VERTEX_POINT('',#1271);
#1271 = CARTESIAN_POINT('',(0.755,-0.4,4.5E-02));
#1272 = LINE('',#1273,#1274);
#1273 = CARTESIAN_POINT('',(0.755,-0.4,4.5E-02));
#1274 = VECTOR('',#1275,1.);
#1275 = DIRECTION('',(0.,0.,1.));
#1276 = ORIENTED_EDGE('',*,*,#1277,.F.);
#1277 = EDGE_CURVE('',#1278,#1270,#1280,.T.);
#1278 = VERTEX_POINT('',#1279);
#1279 = CARTESIAN_POINT('',(0.5,-0.4,4.5E-02));
#1280 = LINE('',#1281,#1282);
#1281 = CARTESIAN_POINT('',(-0.755,-0.4,4.5E-02));
#1282 = VECTOR('',#1283,1.);
#1283 = DIRECTION('',(1.,0.,0.));
#1284 = ORIENTED_EDGE('',*,*,#1285,.F.);
#1285 = EDGE_CURVE('',#1077,#1278,#1286,.T.);
#1286 = LINE('',#1287,#1288);
#1287 = CARTESIAN_POINT('',(-0.755,-0.4,4.5E-02));
#1288 = VECTOR('',#1289,1.);
#1289 = DIRECTION('',(1.,0.,0.));
#1290 = PLANE('',#1291);
#1291 = AXIS2_PLACEMENT_3D('',#1292,#1293,#1294);
#1292 = CARTESIAN_POINT('',(-0.755,-0.4,4.5E-02));
#1293 = DIRECTION('',(0.,1.,0.));
#1294 = DIRECTION('',(0.,-0.,1.));
#1295 = ADVANCED_FACE('',(#1296),#1307,.T.);
#1296 = FACE_BOUND('',#1297,.T.);
#1297 = EDGE_LOOP('',(#1298,#1299,#1300,#1301));
#1298 = ORIENTED_EDGE('',*,*,#1160,.F.);
#1299 = ORIENTED_EDGE('',*,*,#1125,.F.);
#1300 = ORIENTED_EDGE('',*,*,#1043,.T.);
#1301 = ORIENTED_EDGE('',*,*,#1302,.T.);
#1302 = EDGE_CURVE('',#1044,#1161,#1303,.T.);
#1303 = LINE('',#1304,#1305);
#1304 = CARTESIAN_POINT('',(-0.545,-0.4,0.45));
#1305 = VECTOR('',#1306,1.);
#1306 = DIRECTION('',(0.,1.,0.));
#1307 = PLANE('',#1308);
#1308 = AXIS2_PLACEMENT_3D('',#1309,#1310,#1311);
#1309 = CARTESIAN_POINT('',(-0.8,-0.4,0.45));
#1310 = DIRECTION('',(0.,0.,1.));
#1311 = DIRECTION('',(1.,0.,-0.));
#1312 = ADVANCED_FACE('',(#1313),#1324,.T.);
#1313 = FACE_BOUND('',#1314,.T.);
#1314 = EDGE_LOOP('',(#1315,#1321,#1322,#1323));
#1315 = ORIENTED_EDGE('',*,*,#1316,.T.);
#1316 = EDGE_CURVE('',#1052,#1169,#1317,.T.);
#1317 = LINE('',#1318,#1319);
#1318 = CARTESIAN_POINT('',(-0.5,-0.4,0.405));
#1319 = VECTOR('',#1320,1.);
#1320 = DIRECTION('',(0.,1.,0.));
#1321 = ORIENTED_EDGE('',*,*,#1168,.T.);
#1322 = ORIENTED_EDGE('',*,*,#1302,.F.);
#1323 = ORIENTED_EDGE('',*,*,#1051,.F.);
#1324 = CYLINDRICAL_SURFACE('',#1325,4.5E-02);
#1325 = AXIS2_PLACEMENT_3D('',#1326,#1327,#1328);
#1326 = CARTESIAN_POINT('',(-0.545,-0.4,0.405));
#1327 = DIRECTION('',(0.,1.,0.));
#1328 = DIRECTION('',(1.,0.,0.));
#1329 = ADVANCED_FACE('',(#1330),#1373,.T.);
#1330 = FACE_BOUND('',#1331,.T.);
#1331 = EDGE_LOOP('',(#1332,#1333,#1334,#1335,#1343,#1351,#1359,#1367));
#1332 = ORIENTED_EDGE('',*,*,#1193,.F.);
#1333 = ORIENTED_EDGE('',*,*,#1185,.T.);
#1334 = ORIENTED_EDGE('',*,*,#1177,.T.);
#1335 = ORIENTED_EDGE('',*,*,#1336,.T.);
#1336 = EDGE_CURVE('',#1169,#1337,#1339,.T.);
#1337 = VERTEX_POINT('',#1338);
#1338 = CARTESIAN_POINT('',(0.5,0.4,0.405));
#1339 = LINE('',#1340,#1341);
#1340 = CARTESIAN_POINT('',(-0.5,0.4,0.405));
#1341 = VECTOR('',#1342,1.);
#1342 = DIRECTION('',(1.,0.,0.));
#1343 = ORIENTED_EDGE('',*,*,#1344,.T.);
#1344 = EDGE_CURVE('',#1337,#1345,#1347,.T.);
#1345 = VERTEX_POINT('',#1346);
#1346 = CARTESIAN_POINT('',(0.755,0.4,0.405));
#1347 = LINE('',#1348,#1349);
#1348 = CARTESIAN_POINT('',(-0.755,0.4,0.405));
#1349 = VECTOR('',#1350,1.);
#1350 = DIRECTION('',(1.,0.,0.));
#1351 = ORIENTED_EDGE('',*,*,#1352,.F.);
#1352 = EDGE_CURVE('',#1353,#1345,#1355,.T.);
#1353 = VERTEX_POINT('',#1354);
#1354 = CARTESIAN_POINT('',(0.755,0.4,4.5E-02));
#1355 = LINE('',#1356,#1357);
#1356 = CARTESIAN_POINT('',(0.755,0.4,4.5E-02));
#1357 = VECTOR('',#1358,1.);
#1358 = DIRECTION('',(0.,0.,1.));
#1359 = ORIENTED_EDGE('',*,*,#1360,.F.);
#1360 = EDGE_CURVE('',#1361,#1353,#1363,.T.);
#1361 = VERTEX_POINT('',#1362);
#1362 = CARTESIAN_POINT('',(0.5,0.4,4.5E-02));
#1363 = LINE('',#1364,#1365);
#1364 = CARTESIAN_POINT('',(-0.755,0.4,4.5E-02));
#1365 = VECTOR('',#1366,1.);
#1366 = DIRECTION('',(1.,0.,0.));
#1367 = ORIENTED_EDGE('',*,*,#1368,.F.);
#1368 = EDGE_CURVE('',#1194,#1361,#1369,.T.);
#1369 = LINE('',#1370,#1371);
#1370 = CARTESIAN_POINT('',(-0.755,0.4,4.5E-02));
#1371 = VECTOR('',#1372,1.);
#1372 = DIRECTION('',(1.,0.,0.));
#1373 = PLANE('',#1374);
#1374 = AXIS2_PLACEMENT_3D('',#1375,#1376,#1377);
#1375 = CARTESIAN_POINT('',(-0.755,0.4,4.5E-02));
#1376 = DIRECTION('',(0.,1.,0.));
#1377 = DIRECTION('',(0.,-0.,1.));
#1378 = ADVANCED_FACE('',(#1379),#1390,.F.);
#1379 = FACE_BOUND('',#1380,.F.);
#1380 = EDGE_LOOP('',(#1381,#1382,#1383,#1389));
#1381 = ORIENTED_EDGE('',*,*,#1236,.F.);
#1382 = ORIENTED_EDGE('',*,*,#1285,.T.);
#1383 = ORIENTED_EDGE('',*,*,#1384,.T.);
#1384 = EDGE_CURVE('',#1278,#1361,#1385,.T.);
#1385 = LINE('',#1386,#1387);
#1386 = CARTESIAN_POINT('',(0.5,-0.4,4.5E-02));
#1387 = VECTOR('',#1388,1.);
#1388 = DIRECTION('',(0.,1.,0.));
#1389 = ORIENTED_EDGE('',*,*,#1368,.F.);
#1390 = PLANE('',#1391);
#1391 = AXIS2_PLACEMENT_3D('',#1392,#1393,#1394);
#1392 = CARTESIAN_POINT('',(-0.755,-0.4,4.5E-02));
#1393 = DIRECTION('',(0.,0.,1.));
#1394 = DIRECTION('',(1.,0.,-0.));
#1395 = ADVANCED_FACE('',(#1396),#1459,.F.);
#1396 = FACE_BOUND('',#1397,.F.);
#1397 = EDGE_LOOP('',(#1398,#1408,#1415,#1416,#1417,#1418,#1427,#1435,
    #1444,#1452));
#1398 = ORIENTED_EDGE('',*,*,#1399,.F.);
#1399 = EDGE_CURVE('',#1400,#1402,#1404,.T.);
#1400 = VERTEX_POINT('',#1401);
#1401 = CARTESIAN_POINT('',(0.545,-0.4,-2.775557561563E-17));
#1402 = VERTEX_POINT('',#1403);
#1403 = CARTESIAN_POINT('',(0.755,-0.4,-2.775557561563E-17));
#1404 = LINE('',#1405,#1406);
#1405 = CARTESIAN_POINT('',(0.5,-0.4,0.));
#1406 = VECTOR('',#1407,1.);
#1407 = DIRECTION('',(1.,0.,0.));
#1408 = ORIENTED_EDGE('',*,*,#1409,.F.);
#1409 = EDGE_CURVE('',#1278,#1400,#1410,.T.);
#1410 = CIRCLE('',#1411,4.5E-02);
#1411 = AXIS2_PLACEMENT_3D('',#1412,#1413,#1414);
#1412 = CARTESIAN_POINT('',(0.545,-0.4,4.5E-02));
#1413 = DIRECTION('',(0.,-1.,0.));
#1414 = DIRECTION('',(0.,0.,1.));
#1415 = ORIENTED_EDGE('',*,*,#1277,.T.);
#1416 = ORIENTED_EDGE('',*,*,#1269,.T.);
#1417 = ORIENTED_EDGE('',*,*,#1261,.F.);
#1418 = ORIENTED_EDGE('',*,*,#1419,.T.);
#1419 = EDGE_CURVE('',#1254,#1420,#1422,.T.);
#1420 = VERTEX_POINT('',#1421);
#1421 = CARTESIAN_POINT('',(0.545,-0.4,0.45));
#1422 = CIRCLE('',#1423,4.5E-02);
#1423 = AXIS2_PLACEMENT_3D('',#1424,#1425,#1426);
#1424 = CARTESIAN_POINT('',(0.545,-0.4,0.405));
#1425 = DIRECTION('',(0.,1.,0.));
#1426 = DIRECTION('',(0.,-0.,1.));
#1427 = ORIENTED_EDGE('',*,*,#1428,.T.);
#1428 = EDGE_CURVE('',#1420,#1429,#1431,.T.);
#1429 = VERTEX_POINT('',#1430);
#1430 = CARTESIAN_POINT('',(0.755,-0.4,0.45));
#1431 = LINE('',#1432,#1433);
#1432 = CARTESIAN_POINT('',(0.5,-0.4,0.45));
#1433 = VECTOR('',#1434,1.);
#1434 = DIRECTION('',(1.,0.,0.));
#1435 = ORIENTED_EDGE('',*,*,#1436,.F.);
#1436 = EDGE_CURVE('',#1437,#1429,#1439,.T.);
#1437 = VERTEX_POINT('',#1438);
#1438 = CARTESIAN_POINT('',(0.8,-0.4,0.405));
#1439 = CIRCLE('',#1440,4.5E-02);
#1440 = AXIS2_PLACEMENT_3D('',#1441,#1442,#1443);
#1441 = CARTESIAN_POINT('',(0.755,-0.4,0.405));
#1442 = DIRECTION('',(0.,-1.,0.));
#1443 = DIRECTION('',(0.,0.,1.));
#1444 = ORIENTED_EDGE('',*,*,#1445,.F.);
#1445 = EDGE_CURVE('',#1446,#1437,#1448,.T.);
#1446 = VERTEX_POINT('',#1447);
#1447 = CARTESIAN_POINT('',(0.8,-0.4,4.5E-02));
#1448 = LINE('',#1449,#1450);
#1449 = CARTESIAN_POINT('',(0.8,-0.4,0.));
#1450 = VECTOR('',#1451,1.);
#1451 = DIRECTION('',(0.,0.,1.));
#1452 = ORIENTED_EDGE('',*,*,#1453,.T.);
#1453 = EDGE_CURVE('',#1446,#1402,#1454,.T.);
#1454 = CIRCLE('',#1455,4.5E-02);
#1455 = AXIS2_PLACEMENT_3D('',#1456,#1457,#1458);
#1456 = CARTESIAN_POINT('',(0.755,-0.4,4.5E-02));
#1457 = DIRECTION('',(0.,1.,0.));
#1458 = DIRECTION('',(0.,-0.,1.));
#1459 = PLANE('',#1460);
#1460 = AXIS2_PLACEMENT_3D('',#1461,#1462,#1463);
#1461 = CARTESIAN_POINT('',(0.5,-0.4,0.));
#1462 = DIRECTION('',(0.,1.,0.));
#1463 = DIRECTION('',(0.,-0.,1.));
#1464 = ADVANCED_FACE('',(#1465),#1490,.F.);
#1465 = FACE_BOUND('',#1466,.F.);
#1466 = EDGE_LOOP('',(#1467,#1468,#1476,#1484));
#1467 = ORIENTED_EDGE('',*,*,#1253,.F.);
#1468 = ORIENTED_EDGE('',*,*,#1469,.T.);
#1469 = EDGE_CURVE('',#1052,#1470,#1472,.T.);
#1470 = VERTEX_POINT('',#1471);
#1471 = CARTESIAN_POINT('',(-0.5,-0.4,0.45));
#1472 = LINE('',#1473,#1474);
#1473 = CARTESIAN_POINT('',(-0.5,-0.4,0.405));
#1474 = VECTOR('',#1475,1.);
#1475 = DIRECTION('',(0.,0.,1.));
#1476 = ORIENTED_EDGE('',*,*,#1477,.T.);
#1477 = EDGE_CURVE('',#1470,#1478,#1480,.T.);
#1478 = VERTEX_POINT('',#1479);
#1479 = CARTESIAN_POINT('',(0.5,-0.4,0.45));
#1480 = LINE('',#1481,#1482);
#1481 = CARTESIAN_POINT('',(-0.5,-0.4,0.45));
#1482 = VECTOR('',#1483,1.);
#1483 = DIRECTION('',(1.,0.,0.));
#1484 = ORIENTED_EDGE('',*,*,#1485,.F.);
#1485 = EDGE_CURVE('',#1254,#1478,#1486,.T.);
#1486 = LINE('',#1487,#1488);
#1487 = CARTESIAN_POINT('',(0.5,-0.4,0.405));
#1488 = VECTOR('',#1489,1.);
#1489 = DIRECTION('',(0.,0.,1.));
#1490 = PLANE('',#1491);
#1491 = AXIS2_PLACEMENT_3D('',#1492,#1493,#1494);
#1492 = CARTESIAN_POINT('',(-0.5,-0.4,0.405));
#1493 = DIRECTION('',(0.,1.,0.));
#1494 = DIRECTION('',(0.,-0.,1.));
#1495 = ADVANCED_FACE('',(#1496),#1514,.F.);
#1496 = FACE_BOUND('',#1497,.F.);
#1497 = EDGE_LOOP('',(#1498,#1499,#1500,#1508));
#1498 = ORIENTED_EDGE('',*,*,#1469,.F.);
#1499 = ORIENTED_EDGE('',*,*,#1316,.T.);
#1500 = ORIENTED_EDGE('',*,*,#1501,.T.);
#1501 = EDGE_CURVE('',#1169,#1502,#1504,.T.);
#1502 = VERTEX_POINT('',#1503);
#1503 = CARTESIAN_POINT('',(-0.5,0.4,0.45));
#1504 = LINE('',#1505,#1506);
#1505 = CARTESIAN_POINT('',(-0.5,0.4,0.405));
#1506 = VECTOR('',#1507,1.);
#1507 = DIRECTION('',(0.,0.,1.));
#1508 = ORIENTED_EDGE('',*,*,#1509,.F.);
#1509 = EDGE_CURVE('',#1470,#1502,#1510,.T.);
#1510 = LINE('',#1511,#1512);
#1511 = CARTESIAN_POINT('',(-0.5,-0.4,0.45));
#1512 = VECTOR('',#1513,1.);
#1513 = DIRECTION('',(0.,1.,0.));
#1514 = PLANE('',#1515);
#1515 = AXIS2_PLACEMENT_3D('',#1516,#1517,#1518);
#1516 = CARTESIAN_POINT('',(-0.5,-0.4,0.405));
#1517 = DIRECTION('',(1.,0.,0.));
#1518 = DIRECTION('',(0.,0.,1.));
#1519 = ADVANCED_FACE('',(#1520),#1583,.T.);
#1520 = FACE_BOUND('',#1521,.T.);
#1521 = EDGE_LOOP('',(#1522,#1532,#1539,#1540,#1541,#1542,#1551,#1559,
    #1568,#1576));
#1522 = ORIENTED_EDGE('',*,*,#1523,.F.);
#1523 = EDGE_CURVE('',#1524,#1526,#1528,.T.);
#1524 = VERTEX_POINT('',#1525);
#1525 = CARTESIAN_POINT('',(0.545,0.4,-2.775557561563E-17));
#1526 = VERTEX_POINT('',#1527);
#1527 = CARTESIAN_POINT('',(0.755,0.4,-2.775557561563E-17));
#1528 = LINE('',#1529,#1530);
#1529 = CARTESIAN_POINT('',(0.5,0.4,0.));
#1530 = VECTOR('',#1531,1.);
#1531 = DIRECTION('',(1.,0.,0.));
#1532 = ORIENTED_EDGE('',*,*,#1533,.F.);
#1533 = EDGE_CURVE('',#1361,#1524,#1534,.T.);
#1534 = CIRCLE('',#1535,4.5E-02);
#1535 = AXIS2_PLACEMENT_3D('',#1536,#1537,#1538);
#1536 = CARTESIAN_POINT('',(0.545,0.4,4.5E-02));
#1537 = DIRECTION('',(0.,-1.,0.));
#1538 = DIRECTION('',(0.,0.,1.));
#1539 = ORIENTED_EDGE('',*,*,#1360,.T.);
#1540 = ORIENTED_EDGE('',*,*,#1352,.T.);
#1541 = ORIENTED_EDGE('',*,*,#1344,.F.);
#1542 = ORIENTED_EDGE('',*,*,#1543,.T.);
#1543 = EDGE_CURVE('',#1337,#1544,#1546,.T.);
#1544 = VERTEX_POINT('',#1545);
#1545 = CARTESIAN_POINT('',(0.545,0.4,0.45));
#1546 = CIRCLE('',#1547,4.5E-02);
#1547 = AXIS2_PLACEMENT_3D('',#1548,#1549,#1550);
#1548 = CARTESIAN_POINT('',(0.545,0.4,0.405));
#1549 = DIRECTION('',(0.,1.,0.));
#1550 = DIRECTION('',(0.,-0.,1.));
#1551 = ORIENTED_EDGE('',*,*,#1552,.T.);
#1552 = EDGE_CURVE('',#1544,#1553,#1555,.T.);
#1553 = VERTEX_POINT('',#1554);
#1554 = CARTESIAN_POINT('',(0.755,0.4,0.45));
#1555 = LINE('',#1556,#1557);
#1556 = CARTESIAN_POINT('',(0.5,0.4,0.45));
#1557 = VECTOR('',#1558,1.);
#1558 = DIRECTION('',(1.,0.,0.));
#1559 = ORIENTED_EDGE('',*,*,#1560,.F.);
#1560 = EDGE_CURVE('',#1561,#1553,#1563,.T.);
#1561 = VERTEX_POINT('',#1562);
#1562 = CARTESIAN_POINT('',(0.8,0.4,0.405));
#1563 = CIRCLE('',#1564,4.5E-02);
#1564 = AXIS2_PLACEMENT_3D('',#1565,#1566,#1567);
#1565 = CARTESIAN_POINT('',(0.755,0.4,0.405));
#1566 = DIRECTION('',(0.,-1.,0.));
#1567 = DIRECTION('',(0.,0.,1.));
#1568 = ORIENTED_EDGE('',*,*,#1569,.F.);
#1569 = EDGE_CURVE('',#1570,#1561,#1572,.T.);
#1570 = VERTEX_POINT('',#1571);
#1571 = CARTESIAN_POINT('',(0.8,0.4,4.5E-02));
#1572 = LINE('',#1573,#1574);
#1573 = CARTESIAN_POINT('',(0.8,0.4,0.));
#1574 = VECTOR('',#1575,1.);
#1575 = DIRECTION('',(0.,0.,1.));
#1576 = ORIENTED_EDGE('',*,*,#1577,.T.);
#1577 = EDGE_CURVE('',#1570,#1526,#1578,.T.);
#1578 = CIRCLE('',#1579,4.5E-02);
#1579 = AXIS2_PLACEMENT_3D('',#1580,#1581,#1582);
#1580 = CARTESIAN_POINT('',(0.755,0.4,4.5E-02));
#1581 = DIRECTION('',(0.,1.,0.));
#1582 = DIRECTION('',(0.,-0.,1.));
#1583 = PLANE('',#1584);
#1584 = AXIS2_PLACEMENT_3D('',#1585,#1586,#1587);
#1585 = CARTESIAN_POINT('',(0.5,0.4,0.));
#1586 = DIRECTION('',(0.,1.,0.));
#1587 = DIRECTION('',(0.,-0.,1.));
#1588 = ADVANCED_FACE('',(#1589),#1607,.T.);
#1589 = FACE_BOUND('',#1590,.T.);
#1590 = EDGE_LOOP('',(#1591,#1592,#1593,#1601));
#1591 = ORIENTED_EDGE('',*,*,#1336,.F.);
#1592 = ORIENTED_EDGE('',*,*,#1501,.T.);
#1593 = ORIENTED_EDGE('',*,*,#1594,.T.);
#1594 = EDGE_CURVE('',#1502,#1595,#1597,.T.);
#1595 = VERTEX_POINT('',#1596);
#1596 = CARTESIAN_POINT('',(0.5,0.4,0.45));
#1597 = LINE('',#1598,#1599);
#1598 = CARTESIAN_POINT('',(-0.5,0.4,0.45));
#1599 = VECTOR('',#1600,1.);
#1600 = DIRECTION('',(1.,0.,0.));
#1601 = ORIENTED_EDGE('',*,*,#1602,.F.);
#1602 = EDGE_CURVE('',#1337,#1595,#1603,.T.);
#1603 = LINE('',#1604,#1605);
#1604 = CARTESIAN_POINT('',(0.5,0.4,0.405));
#1605 = VECTOR('',#1606,1.);
#1606 = DIRECTION('',(0.,0.,1.));
#1607 = PLANE('',#1608);
#1608 = AXIS2_PLACEMENT_3D('',#1609,#1610,#1611);
#1609 = CARTESIAN_POINT('',(-0.5,0.4,0.405));
#1610 = DIRECTION('',(0.,1.,0.));
#1611 = DIRECTION('',(0.,-0.,1.));
#1612 = ADVANCED_FACE('',(#1613),#1624,.T.);
#1613 = FACE_BOUND('',#1614,.T.);
#1614 = EDGE_LOOP('',(#1615,#1616,#1617,#1623));
#1615 = ORIENTED_EDGE('',*,*,#1384,.T.);
#1616 = ORIENTED_EDGE('',*,*,#1533,.T.);
#1617 = ORIENTED_EDGE('',*,*,#1618,.F.);
#1618 = EDGE_CURVE('',#1400,#1524,#1619,.T.);
#1619 = LINE('',#1620,#1621);
#1620 = CARTESIAN_POINT('',(0.545,-0.4,-2.775557561563E-17));
#1621 = VECTOR('',#1622,1.);
#1622 = DIRECTION('',(0.,1.,0.));
#1623 = ORIENTED_EDGE('',*,*,#1409,.F.);
#1624 = CYLINDRICAL_SURFACE('',#1625,4.5E-02);
#1625 = AXIS2_PLACEMENT_3D('',#1626,#1627,#1628);
#1626 = CARTESIAN_POINT('',(0.545,-0.4,4.5E-02));
#1627 = DIRECTION('',(0.,1.,0.));
#1628 = DIRECTION('',(-1.,0.,0.));
#1629 = ADVANCED_FACE('',(#1630),#1641,.F.);
#1630 = FACE_BOUND('',#1631,.F.);
#1631 = EDGE_LOOP('',(#1632,#1633,#1634,#1635));
#1632 = ORIENTED_EDGE('',*,*,#1523,.F.);
#1633 = ORIENTED_EDGE('',*,*,#1618,.F.);
#1634 = ORIENTED_EDGE('',*,*,#1399,.T.);
#1635 = ORIENTED_EDGE('',*,*,#1636,.T.);
#1636 = EDGE_CURVE('',#1402,#1526,#1637,.T.);
#1637 = LINE('',#1638,#1639);
#1638 = CARTESIAN_POINT('',(0.755,-0.4,-2.775557561563E-17));
#1639 = VECTOR('',#1640,1.);
#1640 = DIRECTION('',(0.,1.,0.));
#1641 = PLANE('',#1642);
#1642 = AXIS2_PLACEMENT_3D('',#1643,#1644,#1645);
#1643 = CARTESIAN_POINT('',(0.5,-0.4,0.));
#1644 = DIRECTION('',(0.,0.,1.));
#1645 = DIRECTION('',(1.,0.,-0.));
#1646 = ADVANCED_FACE('',(#1647),#1658,.T.);
#1647 = FACE_BOUND('',#1648,.T.);
#1648 = EDGE_LOOP('',(#1649,#1650,#1651,#1652));
#1649 = ORIENTED_EDGE('',*,*,#1453,.T.);
#1650 = ORIENTED_EDGE('',*,*,#1636,.T.);
#1651 = ORIENTED_EDGE('',*,*,#1577,.F.);
#1652 = ORIENTED_EDGE('',*,*,#1653,.F.);
#1653 = EDGE_CURVE('',#1446,#1570,#1654,.T.);
#1654 = LINE('',#1655,#1656);
#1655 = CARTESIAN_POINT('',(0.8,-0.4,4.5E-02));
#1656 = VECTOR('',#1657,1.);
#1657 = DIRECTION('',(0.,1.,0.));
#1658 = CYLINDRICAL_SURFACE('',#1659,4.5E-02);
#1659 = AXIS2_PLACEMENT_3D('',#1660,#1661,#1662);
#1660 = CARTESIAN_POINT('',(0.755,-0.4,4.5E-02));
#1661 = DIRECTION('',(0.,1.,0.));
#1662 = DIRECTION('',(1.,0.,0.));
#1663 = ADVANCED_FACE('',(#1664),#1675,.T.);
#1664 = FACE_BOUND('',#1665,.T.);
#1665 = EDGE_LOOP('',(#1666,#1667,#1668,#1669));
#1666 = ORIENTED_EDGE('',*,*,#1445,.F.);
#1667 = ORIENTED_EDGE('',*,*,#1653,.T.);
#1668 = ORIENTED_EDGE('',*,*,#1569,.T.);
#1669 = ORIENTED_EDGE('',*,*,#1670,.F.);
#1670 = EDGE_CURVE('',#1437,#1561,#1671,.T.);
#1671 = LINE('',#1672,#1673);
#1672 = CARTESIAN_POINT('',(0.8,-0.4,0.405));
#1673 = VECTOR('',#1674,1.);
#1674 = DIRECTION('',(0.,1.,0.));
#1675 = PLANE('',#1676);
#1676 = AXIS2_PLACEMENT_3D('',#1677,#1678,#1679);
#1677 = CARTESIAN_POINT('',(0.8,-0.4,0.));
#1678 = DIRECTION('',(1.,0.,0.));
#1679 = DIRECTION('',(0.,0.,1.));
#1680 = ADVANCED_FACE('',(#1681),#1692,.T.);
#1681 = FACE_BOUND('',#1682,.T.);
#1682 = EDGE_LOOP('',(#1683,#1684,#1685,#1691));
#1683 = ORIENTED_EDGE('',*,*,#1670,.T.);
#1684 = ORIENTED_EDGE('',*,*,#1560,.T.);
#1685 = ORIENTED_EDGE('',*,*,#1686,.F.);
#1686 = EDGE_CURVE('',#1429,#1553,#1687,.T.);
#1687 = LINE('',#1688,#1689);
#1688 = CARTESIAN_POINT('',(0.755,-0.4,0.45));
#1689 = VECTOR('',#1690,1.);
#1690 = DIRECTION('',(0.,1.,0.));
#1691 = ORIENTED_EDGE('',*,*,#1436,.F.);
#1692 = CYLINDRICAL_SURFACE('',#1693,4.5E-02);
#1693 = AXIS2_PLACEMENT_3D('',#1694,#1695,#1696);
#1694 = CARTESIAN_POINT('',(0.755,-0.4,0.405));
#1695 = DIRECTION('',(0.,1.,0.));
#1696 = DIRECTION('',(1.,0.,0.));
#1697 = ADVANCED_FACE('',(#1698),#1709,.T.);
#1698 = FACE_BOUND('',#1699,.T.);
#1699 = EDGE_LOOP('',(#1700,#1701,#1707,#1708));
#1700 = ORIENTED_EDGE('',*,*,#1552,.F.);
#1701 = ORIENTED_EDGE('',*,*,#1702,.F.);
#1702 = EDGE_CURVE('',#1420,#1544,#1703,.T.);
#1703 = LINE('',#1704,#1705);
#1704 = CARTESIAN_POINT('',(0.545,-0.4,0.45));
#1705 = VECTOR('',#1706,1.);
#1706 = DIRECTION('',(0.,1.,0.));
#1707 = ORIENTED_EDGE('',*,*,#1428,.T.);
#1708 = ORIENTED_EDGE('',*,*,#1686,.T.);
#1709 = PLANE('',#1710);
#1710 = AXIS2_PLACEMENT_3D('',#1711,#1712,#1713);
#1711 = CARTESIAN_POINT('',(0.5,-0.4,0.45));
#1712 = DIRECTION('',(0.,0.,1.));
#1713 = DIRECTION('',(1.,0.,-0.));
#1714 = ADVANCED_FACE('',(#1715),#1726,.T.);
#1715 = FACE_BOUND('',#1716,.T.);
#1716 = EDGE_LOOP('',(#1717,#1718,#1719,#1720));
#1717 = ORIENTED_EDGE('',*,*,#1419,.T.);
#1718 = ORIENTED_EDGE('',*,*,#1702,.T.);
#1719 = ORIENTED_EDGE('',*,*,#1543,.F.);
#1720 = ORIENTED_EDGE('',*,*,#1721,.F.);
#1721 = EDGE_CURVE('',#1254,#1337,#1722,.T.);
#1722 = LINE('',#1723,#1724);
#1723 = CARTESIAN_POINT('',(0.5,-0.4,0.405));
#1724 = VECTOR('',#1725,1.);
#1725 = DIRECTION('',(0.,1.,0.));
#1726 = CYLINDRICAL_SURFACE('',#1727,4.5E-02);
#1727 = AXIS2_PLACEMENT_3D('',#1728,#1729,#1730);
#1728 = CARTESIAN_POINT('',(0.545,-0.4,0.405));
#1729 = DIRECTION('',(0.,1.,0.));
#1730 = DIRECTION('',(-1.,0.,0.));
#1731 = ADVANCED_FACE('',(#1732),#1743,.T.);
#1732 = FACE_BOUND('',#1733,.T.);
#1733 = EDGE_LOOP('',(#1734,#1735,#1736,#1737));
#1734 = ORIENTED_EDGE('',*,*,#1485,.F.);
#1735 = ORIENTED_EDGE('',*,*,#1721,.T.);
#1736 = ORIENTED_EDGE('',*,*,#1602,.T.);
#1737 = ORIENTED_EDGE('',*,*,#1738,.F.);
#1738 = EDGE_CURVE('',#1478,#1595,#1739,.T.);
#1739 = LINE('',#1740,#1741);
#1740 = CARTESIAN_POINT('',(0.5,-0.4,0.45));
#1741 = VECTOR('',#1742,1.);
#1742 = DIRECTION('',(0.,1.,0.));
#1743 = PLANE('',#1744);
#1744 = AXIS2_PLACEMENT_3D('',#1745,#1746,#1747);
#1745 = CARTESIAN_POINT('',(0.5,-0.4,0.405));
#1746 = DIRECTION('',(1.,0.,0.));
#1747 = DIRECTION('',(0.,0.,1.));
#1748 = ADVANCED_FACE('',(#1749),#1755,.T.);
#1749 = FACE_BOUND('',#1750,.T.);
#1750 = EDGE_LOOP('',(#1751,#1752,#1753,#1754));
#1751 = ORIENTED_EDGE('',*,*,#1509,.F.);
#1752 = ORIENTED_EDGE('',*,*,#1477,.T.);
#1753 = ORIENTED_EDGE('',*,*,#1738,.T.);
#1754 = ORIENTED_EDGE('',*,*,#1594,.F.);
#1755 = PLANE('',#1756);
#1756 = AXIS2_PLACEMENT_3D('',#1757,#1758,#1759);
#1757 = CARTESIAN_POINT('',(-0.5,-0.4,0.45));
#1758 = DIRECTION('',(0.,0.,1.));
#1759 = DIRECTION('',(1.,0.,-0.));
#1760 = ( GEOMETRIC_REPRESENTATION_CONTEXT(3) 
GLOBAL_UNCERTAINTY_ASSIGNED_CONTEXT((#1764)) 
GLOBAL_UNIT_ASSIGNED_CONTEXT((#1761,#1762,#1763)) REPRESENTATION_CONTEXT
('Context #1','3D Context with UNIT and UNCERTAINTY') );
#1761 = ( LENGTH_UNIT() NAMED_UNIT(*) SI_UNIT(.MILLI.,.METRE.) );
#1762 = ( NAMED_UNIT(*) PLANE_ANGLE_UNIT() SI_UNIT($,.RADIAN.) );
#1763 = ( NAMED_UNIT(*) SI_UNIT($,.STERADIAN.) SOLID_ANGLE_UNIT() );
#1764 = UNCERTAINTY_MEASURE_WITH_UNIT(LENGTH_MEASURE(1.E-07),#1761,
  'distance_accuracy_value','confusion accuracy');
#1765 = CONTEXT_DEPENDENT_SHAPE_REPRESENTATION(#1766,#1768);
#1766 = ( REPRESENTATION_RELATIONSHIP('','',#969,#10) 
REPRESENTATION_RELATIONSHIP_WITH_TRANSFORMATION(#1767) 
SHAPE_REPRESENTATION_RELATIONSHIP() );
#1767 = ITEM_DEFINED_TRANSFORMATION('','',#11,#19);
#1768 = PRODUCT_DEFINITION_SHAPE('Placement','Placement of an item',
  #1769);
#1769 = NEXT_ASSEMBLY_USAGE_OCCURRENCE('2','R3','',#5,#964,$);
#1770 = PRODUCT_RELATED_PRODUCT_CATEGORY('part',$,(#966));
#1771 = CONTEXT_DEPENDENT_SHAPE_REPRESENTATION(#1772,#1774);
#1772 = ( REPRESENTATION_RELATIONSHIP('','',#969,#10) 
REPRESENTATION_RELATIONSHIP_WITH_TRANSFORMATION(#1773) 
SHAPE_REPRESENTATION_RELATIONSHIP() );
#1773 = ITEM_DEFINED_TRANSFORMATION('','',#11,#23);
#1774 = PRODUCT_DEFINITION_SHAPE('Placement','Placement of an item',
  #1775);
#1775 = NEXT_ASSEMBLY_USAGE_OCCURRENCE('3','R2','',#5,#964,$);
#1776 = SHAPE_DEFINITION_REPRESENTATION(#1777,#1783);
#1777 = PRODUCT_DEFINITION_SHAPE('','',#1778);
#1778 = PRODUCT_DEFINITION('design','',#1779,#1782);
#1779 = PRODUCT_DEFINITION_FORMATION('','',#1780);
#1780 = PRODUCT('TestPoint_Loop_D2.50mm_Drill1.0mm',
  'TestPoint_Loop_D2.50mm_Drill1.0mm','',(#1781));
#1781 = PRODUCT_CONTEXT('',#2,'mechanical');
#1782 = PRODUCT_DEFINITION_CONTEXT('part definition',#2,'design');
#1783 = ADVANCED_BREP_SHAPE_REPRESENTATION('',(#11,#1784),#2426);
#1784 = MANIFOLD_SOLID_BREP('',#1785);
#1785 = CLOSED_SHELL('',(#1786,#1803,#1828,#2097,#2123,#2392,#2417));
#1786 = ADVANCED_FACE('',(#1787),#1798,.F.);
#1787 = FACE_BOUND('',#1788,.F.);
#1788 = EDGE_LOOP('',(#1789));
#1789 = ORIENTED_EDGE('',*,*,#1790,.T.);
#1790 = EDGE_CURVE('',#1791,#1791,#1793,.T.);
#1791 = VERTEX_POINT('',#1792);
#1792 = CARTESIAN_POINT('',(0.,0.,-3.));
#1793 = CIRCLE('',#1794,0.25);
#1794 = AXIS2_PLACEMENT_3D('',#1795,#1796,#1797);
#1795 = CARTESIAN_POINT('',(-0.25,0.,-3.));
#1796 = DIRECTION('',(0.,0.,1.));
#1797 = DIRECTION('',(1.,0.,-0.));
#1798 = PLANE('',#1799);
#1799 = AXIS2_PLACEMENT_3D('',#1800,#1801,#1802);
#1800 = CARTESIAN_POINT('',(-0.25,2.E-17,-3.));
#1801 = DIRECTION('',(0.,0.,1.));
#1802 = DIRECTION('',(1.,0.,-0.));
#1803 = ADVANCED_FACE('',(#1804),#1823,.T.);
#1804 = FACE_BOUND('',#1805,.T.);
#1805 = EDGE_LOOP('',(#1806,#1814,#1821,#1822));
#1806 = ORIENTED_EDGE('',*,*,#1807,.T.);
#1807 = EDGE_CURVE('',#1791,#1808,#1810,.T.);
#1808 = VERTEX_POINT('',#1809);
#1809 = CARTESIAN_POINT('',(0.,1.E-15,6.14334042E-07));
#1810 = LINE('',#1811,#1812);
#1811 = CARTESIAN_POINT('',(0.,0.,-3.));
#1812 = VECTOR('',#1813,1.);
#1813 = DIRECTION('',(0.,2.2E-16,1.));
#1814 = ORIENTED_EDGE('',*,*,#1815,.F.);
#1815 = EDGE_CURVE('',#1808,#1808,#1816,.T.);
#1816 = CIRCLE('',#1817,0.25);
#1817 = AXIS2_PLACEMENT_3D('',#1818,#1819,#1820);
#1818 = CARTESIAN_POINT('',(-0.25,6.7E-16,6.1433404186E-07));
#1819 = DIRECTION('',(-0.,2.2E-16,1.));
#1820 = DIRECTION('',(1.,0.,0.));
#1821 = ORIENTED_EDGE('',*,*,#1807,.F.);
#1822 = ORIENTED_EDGE('',*,*,#1790,.T.);
#1823 = CYLINDRICAL_SURFACE('',#1824,0.25);
#1824 = AXIS2_PLACEMENT_3D('',#1825,#1826,#1827);
#1825 = CARTESIAN_POINT('',(-0.25,0.,-3.));
#1826 = DIRECTION('',(0.,2.2E-16,1.));
#1827 = DIRECTION('',(1.,0.,-0.));
#1828 = ADVANCED_FACE('',(#1829),#1879,.T.);
#1829 = FACE_BOUND('',#1830,.T.);
#1830 = EDGE_LOOP('',(#1831,#1867,#1877,#1878));
#1831 = ORIENTED_EDGE('',*,*,#1832,.T.);
#1832 = EDGE_CURVE('',#1808,#1833,#1835,.T.);
#1833 = VERTEX_POINT('',#1834);
#1834 = CARTESIAN_POINT('',(-0.75,2.E-15,4.9));
#1835 = ( BOUNDED_CURVE() B_SPLINE_CURVE(9,(#1836,#1837,#1838,#1839,
    #1840,#1841,#1842,#1843,#1844,#1845,#1846,#1847,#1848,#1849,#1850,
    #1851,#1852,#1853,#1854,#1855,#1856,#1857,#1858,#1859,#1860,#1861,
    #1862,#1863,#1864,#1865,#1866),.UNSPECIFIED.,.F.,.F.) 
B_SPLINE_CURVE_WITH_KNOTS((10,7,7,7,10),(0.,0.168076249228,
0.336152498457,0.668076249228,1.),.UNSPECIFIED.) CURVE() 
GEOMETRIC_REPRESENTATION_ITEM() RATIONAL_B_SPLINE_CURVE((1.669078461068,
    1.669078461068,1.669078461068,1.669078461068,1.669078461068,
    1.669078461068,1.669078461068,1.669078461068,1.669078461068,
    1.669078461068,1.669078461068,1.669078461068,1.669078461068,
    1.669078461068,1.669078461068,1.669078461068,1.669078461068,
    1.669078461068,1.669078461069,1.669078461068,1.669078461068,
    1.669078461068,1.669078461068,1.669078461068,1.669078461068,
    1.669078461069,1.669078461068,1.669078461068,1.669078461068,
1.669078461068,1.669078461068)) REPRESENTATION_ITEM('') );
#1836 = CARTESIAN_POINT('',(0.,6.4E-16,6.1433404186E-07));
#1837 = CARTESIAN_POINT('',(1.44E-15,6.5E-16,6.302926080477E-02));
#1838 = CARTESIAN_POINT('',(-1.986301319515E-03,6.6E-16,0.12399803565));
#1839 = CARTESIAN_POINT('',(-5.905973071054E-03,6.7E-16,0.183098474263)
  );
#1840 = CARTESIAN_POINT('',(-1.169409006003E-02,6.9E-16,0.24048942302));
#1841 = CARTESIAN_POINT('',(-1.926543120194E-02,7.E-16,0.296294880771));
#1842 = CARTESIAN_POINT('',(-2.849897554045E-02,7.2E-16,0.350618590929)
  );
#1843 = CARTESIAN_POINT('',(-3.923971978759E-02,7.2E-16,0.403571436646)
  );
#1844 = CARTESIAN_POINT('',(-6.339768994243E-02,7.5E-16,0.50702469764));
#1845 = CARTESIAN_POINT('',(-9.223891024958E-02,7.6E-16,0.60629740367));
#1846 = CARTESIAN_POINT('',(-0.107662955523,8.1E-16,0.655069884816));
#1847 = CARTESIAN_POINT('',(-0.123924188881,7.3E-16,0.703196865613));
#1848 = CARTESIAN_POINT('',(-0.140874687035,8.9E-16,0.750941569088));
#1849 = CARTESIAN_POINT('',(-0.158395597529,7.2E-16,0.798602230702));
#1850 = CARTESIAN_POINT('',(-0.176395932255,8.8E-16,0.846499414679));
#1851 = CARTESIAN_POINT('',(-0.231153748806,7.2E-16,0.990683484988));
#1852 = CARTESIAN_POINT('',(-0.288977681222,9.E-16,1.142941015731));
#1853 = CARTESIAN_POINT('',(-0.328250882542,7.9E-16,1.25020598625));
#1854 = CARTESIAN_POINT('',(-0.368135752753,9.6E-16,1.366403212813));
#1855 = CARTESIAN_POINT('',(-0.408319177784,8.8E-16,1.494202913615));
#1856 = CARTESIAN_POINT('',(-0.448289357642,9.7E-16,1.636153889815));
#1857 = CARTESIAN_POINT('',(-0.487472392433,9.8E-16,1.794664571979));
#1858 = CARTESIAN_POINT('',(-0.562990517757,1.07E-15,2.149435216765));
#1859 = CARTESIAN_POINT('',(-0.630169064569,1.16E-15,2.588678201802));
#1860 = CARTESIAN_POINT('',(-0.6610122111,1.22E-15,2.831661460079));
#1861 = CARTESIAN_POINT('',(-0.688420828963,1.27E-15,3.100179499081));
#1862 = CARTESIAN_POINT('',(-0.711705244978,1.34E-15,3.396365092059));
#1863 = CARTESIAN_POINT('',(-0.730181374496,1.41E-15,3.722333057517));
#1864 = CARTESIAN_POINT('',(-0.743170753736,1.49E-15,4.08019158569));
#1865 = CARTESIAN_POINT('',(-0.75,1.58E-15,4.472045492456));
#1866 = CARTESIAN_POINT('',(-0.75,1.68E-15,4.9));
#1867 = ORIENTED_EDGE('',*,*,#1868,.F.);
#1868 = EDGE_CURVE('',#1833,#1833,#1869,.T.);
#1869 = ( BOUNDED_CURVE() B_SPLINE_CURVE(6,(#1870,#1871,#1872,#1873,
#1874,#1875,#1876),.UNSPECIFIED.,.T.,.F.) B_SPLINE_CURVE_WITH_KNOTS((1,6
    ,6,1),(-6.28318530718,0.,6.28318530718,12.56637061436),
.UNSPECIFIED.) CURVE() GEOMETRIC_REPRESENTATION_ITEM() 
RATIONAL_B_SPLINE_CURVE((1.669078461068,1.03672962321,1.038346699848,
    0.853534330196,1.038346699848,1.03672962321,1.669078461068)) 
REPRESENTATION_ITEM('') );
#1870 = CARTESIAN_POINT('',(-0.75,1.68E-15,4.9));
#1871 = CARTESIAN_POINT('',(-0.75,0.415385768893,4.9));
#1872 = CARTESIAN_POINT('',(-1.263637047637,0.475028095811,4.9));
#1873 = CARTESIAN_POINT('',(-1.687279230252,2.75E-15,4.9));
#1874 = CARTESIAN_POINT('',(-1.263637047637,-0.475028095811,4.9));
#1875 = CARTESIAN_POINT('',(-0.75,-0.415385768893,4.9));
#1876 = CARTESIAN_POINT('',(-0.75,1.68E-15,4.9));
#1877 = ORIENTED_EDGE('',*,*,#1832,.F.);
#1878 = ORIENTED_EDGE('',*,*,#1815,.T.);
#1879 = ( BOUNDED_SURFACE() B_SPLINE_SURFACE(6,9,(
    (#1880,#1881,#1882,#1883,#1884,#1885,#1886,#1887,#1888,#1889,#1890
      ,#1891,#1892,#1893,#1894,#1895,#1896,#1897,#1898,#1899,#1900,#1901
      ,#1902,#1903,#1904,#1905,#1906,#1907,#1908,#1909,#1910)
    ,(#1911,#1912,#1913,#1914,#1915,#1916,#1917,#1918,#1919,#1920,#1921
      ,#1922,#1923,#1924,#1925,#1926,#1927,#1928,#1929,#1930,#1931,#1932
      ,#1933,#1934,#1935,#1936,#1937,#1938,#1939,#1940,#1941)
    ,(#1942,#1943,#1944,#1945,#1946,#1947,#1948,#1949,#1950,#1951,#1952
      ,#1953,#1954,#1955,#1956,#1957,#1958,#1959,#1960,#1961,#1962,#1963
      ,#1964,#1965,#1966,#1967,#1968,#1969,#1970,#1971,#1972)
    ,(#1973,#1974,#1975,#1976,#1977,#1978,#1979,#1980,#1981,#1982,#1983
      ,#1984,#1985,#1986,#1987,#1988,#1989,#1990,#1991,#1992,#1993,#1994
      ,#1995,#1996,#1997,#1998,#1999,#2000,#2001,#2002,#2003)
    ,(#2004,#2005,#2006,#2007,#2008,#2009,#2010,#2011,#2012,#2013,#2014
      ,#2015,#2016,#2017,#2018,#2019,#2020,#2021,#2022,#2023,#2024,#2025
      ,#2026,#2027,#2028,#2029,#2030,#2031,#2032,#2033,#2034)
    ,(#2035,#2036,#2037,#2038,#2039,#2040,#2041,#2042,#2043,#2044,#2045
      ,#2046,#2047,#2048,#2049,#2050,#2051,#2052,#2053,#2054,#2055,#2056
      ,#2057,#2058,#2059,#2060,#2061,#2062,#2063,#2064,#2065)
    ,(#2066,#2067,#2068,#2069,#2070,#2071,#2072,#2073,#2074,#2075,#2076
      ,#2077,#2078,#2079,#2080,#2081,#2082,#2083,#2084,#2085,#2086,#2087
      ,#2088,#2089,#2090,#2091,#2092,#2093,#2094,#2095,#2096
)),.UNSPECIFIED.,.T.,.F.,.F.) B_SPLINE_SURFACE_WITH_KNOTS((1,6,6,1),(10,
    7,7,7,10),(-6.28318530718,0.,6.28318530718,12.56637061436),(0.,
    0.168076249228,0.336152498457,0.668076249228,1.),.UNSPECIFIED.) 
GEOMETRIC_REPRESENTATION_ITEM() RATIONAL_B_SPLINE_SURFACE((
    (1.669078461068,1.669078461068,1.669078461068,1.669078461068
      ,1.669078461068,1.669078461068,1.669078461068,1.669078461068
      ,1.669078461068,1.669078461068,1.669078461068,1.669078461068
      ,1.669078461068,1.669078461068,1.669078461068,1.669078461068
      ,1.669078461068,1.669078461068,1.669078461069,1.669078461068
      ,1.669078461068,1.669078461068,1.669078461068,1.669078461068
      ,1.669078461068,1.669078461069,1.669078461068,1.669078461068
      ,1.669078461068,1.669078461068,1.669078461068)
    ,(1.03672962321,1.03672962321,1.03672962321,1.03672962321
      ,1.03672962321,1.03672962321,1.03672962321,1.03672962321
      ,1.03672962321,1.03672962321,1.03672962321,1.03672962321
      ,1.03672962321,1.03672962321,1.03672962321,1.03672962321
      ,1.03672962321,1.03672962321,1.03672962321,1.03672962321
      ,1.03672962321,1.03672962321,1.03672962321,1.03672962321
      ,1.03672962321,1.03672962321,1.036729623209,1.03672962321
      ,1.03672962321,1.03672962321,1.03672962321)
    ,(1.038346699848,1.038346699848,1.038346699848,1.038346699847
      ,1.038346699848,1.038346699847,1.038346699848,1.038346699848
      ,1.038346699847,1.038346699848,1.038346699847,1.038346699848
      ,1.038346699847,1.038346699848,1.038346699848,1.038346699847
      ,1.038346699848,1.038346699847,1.038346699848,1.038346699847
      ,1.038346699848,1.038346699848,1.038346699847,1.038346699848
      ,1.038346699847,1.038346699848,1.038346699847,1.038346699848
      ,1.038346699847,1.038346699848,1.038346699848)
    ,(0.853534330196,0.853534330196,0.853534330196,0.853534330196
      ,0.853534330196,0.853534330196,0.853534330196,0.853534330196
      ,0.853534330196,0.853534330196,0.853534330196,0.853534330196
      ,0.853534330196,0.853534330196,0.853534330196,0.853534330196
      ,0.853534330196,0.853534330196,0.853534330196,0.853534330196
      ,0.853534330196,0.853534330196,0.853534330196,0.853534330196
      ,0.853534330196,0.853534330196,0.853534330196,0.853534330196
      ,0.853534330196,0.853534330196,0.853534330196)
    ,(1.038346699848,1.038346699847,1.038346699848,1.038346699847
      ,1.038346699848,1.038346699847,1.038346699848,1.038346699847
      ,1.038346699848,1.038346699848,1.038346699847,1.038346699848
      ,1.038346699847,1.038346699848,1.038346699848,1.038346699847
      ,1.038346699848,1.038346699847,1.038346699848,1.038346699847
      ,1.038346699848,1.038346699848,1.038346699847,1.038346699848
      ,1.038346699847,1.038346699848,1.038346699847,1.038346699848
      ,1.038346699847,1.038346699848,1.038346699848)
    ,(1.03672962321,1.03672962321,1.03672962321,1.03672962321
      ,1.03672962321,1.03672962321,1.03672962321,1.03672962321
      ,1.03672962321,1.03672962321,1.03672962321,1.03672962321
      ,1.03672962321,1.03672962321,1.03672962321,1.03672962321
      ,1.03672962321,1.036729623209,1.03672962321,1.036729623209
      ,1.03672962321,1.03672962321,1.03672962321,1.03672962321
      ,1.03672962321,1.03672962321,1.03672962321,1.03672962321
      ,1.03672962321,1.03672962321,1.03672962321)
    ,(1.669078461068,1.669078461068,1.669078461068,1.669078461068
      ,1.669078461068,1.669078461068,1.669078461068,1.669078461068
      ,1.669078461068,1.669078461068,1.669078461068,1.669078461068
      ,1.669078461068,1.669078461068,1.669078461068,1.669078461068
      ,1.669078461068,1.669078461068,1.669078461069,1.669078461068
      ,1.669078461068,1.669078461068,1.669078461068,1.669078461068
      ,1.669078461068,1.669078461069,1.669078461068,1.669078461068
      ,1.669078461068,1.669078461068,1.669078461068
))) REPRESENTATION_ITEM('') SURFACE() );
#1880 = CARTESIAN_POINT('',(0.,6.4E-16,6.1433404186E-07));
#1881 = CARTESIAN_POINT('',(1.44E-15,6.5E-16,6.302926080477E-02));
#1882 = CARTESIAN_POINT('',(-1.986301319515E-03,6.6E-16,0.12399803565));
#1883 = CARTESIAN_POINT('',(-5.905973071054E-03,6.7E-16,0.183098474263)
  );
#1884 = CARTESIAN_POINT('',(-1.169409006003E-02,6.9E-16,0.24048942302));
#1885 = CARTESIAN_POINT('',(-1.926543120194E-02,7.E-16,0.296294880771));
#1886 = CARTESIAN_POINT('',(-2.849897554045E-02,7.2E-16,0.350618590929)
  );
#1887 = CARTESIAN_POINT('',(-3.923971978759E-02,7.2E-16,0.403571436646)
  );
#1888 = CARTESIAN_POINT('',(-6.339768994243E-02,7.5E-16,0.50702469764));
#1889 = CARTESIAN_POINT('',(-9.223891024958E-02,7.6E-16,0.60629740367));
#1890 = CARTESIAN_POINT('',(-0.107662955523,8.1E-16,0.655069884816));
#1891 = CARTESIAN_POINT('',(-0.123924188881,7.3E-16,0.703196865613));
#1892 = CARTESIAN_POINT('',(-0.140874687035,8.9E-16,0.750941569088));
#1893 = CARTESIAN_POINT('',(-0.158395597529,7.2E-16,0.798602230702));
#1894 = CARTESIAN_POINT('',(-0.176395932255,8.8E-16,0.846499414679));
#1895 = CARTESIAN_POINT('',(-0.231153748806,7.2E-16,0.990683484988));
#1896 = CARTESIAN_POINT('',(-0.288977681222,9.E-16,1.142941015731));
#1897 = CARTESIAN_POINT('',(-0.328250882542,7.9E-16,1.25020598625));
#1898 = CARTESIAN_POINT('',(-0.368135752753,9.6E-16,1.366403212813));
#1899 = CARTESIAN_POINT('',(-0.408319177784,8.8E-16,1.494202913615));
#1900 = CARTESIAN_POINT('',(-0.448289357642,9.7E-16,1.636153889815));
#1901 = CARTESIAN_POINT('',(-0.487472392433,9.8E-16,1.794664571979));
#1902 = CARTESIAN_POINT('',(-0.562990517757,1.07E-15,2.149435216765));
#1903 = CARTESIAN_POINT('',(-0.630169064569,1.16E-15,2.588678201802));
#1904 = CARTESIAN_POINT('',(-0.6610122111,1.22E-15,2.831661460079));
#1905 = CARTESIAN_POINT('',(-0.688420828963,1.27E-15,3.100179499081));
#1906 = CARTESIAN_POINT('',(-0.711705244978,1.34E-15,3.396365092059));
#1907 = CARTESIAN_POINT('',(-0.730181374496,1.41E-15,3.722333057517));
#1908 = CARTESIAN_POINT('',(-0.743170753736,1.49E-15,4.08019158569));
#1909 = CARTESIAN_POINT('',(-0.75,1.58E-15,4.472045492456));
#1910 = CARTESIAN_POINT('',(-0.75,1.68E-15,4.9));
#1911 = CARTESIAN_POINT('',(-5.6E-16,0.415385768893,6.1433404186E-07));
#1912 = CARTESIAN_POINT('',(-4.22E-15,0.415385768893,6.302926080475E-02)
  );
#1913 = CARTESIAN_POINT('',(-1.986301319498E-03,0.415385768893,
    0.12399803565));
#1914 = CARTESIAN_POINT('',(-5.90597307109E-03,0.415385768893,
    0.183098474263));
#1915 = CARTESIAN_POINT('',(-1.169409005998E-02,0.415385768893,
    0.24048942302));
#1916 = CARTESIAN_POINT('',(-1.926543120198E-02,0.415385768893,
    0.296294880771));
#1917 = CARTESIAN_POINT('',(-2.849897554043E-02,0.415385768893,
    0.350618590929));
#1918 = CARTESIAN_POINT('',(-3.923971978759E-02,0.415385768893,
    0.403571436646));
#1919 = CARTESIAN_POINT('',(-6.339768994242E-02,0.415385768893,
    0.50702469764));
#1920 = CARTESIAN_POINT('',(-9.223891024958E-02,0.415385768893,
    0.60629740367));
#1921 = CARTESIAN_POINT('',(-0.107662955523,0.415385768893,
    0.655069884816));
#1922 = CARTESIAN_POINT('',(-0.123924188881,0.415385768893,
    0.703196865613));
#1923 = CARTESIAN_POINT('',(-0.140874687035,0.415385768893,
    0.750941569088));
#1924 = CARTESIAN_POINT('',(-0.158395597529,0.415385768893,
    0.798602230702));
#1925 = CARTESIAN_POINT('',(-0.176395932255,0.415385768893,
    0.846499414679));
#1926 = CARTESIAN_POINT('',(-0.231153748806,0.415385768893,
    0.990683484988));
#1927 = CARTESIAN_POINT('',(-0.288977681222,0.415385768893,
    1.142941015731));
#1928 = CARTESIAN_POINT('',(-0.328250882542,0.415385768893,1.25020598625
    ));
#1929 = CARTESIAN_POINT('',(-0.368135752753,0.415385768893,
    1.366403212813));
#1930 = CARTESIAN_POINT('',(-0.408319177784,0.415385768893,
    1.494202913615));
#1931 = CARTESIAN_POINT('',(-0.448289357642,0.415385768893,
    1.636153889815));
#1932 = CARTESIAN_POINT('',(-0.487472392433,0.415385768893,
    1.794664571979));
#1933 = CARTESIAN_POINT('',(-0.562990517757,0.415385768893,
    2.149435216765));
#1934 = CARTESIAN_POINT('',(-0.630169064569,0.415385768893,
    2.588678201802));
#1935 = CARTESIAN_POINT('',(-0.6610122111,0.415385768893,2.831661460079)
  );
#1936 = CARTESIAN_POINT('',(-0.688420828963,0.415385768893,
    3.100179499081));
#1937 = CARTESIAN_POINT('',(-0.711705244978,0.415385768893,
    3.396365092059));
#1938 = CARTESIAN_POINT('',(-0.730181374496,0.415385768893,
    3.722333057517));
#1939 = CARTESIAN_POINT('',(-0.743170753736,0.415385768893,4.08019158569
    ));
#1940 = CARTESIAN_POINT('',(-0.75,0.415385768893,4.472045492456));
#1941 = CARTESIAN_POINT('',(-0.75,0.415385768893,4.9));
#1942 = CARTESIAN_POINT('',(-0.513637047637,0.475028095811,
    6.1433404142E-07));
#1943 = CARTESIAN_POINT('',(-0.513637047637,0.475028095811,
    4.864091162493E-02));
#1944 = CARTESIAN_POINT('',(-0.515169910741,0.475028095811,
    9.46167521916E-02));
#1945 = CARTESIAN_POINT('',(-0.518117255443,0.475028095811,
    0.138295204989));
#1946 = CARTESIAN_POINT('',(-0.522373348811,0.475028095811,
    0.180077811116));
#1947 = CARTESIAN_POINT('',(-0.527853860906,0.475028095811,
    0.220402860066));
#1948 = CARTESIAN_POINT('',(-0.534512214481,0.475028095811,
    0.259730001667));
#1949 = CARTESIAN_POINT('',(-0.542337668295,0.475028095811,0.29851135655
    ));
#1950 = CARTESIAN_POINT('',(-0.560330728023,0.475028095811,
    0.375815518244));
#1951 = CARTESIAN_POINT('',(-0.583017538049,0.475028095811,0.45411497733
    ));
#1952 = CARTESIAN_POINT('',(-0.595536688511,0.475028095811,
    0.493891428825));
#1953 = CARTESIAN_POINT('',(-0.609232700256,0.475028095811,
    0.534633371239));
#1954 = CARTESIAN_POINT('',(-0.62408736584,0.475028095811,0.576632275462
    ));
#1955 = CARTESIAN_POINT('',(-0.640051821227,0.475028095811,
    0.620142690084));
#1956 = CARTESIAN_POINT('',(-0.657047818084,0.475028095811,
    0.665395616941));
#1957 = CARTESIAN_POINT('',(-0.710386975098,0.475028095811,
    0.805844182085));
#1958 = CARTESIAN_POINT('',(-0.771012533543,0.475028095811,
    0.965478738975));
#1959 = CARTESIAN_POINT('',(-0.813617681519,0.475028095811,
    1.081514848325));
#1960 = CARTESIAN_POINT('',(-0.857530463693,0.475028095811,
    1.209104133131));
#1961 = CARTESIAN_POINT('',(-0.901739411406,0.475028095811,
    1.349813483722));
#1962 = CARTESIAN_POINT('',(-0.945442579875,0.475028095811,
    1.505337830539));
#1963 = CARTESIAN_POINT('',(-0.987903511657,0.475028095811,
    1.677520131581));
#1964 = CARTESIAN_POINT('',(-1.069000706424,0.475028095811,
    2.059083750818));
#1965 = CARTESIAN_POINT('',(-1.139869811944,0.475028095811,
    2.523113177981));
#1966 = CARTESIAN_POINT('',(-1.172102981123,0.475028095811,
    2.777761038217));
#1967 = CARTESIAN_POINT('',(-1.20051905705,0.475028095811,3.057133260202
    ));
#1968 = CARTESIAN_POINT('',(-1.224503670789,0.475028095811,
    3.363363495856));
#1969 = CARTESIAN_POINT('',(-1.243436560031,0.475028095811,
    3.698604331244));
#1970 = CARTESIAN_POINT('',(-1.256691534992,0.475028095811,
    4.065015342266));
#1971 = CARTESIAN_POINT('',(-1.263637047637,0.475028095811,
    4.464759663234));
#1972 = CARTESIAN_POINT('',(-1.263637047637,0.475028095811,4.9));
#1973 = CARTESIAN_POINT('',(-0.937279230252,1.53E-15,6.1433404186E-07));
#1974 = CARTESIAN_POINT('',(-0.937279230252,1.54E-15,3.677355961283E-02)
  );
#1975 = CARTESIAN_POINT('',(-0.938438102508,1.54E-15,7.038339303314E-02)
  );
#1976 = CARTESIAN_POINT('',(-0.940583482563,1.56E-15,0.101341961701));
#1977 = CARTESIAN_POINT('',(-0.943575979713,1.55E-15,0.130250978647));
#1978 = CARTESIAN_POINT('',(-0.947331999027,1.57E-15,0.157807956831));
#1979 = CARTESIAN_POINT('',(-0.951866363609,1.56E-15,0.184766093773));
#1980 = CARTESIAN_POINT('',(-0.957287317965,1.58E-15,0.211858959021));
#1981 = CARTESIAN_POINT('',(-0.970195627438,1.58E-15,0.26759563147));
#1982 = CARTESIAN_POINT('',(-0.987806347614,1.62E-15,0.328596587356));
#1983 = CARTESIAN_POINT('',(-0.997929572814,1.53E-15,0.360953212626));
#1984 = CARTESIAN_POINT('',(-1.00950981801,1.8E-15,0.395604056679));
#1985 = CARTESIAN_POINT('',(-1.022635863964,1.38E-15,0.432863888929));
#1986 = CARTESIAN_POINT('',(-1.037316572313,1.88E-15,0.472951225521));
#1987 = CARTESIAN_POINT('',(-1.053484202351,1.49E-15,0.516023198214));
#1988 = CARTESIAN_POINT('',(-1.105653264595,2.05E-15,0.653390759819));
#1989 = CARTESIAN_POINT('',(-1.168589573349,1.67E-15,0.819109806667));
#1990 = CARTESIAN_POINT('',(-1.213942874247,2.07E-15,0.942380254769));
#1991 = CARTESIAN_POINT('',(-1.261177833868,1.72E-15,1.079365583806));
#1992 = CARTESIAN_POINT('',(-1.308706988375,2.06E-15,1.23072267143));
#1993 = CARTESIAN_POINT('',(-1.355489084756,1.91E-15,1.397442184912));
#1994 = CARTESIAN_POINT('',(-1.400653589891,2.02E-15,1.580900686704));
#1995 = CARTESIAN_POINT('',(-1.486352339719,2.09E-15,1.984562856322));
#1996 = CARTESIAN_POINT('',(-1.560265377435,2.21E-15,2.469035868093));
#1997 = CARTESIAN_POINT('',(-1.593645021993,2.26E-15,2.733304563618));
#1998 = CARTESIAN_POINT('',(-1.62289203824,2.34E-15,3.021629196241));
#1999 = CARTESIAN_POINT('',(-1.647454167354,2.4E-15,3.336144142598));
#2000 = CARTESIAN_POINT('',(-1.666763786988,2.48E-15,3.679033139028));
#2001 = CARTESIAN_POINT('',(-1.680237822375,2.56E-15,4.052498143754));
#2002 = CARTESIAN_POINT('',(-1.687279230252,2.65E-15,4.458750391497));
#2003 = CARTESIAN_POINT('',(-1.687279230252,2.75E-15,4.9));
#2004 = CARTESIAN_POINT('',(-0.513637047637,-0.475028095811,
    6.1433404186E-07));
#2005 = CARTESIAN_POINT('',(-0.513637047637,-0.475028095811,
    4.864091162493E-02));
#2006 = CARTESIAN_POINT('',(-0.515169910741,-0.475028095811,
    9.461675219162E-02));
#2007 = CARTESIAN_POINT('',(-0.518117255443,-0.475028095811,
    0.138295204989));
#2008 = CARTESIAN_POINT('',(-0.522373348811,-0.475028095811,
    0.180077811116));
#2009 = CARTESIAN_POINT('',(-0.527853860906,-0.475028095811,
    0.220402860066));
#2010 = CARTESIAN_POINT('',(-0.534512214481,-0.475028095811,
    0.259730001667));
#2011 = CARTESIAN_POINT('',(-0.542337668295,-0.475028095811,
    0.29851135655));
#2012 = CARTESIAN_POINT('',(-0.560330728023,-0.475028095811,
    0.375815518244));
#2013 = CARTESIAN_POINT('',(-0.583017538049,-0.475028095811,
    0.45411497733));
#2014 = CARTESIAN_POINT('',(-0.595536688511,-0.475028095811,
    0.493891428825));
#2015 = CARTESIAN_POINT('',(-0.609232700256,-0.475028095811,
    0.534633371239));
#2016 = CARTESIAN_POINT('',(-0.62408736584,-0.475028095811,
    0.576632275462));
#2017 = CARTESIAN_POINT('',(-0.640051821227,-0.475028095811,
    0.620142690084));
#2018 = CARTESIAN_POINT('',(-0.657047818084,-0.475028095811,
    0.665395616941));
#2019 = CARTESIAN_POINT('',(-0.710386975098,-0.475028095811,
    0.805844182085));
#2020 = CARTESIAN_POINT('',(-0.771012533543,-0.475028095811,
    0.965478738975));
#2021 = CARTESIAN_POINT('',(-0.813617681519,-0.475028095811,
    1.081514848325));
#2022 = CARTESIAN_POINT('',(-0.857530463693,-0.475028095811,
    1.209104133131));
#2023 = CARTESIAN_POINT('',(-0.901739411406,-0.475028095811,
    1.349813483722));
#2024 = CARTESIAN_POINT('',(-0.945442579875,-0.475028095811,
    1.505337830539));
#2025 = CARTESIAN_POINT('',(-0.987903511657,-0.475028095811,
    1.677520131581));
#2026 = CARTESIAN_POINT('',(-1.069000706424,-0.475028095811,
    2.059083750818));
#2027 = CARTESIAN_POINT('',(-1.139869811944,-0.475028095811,
    2.523113177981));
#2028 = CARTESIAN_POINT('',(-1.172102981123,-0.475028095811,
    2.777761038217));
#2029 = CARTESIAN_POINT('',(-1.20051905705,-0.475028095811,
    3.057133260202));
#2030 = CARTESIAN_POINT('',(-1.224503670789,-0.475028095811,
    3.363363495856));
#2031 = CARTESIAN_POINT('',(-1.243436560031,-0.475028095811,
    3.698604331244));
#2032 = CARTESIAN_POINT('',(-1.256691534992,-0.475028095811,
    4.065015342266));
#2033 = CARTESIAN_POINT('',(-1.263637047637,-0.475028095811,
    4.464759663234));
#2034 = CARTESIAN_POINT('',(-1.263637047637,-0.475028095811,4.9));
#2035 = CARTESIAN_POINT('',(-5.6E-16,-0.415385768893,6.1433404186E-07));
#2036 = CARTESIAN_POINT('',(1.67E-15,-0.415385768893,6.302926080474E-02)
  );
#2037 = CARTESIAN_POINT('',(-1.986301319517E-03,-0.415385768893,
    0.12399803565));
#2038 = CARTESIAN_POINT('',(-5.905973071053E-03,-0.415385768893,
    0.183098474263));
#2039 = CARTESIAN_POINT('',(-1.169409006003E-02,-0.415385768893,
    0.24048942302));
#2040 = CARTESIAN_POINT('',(-1.926543120194E-02,-0.415385768893,
    0.296294880771));
#2041 = CARTESIAN_POINT('',(-2.849897554045E-02,-0.415385768893,
    0.350618590929));
#2042 = CARTESIAN_POINT('',(-3.923971978759E-02,-0.415385768893,
    0.403571436646));
#2043 = CARTESIAN_POINT('',(-6.339768994242E-02,-0.415385768893,
    0.50702469764));
#2044 = CARTESIAN_POINT('',(-9.223891024958E-02,-0.415385768893,
    0.60629740367));
#2045 = CARTESIAN_POINT('',(-0.107662955523,-0.415385768893,
    0.655069884816));
#2046 = CARTESIAN_POINT('',(-0.123924188881,-0.415385768893,
    0.703196865613));
#2047 = CARTESIAN_POINT('',(-0.140874687035,-0.415385768893,
    0.750941569088));
#2048 = CARTESIAN_POINT('',(-0.158395597529,-0.415385768893,
    0.798602230702));
#2049 = CARTESIAN_POINT('',(-0.176395932255,-0.415385768893,
    0.846499414679));
#2050 = CARTESIAN_POINT('',(-0.231153748806,-0.415385768893,
    0.990683484988));
#2051 = CARTESIAN_POINT('',(-0.288977681222,-0.415385768893,
    1.142941015731));
#2052 = CARTESIAN_POINT('',(-0.328250882542,-0.415385768893,
    1.25020598625));
#2053 = CARTESIAN_POINT('',(-0.368135752753,-0.415385768893,
    1.366403212813));
#2054 = CARTESIAN_POINT('',(-0.408319177784,-0.415385768893,
    1.494202913615));
#2055 = CARTESIAN_POINT('',(-0.448289357642,-0.415385768893,
    1.636153889815));
#2056 = CARTESIAN_POINT('',(-0.487472392433,-0.415385768893,
    1.794664571979));
#2057 = CARTESIAN_POINT('',(-0.562990517757,-0.415385768893,
    2.149435216765));
#2058 = CARTESIAN_POINT('',(-0.630169064569,-0.415385768893,
    2.588678201802));
#2059 = CARTESIAN_POINT('',(-0.6610122111,-0.415385768893,2.831661460079
    ));
#2060 = CARTESIAN_POINT('',(-0.688420828963,-0.415385768893,
    3.100179499081));
#2061 = CARTESIAN_POINT('',(-0.711705244978,-0.415385768893,
    3.396365092059));
#2062 = CARTESIAN_POINT('',(-0.730181374496,-0.415385768893,
    3.722333057517));
#2063 = CARTESIAN_POINT('',(-0.743170753736,-0.415385768893,
    4.08019158569));
#2064 = CARTESIAN_POINT('',(-0.75,-0.415385768893,4.472045492456));
#2065 = CARTESIAN_POINT('',(-0.75,-0.415385768893,4.9));
#2066 = CARTESIAN_POINT('',(0.,6.4E-16,6.1433404186E-07));
#2067 = CARTESIAN_POINT('',(1.44E-15,6.5E-16,6.302926080477E-02));
#2068 = CARTESIAN_POINT('',(-1.986301319515E-03,6.6E-16,0.12399803565));
#2069 = CARTESIAN_POINT('',(-5.905973071054E-03,6.7E-16,0.183098474263)
  );
#2070 = CARTESIAN_POINT('',(-1.169409006003E-02,6.9E-16,0.24048942302));
#2071 = CARTESIAN_POINT('',(-1.926543120194E-02,7.E-16,0.296294880771));
#2072 = CARTESIAN_POINT('',(-2.849897554045E-02,7.2E-16,0.350618590929)
  );
#2073 = CARTESIAN_POINT('',(-3.923971978759E-02,7.2E-16,0.403571436646)
  );
#2074 = CARTESIAN_POINT('',(-6.339768994243E-02,7.5E-16,0.50702469764));
#2075 = CARTESIAN_POINT('',(-9.223891024958E-02,7.6E-16,0.60629740367));
#2076 = CARTESIAN_POINT('',(-0.107662955523,8.1E-16,0.655069884816));
#2077 = CARTESIAN_POINT('',(-0.123924188881,7.3E-16,0.703196865613));
#2078 = CARTESIAN_POINT('',(-0.140874687035,8.9E-16,0.750941569088));
#2079 = CARTESIAN_POINT('',(-0.158395597529,7.2E-16,0.798602230702));
#2080 = CARTESIAN_POINT('',(-0.176395932255,8.8E-16,0.846499414679));
#2081 = CARTESIAN_POINT('',(-0.231153748806,7.2E-16,0.990683484988));
#2082 = CARTESIAN_POINT('',(-0.288977681222,9.E-16,1.142941015731));
#2083 = CARTESIAN_POINT('',(-0.328250882542,7.9E-16,1.25020598625));
#2084 = CARTESIAN_POINT('',(-0.368135752753,9.6E-16,1.366403212813));
#2085 = CARTESIAN_POINT('',(-0.408319177784,8.8E-16,1.494202913615));
#2086 = CARTESIAN_POINT('',(-0.448289357642,9.7E-16,1.636153889815));
#2087 = CARTESIAN_POINT('',(-0.487472392433,9.8E-16,1.794664571979));
#2088 = CARTESIAN_POINT('',(-0.562990517757,1.07E-15,2.149435216765));
#2089 = CARTESIAN_POINT('',(-0.630169064569,1.16E-15,2.588678201802));
#2090 = CARTESIAN_POINT('',(-0.6610122111,1.22E-15,2.831661460079));
#2091 = CARTESIAN_POINT('',(-0.688420828963,1.27E-15,3.100179499081));
#2092 = CARTESIAN_POINT('',(-0.711705244978,1.34E-15,3.396365092059));
#2093 = CARTESIAN_POINT('',(-0.730181374496,1.41E-15,3.722333057517));
#2094 = CARTESIAN_POINT('',(-0.743170753736,1.49E-15,4.08019158569));
#2095 = CARTESIAN_POINT('',(-0.75,1.58E-15,4.472045492456));
#2096 = CARTESIAN_POINT('',(-0.75,1.68E-15,4.9));
#2097 = ADVANCED_FACE('',(#2098),#2118,.T.);
#2098 = FACE_BOUND('',#2099,.T.);
#2099 = EDGE_LOOP('',(#2100,#2109,#2116,#2117));
#2100 = ORIENTED_EDGE('',*,*,#2101,.T.);
#2101 = EDGE_CURVE('',#1833,#2102,#2104,.T.);
#2102 = VERTEX_POINT('',#2103);
#2103 = CARTESIAN_POINT('',(0.75,2.E-15,4.9));
#2104 = CIRCLE('',#2105,0.75);
#2105 = AXIS2_PLACEMENT_3D('',#2106,#2107,#2108);
#2106 = CARTESIAN_POINT('',(0.,1.85E-15,4.9));
#2107 = DIRECTION('',(0.,1.,-2.2E-16));
#2108 = DIRECTION('',(1.,0.,0.));
#2109 = ORIENTED_EDGE('',*,*,#2110,.T.);
#2110 = EDGE_CURVE('',#2102,#2102,#2111,.T.);
#2111 = CIRCLE('',#2112,0.25);
#2112 = AXIS2_PLACEMENT_3D('',#2113,#2114,#2115);
#2113 = CARTESIAN_POINT('',(1.,1.75E-15,4.9));
#2114 = DIRECTION('',(-2.4E-16,2.2E-16,1.));
#2115 = DIRECTION('',(1.,0.,2.4E-16));
#2116 = ORIENTED_EDGE('',*,*,#2101,.F.);
#2117 = ORIENTED_EDGE('',*,*,#1868,.T.);
#2118 = TOROIDAL_SURFACE('',#2119,1.,0.25);
#2119 = AXIS2_PLACEMENT_3D('',#2120,#2121,#2122);
#2120 = CARTESIAN_POINT('',(0.,1.75E-15,4.9));
#2121 = DIRECTION('',(0.,1.,-2.2E-16));
#2122 = DIRECTION('',(1.,0.,0.));
#2123 = ADVANCED_FACE('',(#2124),#2174,.T.);
#2124 = FACE_BOUND('',#2125,.T.);
#2125 = EDGE_LOOP('',(#2126,#2162,#2172,#2173));
#2126 = ORIENTED_EDGE('',*,*,#2127,.T.);
#2127 = EDGE_CURVE('',#2102,#2128,#2130,.T.);
#2128 = VERTEX_POINT('',#2129);
#2129 = CARTESIAN_POINT('',(0.,1.E-15,1.278165971E-06));
#2130 = ( BOUNDED_CURVE() B_SPLINE_CURVE(9,(#2131,#2132,#2133,#2134,
    #2135,#2136,#2137,#2138,#2139,#2140,#2141,#2142,#2143,#2144,#2145,
    #2146,#2147,#2148,#2149,#2150,#2151,#2152,#2153,#2154,#2155,#2156,
    #2157,#2158,#2159,#2160,#2161),.UNSPECIFIED.,.F.,.F.) 
B_SPLINE_CURVE_WITH_KNOTS((10,7,7,7,10),(0.,0.331923787806,
0.663847575611,0.831923787806,1.),.UNSPECIFIED.) CURVE() 
GEOMETRIC_REPRESENTATION_ITEM() RATIONAL_B_SPLINE_CURVE((1.669078461068,
    1.669078461068,1.669078461068,1.669078461068,1.669078461068,
    1.669078461068,1.669078461068,1.669078461068,1.669078461068,
    1.669078461068,1.669078461068,1.669078461068,1.669078461069,
    1.669078461068,1.669078461068,1.669078461068,1.669078461068,
    1.669078461068,1.669078461068,1.669078461068,1.669078461068,
    1.669078461068,1.669078461068,1.669078461068,1.669078461068,
    1.669078461068,1.669078461068,1.669078461068,1.669078461068,
1.669078461068,1.669078461068)) REPRESENTATION_ITEM('') );
#2131 = CARTESIAN_POINT('',(0.75,1.68E-15,4.9));
#2132 = CARTESIAN_POINT('',(0.75,1.58E-15,4.472045444707));
#2133 = CARTESIAN_POINT('',(0.743170752212,1.49E-15,4.080191498248));
#2134 = CARTESIAN_POINT('',(0.730181370148,1.42E-15,3.72233293803));
#2135 = CARTESIAN_POINT('',(0.711705236733,1.34E-15,3.39636494777));
#2136 = CARTESIAN_POINT('',(0.688420815977,1.28E-15,3.100179336835));
#2137 = CARTESIAN_POINT('',(0.661012192766,1.22E-15,2.831661286332));
#2138 = CARTESIAN_POINT('',(0.630169040525,1.16E-15,2.588678022627));
#2139 = CARTESIAN_POINT('',(0.562990482086,1.06E-15,2.149435038119));
#2140 = CARTESIAN_POINT('',(0.487472345745,9.9E-16,1.794664414996));
#2141 = CARTESIAN_POINT('',(0.448289305852,9.4E-16,1.636153748541));
#2142 = CARTESIAN_POINT('',(0.408319121555,9.5E-16,1.494202792484));
#2143 = CARTESIAN_POINT('',(0.368135692963,8.4E-16,1.366403115781));
#2144 = CARTESIAN_POINT('',(0.328250820257,9.2E-16,1.250205916647));
#2145 = CARTESIAN_POINT('',(0.288977617466,8.E-16,1.142940976144));
#2146 = CARTESIAN_POINT('',(0.231153690385,8.7E-16,0.990683509986));
#2147 = CARTESIAN_POINT('',(0.176395879931,7.E-16,0.846499503589));
#2148 = CARTESIAN_POINT('',(0.158395551172,8.E-16,0.798602351496));
#2149 = CARTESIAN_POINT('',(0.14087464643,6.5E-16,0.750941721674));
#2150 = CARTESIAN_POINT('',(0.123924153736,7.6E-16,0.703197050065));
#2151 = CARTESIAN_POINT('',(0.10766292547,6.8E-16,0.655070101358));
#2152 = CARTESIAN_POINT('',(9.22388848639E-02,6.9E-16,0.606297652661));
#2153 = CARTESIAN_POINT('',(6.339767298756E-02,6.6E-16,0.507025012551));
#2154 = CARTESIAN_POINT('',(3.923970942679E-02,6.4E-16,0.403571820257));
#2155 = CARTESIAN_POINT('',(2.849896801052E-02,6.3E-16,0.35061900977));
#2156 = CARTESIAN_POINT('',(1.926542604842E-02,6.2E-16,0.296295335937));
#2157 = CARTESIAN_POINT('',(1.169408685687E-02,6.E-16,0.240489915875));
#2158 = CARTESIAN_POINT('',(5.905971401254E-03,6.E-16,0.183099006494));
#2159 = CARTESIAN_POINT('',(1.98630073721E-03,5.8E-16,0.123998609287));
#2160 = CARTESIAN_POINT('',(-3.89E-15,5.7E-16,6.302987820635E-02));
#2161 = CARTESIAN_POINT('',(0.,5.5E-16,1.27816597129E-06));
#2162 = ORIENTED_EDGE('',*,*,#2163,.F.);
#2163 = EDGE_CURVE('',#2128,#2128,#2164,.T.);
#2164 = ( BOUNDED_CURVE() B_SPLINE_CURVE(6,(#2165,#2166,#2167,#2168,
#2169,#2170,#2171),.UNSPECIFIED.,.T.,.F.) B_SPLINE_CURVE_WITH_KNOTS((1,6
    ,6,1),(-6.28318530718,0.,6.28318530718,12.56637061436),
.UNSPECIFIED.) CURVE() GEOMETRIC_REPRESENTATION_ITEM() 
RATIONAL_B_SPLINE_CURVE((1.669078461068,1.03672962321,1.038346699848,
    0.853534330196,1.038346699848,1.03672962321,1.669078461068)) 
REPRESENTATION_ITEM('') );
#2165 = CARTESIAN_POINT('',(0.,5.5E-16,1.27816597129E-06));
#2166 = CARTESIAN_POINT('',(4.4E-16,0.415385768893,1.27816597129E-06));
#2167 = CARTESIAN_POINT('',(0.513637047637,0.475028095811,
    1.27816597129E-06));
#2168 = CARTESIAN_POINT('',(0.937279230252,1.76E-15,1.27816597129E-06));
#2169 = CARTESIAN_POINT('',(0.513637047637,-0.475028095811,
    1.27816597129E-06));
#2170 = CARTESIAN_POINT('',(5.6E-16,-0.415385768893,1.27816597173E-06));
#2171 = CARTESIAN_POINT('',(0.,5.5E-16,1.27816597129E-06));
#2172 = ORIENTED_EDGE('',*,*,#2127,.F.);
#2173 = ORIENTED_EDGE('',*,*,#2110,.F.);
#2174 = ( BOUNDED_SURFACE() B_SPLINE_SURFACE(6,9,(
    (#2175,#2176,#2177,#2178,#2179,#2180,#2181,#2182,#2183,#2184,#2185
      ,#2186,#2187,#2188,#2189,#2190,#2191,#2192,#2193,#2194,#2195,#2196
      ,#2197,#2198,#2199,#2200,#2201,#2202,#2203,#2204,#2205)
    ,(#2206,#2207,#2208,#2209,#2210,#2211,#2212,#2213,#2214,#2215,#2216
      ,#2217,#2218,#2219,#2220,#2221,#2222,#2223,#2224,#2225,#2226,#2227
      ,#2228,#2229,#2230,#2231,#2232,#2233,#2234,#2235,#2236)
    ,(#2237,#2238,#2239,#2240,#2241,#2242,#2243,#2244,#2245,#2246,#2247
      ,#2248,#2249,#2250,#2251,#2252,#2253,#2254,#2255,#2256,#2257,#2258
      ,#2259,#2260,#2261,#2262,#2263,#2264,#2265,#2266,#2267)
    ,(#2268,#2269,#2270,#2271,#2272,#2273,#2274,#2275,#2276,#2277,#2278
      ,#2279,#2280,#2281,#2282,#2283,#2284,#2285,#2286,#2287,#2288,#2289
      ,#2290,#2291,#2292,#2293,#2294,#2295,#2296,#2297,#2298)
    ,(#2299,#2300,#2301,#2302,#2303,#2304,#2305,#2306,#2307,#2308,#2309
      ,#2310,#2311,#2312,#2313,#2314,#2315,#2316,#2317,#2318,#2319,#2320
      ,#2321,#2322,#2323,#2324,#2325,#2326,#2327,#2328,#2329)
    ,(#2330,#2331,#2332,#2333,#2334,#2335,#2336,#2337,#2338,#2339,#2340
      ,#2341,#2342,#2343,#2344,#2345,#2346,#2347,#2348,#2349,#2350,#2351
      ,#2352,#2353,#2354,#2355,#2356,#2357,#2358,#2359,#2360)
    ,(#2361,#2362,#2363,#2364,#2365,#2366,#2367,#2368,#2369,#2370,#2371
      ,#2372,#2373,#2374,#2375,#2376,#2377,#2378,#2379,#2380,#2381,#2382
      ,#2383,#2384,#2385,#2386,#2387,#2388,#2389,#2390,#2391
)),.UNSPECIFIED.,.T.,.F.,.F.) B_SPLINE_SURFACE_WITH_KNOTS((1,6,6,1),(10,
    7,7,7,10),(-6.28318530718,0.,6.28318530718,12.56637061436),(0.,
    0.331923787806,0.663847575611,0.831923787806,1.),.UNSPECIFIED.) 
GEOMETRIC_REPRESENTATION_ITEM() RATIONAL_B_SPLINE_SURFACE((
    (1.669078461068,1.669078461068,1.669078461068,1.669078461068
      ,1.669078461068,1.669078461068,1.669078461068,1.669078461068
      ,1.669078461068,1.669078461068,1.669078461068,1.669078461068
      ,1.669078461069,1.669078461068,1.669078461068,1.669078461068
      ,1.669078461068,1.669078461068,1.669078461068,1.669078461068
      ,1.669078461068,1.669078461068,1.669078461068,1.669078461068
      ,1.669078461068,1.669078461068,1.669078461068,1.669078461068
      ,1.669078461068,1.669078461068,1.669078461068)
    ,(1.03672962321,1.03672962321,1.03672962321,1.03672962321
      ,1.03672962321,1.036729623209,1.03672962321,1.03672962321
      ,1.03672962321,1.03672962321,1.03672962321,1.036729623209
      ,1.03672962321,1.03672962321,1.03672962321,1.03672962321
      ,1.03672962321,1.03672962321,1.03672962321,1.03672962321
      ,1.03672962321,1.03672962321,1.03672962321,1.03672962321
      ,1.03672962321,1.03672962321,1.03672962321,1.03672962321
      ,1.03672962321,1.03672962321,1.03672962321)
    ,(1.038346699848,1.038346699847,1.038346699848,1.038346699847
      ,1.038346699848,1.038346699847,1.038346699848,1.038346699847
      ,1.038346699848,1.038346699847,1.038346699848,1.038346699847
      ,1.038346699848,1.038346699847,1.038346699848,1.038346699847
      ,1.038346699848,1.038346699847,1.038346699848,1.038346699847
      ,1.038346699848,1.038346699847,1.038346699848,1.038346699847
      ,1.038346699848,1.038346699847,1.038346699848,1.038346699847
      ,1.038346699848,1.038346699847,1.038346699848)
    ,(0.853534330196,0.853534330196,0.853534330196,0.853534330196
      ,0.853534330196,0.853534330196,0.853534330196,0.853534330196
      ,0.853534330196,0.853534330196,0.853534330196,0.853534330196
      ,0.853534330196,0.853534330196,0.853534330196,0.853534330196
      ,0.853534330196,0.853534330196,0.853534330196,0.853534330196
      ,0.853534330196,0.853534330196,0.853534330196,0.853534330196
      ,0.853534330196,0.853534330196,0.853534330196,0.853534330196
      ,0.853534330196,0.853534330196,0.853534330196)
    ,(1.038346699848,1.038346699847,1.038346699848,1.038346699847
      ,1.038346699848,1.038346699847,1.038346699848,1.038346699847
      ,1.038346699848,1.038346699847,1.038346699848,1.038346699847
      ,1.038346699848,1.038346699847,1.038346699848,1.038346699847
      ,1.038346699848,1.038346699847,1.038346699848,1.038346699847
      ,1.038346699848,1.038346699847,1.038346699848,1.038346699847
      ,1.038346699848,1.038346699847,1.038346699848,1.038346699847
      ,1.038346699848,1.038346699848,1.038346699848)
    ,(1.03672962321,1.03672962321,1.03672962321,1.03672962321
      ,1.03672962321,1.03672962321,1.03672962321,1.03672962321
      ,1.03672962321,1.03672962321,1.03672962321,1.036729623209
      ,1.03672962321,1.03672962321,1.03672962321,1.03672962321
      ,1.03672962321,1.03672962321,1.03672962321,1.03672962321
      ,1.03672962321,1.03672962321,1.03672962321,1.03672962321
      ,1.03672962321,1.03672962321,1.03672962321,1.03672962321
      ,1.03672962321,1.03672962321,1.03672962321)
    ,(1.669078461068,1.669078461068,1.669078461068,1.669078461068
      ,1.669078461068,1.669078461068,1.669078461068,1.669078461068
      ,1.669078461068,1.669078461068,1.669078461068,1.669078461068
      ,1.669078461069,1.669078461068,1.669078461068,1.669078461068
      ,1.669078461068,1.669078461068,1.669078461068,1.669078461068
      ,1.669078461068,1.669078461068,1.669078461068,1.669078461068
      ,1.669078461068,1.669078461068,1.669078461068,1.669078461068
      ,1.669078461068,1.669078461068,1.669078461068
))) REPRESENTATION_ITEM('') SURFACE() );
#2175 = CARTESIAN_POINT('',(0.75,1.68E-15,4.9));
#2176 = CARTESIAN_POINT('',(0.75,1.58E-15,4.472045444707));
#2177 = CARTESIAN_POINT('',(0.743170752212,1.49E-15,4.080191498248));
#2178 = CARTESIAN_POINT('',(0.730181370148,1.42E-15,3.72233293803));
#2179 = CARTESIAN_POINT('',(0.711705236733,1.34E-15,3.39636494777));
#2180 = CARTESIAN_POINT('',(0.688420815977,1.28E-15,3.100179336835));
#2181 = CARTESIAN_POINT('',(0.661012192766,1.22E-15,2.831661286332));
#2182 = CARTESIAN_POINT('',(0.630169040525,1.16E-15,2.588678022627));
#2183 = CARTESIAN_POINT('',(0.562990482086,1.06E-15,2.149435038119));
#2184 = CARTESIAN_POINT('',(0.487472345745,9.9E-16,1.794664414996));
#2185 = CARTESIAN_POINT('',(0.448289305852,9.4E-16,1.636153748541));
#2186 = CARTESIAN_POINT('',(0.408319121555,9.5E-16,1.494202792484));
#2187 = CARTESIAN_POINT('',(0.368135692963,8.4E-16,1.366403115781));
#2188 = CARTESIAN_POINT('',(0.328250820257,9.2E-16,1.250205916647));
#2189 = CARTESIAN_POINT('',(0.288977617466,8.E-16,1.142940976144));
#2190 = CARTESIAN_POINT('',(0.231153690385,8.7E-16,0.990683509986));
#2191 = CARTESIAN_POINT('',(0.176395879931,7.E-16,0.846499503589));
#2192 = CARTESIAN_POINT('',(0.158395551172,8.E-16,0.798602351496));
#2193 = CARTESIAN_POINT('',(0.14087464643,6.5E-16,0.750941721674));
#2194 = CARTESIAN_POINT('',(0.123924153736,7.6E-16,0.703197050065));
#2195 = CARTESIAN_POINT('',(0.10766292547,6.8E-16,0.655070101358));
#2196 = CARTESIAN_POINT('',(9.22388848639E-02,6.9E-16,0.606297652661));
#2197 = CARTESIAN_POINT('',(6.339767298756E-02,6.6E-16,0.507025012551));
#2198 = CARTESIAN_POINT('',(3.923970942679E-02,6.4E-16,0.403571820257));
#2199 = CARTESIAN_POINT('',(2.849896801052E-02,6.3E-16,0.35061900977));
#2200 = CARTESIAN_POINT('',(1.926542604842E-02,6.2E-16,0.296295335937));
#2201 = CARTESIAN_POINT('',(1.169408685687E-02,6.E-16,0.240489915875));
#2202 = CARTESIAN_POINT('',(5.905971401254E-03,6.E-16,0.183099006494));
#2203 = CARTESIAN_POINT('',(1.98630073721E-03,5.8E-16,0.123998609287));
#2204 = CARTESIAN_POINT('',(-3.89E-15,5.7E-16,6.302987820635E-02));
#2205 = CARTESIAN_POINT('',(0.,5.5E-16,1.27816597129E-06));
#2206 = CARTESIAN_POINT('',(0.75,0.415385768893,4.9));
#2207 = CARTESIAN_POINT('',(0.75,0.415385768893,4.472045444707));
#2208 = CARTESIAN_POINT('',(0.743170752212,0.415385768893,4.080191498248
    ));
#2209 = CARTESIAN_POINT('',(0.730181370148,0.415385768893,3.72233293803)
  );
#2210 = CARTESIAN_POINT('',(0.711705236732,0.415385768893,3.39636494777)
  );
#2211 = CARTESIAN_POINT('',(0.688420815977,0.415385768893,3.100179336835
    ));
#2212 = CARTESIAN_POINT('',(0.661012192766,0.415385768893,2.831661286332
    ));
#2213 = CARTESIAN_POINT('',(0.630169040525,0.415385768893,2.588678022627
    ));
#2214 = CARTESIAN_POINT('',(0.562990482086,0.415385768893,2.149435038119
    ));
#2215 = CARTESIAN_POINT('',(0.487472345745,0.415385768893,1.794664414996
    ));
#2216 = CARTESIAN_POINT('',(0.448289305852,0.415385768893,1.636153748541
    ));
#2217 = CARTESIAN_POINT('',(0.408319121555,0.415385768893,1.494202792484
    ));
#2218 = CARTESIAN_POINT('',(0.368135692963,0.415385768893,1.366403115781
    ));
#2219 = CARTESIAN_POINT('',(0.328250820257,0.415385768893,1.250205916647
    ));
#2220 = CARTESIAN_POINT('',(0.288977617466,0.415385768893,1.142940976144
    ));
#2221 = CARTESIAN_POINT('',(0.231153690386,0.415385768893,0.990683509986
    ));
#2222 = CARTESIAN_POINT('',(0.176395879931,0.415385768893,0.846499503589
    ));
#2223 = CARTESIAN_POINT('',(0.158395551172,0.415385768893,0.798602351496
    ));
#2224 = CARTESIAN_POINT('',(0.14087464643,0.415385768893,0.750941721674)
  );
#2225 = CARTESIAN_POINT('',(0.123924153736,0.415385768893,0.703197050065
    ));
#2226 = CARTESIAN_POINT('',(0.10766292547,0.415385768893,0.655070101358)
  );
#2227 = CARTESIAN_POINT('',(9.22388848639E-02,0.415385768893,
    0.606297652661));
#2228 = CARTESIAN_POINT('',(6.339767298756E-02,0.415385768893,
    0.507025012551));
#2229 = CARTESIAN_POINT('',(3.923970942679E-02,0.415385768893,
    0.403571820257));
#2230 = CARTESIAN_POINT('',(2.849896801051E-02,0.415385768893,
    0.35061900977));
#2231 = CARTESIAN_POINT('',(1.926542604844E-02,0.415385768893,
    0.296295335937));
#2232 = CARTESIAN_POINT('',(1.169408685687E-02,0.415385768893,
    0.240489915875));
#2233 = CARTESIAN_POINT('',(5.905971401252E-03,0.415385768893,
    0.183099006494));
#2234 = CARTESIAN_POINT('',(1.986300737211E-03,0.415385768893,
    0.123998609287));
#2235 = CARTESIAN_POINT('',(-3.33E-15,0.415385768893,6.302987820632E-02)
  );
#2236 = CARTESIAN_POINT('',(4.4E-16,0.415385768893,1.27816597129E-06));
#2237 = CARTESIAN_POINT('',(1.263637047637,0.475028095811,4.9));
#2238 = CARTESIAN_POINT('',(1.263637047637,0.475028095811,4.464759614673
    ));
#2239 = CARTESIAN_POINT('',(1.256691533442,0.475028095811,4.065015253063
    ));
#2240 = CARTESIAN_POINT('',(1.243436555594,0.475028095811,3.69860420888)
  );
#2241 = CARTESIAN_POINT('',(1.224503662339,0.475028095811,3.363363347359
    ));
#2242 = CARTESIAN_POINT('',(1.200519043666,0.475028095811,3.057133092151
    ));
#2243 = CARTESIAN_POINT('',(1.172102962085,0.475028095811,2.777760856728
    ));
#2244 = CARTESIAN_POINT('',(1.139869786722,0.475028095811,2.523112988699
    ));
#2245 = CARTESIAN_POINT('',(1.069000668127,0.475028095811,2.059083556299
    ));
#2246 = CARTESIAN_POINT('',(0.98790345959,0.475028095811,1.677519950748)
  );
#2247 = CARTESIAN_POINT('',(0.945442520929,0.475028095811,1.505337660837
    ));
#2248 = CARTESIAN_POINT('',(0.901739345766,0.475028095811,1.349813329031
    ));
#2249 = CARTESIAN_POINT('',(0.857530391769,0.475028095811,1.209103996964
    ));
#2250 = CARTESIAN_POINT('',(0.813617603968,0.475028095811,1.081514733979
    ));
#2251 = CARTESIAN_POINT('',(0.771012451519,0.475028095811,0.965478649659
    ));
#2252 = CARTESIAN_POINT('',(0.710386895978,0.475028095811,0.805844153403
    ));
#2253 = CARTESIAN_POINT('',(0.657047745821,0.475028095811,0.665395652931
    ));
#2254 = CARTESIAN_POINT('',(0.640051755265,0.475028095811,0.62014275796)
  );
#2255 = CARTESIAN_POINT('',(0.624087306187,0.475028095811,0.576632375225
    ));
#2256 = CARTESIAN_POINT('',(0.609232646889,0.475028095811,0.534633503167
    ));
#2257 = CARTESIAN_POINT('',(0.595536641371,0.475028095811,0.493891593492
    ));
#2258 = CARTESIAN_POINT('',(0.583017497021,0.475028095811,0.45411517562)
  );
#2259 = CARTESIAN_POINT('',(0.560330698819,0.475028095811,0.375815786137
    ));
#2260 = CARTESIAN_POINT('',(0.542337649681,0.475028095811,0.29851169979)
  );
#2261 = CARTESIAN_POINT('',(0.534512200746,0.475028095811,0.259730384275
    ));
#2262 = CARTESIAN_POINT('',(0.527853851506,0.475028095811,0.220403283964
    ));
#2263 = CARTESIAN_POINT('',(0.522373343058,0.475028095811,0.180078278393
    ));
#2264 = CARTESIAN_POINT('',(0.518117252523,0.475028095811,0.138295717851
    ));
#2265 = CARTESIAN_POINT('',(0.515169909757,0.475028095811,
    9.461731293157E-02));
#2266 = CARTESIAN_POINT('',(0.513637047637,0.475028095811,
    4.864152264543E-02));
#2267 = CARTESIAN_POINT('',(0.513637047637,0.475028095811,
    1.27816597129E-06));
#2268 = CARTESIAN_POINT('',(1.687279230252,2.75E-15,4.9));
#2269 = CARTESIAN_POINT('',(1.687279230252,2.65E-15,4.458750342265));
#2270 = CARTESIAN_POINT('',(1.680237820804,2.56E-15,4.052498053099));
#2271 = CARTESIAN_POINT('',(1.666763782478,2.48E-15,3.67903301429));
#2272 = CARTESIAN_POINT('',(1.647454158735,2.4E-15,3.336143990633));
#2273 = CARTESIAN_POINT('',(1.622892024527,2.33E-15,3.021629023403));
#2274 = CARTESIAN_POINT('',(1.593645002372,2.27E-15,2.733304375743));
#2275 = CARTESIAN_POINT('',(1.560265351241,2.21E-15,2.469035670476));
#2276 = CARTESIAN_POINT('',(1.486352299256,2.11E-15,1.98456264871));
#2277 = CARTESIAN_POINT('',(1.400653533388,2.E-15,1.580900486198));
#2278 = CARTESIAN_POINT('',(1.355489019907,2.01E-15,1.397441991763));
#2279 = CARTESIAN_POINT('',(1.308706914972,1.84E-15,1.230722489058));
#2280 = CARTESIAN_POINT('',(1.261177751936,2.04E-15,1.07936541536));
#2281 = CARTESIAN_POINT('',(1.213942784104,1.72E-15,0.94238010352));
#2282 = CARTESIAN_POINT('',(1.168589476256,1.97E-15,0.819109676335));
#2283 = CARTESIAN_POINT('',(1.105653168403,1.62E-15,0.653390686862));
#2284 = CARTESIAN_POINT('',(1.053484113643,1.99E-15,0.516023190556));
#2285 = CARTESIAN_POINT('',(1.03731649018,1.68E-15,0.47295124975));
#2286 = CARTESIAN_POINT('',(1.0226357886,2.04E-15,0.432863945125));
#2287 = CARTESIAN_POINT('',(1.009509749615,1.71E-15,0.395604145286));
#2288 = CARTESIAN_POINT('',(0.997929511581,1.9E-15,0.360953334508));
#2289 = CARTESIAN_POINT('',(0.987806293686,1.81E-15,0.32859674383));
#2290 = CARTESIAN_POINT('',(0.970195588131,1.83E-15,0.267595860582));
#2291 = CARTESIAN_POINT('',(0.957287292544,1.8E-15,0.211859268963));
#2292 = CARTESIAN_POINT('',(0.951866344756,1.8E-15,0.184766446497));
#2293 = CARTESIAN_POINT('',(0.947331986125,1.78E-15,0.15780835494));
#2294 = CARTESIAN_POINT('',(0.943575971857,1.79E-15,0.130251424828));
#2295 = CARTESIAN_POINT('',(0.940583478612,1.78E-15,0.101342458587));
#2296 = CARTESIAN_POINT('',(0.938438101192,1.77E-15,7.03839431357E-02));
#2297 = CARTESIAN_POINT('',(0.937279230252,1.76E-15,3.677416537028E-02)
  );
#2298 = CARTESIAN_POINT('',(0.937279230252,1.76E-15,1.27816597129E-06));
#2299 = CARTESIAN_POINT('',(1.263637047637,-0.475028095811,4.9));
#2300 = CARTESIAN_POINT('',(1.263637047637,-0.475028095811,
    4.464759614673));
#2301 = CARTESIAN_POINT('',(1.256691533442,-0.475028095811,
    4.065015253063));
#2302 = CARTESIAN_POINT('',(1.243436555594,-0.475028095811,3.69860420888
    ));
#2303 = CARTESIAN_POINT('',(1.224503662339,-0.475028095811,
    3.363363347359));
#2304 = CARTESIAN_POINT('',(1.200519043666,-0.475028095811,
    3.057133092151));
#2305 = CARTESIAN_POINT('',(1.172102962085,-0.475028095811,
    2.777760856728));
#2306 = CARTESIAN_POINT('',(1.139869786722,-0.475028095811,
    2.523112988699));
#2307 = CARTESIAN_POINT('',(1.069000668127,-0.475028095811,
    2.059083556299));
#2308 = CARTESIAN_POINT('',(0.98790345959,-0.475028095811,1.677519950748
    ));
#2309 = CARTESIAN_POINT('',(0.945442520929,-0.475028095811,
    1.505337660837));
#2310 = CARTESIAN_POINT('',(0.901739345766,-0.475028095811,
    1.349813329031));
#2311 = CARTESIAN_POINT('',(0.857530391769,-0.475028095811,
    1.209103996964));
#2312 = CARTESIAN_POINT('',(0.813617603968,-0.475028095811,
    1.081514733979));
#2313 = CARTESIAN_POINT('',(0.771012451519,-0.475028095811,
    0.965478649659));
#2314 = CARTESIAN_POINT('',(0.710386895978,-0.475028095811,
    0.805844153403));
#2315 = CARTESIAN_POINT('',(0.657047745821,-0.475028095811,
    0.665395652931));
#2316 = CARTESIAN_POINT('',(0.640051755265,-0.475028095811,0.62014275796
    ));
#2317 = CARTESIAN_POINT('',(0.624087306187,-0.475028095811,
    0.576632375225));
#2318 = CARTESIAN_POINT('',(0.609232646889,-0.475028095811,
    0.534633503167));
#2319 = CARTESIAN_POINT('',(0.595536641371,-0.475028095811,
    0.493891593492));
#2320 = CARTESIAN_POINT('',(0.583017497021,-0.475028095811,0.45411517562
    ));
#2321 = CARTESIAN_POINT('',(0.560330698819,-0.475028095811,
    0.375815786137));
#2322 = CARTESIAN_POINT('',(0.542337649681,-0.475028095811,0.29851169979
    ));
#2323 = CARTESIAN_POINT('',(0.534512200746,-0.475028095811,
    0.259730384275));
#2324 = CARTESIAN_POINT('',(0.527853851506,-0.475028095811,
    0.220403283964));
#2325 = CARTESIAN_POINT('',(0.522373343058,-0.475028095811,
    0.180078278393));
#2326 = CARTESIAN_POINT('',(0.518117252523,-0.475028095811,
    0.138295717851));
#2327 = CARTESIAN_POINT('',(0.515169909757,-0.475028095811,
    9.461731293156E-02));
#2328 = CARTESIAN_POINT('',(0.513637047637,-0.475028095811,
    4.864152264543E-02));
#2329 = CARTESIAN_POINT('',(0.513637047637,-0.475028095811,
    1.27816597129E-06));
#2330 = CARTESIAN_POINT('',(0.75,-0.415385768893,4.9));
#2331 = CARTESIAN_POINT('',(0.75,-0.415385768893,4.472045444707));
#2332 = CARTESIAN_POINT('',(0.743170752212,-0.415385768893,
    4.080191498248));
#2333 = CARTESIAN_POINT('',(0.730181370148,-0.415385768893,3.72233293803
    ));
#2334 = CARTESIAN_POINT('',(0.711705236732,-0.415385768893,3.39636494777
    ));
#2335 = CARTESIAN_POINT('',(0.688420815977,-0.415385768893,
    3.100179336835));
#2336 = CARTESIAN_POINT('',(0.661012192766,-0.415385768893,
    2.831661286332));
#2337 = CARTESIAN_POINT('',(0.630169040525,-0.415385768893,
    2.588678022627));
#2338 = CARTESIAN_POINT('',(0.562990482086,-0.415385768893,
    2.149435038119));
#2339 = CARTESIAN_POINT('',(0.487472345745,-0.415385768893,
    1.794664414996));
#2340 = CARTESIAN_POINT('',(0.448289305852,-0.415385768893,
    1.636153748541));
#2341 = CARTESIAN_POINT('',(0.408319121555,-0.415385768893,
    1.494202792484));
#2342 = CARTESIAN_POINT('',(0.368135692963,-0.415385768893,
    1.366403115781));
#2343 = CARTESIAN_POINT('',(0.328250820257,-0.415385768893,
    1.250205916647));
#2344 = CARTESIAN_POINT('',(0.288977617466,-0.415385768893,
    1.142940976144));
#2345 = CARTESIAN_POINT('',(0.231153690386,-0.415385768893,
    0.990683509986));
#2346 = CARTESIAN_POINT('',(0.176395879931,-0.415385768893,
    0.846499503589));
#2347 = CARTESIAN_POINT('',(0.158395551172,-0.415385768893,
    0.798602351496));
#2348 = CARTESIAN_POINT('',(0.14087464643,-0.415385768893,0.750941721674
    ));
#2349 = CARTESIAN_POINT('',(0.123924153736,-0.415385768893,
    0.703197050065));
#2350 = CARTESIAN_POINT('',(0.10766292547,-0.415385768893,0.655070101358
    ));
#2351 = CARTESIAN_POINT('',(9.22388848639E-02,-0.415385768893,
    0.606297652661));
#2352 = CARTESIAN_POINT('',(6.339767298756E-02,-0.415385768893,
    0.507025012551));
#2353 = CARTESIAN_POINT('',(3.923970942679E-02,-0.415385768893,
    0.403571820257));
#2354 = CARTESIAN_POINT('',(2.849896801051E-02,-0.415385768893,
    0.35061900977));
#2355 = CARTESIAN_POINT('',(1.926542604844E-02,-0.415385768893,
    0.296295335937));
#2356 = CARTESIAN_POINT('',(1.169408685686E-02,-0.415385768893,
    0.240489915875));
#2357 = CARTESIAN_POINT('',(5.905971401259E-03,-0.415385768893,
    0.183099006494));
#2358 = CARTESIAN_POINT('',(1.986300737207E-03,-0.415385768893,
    0.123998609287));
#2359 = CARTESIAN_POINT('',(-2.44E-15,-0.415385768893,6.302987820633E-02
    ));
#2360 = CARTESIAN_POINT('',(5.6E-16,-0.415385768893,1.27816597173E-06));
#2361 = CARTESIAN_POINT('',(0.75,1.68E-15,4.9));
#2362 = CARTESIAN_POINT('',(0.75,1.58E-15,4.472045444707));
#2363 = CARTESIAN_POINT('',(0.743170752212,1.49E-15,4.080191498248));
#2364 = CARTESIAN_POINT('',(0.730181370148,1.42E-15,3.72233293803));
#2365 = CARTESIAN_POINT('',(0.711705236733,1.34E-15,3.39636494777));
#2366 = CARTESIAN_POINT('',(0.688420815977,1.28E-15,3.100179336835));
#2367 = CARTESIAN_POINT('',(0.661012192766,1.22E-15,2.831661286332));
#2368 = CARTESIAN_POINT('',(0.630169040525,1.16E-15,2.588678022627));
#2369 = CARTESIAN_POINT('',(0.562990482086,1.06E-15,2.149435038119));
#2370 = CARTESIAN_POINT('',(0.487472345745,9.9E-16,1.794664414996));
#2371 = CARTESIAN_POINT('',(0.448289305852,9.4E-16,1.636153748541));
#2372 = CARTESIAN_POINT('',(0.408319121555,9.5E-16,1.494202792484));
#2373 = CARTESIAN_POINT('',(0.368135692963,8.4E-16,1.366403115781));
#2374 = CARTESIAN_POINT('',(0.328250820257,9.2E-16,1.250205916647));
#2375 = CARTESIAN_POINT('',(0.288977617466,8.E-16,1.142940976144));
#2376 = CARTESIAN_POINT('',(0.231153690385,8.7E-16,0.990683509986));
#2377 = CARTESIAN_POINT('',(0.176395879931,7.E-16,0.846499503589));
#2378 = CARTESIAN_POINT('',(0.158395551172,8.E-16,0.798602351496));
#2379 = CARTESIAN_POINT('',(0.14087464643,6.5E-16,0.750941721674));
#2380 = CARTESIAN_POINT('',(0.123924153736,7.6E-16,0.703197050065));
#2381 = CARTESIAN_POINT('',(0.10766292547,6.8E-16,0.655070101358));
#2382 = CARTESIAN_POINT('',(9.22388848639E-02,6.9E-16,0.606297652661));
#2383 = CARTESIAN_POINT('',(6.339767298756E-02,6.6E-16,0.507025012551));
#2384 = CARTESIAN_POINT('',(3.923970942679E-02,6.4E-16,0.403571820257));
#2385 = CARTESIAN_POINT('',(2.849896801052E-02,6.3E-16,0.35061900977));
#2386 = CARTESIAN_POINT('',(1.926542604842E-02,6.2E-16,0.296295335937));
#2387 = CARTESIAN_POINT('',(1.169408685687E-02,6.E-16,0.240489915875));
#2388 = CARTESIAN_POINT('',(5.905971401254E-03,6.E-16,0.183099006494));
#2389 = CARTESIAN_POINT('',(1.98630073721E-03,5.8E-16,0.123998609287));
#2390 = CARTESIAN_POINT('',(-3.89E-15,5.7E-16,6.302987820635E-02));
#2391 = CARTESIAN_POINT('',(0.,5.5E-16,1.27816597129E-06));
#2392 = ADVANCED_FACE('',(#2393),#2412,.T.);
#2393 = FACE_BOUND('',#2394,.T.);
#2394 = EDGE_LOOP('',(#2395,#2403,#2410,#2411));
#2395 = ORIENTED_EDGE('',*,*,#2396,.T.);
#2396 = EDGE_CURVE('',#2128,#2397,#2399,.T.);
#2397 = VERTEX_POINT('',#2398);
#2398 = CARTESIAN_POINT('',(0.,0.,-3.));
#2399 = LINE('',#2400,#2401);
#2400 = CARTESIAN_POINT('',(-3.E-17,5.8E-16,1.27816597129E-06));
#2401 = VECTOR('',#2402,1.);
#2402 = DIRECTION('',(0.,-2.2E-16,-1.));
#2403 = ORIENTED_EDGE('',*,*,#2404,.F.);
#2404 = EDGE_CURVE('',#2397,#2397,#2405,.T.);
#2405 = CIRCLE('',#2406,0.25);
#2406 = AXIS2_PLACEMENT_3D('',#2407,#2408,#2409);
#2407 = CARTESIAN_POINT('',(0.25,0.,-3.));
#2408 = DIRECTION('',(-3.2E-16,-4.4E-16,-1.));
#2409 = DIRECTION('',(-1.,-3.3E-16,3.2E-16));
#2410 = ORIENTED_EDGE('',*,*,#2396,.F.);
#2411 = ORIENTED_EDGE('',*,*,#2163,.T.);
#2412 = CYLINDRICAL_SURFACE('',#2413,0.25);
#2413 = AXIS2_PLACEMENT_3D('',#2414,#2415,#2416);
#2414 = CARTESIAN_POINT('',(0.25,6.7E-16,1.27816597129E-06));
#2415 = DIRECTION('',(0.,-2.2E-16,-1.));
#2416 = DIRECTION('',(-1.,-3.3E-16,7.26E-32));
#2417 = ADVANCED_FACE('',(#2418),#2421,.T.);
#2418 = FACE_BOUND('',#2419,.T.);
#2419 = EDGE_LOOP('',(#2420));
#2420 = ORIENTED_EDGE('',*,*,#2404,.T.);
#2421 = PLANE('',#2422);
#2422 = AXIS2_PLACEMENT_3D('',#2423,#2424,#2425);
#2423 = CARTESIAN_POINT('',(0.25,1.E-17,-3.));
#2424 = DIRECTION('',(-3.2E-16,-4.4E-16,-1.));
#2425 = DIRECTION('',(0.,-1.,4.4E-16));
#2426 = ( GEOMETRIC_REPRESENTATION_CONTEXT(3) 
GLOBAL_UNCERTAINTY_ASSIGNED_CONTEXT((#2430)) 
GLOBAL_UNIT_ASSIGNED_CONTEXT((#2427,#2428,#2429)) REPRESENTATION_CONTEXT
('Context #1','3D Context with UNIT and UNCERTAINTY') );
#2427 = ( LENGTH_UNIT() NAMED_UNIT(*) SI_UNIT(.MILLI.,.METRE.) );
#2428 = ( NAMED_UNIT(*) PLANE_ANGLE_UNIT() SI_UNIT($,.RADIAN.) );
#2429 = ( NAMED_UNIT(*) SI_UNIT($,.STERADIAN.) SOLID_ANGLE_UNIT() );
#2430 = UNCERTAINTY_MEASURE_WITH_UNIT(LENGTH_MEASURE(1.E-07),#2427,
  'distance_accuracy_value','confusion accuracy');
#2431 = CONTEXT_DEPENDENT_SHAPE_REPRESENTATION(#2432,#2434);
#2432 = ( REPRESENTATION_RELATIONSHIP('','',#1783,#10) 
REPRESENTATION_RELATIONSHIP_WITH_TRANSFORMATION(#2433) 
SHAPE_REPRESENTATION_RELATIONSHIP() );
#2433 = ITEM_DEFINED_TRANSFORMATION('','',#11,#27);
#2434 = PRODUCT_DEFINITION_SHAPE('Placement','Placement of an item',
  #2435);
#2435 = NEXT_ASSEMBLY_USAGE_OCCURRENCE('4','E1','',#5,#1778,$);
#2436 = PRODUCT_RELATED_PRODUCT_CATEGORY('part',$,(#1780));
#2437 = CONTEXT_DEPENDENT_SHAPE_REPRESENTATION(#2438,#2440);
#2438 = ( REPRESENTATION_RELATIONSHIP('','',#969,#10) 
REPRESENTATION_RELATIONSHIP_WITH_TRANSFORMATION(#2439) 
SHAPE_REPRESENTATION_RELATIONSHIP() );
#2439 = ITEM_DEFINED_TRANSFORMATION('','',#11,#31);
#2440 = PRODUCT_DEFINITION_SHAPE('Placement','Placement of an item',
  #2441);
#2441 = NEXT_ASSEMBLY_USAGE_OCCURRENCE('5','R1','',#5,#964,$);
#2442 = SHAPE_DEFINITION_REPRESENTATION(#2443,#2449);
#2443 = PRODUCT_DEFINITION_SHAPE('','',#2444);
#2444 = PRODUCT_DEFINITION('design','',#2445,#2448);
#2445 = PRODUCT_DEFINITION_FORMATION('','',#2446);
#2446 = PRODUCT('JEITA_SOIC-8_3.9x4.9mm_P1.27mm',
  'JEITA_SOIC-8_3.9x4.9mm_P1.27mm','',(#2447));
#2447 = PRODUCT_CONTEXT('',#2,'mechanical');
#2448 = PRODUCT_DEFINITION_CONTEXT('part definition',#2,'design');
#2449 = ADVANCED_BREP_SHAPE_REPRESENTATION('',(#11,#2450),#6920);
#2450 = MANIFOLD_SOLID_BREP('',#2451);
#2451 = CLOSED_SHELL('',(#2452,#2469,#2544,#2573,#2596,#2619,#2706,#2793
    ,#2816,#2839,#2856,#2923,#2990,#3030,#3054,#3094,#3118,#3158,#3182,
    #3215,#3255,#3279,#3319,#3343,#3383,#3407,#3440,#3469,#3493,#3523,
    #3546,#3563,#3593,#3616,#3639,#3662,#3686,#3778,#3877,#3894,#3918,
    #4010,#4109,#4126,#4150,#4242,#4341,#4358,#4382,#4474,#4566,#4583,
    #4675,#4774,#4791,#4815,#4907,#5006,#5023,#5047,#5139,#5238,#5255,
    #5279,#5371,#5463,#5480,#5509,#5560,#5617,#5640,#5657,#5680,#5703,
    #5720,#5737,#5754,#5771,#5788,#5805,#5822,#5839,#5856,#5868,#5885,
    #5902,#5919,#5936,#5953,#5970,#5987,#6004,#6016,#6033,#6050,#6067,
    #6084,#6101,#6118,#6135,#6152,#6164,#6181,#6198,#6215,#6232,#6249,
    #6266,#6283,#6300,#6312,#6329,#6346,#6363,#6380,#6397,#6414,#6431,
    #6448,#6460,#6477,#6494,#6511,#6528,#6545,#6562,#6579,#6596,#6608,
    #6625,#6642,#6659,#6676,#6693,#6710,#6727,#6744,#6756,#6773,#6790,
    #6807,#6824,#6841,#6858,#6875,#6892,#6904));
#2452 = ADVANCED_FACE('',(#2453),#2464,.F.);
#2453 = FACE_BOUND('',#2454,.T.);
#2454 = EDGE_LOOP('',(#2455));
#2455 = ORIENTED_EDGE('',*,*,#2456,.F.);
#2456 = EDGE_CURVE('',#2457,#2457,#2459,.T.);
#2457 = VERTEX_POINT('',#2458);
#2458 = CARTESIAN_POINT('',(-1.073567386658,1.273567386658,1.6));
#2459 = CIRCLE('',#2460,0.3);
#2460 = AXIS2_PLACEMENT_3D('',#2461,#2462,#2463);
#2461 = CARTESIAN_POINT('',(-1.073567386658,1.573567386658,1.6));
#2462 = DIRECTION('',(0.,-0.,-1.));
#2463 = DIRECTION('',(1.110223024625E-16,-1.,0.));
#2464 = PLANE('',#2465);
#2465 = AXIS2_PLACEMENT_3D('',#2466,#2467,#2468);
#2466 = CARTESIAN_POINT('',(-1.073567386658,1.573567386658,1.6));
#2467 = DIRECTION('',(0.,0.,-1.));
#2468 = DIRECTION('',(1.110223024625E-16,-1.,0.));
#2469 = ADVANCED_FACE('',(#2470,#2536),#2539,.T.);
#2470 = FACE_BOUND('',#2471,.T.);
#2471 = EDGE_LOOP('',(#2472,#2482,#2490,#2498,#2506,#2514,#2522,#2530));
#2472 = ORIENTED_EDGE('',*,*,#2473,.F.);
#2473 = EDGE_CURVE('',#2474,#2476,#2478,.T.);
#2474 = VERTEX_POINT('',#2475);
#2475 = CARTESIAN_POINT('',(-1.681783693329,2.313567386658,1.6));
#2476 = VERTEX_POINT('',#2477);
#2477 = CARTESIAN_POINT('',(1.681783693329,2.313567386658,1.6));
#2478 = LINE('',#2479,#2480);
#2479 = CARTESIAN_POINT('',(-1.681783693329,2.313567386658,1.6));
#2480 = VECTOR('',#2481,1.);
#2481 = DIRECTION('',(1.,1.110223024625E-16,0.));
#2482 = ORIENTED_EDGE('',*,*,#2483,.F.);
#2483 = EDGE_CURVE('',#2484,#2474,#2486,.T.);
#2484 = VERTEX_POINT('',#2485);
#2485 = CARTESIAN_POINT('',(-1.813567386658,2.181783693329,1.6));
#2486 = LINE('',#2487,#2488);
#2487 = CARTESIAN_POINT('',(-1.813567386658,2.181783693329,1.6));
#2488 = VECTOR('',#2489,1.);
#2489 = DIRECTION('',(0.707106781187,0.707106781187,0.));
#2490 = ORIENTED_EDGE('',*,*,#2491,.F.);
#2491 = EDGE_CURVE('',#2492,#2484,#2494,.T.);
#2492 = VERTEX_POINT('',#2493);
#2493 = CARTESIAN_POINT('',(-1.813567386658,-2.181783693329,1.6));
#2494 = LINE('',#2495,#2496);
#2495 = CARTESIAN_POINT('',(-1.813567386658,-2.181783693329,1.6));
#2496 = VECTOR('',#2497,1.);
#2497 = DIRECTION('',(-1.110223024625E-16,1.,0.));
#2498 = ORIENTED_EDGE('',*,*,#2499,.F.);
#2499 = EDGE_CURVE('',#2500,#2492,#2502,.T.);
#2500 = VERTEX_POINT('',#2501);
#2501 = CARTESIAN_POINT('',(-1.681783693329,-2.313567386658,1.6));
#2502 = LINE('',#2503,#2504);
#2503 = CARTESIAN_POINT('',(-1.681783693329,-2.313567386658,1.6));
#2504 = VECTOR('',#2505,1.);
#2505 = DIRECTION('',(-0.707106781187,0.707106781187,0.));
#2506 = ORIENTED_EDGE('',*,*,#2507,.F.);
#2507 = EDGE_CURVE('',#2508,#2500,#2510,.T.);
#2508 = VERTEX_POINT('',#2509);
#2509 = CARTESIAN_POINT('',(1.681783693329,-2.313567386658,1.6));
#2510 = LINE('',#2511,#2512);
#2511 = CARTESIAN_POINT('',(1.681783693329,-2.313567386658,1.6));
#2512 = VECTOR('',#2513,1.);
#2513 = DIRECTION('',(-1.,-1.110223024625E-16,0.));
#2514 = ORIENTED_EDGE('',*,*,#2515,.F.);
#2515 = EDGE_CURVE('',#2516,#2508,#2518,.T.);
#2516 = VERTEX_POINT('',#2517);
#2517 = CARTESIAN_POINT('',(1.813567386658,-2.181783693329,1.6));
#2518 = LINE('',#2519,#2520);
#2519 = CARTESIAN_POINT('',(1.813567386658,-2.181783693329,1.6));
#2520 = VECTOR('',#2521,1.);
#2521 = DIRECTION('',(-0.707106781187,-0.707106781187,0.));
#2522 = ORIENTED_EDGE('',*,*,#2523,.F.);
#2523 = EDGE_CURVE('',#2524,#2516,#2526,.T.);
#2524 = VERTEX_POINT('',#2525);
#2525 = CARTESIAN_POINT('',(1.813567386658,2.181783693329,1.6));
#2526 = LINE('',#2527,#2528);
#2527 = CARTESIAN_POINT('',(1.813567386658,2.181783693329,1.6));
#2528 = VECTOR('',#2529,1.);
#2529 = DIRECTION('',(1.110223024625E-16,-1.,0.));
#2530 = ORIENTED_EDGE('',*,*,#2531,.F.);
#2531 = EDGE_CURVE('',#2476,#2524,#2532,.T.);
#2532 = LINE('',#2533,#2534);
#2533 = CARTESIAN_POINT('',(1.681783693329,2.313567386658,1.6));
#2534 = VECTOR('',#2535,1.);
#2535 = DIRECTION('',(0.707106781187,-0.707106781187,0.));
#2536 = FACE_BOUND('',#2537,.T.);
#2537 = EDGE_LOOP('',(#2538));
#2538 = ORIENTED_EDGE('',*,*,#2456,.T.);
#2539 = PLANE('',#2540);
#2540 = AXIS2_PLACEMENT_3D('',#2541,#2542,#2543);
#2541 = CARTESIAN_POINT('',(-1.681783693329,2.313567386658,1.6));
#2542 = DIRECTION('',(0.,0.,1.));
#2543 = DIRECTION('',(0.58798628287,-0.808870898943,0.));
#2544 = ADVANCED_FACE('',(#2545),#2568,.F.);
#2545 = FACE_BOUND('',#2546,.F.);
#2546 = EDGE_LOOP('',(#2547,#2557,#2562,#2563));
#2547 = ORIENTED_EDGE('',*,*,#2548,.T.);
#2548 = EDGE_CURVE('',#2549,#2551,#2553,.T.);
#2549 = VERTEX_POINT('',#2550);
#2550 = CARTESIAN_POINT('',(-1.725,2.4,0.985));
#2551 = VERTEX_POINT('',#2552);
#2552 = CARTESIAN_POINT('',(1.725,2.4,0.985));
#2553 = LINE('',#2554,#2555);
#2554 = CARTESIAN_POINT('',(-1.725,2.4,0.985));
#2555 = VECTOR('',#2556,1.);
#2556 = DIRECTION('',(1.,1.110223024625E-16,0.));
#2557 = ORIENTED_EDGE('',*,*,#2558,.T.);
#2558 = EDGE_CURVE('',#2551,#2476,#2559,.T.);
#2559 = B_SPLINE_CURVE_WITH_KNOTS('',1,(#2560,#2561),.UNSPECIFIED.,.F.,
  .F.,(2,2),(0.,1.),.PIECEWISE_BEZIER_KNOTS.);
#2560 = CARTESIAN_POINT('',(1.725,2.4,0.985));
#2561 = CARTESIAN_POINT('',(1.681783693329,2.313567386658,1.6));
#2562 = ORIENTED_EDGE('',*,*,#2473,.F.);
#2563 = ORIENTED_EDGE('',*,*,#2564,.F.);
#2564 = EDGE_CURVE('',#2549,#2474,#2565,.T.);
#2565 = B_SPLINE_CURVE_WITH_KNOTS('',1,(#2566,#2567),.UNSPECIFIED.,.F.,
  .F.,(2,2),(0.,1.),.PIECEWISE_BEZIER_KNOTS.);
#2566 = CARTESIAN_POINT('',(-1.725,2.4,0.985));
#2567 = CARTESIAN_POINT('',(-1.681783693329,2.313567386658,1.6));
#2568 = B_SPLINE_SURFACE_WITH_KNOTS('',1,1,(
    (#2569,#2570)
    ,(#2571,#2572
    )),.UNSPECIFIED.,.F.,.F.,.F.,(2,2),(2,2),(0.,3.45),(0.,1.),
  .PIECEWISE_BEZIER_KNOTS.);
#2569 = CARTESIAN_POINT('',(-1.725,2.4,0.985));
#2570 = CARTESIAN_POINT('',(-1.681783693329,2.313567386658,1.6));
#2571 = CARTESIAN_POINT('',(1.725,2.4,0.985));
#2572 = CARTESIAN_POINT('',(1.681783693329,2.313567386658,1.6));
#2573 = ADVANCED_FACE('',(#2574),#2591,.F.);
#2574 = FACE_BOUND('',#2575,.F.);
#2575 = EDGE_LOOP('',(#2576,#2584,#2585,#2586));
#2576 = ORIENTED_EDGE('',*,*,#2577,.T.);
#2577 = EDGE_CURVE('',#2578,#2549,#2580,.T.);
#2578 = VERTEX_POINT('',#2579);
#2579 = CARTESIAN_POINT('',(-1.9,2.225,0.985));
#2580 = LINE('',#2581,#2582);
#2581 = CARTESIAN_POINT('',(-1.9,2.225,0.985));
#2582 = VECTOR('',#2583,1.);
#2583 = DIRECTION('',(0.707106781187,0.707106781187,0.));
#2584 = ORIENTED_EDGE('',*,*,#2564,.T.);
#2585 = ORIENTED_EDGE('',*,*,#2483,.F.);
#2586 = ORIENTED_EDGE('',*,*,#2587,.F.);
#2587 = EDGE_CURVE('',#2578,#2484,#2588,.T.);
#2588 = B_SPLINE_CURVE_WITH_KNOTS('',1,(#2589,#2590),.UNSPECIFIED.,.F.,
  .F.,(2,2),(0.,1.),.PIECEWISE_BEZIER_KNOTS.);
#2589 = CARTESIAN_POINT('',(-1.9,2.225,0.985));
#2590 = CARTESIAN_POINT('',(-1.813567386658,2.181783693329,1.6));
#2591 = B_SPLINE_SURFACE_WITH_KNOTS('',1,1,(
    (#2592,#2593)
    ,(#2594,#2595
    )),.UNSPECIFIED.,.F.,.F.,.F.,(2,2),(2,2),(0.,0.247487373415),(0.,1.)
  ,.PIECEWISE_BEZIER_KNOTS.);
#2592 = CARTESIAN_POINT('',(-1.9,2.225,0.985));
#2593 = CARTESIAN_POINT('',(-1.813567386658,2.181783693329,1.6));
#2594 = CARTESIAN_POINT('',(-1.725,2.4,0.985));
#2595 = CARTESIAN_POINT('',(-1.681783693329,2.313567386658,1.6));
#2596 = ADVANCED_FACE('',(#2597),#2614,.F.);
#2597 = FACE_BOUND('',#2598,.F.);
#2598 = EDGE_LOOP('',(#2599,#2607,#2612,#2613));
#2599 = ORIENTED_EDGE('',*,*,#2600,.T.);
#2600 = EDGE_CURVE('',#2551,#2601,#2603,.T.);
#2601 = VERTEX_POINT('',#2602);
#2602 = CARTESIAN_POINT('',(1.9,2.225,0.985));
#2603 = LINE('',#2604,#2605);
#2604 = CARTESIAN_POINT('',(1.725,2.4,0.985));
#2605 = VECTOR('',#2606,1.);
#2606 = DIRECTION('',(0.707106781187,-0.707106781187,0.));
#2607 = ORIENTED_EDGE('',*,*,#2608,.T.);
#2608 = EDGE_CURVE('',#2601,#2524,#2609,.T.);
#2609 = B_SPLINE_CURVE_WITH_KNOTS('',1,(#2610,#2611),.UNSPECIFIED.,.F.,
  .F.,(2,2),(0.,1.),.PIECEWISE_BEZIER_KNOTS.);
#2610 = CARTESIAN_POINT('',(1.9,2.225,0.985));
#2611 = CARTESIAN_POINT('',(1.813567386658,2.181783693329,1.6));
#2612 = ORIENTED_EDGE('',*,*,#2531,.F.);
#2613 = ORIENTED_EDGE('',*,*,#2558,.F.);
#2614 = B_SPLINE_SURFACE_WITH_KNOTS('',1,1,(
    (#2615,#2616)
    ,(#2617,#2618
    )),.UNSPECIFIED.,.F.,.F.,.F.,(2,2),(2,2),(0.,0.247487373415),(0.,1.)
  ,.PIECEWISE_BEZIER_KNOTS.);
#2615 = CARTESIAN_POINT('',(1.725,2.4,0.985));
#2616 = CARTESIAN_POINT('',(1.681783693329,2.313567386658,1.6));
#2617 = CARTESIAN_POINT('',(1.9,2.225,0.985));
#2618 = CARTESIAN_POINT('',(1.813567386658,2.181783693329,1.6));
#2619 = ADVANCED_FACE('',(#2620),#2701,.F.);
#2620 = FACE_BOUND('',#2621,.F.);
#2621 = EDGE_LOOP('',(#2622,#2632,#2640,#2648,#2656,#2664,#2672,#2680,
    #2688,#2694,#2695,#2696));
#2622 = ORIENTED_EDGE('',*,*,#2623,.T.);
#2623 = EDGE_CURVE('',#2624,#2626,#2628,.T.);
#2624 = VERTEX_POINT('',#2625);
#2625 = CARTESIAN_POINT('',(-1.9,-2.225,0.985));
#2626 = VERTEX_POINT('',#2627);
#2627 = CARTESIAN_POINT('',(-1.9,-2.0925,0.985));
#2628 = LINE('',#2629,#2630);
#2629 = CARTESIAN_POINT('',(-1.9,-2.225,0.985));
#2630 = VECTOR('',#2631,1.);
#2631 = DIRECTION('',(-1.110223024625E-16,1.,0.));
#2632 = ORIENTED_EDGE('',*,*,#2633,.T.);
#2633 = EDGE_CURVE('',#2626,#2634,#2636,.T.);
#2634 = VERTEX_POINT('',#2635);
#2635 = CARTESIAN_POINT('',(-1.9,-1.7175,0.985));
#2636 = LINE('',#2637,#2638);
#2637 = CARTESIAN_POINT('',(-1.9,-2.225,0.985));
#2638 = VECTOR('',#2639,1.);
#2639 = DIRECTION('',(-1.110223024625E-16,1.,0.));
#2640 = ORIENTED_EDGE('',*,*,#2641,.T.);
#2641 = EDGE_CURVE('',#2634,#2642,#2644,.T.);
#2642 = VERTEX_POINT('',#2643);
#2643 = CARTESIAN_POINT('',(-1.9,-0.8225,0.985));
#2644 = LINE('',#2645,#2646);
#2645 = CARTESIAN_POINT('',(-1.9,-2.225,0.985));
#2646 = VECTOR('',#2647,1.);
#2647 = DIRECTION('',(-1.110223024625E-16,1.,0.));
#2648 = ORIENTED_EDGE('',*,*,#2649,.T.);
#2649 = EDGE_CURVE('',#2642,#2650,#2652,.T.);
#2650 = VERTEX_POINT('',#2651);
#2651 = CARTESIAN_POINT('',(-1.9,-0.4475,0.985));
#2652 = LINE('',#2653,#2654);
#2653 = CARTESIAN_POINT('',(-1.9,-2.225,0.985));
#2654 = VECTOR('',#2655,1.);
#2655 = DIRECTION('',(-1.110223024625E-16,1.,0.));
#2656 = ORIENTED_EDGE('',*,*,#2657,.T.);
#2657 = EDGE_CURVE('',#2650,#2658,#2660,.T.);
#2658 = VERTEX_POINT('',#2659);
#2659 = CARTESIAN_POINT('',(-1.9,0.4475,0.985));
#2660 = LINE('',#2661,#2662);
#2661 = CARTESIAN_POINT('',(-1.9,-2.225,0.985));
#2662 = VECTOR('',#2663,1.);
#2663 = DIRECTION('',(-1.110223024625E-16,1.,0.));
#2664 = ORIENTED_EDGE('',*,*,#2665,.T.);
#2665 = EDGE_CURVE('',#2658,#2666,#2668,.T.);
#2666 = VERTEX_POINT('',#2667);
#2667 = CARTESIAN_POINT('',(-1.9,0.8225,0.985));
#2668 = LINE('',#2669,#2670);
#2669 = CARTESIAN_POINT('',(-1.9,-2.225,0.985));
#2670 = VECTOR('',#2671,1.);
#2671 = DIRECTION('',(-1.110223024625E-16,1.,0.));
#2672 = ORIENTED_EDGE('',*,*,#2673,.T.);
#2673 = EDGE_CURVE('',#2666,#2674,#2676,.T.);
#2674 = VERTEX_POINT('',#2675);
#2675 = CARTESIAN_POINT('',(-1.9,1.7175,0.985));
#2676 = LINE('',#2677,#2678);
#2677 = CARTESIAN_POINT('',(-1.9,-2.225,0.985));
#2678 = VECTOR('',#2679,1.);
#2679 = DIRECTION('',(-1.110223024625E-16,1.,0.));
#2680 = ORIENTED_EDGE('',*,*,#2681,.T.);
#2681 = EDGE_CURVE('',#2674,#2682,#2684,.T.);
#2682 = VERTEX_POINT('',#2683);
#2683 = CARTESIAN_POINT('',(-1.9,2.0925,0.985));
#2684 = LINE('',#2685,#2686);
#2685 = CARTESIAN_POINT('',(-1.9,-2.225,0.985));
#2686 = VECTOR('',#2687,1.);
#2687 = DIRECTION('',(-1.110223024625E-16,1.,0.));
#2688 = ORIENTED_EDGE('',*,*,#2689,.T.);
#2689 = EDGE_CURVE('',#2682,#2578,#2690,.T.);
#2690 = LINE('',#2691,#2692);
#2691 = CARTESIAN_POINT('',(-1.9,-2.225,0.985));
#2692 = VECTOR('',#2693,1.);
#2693 = DIRECTION('',(-1.110223024625E-16,1.,0.));
#2694 = ORIENTED_EDGE('',*,*,#2587,.T.);
#2695 = ORIENTED_EDGE('',*,*,#2491,.F.);
#2696 = ORIENTED_EDGE('',*,*,#2697,.F.);
#2697 = EDGE_CURVE('',#2624,#2492,#2698,.T.);
#2698 = B_SPLINE_CURVE_WITH_KNOTS('',1,(#2699,#2700),.UNSPECIFIED.,.F.,
  .F.,(2,2),(0.,1.),.PIECEWISE_BEZIER_KNOTS.);
#2699 = CARTESIAN_POINT('',(-1.9,-2.225,0.985));
#2700 = CARTESIAN_POINT('',(-1.813567386658,-2.181783693329,1.6));
#2701 = B_SPLINE_SURFACE_WITH_KNOTS('',1,1,(
    (#2702,#2703)
    ,(#2704,#2705
    )),.UNSPECIFIED.,.F.,.F.,.F.,(2,2),(2,2),(0.,4.45),(0.,1.),
  .PIECEWISE_BEZIER_KNOTS.);
#2702 = CARTESIAN_POINT('',(-1.9,-2.225,0.985));
#2703 = CARTESIAN_POINT('',(-1.813567386658,-2.181783693329,1.6));
#2704 = CARTESIAN_POINT('',(-1.9,2.225,0.985));
#2705 = CARTESIAN_POINT('',(-1.813567386658,2.181783693329,1.6));
#2706 = ADVANCED_FACE('',(#2707),#2788,.F.);
#2707 = FACE_BOUND('',#2708,.F.);
#2708 = EDGE_LOOP('',(#2709,#2717,#2725,#2733,#2741,#2749,#2757,#2765,
    #2773,#2781,#2786,#2787));
#2709 = ORIENTED_EDGE('',*,*,#2710,.T.);
#2710 = EDGE_CURVE('',#2601,#2711,#2713,.T.);
#2711 = VERTEX_POINT('',#2712);
#2712 = CARTESIAN_POINT('',(1.9,2.0925,0.985));
#2713 = LINE('',#2714,#2715);
#2714 = CARTESIAN_POINT('',(1.9,2.225,0.985));
#2715 = VECTOR('',#2716,1.);
#2716 = DIRECTION('',(1.110223024625E-16,-1.,0.));
#2717 = ORIENTED_EDGE('',*,*,#2718,.T.);
#2718 = EDGE_CURVE('',#2711,#2719,#2721,.T.);
#2719 = VERTEX_POINT('',#2720);
#2720 = CARTESIAN_POINT('',(1.9,1.7175,0.985));
#2721 = LINE('',#2722,#2723);
#2722 = CARTESIAN_POINT('',(1.9,2.225,0.985));
#2723 = VECTOR('',#2724,1.);
#2724 = DIRECTION('',(1.110223024625E-16,-1.,0.));
#2725 = ORIENTED_EDGE('',*,*,#2726,.T.);
#2726 = EDGE_CURVE('',#2719,#2727,#2729,.T.);
#2727 = VERTEX_POINT('',#2728);
#2728 = CARTESIAN_POINT('',(1.9,0.8225,0.985));
#2729 = LINE('',#2730,#2731);
#2730 = CARTESIAN_POINT('',(1.9,2.225,0.985));
#2731 = VECTOR('',#2732,1.);
#2732 = DIRECTION('',(1.110223024625E-16,-1.,0.));
#2733 = ORIENTED_EDGE('',*,*,#2734,.T.);
#2734 = EDGE_CURVE('',#2727,#2735,#2737,.T.);
#2735 = VERTEX_POINT('',#2736);
#2736 = CARTESIAN_POINT('',(1.9,0.4475,0.985));
#2737 = LINE('',#2738,#2739);
#2738 = CARTESIAN_POINT('',(1.9,2.225,0.985));
#2739 = VECTOR('',#2740,1.);
#2740 = DIRECTION('',(1.110223024625E-16,-1.,0.));
#2741 = ORIENTED_EDGE('',*,*,#2742,.T.);
#2742 = EDGE_CURVE('',#2735,#2743,#2745,.T.);
#2743 = VERTEX_POINT('',#2744);
#2744 = CARTESIAN_POINT('',(1.9,-0.4475,0.985));
#2745 = LINE('',#2746,#2747);
#2746 = CARTESIAN_POINT('',(1.9,2.225,0.985));
#2747 = VECTOR('',#2748,1.);
#2748 = DIRECTION('',(1.110223024625E-16,-1.,0.));
#2749 = ORIENTED_EDGE('',*,*,#2750,.T.);
#2750 = EDGE_CURVE('',#2743,#2751,#2753,.T.);
#2751 = VERTEX_POINT('',#2752);
#2752 = CARTESIAN_POINT('',(1.9,-0.8225,0.985));
#2753 = LINE('',#2754,#2755);
#2754 = CARTESIAN_POINT('',(1.9,2.225,0.985));
#2755 = VECTOR('',#2756,1.);
#2756 = DIRECTION('',(1.110223024625E-16,-1.,0.));
#2757 = ORIENTED_EDGE('',*,*,#2758,.T.);
#2758 = EDGE_CURVE('',#2751,#2759,#2761,.T.);
#2759 = VERTEX_POINT('',#2760);
#2760 = CARTESIAN_POINT('',(1.9,-1.7175,0.985));
#2761 = LINE('',#2762,#2763);
#2762 = CARTESIAN_POINT('',(1.9,2.225,0.985));
#2763 = VECTOR('',#2764,1.);
#2764 = DIRECTION('',(1.110223024625E-16,-1.,0.));
#2765 = ORIENTED_EDGE('',*,*,#2766,.T.);
#2766 = EDGE_CURVE('',#2759,#2767,#2769,.T.);
#2767 = VERTEX_POINT('',#2768);
#2768 = CARTESIAN_POINT('',(1.9,-2.0925,0.985));
#2769 = LINE('',#2770,#2771);
#2770 = CARTESIAN_POINT('',(1.9,2.225,0.985));
#2771 = VECTOR('',#2772,1.);
#2772 = DIRECTION('',(1.110223024625E-16,-1.,0.));
#2773 = ORIENTED_EDGE('',*,*,#2774,.T.);
#2774 = EDGE_CURVE('',#2767,#2775,#2777,.T.);
#2775 = VERTEX_POINT('',#2776);
#2776 = CARTESIAN_POINT('',(1.9,-2.225,0.985));
#2777 = LINE('',#2778,#2779);
#2778 = CARTESIAN_POINT('',(1.9,2.225,0.985));
#2779 = VECTOR('',#2780,1.);
#2780 = DIRECTION('',(1.110223024625E-16,-1.,0.));
#2781 = ORIENTED_EDGE('',*,*,#2782,.T.);
#2782 = EDGE_CURVE('',#2775,#2516,#2783,.T.);
#2783 = B_SPLINE_CURVE_WITH_KNOTS('',1,(#2784,#2785),.UNSPECIFIED.,.F.,
  .F.,(2,2),(0.,1.),.PIECEWISE_BEZIER_KNOTS.);
#2784 = CARTESIAN_POINT('',(1.9,-2.225,0.985));
#2785 = CARTESIAN_POINT('',(1.813567386658,-2.181783693329,1.6));
#2786 = ORIENTED_EDGE('',*,*,#2523,.F.);
#2787 = ORIENTED_EDGE('',*,*,#2608,.F.);
#2788 = B_SPLINE_SURFACE_WITH_KNOTS('',1,1,(
    (#2789,#2790)
    ,(#2791,#2792
    )),.UNSPECIFIED.,.F.,.F.,.F.,(2,2),(2,2),(0.,4.45),(0.,1.),
  .PIECEWISE_BEZIER_KNOTS.);
#2789 = CARTESIAN_POINT('',(1.9,2.225,0.985));
#2790 = CARTESIAN_POINT('',(1.813567386658,2.181783693329,1.6));
#2791 = CARTESIAN_POINT('',(1.9,-2.225,0.985));
#2792 = CARTESIAN_POINT('',(1.813567386658,-2.181783693329,1.6));
#2793 = ADVANCED_FACE('',(#2794),#2811,.F.);
#2794 = FACE_BOUND('',#2795,.F.);
#2795 = EDGE_LOOP('',(#2796,#2804,#2805,#2806));
#2796 = ORIENTED_EDGE('',*,*,#2797,.T.);
#2797 = EDGE_CURVE('',#2798,#2624,#2800,.T.);
#2798 = VERTEX_POINT('',#2799);
#2799 = CARTESIAN_POINT('',(-1.725,-2.4,0.985));
#2800 = LINE('',#2801,#2802);
#2801 = CARTESIAN_POINT('',(-1.725,-2.4,0.985));
#2802 = VECTOR('',#2803,1.);
#2803 = DIRECTION('',(-0.707106781187,0.707106781187,0.));
#2804 = ORIENTED_EDGE('',*,*,#2697,.T.);
#2805 = ORIENTED_EDGE('',*,*,#2499,.F.);
#2806 = ORIENTED_EDGE('',*,*,#2807,.F.);
#2807 = EDGE_CURVE('',#2798,#2500,#2808,.T.);
#2808 = B_SPLINE_CURVE_WITH_KNOTS('',1,(#2809,#2810),.UNSPECIFIED.,.F.,
  .F.,(2,2),(0.,1.),.PIECEWISE_BEZIER_KNOTS.);
#2809 = CARTESIAN_POINT('',(-1.725,-2.4,0.985));
#2810 = CARTESIAN_POINT('',(-1.681783693329,-2.313567386658,1.6));
#2811 = B_SPLINE_SURFACE_WITH_KNOTS('',1,1,(
    (#2812,#2813)
    ,(#2814,#2815
    )),.UNSPECIFIED.,.F.,.F.,.F.,(2,2),(2,2),(0.,0.247487373415),(0.,1.)
  ,.PIECEWISE_BEZIER_KNOTS.);
#2812 = CARTESIAN_POINT('',(-1.725,-2.4,0.985));
#2813 = CARTESIAN_POINT('',(-1.681783693329,-2.313567386658,1.6));
#2814 = CARTESIAN_POINT('',(-1.9,-2.225,0.985));
#2815 = CARTESIAN_POINT('',(-1.813567386658,-2.181783693329,1.6));
#2816 = ADVANCED_FACE('',(#2817),#2834,.F.);
#2817 = FACE_BOUND('',#2818,.F.);
#2818 = EDGE_LOOP('',(#2819,#2827,#2832,#2833));
#2819 = ORIENTED_EDGE('',*,*,#2820,.T.);
#2820 = EDGE_CURVE('',#2775,#2821,#2823,.T.);
#2821 = VERTEX_POINT('',#2822);
#2822 = CARTESIAN_POINT('',(1.725,-2.4,0.985));
#2823 = LINE('',#2824,#2825);
#2824 = CARTESIAN_POINT('',(1.9,-2.225,0.985));
#2825 = VECTOR('',#2826,1.);
#2826 = DIRECTION('',(-0.707106781187,-0.707106781187,0.));
#2827 = ORIENTED_EDGE('',*,*,#2828,.T.);
#2828 = EDGE_CURVE('',#2821,#2508,#2829,.T.);
#2829 = B_SPLINE_CURVE_WITH_KNOTS('',1,(#2830,#2831),.UNSPECIFIED.,.F.,
  .F.,(2,2),(0.,1.),.PIECEWISE_BEZIER_KNOTS.);
#2830 = CARTESIAN_POINT('',(1.725,-2.4,0.985));
#2831 = CARTESIAN_POINT('',(1.681783693329,-2.313567386658,1.6));
#2832 = ORIENTED_EDGE('',*,*,#2515,.F.);
#2833 = ORIENTED_EDGE('',*,*,#2782,.F.);
#2834 = B_SPLINE_SURFACE_WITH_KNOTS('',1,1,(
    (#2835,#2836)
    ,(#2837,#2838
    )),.UNSPECIFIED.,.F.,.F.,.F.,(2,2),(2,2),(0.,0.247487373415),(0.,1.)
  ,.PIECEWISE_BEZIER_KNOTS.);
#2835 = CARTESIAN_POINT('',(1.9,-2.225,0.985));
#2836 = CARTESIAN_POINT('',(1.813567386658,-2.181783693329,1.6));
#2837 = CARTESIAN_POINT('',(1.725,-2.4,0.985));
#2838 = CARTESIAN_POINT('',(1.681783693329,-2.313567386658,1.6));
#2839 = ADVANCED_FACE('',(#2840),#2851,.F.);
#2840 = FACE_BOUND('',#2841,.F.);
#2841 = EDGE_LOOP('',(#2842,#2848,#2849,#2850));
#2842 = ORIENTED_EDGE('',*,*,#2843,.T.);
#2843 = EDGE_CURVE('',#2821,#2798,#2844,.T.);
#2844 = LINE('',#2845,#2846);
#2845 = CARTESIAN_POINT('',(1.725,-2.4,0.985));
#2846 = VECTOR('',#2847,1.);
#2847 = DIRECTION('',(-1.,-1.110223024625E-16,0.));
#2848 = ORIENTED_EDGE('',*,*,#2807,.T.);
#2849 = ORIENTED_EDGE('',*,*,#2507,.F.);
#2850 = ORIENTED_EDGE('',*,*,#2828,.F.);
#2851 = B_SPLINE_SURFACE_WITH_KNOTS('',1,1,(
    (#2852,#2853)
    ,(#2854,#2855
    )),.UNSPECIFIED.,.F.,.F.,.F.,(2,2),(2,2),(0.,3.45),(0.,1.),
  .PIECEWISE_BEZIER_KNOTS.);
#2852 = CARTESIAN_POINT('',(1.725,-2.4,0.985));
#2853 = CARTESIAN_POINT('',(1.681783693329,-2.313567386658,1.6));
#2854 = CARTESIAN_POINT('',(-1.725,-2.4,0.985));
#2855 = CARTESIAN_POINT('',(-1.681783693329,-2.313567386658,1.6));
#2856 = ADVANCED_FACE('',(#2857),#2918,.F.);
#2857 = FACE_BOUND('',#2858,.F.);
#2858 = EDGE_LOOP('',(#2859,#2869,#2877,#2885,#2893,#2899,#2900,#2901,
    #2902,#2903,#2904,#2912));
#2859 = ORIENTED_EDGE('',*,*,#2860,.T.);
#2860 = EDGE_CURVE('',#2861,#2863,#2865,.T.);
#2861 = VERTEX_POINT('',#2862);
#2862 = CARTESIAN_POINT('',(-1.95,2.25,0.985));
#2863 = VERTEX_POINT('',#2864);
#2864 = CARTESIAN_POINT('',(-1.75,2.45,0.985));
#2865 = LINE('',#2866,#2867);
#2866 = CARTESIAN_POINT('',(-1.95,2.25,0.985));
#2867 = VECTOR('',#2868,1.);
#2868 = DIRECTION('',(0.707106781187,0.707106781187,0.));
#2869 = ORIENTED_EDGE('',*,*,#2870,.T.);
#2870 = EDGE_CURVE('',#2863,#2871,#2873,.T.);
#2871 = VERTEX_POINT('',#2872);
#2872 = CARTESIAN_POINT('',(1.75,2.45,0.985));
#2873 = LINE('',#2874,#2875);
#2874 = CARTESIAN_POINT('',(-1.75,2.45,0.985));
#2875 = VECTOR('',#2876,1.);
#2876 = DIRECTION('',(1.,1.110223024625E-16,0.));
#2877 = ORIENTED_EDGE('',*,*,#2878,.T.);
#2878 = EDGE_CURVE('',#2871,#2879,#2881,.T.);
#2879 = VERTEX_POINT('',#2880);
#2880 = CARTESIAN_POINT('',(1.95,2.25,0.985));
#2881 = LINE('',#2882,#2883);
#2882 = CARTESIAN_POINT('',(1.75,2.45,0.985));
#2883 = VECTOR('',#2884,1.);
#2884 = DIRECTION('',(0.707106781187,-0.707106781187,0.));
#2885 = ORIENTED_EDGE('',*,*,#2886,.T.);
#2886 = EDGE_CURVE('',#2879,#2887,#2889,.T.);
#2887 = VERTEX_POINT('',#2888);
#2888 = CARTESIAN_POINT('',(1.95,2.0925,0.985));
#2889 = LINE('',#2890,#2891);
#2890 = CARTESIAN_POINT('',(1.95,2.25,0.985));
#2891 = VECTOR('',#2892,1.);
#2892 = DIRECTION('',(1.110223024625E-16,-1.,0.));
#2893 = ORIENTED_EDGE('',*,*,#2894,.T.);
#2894 = EDGE_CURVE('',#2887,#2711,#2895,.T.);
#2895 = LINE('',#2896,#2897);
#2896 = CARTESIAN_POINT('',(2.206799889726,2.0925,0.985));
#2897 = VECTOR('',#2898,1.);
#2898 = DIRECTION('',(-1.,-1.110223024625E-16,0.));
#2899 = ORIENTED_EDGE('',*,*,#2710,.F.);
#2900 = ORIENTED_EDGE('',*,*,#2600,.F.);
#2901 = ORIENTED_EDGE('',*,*,#2548,.F.);
#2902 = ORIENTED_EDGE('',*,*,#2577,.F.);
#2903 = ORIENTED_EDGE('',*,*,#2689,.F.);
#2904 = ORIENTED_EDGE('',*,*,#2905,.F.);
#2905 = EDGE_CURVE('',#2906,#2682,#2908,.T.);
#2906 = VERTEX_POINT('',#2907);
#2907 = CARTESIAN_POINT('',(-1.95,2.0925,0.985));
#2908 = LINE('',#2909,#2910);
#2909 = CARTESIAN_POINT('',(-2.206799889726,2.0925,0.985));
#2910 = VECTOR('',#2911,1.);
#2911 = DIRECTION('',(1.,-1.144237745222E-17,0.));
#2912 = ORIENTED_EDGE('',*,*,#2913,.T.);
#2913 = EDGE_CURVE('',#2906,#2861,#2914,.T.);
#2914 = LINE('',#2915,#2916);
#2915 = CARTESIAN_POINT('',(-1.95,-2.25,0.985));
#2916 = VECTOR('',#2917,1.);
#2917 = DIRECTION('',(-1.110223024625E-16,1.,0.));
#2918 = PLANE('',#2919);
#2919 = AXIS2_PLACEMENT_3D('',#2920,#2921,#2922);
#2920 = CARTESIAN_POINT('',(-3.554778143102E-16,2.425,0.985));
#2921 = DIRECTION('',(1.875102486077E-17,5.138222262729E-16,-1.));
#2922 = DIRECTION('',(1.,1.361962925222E-16,1.875102486077E-17));
#2923 = ADVANCED_FACE('',(#2924),#2985,.F.);
#2924 = FACE_BOUND('',#2925,.F.);
#2925 = EDGE_LOOP('',(#2926,#2936,#2942,#2943,#2944,#2945,#2946,#2947,
    #2955,#2963,#2971,#2979));
#2926 = ORIENTED_EDGE('',*,*,#2927,.T.);
#2927 = EDGE_CURVE('',#2928,#2930,#2932,.T.);
#2928 = VERTEX_POINT('',#2929);
#2929 = CARTESIAN_POINT('',(-1.95,-2.25,0.985));
#2930 = VERTEX_POINT('',#2931);
#2931 = CARTESIAN_POINT('',(-1.95,-2.0925,0.985));
#2932 = LINE('',#2933,#2934);
#2933 = CARTESIAN_POINT('',(-1.95,-2.25,0.985));
#2934 = VECTOR('',#2935,1.);
#2935 = DIRECTION('',(-1.110223024625E-16,1.,0.));
#2936 = ORIENTED_EDGE('',*,*,#2937,.T.);
#2937 = EDGE_CURVE('',#2930,#2626,#2938,.T.);
#2938 = LINE('',#2939,#2940);
#2939 = CARTESIAN_POINT('',(-2.206799889726,-2.0925,0.985));
#2940 = VECTOR('',#2941,1.);
#2941 = DIRECTION('',(1.,-1.144237745222E-17,0.));
#2942 = ORIENTED_EDGE('',*,*,#2623,.F.);
#2943 = ORIENTED_EDGE('',*,*,#2797,.F.);
#2944 = ORIENTED_EDGE('',*,*,#2843,.F.);
#2945 = ORIENTED_EDGE('',*,*,#2820,.F.);
#2946 = ORIENTED_EDGE('',*,*,#2774,.F.);
#2947 = ORIENTED_EDGE('',*,*,#2948,.F.);
#2948 = EDGE_CURVE('',#2949,#2767,#2951,.T.);
#2949 = VERTEX_POINT('',#2950);
#2950 = CARTESIAN_POINT('',(1.95,-2.0925,0.985));
#2951 = LINE('',#2952,#2953);
#2952 = CARTESIAN_POINT('',(2.206799889726,-2.0925,0.985));
#2953 = VECTOR('',#2954,1.);
#2954 = DIRECTION('',(-1.,-1.110223024625E-16,0.));
#2955 = ORIENTED_EDGE('',*,*,#2956,.T.);
#2956 = EDGE_CURVE('',#2949,#2957,#2959,.T.);
#2957 = VERTEX_POINT('',#2958);
#2958 = CARTESIAN_POINT('',(1.95,-2.25,0.985));
#2959 = LINE('',#2960,#2961);
#2960 = CARTESIAN_POINT('',(1.95,2.25,0.985));
#2961 = VECTOR('',#2962,1.);
#2962 = DIRECTION('',(1.110223024625E-16,-1.,0.));
#2963 = ORIENTED_EDGE('',*,*,#2964,.T.);
#2964 = EDGE_CURVE('',#2957,#2965,#2967,.T.);
#2965 = VERTEX_POINT('',#2966);
#2966 = CARTESIAN_POINT('',(1.75,-2.45,0.985));
#2967 = LINE('',#2968,#2969);
#2968 = CARTESIAN_POINT('',(1.95,-2.25,0.985));
#2969 = VECTOR('',#2970,1.);
#2970 = DIRECTION('',(-0.707106781187,-0.707106781187,0.));
#2971 = ORIENTED_EDGE('',*,*,#2972,.T.);
#2972 = EDGE_CURVE('',#2965,#2973,#2975,.T.);
#2973 = VERTEX_POINT('',#2974);
#2974 = CARTESIAN_POINT('',(-1.75,-2.45,0.985));
#2975 = LINE('',#2976,#2977);
#2976 = CARTESIAN_POINT('',(1.75,-2.45,0.985));
#2977 = VECTOR('',#2978,1.);
#2978 = DIRECTION('',(-1.,-1.110223024625E-16,0.));
#2979 = ORIENTED_EDGE('',*,*,#2980,.T.);
#2980 = EDGE_CURVE('',#2973,#2928,#2981,.T.);
#2981 = LINE('',#2982,#2983);
#2982 = CARTESIAN_POINT('',(-1.75,-2.45,0.985));
#2983 = VECTOR('',#2984,1.);
#2984 = DIRECTION('',(-0.707106781187,0.707106781187,0.));
#2985 = PLANE('',#2986);
#2986 = AXIS2_PLACEMENT_3D('',#2987,#2988,#2989);
#2987 = CARTESIAN_POINT('',(-3.554778143102E-16,2.425,0.985));
#2988 = DIRECTION('',(1.875102486077E-17,5.138222262729E-16,-1.));
#2989 = DIRECTION('',(1.,1.361962925222E-16,1.875102486077E-17));
#2990 = ADVANCED_FACE('',(#2991),#3025,.F.);
#2991 = FACE_BOUND('',#2992,.F.);
#2992 = EDGE_LOOP('',(#2993,#3001,#3009,#3017,#3023,#3024));
#2993 = ORIENTED_EDGE('',*,*,#2994,.F.);
#2994 = EDGE_CURVE('',#2995,#2930,#2997,.T.);
#2995 = VERTEX_POINT('',#2996);
#2996 = CARTESIAN_POINT('',(-2.206799889726,-2.0925,0.985));
#2997 = LINE('',#2998,#2999);
#2998 = CARTESIAN_POINT('',(-2.206799889726,-2.0925,0.985));
#2999 = VECTOR('',#3000,1.);
#3000 = DIRECTION('',(1.,-1.144237745222E-17,0.));
#3001 = ORIENTED_EDGE('',*,*,#3002,.T.);
#3002 = EDGE_CURVE('',#2995,#3003,#3005,.T.);
#3003 = VERTEX_POINT('',#3004);
#3004 = CARTESIAN_POINT('',(-2.206799889726,-1.7175,0.985));
#3005 = LINE('',#3006,#3007);
#3006 = CARTESIAN_POINT('',(-2.206799889726,-2.0925,0.985));
#3007 = VECTOR('',#3008,1.);
#3008 = DIRECTION('',(1.144237745222E-17,1.,0.));
#3009 = ORIENTED_EDGE('',*,*,#3010,.T.);
#3010 = EDGE_CURVE('',#3003,#3011,#3013,.T.);
#3011 = VERTEX_POINT('',#3012);
#3012 = CARTESIAN_POINT('',(-1.95,-1.7175,0.985));
#3013 = LINE('',#3014,#3015);
#3014 = CARTESIAN_POINT('',(-2.206799889726,-1.7175,0.985));
#3015 = VECTOR('',#3016,1.);
#3016 = DIRECTION('',(1.,-1.144237745222E-17,0.));
#3017 = ORIENTED_EDGE('',*,*,#3018,.T.);
#3018 = EDGE_CURVE('',#3011,#2634,#3019,.T.);
#3019 = LINE('',#3020,#3021);
#3020 = CARTESIAN_POINT('',(-2.206799889726,-1.7175,0.985));
#3021 = VECTOR('',#3022,1.);
#3022 = DIRECTION('',(1.,-1.144237745222E-17,0.));
#3023 = ORIENTED_EDGE('',*,*,#2633,.F.);
#3024 = ORIENTED_EDGE('',*,*,#2937,.F.);
#3025 = PLANE('',#3026);
#3026 = AXIS2_PLACEMENT_3D('',#3027,#3028,#3029);
#3027 = CARTESIAN_POINT('',(-2.206799889726,-2.0925,0.985));
#3028 = DIRECTION('',(0.,0.,-1.));
#3029 = DIRECTION('',(1.,-1.144237745222E-17,0.));
#3030 = ADVANCED_FACE('',(#3031),#3049,.F.);
#3031 = FACE_BOUND('',#3032,.F.);
#3032 = EDGE_LOOP('',(#3033,#3041,#3047,#3048));
#3033 = ORIENTED_EDGE('',*,*,#3034,.T.);
#3034 = EDGE_CURVE('',#3011,#3035,#3037,.T.);
#3035 = VERTEX_POINT('',#3036);
#3036 = CARTESIAN_POINT('',(-1.95,-0.8225,0.985));
#3037 = LINE('',#3038,#3039);
#3038 = CARTESIAN_POINT('',(-1.95,-2.25,0.985));
#3039 = VECTOR('',#3040,1.);
#3040 = DIRECTION('',(-1.110223024625E-16,1.,0.));
#3041 = ORIENTED_EDGE('',*,*,#3042,.T.);
#3042 = EDGE_CURVE('',#3035,#2642,#3043,.T.);
#3043 = LINE('',#3044,#3045);
#3044 = CARTESIAN_POINT('',(-2.206799889726,-0.8225,0.985));
#3045 = VECTOR('',#3046,1.);
#3046 = DIRECTION('',(1.,-1.144237745222E-17,0.));
#3047 = ORIENTED_EDGE('',*,*,#2641,.F.);
#3048 = ORIENTED_EDGE('',*,*,#3018,.F.);
#3049 = PLANE('',#3050);
#3050 = AXIS2_PLACEMENT_3D('',#3051,#3052,#3053);
#3051 = CARTESIAN_POINT('',(-3.554778143102E-16,2.425,0.985));
#3052 = DIRECTION('',(1.875102486077E-17,5.138222262729E-16,-1.));
#3053 = DIRECTION('',(1.,1.361962925222E-16,1.875102486077E-17));
#3054 = ADVANCED_FACE('',(#3055),#3089,.F.);
#3055 = FACE_BOUND('',#3056,.F.);
#3056 = EDGE_LOOP('',(#3057,#3065,#3073,#3081,#3087,#3088));
#3057 = ORIENTED_EDGE('',*,*,#3058,.F.);
#3058 = EDGE_CURVE('',#3059,#3035,#3061,.T.);
#3059 = VERTEX_POINT('',#3060);
#3060 = CARTESIAN_POINT('',(-2.206799889726,-0.8225,0.985));
#3061 = LINE('',#3062,#3063);
#3062 = CARTESIAN_POINT('',(-2.206799889726,-0.8225,0.985));
#3063 = VECTOR('',#3064,1.);
#3064 = DIRECTION('',(1.,-1.144237745222E-17,0.));
#3065 = ORIENTED_EDGE('',*,*,#3066,.T.);
#3066 = EDGE_CURVE('',#3059,#3067,#3069,.T.);
#3067 = VERTEX_POINT('',#3068);
#3068 = CARTESIAN_POINT('',(-2.206799889726,-0.4475,0.985));
#3069 = LINE('',#3070,#3071);
#3070 = CARTESIAN_POINT('',(-2.206799889726,-0.8225,0.985));
#3071 = VECTOR('',#3072,1.);
#3072 = DIRECTION('',(1.144237745222E-17,1.,0.));
#3073 = ORIENTED_EDGE('',*,*,#3074,.T.);
#3074 = EDGE_CURVE('',#3067,#3075,#3077,.T.);
#3075 = VERTEX_POINT('',#3076);
#3076 = CARTESIAN_POINT('',(-1.95,-0.4475,0.985));
#3077 = LINE('',#3078,#3079);
#3078 = CARTESIAN_POINT('',(-2.206799889726,-0.4475,0.985));
#3079 = VECTOR('',#3080,1.);
#3080 = DIRECTION('',(1.,-1.144237745222E-17,0.));
#3081 = ORIENTED_EDGE('',*,*,#3082,.T.);
#3082 = EDGE_CURVE('',#3075,#2650,#3083,.T.);
#3083 = LINE('',#3084,#3085);
#3084 = CARTESIAN_POINT('',(-2.206799889726,-0.4475,0.985));
#3085 = VECTOR('',#3086,1.);
#3086 = DIRECTION('',(1.,-1.144237745222E-17,0.));
#3087 = ORIENTED_EDGE('',*,*,#2649,.F.);
#3088 = ORIENTED_EDGE('',*,*,#3042,.F.);
#3089 = PLANE('',#3090);
#3090 = AXIS2_PLACEMENT_3D('',#3091,#3092,#3093);
#3091 = CARTESIAN_POINT('',(-2.206799889726,-0.8225,0.985));
#3092 = DIRECTION('',(0.,0.,-1.));
#3093 = DIRECTION('',(1.,-1.144237745222E-17,0.));
#3094 = ADVANCED_FACE('',(#3095),#3113,.F.);
#3095 = FACE_BOUND('',#3096,.F.);
#3096 = EDGE_LOOP('',(#3097,#3105,#3111,#3112));
#3097 = ORIENTED_EDGE('',*,*,#3098,.T.);
#3098 = EDGE_CURVE('',#3075,#3099,#3101,.T.);
#3099 = VERTEX_POINT('',#3100);
#3100 = CARTESIAN_POINT('',(-1.95,0.4475,0.985));
#3101 = LINE('',#3102,#3103);
#3102 = CARTESIAN_POINT('',(-1.95,-2.25,0.985));
#3103 = VECTOR('',#3104,1.);
#3104 = DIRECTION('',(-1.110223024625E-16,1.,0.));
#3105 = ORIENTED_EDGE('',*,*,#3106,.T.);
#3106 = EDGE_CURVE('',#3099,#2658,#3107,.T.);
#3107 = LINE('',#3108,#3109);
#3108 = CARTESIAN_POINT('',(-2.206799889726,0.4475,0.985));
#3109 = VECTOR('',#3110,1.);
#3110 = DIRECTION('',(1.,-1.144237745222E-17,0.));
#3111 = ORIENTED_EDGE('',*,*,#2657,.F.);
#3112 = ORIENTED_EDGE('',*,*,#3082,.F.);
#3113 = PLANE('',#3114);
#3114 = AXIS2_PLACEMENT_3D('',#3115,#3116,#3117);
#3115 = CARTESIAN_POINT('',(-3.554778143102E-16,2.425,0.985));
#3116 = DIRECTION('',(1.875102486077E-17,5.138222262729E-16,-1.));
#3117 = DIRECTION('',(1.,1.361962925222E-16,1.875102486077E-17));
#3118 = ADVANCED_FACE('',(#3119),#3153,.F.);
#3119 = FACE_BOUND('',#3120,.F.);
#3120 = EDGE_LOOP('',(#3121,#3129,#3137,#3145,#3151,#3152));
#3121 = ORIENTED_EDGE('',*,*,#3122,.F.);
#3122 = EDGE_CURVE('',#3123,#3099,#3125,.T.);
#3123 = VERTEX_POINT('',#3124);
#3124 = CARTESIAN_POINT('',(-2.206799889726,0.4475,0.985));
#3125 = LINE('',#3126,#3127);
#3126 = CARTESIAN_POINT('',(-2.206799889726,0.4475,0.985));
#3127 = VECTOR('',#3128,1.);
#3128 = DIRECTION('',(1.,-1.144237745222E-17,0.));
#3129 = ORIENTED_EDGE('',*,*,#3130,.T.);
#3130 = EDGE_CURVE('',#3123,#3131,#3133,.T.);
#3131 = VERTEX_POINT('',#3132);
#3132 = CARTESIAN_POINT('',(-2.206799889726,0.8225,0.985));
#3133 = LINE('',#3134,#3135);
#3134 = CARTESIAN_POINT('',(-2.206799889726,0.4475,0.985));
#3135 = VECTOR('',#3136,1.);
#3136 = DIRECTION('',(1.144237745222E-17,1.,0.));
#3137 = ORIENTED_EDGE('',*,*,#3138,.T.);
#3138 = EDGE_CURVE('',#3131,#3139,#3141,.T.);
#3139 = VERTEX_POINT('',#3140);
#3140 = CARTESIAN_POINT('',(-1.95,0.8225,0.985));
#3141 = LINE('',#3142,#3143);
#3142 = CARTESIAN_POINT('',(-2.206799889726,0.8225,0.985));
#3143 = VECTOR('',#3144,1.);
#3144 = DIRECTION('',(1.,-1.144237745222E-17,0.));
#3145 = ORIENTED_EDGE('',*,*,#3146,.T.);
#3146 = EDGE_CURVE('',#3139,#2666,#3147,.T.);
#3147 = LINE('',#3148,#3149);
#3148 = CARTESIAN_POINT('',(-2.206799889726,0.8225,0.985));
#3149 = VECTOR('',#3150,1.);
#3150 = DIRECTION('',(1.,-1.144237745222E-17,0.));
#3151 = ORIENTED_EDGE('',*,*,#2665,.F.);
#3152 = ORIENTED_EDGE('',*,*,#3106,.F.);
#3153 = PLANE('',#3154);
#3154 = AXIS2_PLACEMENT_3D('',#3155,#3156,#3157);
#3155 = CARTESIAN_POINT('',(-2.206799889726,0.4475,0.985));
#3156 = DIRECTION('',(0.,0.,-1.));
#3157 = DIRECTION('',(1.,-1.144237745222E-17,0.));
#3158 = ADVANCED_FACE('',(#3159),#3177,.F.);
#3159 = FACE_BOUND('',#3160,.F.);
#3160 = EDGE_LOOP('',(#3161,#3169,#3175,#3176));
#3161 = ORIENTED_EDGE('',*,*,#3162,.T.);
#3162 = EDGE_CURVE('',#3139,#3163,#3165,.T.);
#3163 = VERTEX_POINT('',#3164);
#3164 = CARTESIAN_POINT('',(-1.95,1.7175,0.985));
#3165 = LINE('',#3166,#3167);
#3166 = CARTESIAN_POINT('',(-1.95,-2.25,0.985));
#3167 = VECTOR('',#3168,1.);
#3168 = DIRECTION('',(-1.110223024625E-16,1.,0.));
#3169 = ORIENTED_EDGE('',*,*,#3170,.T.);
#3170 = EDGE_CURVE('',#3163,#2674,#3171,.T.);
#3171 = LINE('',#3172,#3173);
#3172 = CARTESIAN_POINT('',(-2.206799889726,1.7175,0.985));
#3173 = VECTOR('',#3174,1.);
#3174 = DIRECTION('',(1.,-1.144237745222E-17,0.));
#3175 = ORIENTED_EDGE('',*,*,#2673,.F.);
#3176 = ORIENTED_EDGE('',*,*,#3146,.F.);
#3177 = PLANE('',#3178);
#3178 = AXIS2_PLACEMENT_3D('',#3179,#3180,#3181);
#3179 = CARTESIAN_POINT('',(-3.554778143102E-16,2.425,0.985));
#3180 = DIRECTION('',(1.875102486077E-17,5.138222262729E-16,-1.));
#3181 = DIRECTION('',(1.,1.361962925222E-16,1.875102486077E-17));
#3182 = ADVANCED_FACE('',(#3183),#3210,.F.);
#3183 = FACE_BOUND('',#3184,.F.);
#3184 = EDGE_LOOP('',(#3185,#3193,#3201,#3207,#3208,#3209));
#3185 = ORIENTED_EDGE('',*,*,#3186,.F.);
#3186 = EDGE_CURVE('',#3187,#3163,#3189,.T.);
#3187 = VERTEX_POINT('',#3188);
#3188 = CARTESIAN_POINT('',(-2.206799889726,1.7175,0.985));
#3189 = LINE('',#3190,#3191);
#3190 = CARTESIAN_POINT('',(-2.206799889726,1.7175,0.985));
#3191 = VECTOR('',#3192,1.);
#3192 = DIRECTION('',(1.,-1.144237745222E-17,0.));
#3193 = ORIENTED_EDGE('',*,*,#3194,.T.);
#3194 = EDGE_CURVE('',#3187,#3195,#3197,.T.);
#3195 = VERTEX_POINT('',#3196);
#3196 = CARTESIAN_POINT('',(-2.206799889726,2.0925,0.985));
#3197 = LINE('',#3198,#3199);
#3198 = CARTESIAN_POINT('',(-2.206799889726,1.7175,0.985));
#3199 = VECTOR('',#3200,1.);
#3200 = DIRECTION('',(1.144237745222E-17,1.,0.));
#3201 = ORIENTED_EDGE('',*,*,#3202,.T.);
#3202 = EDGE_CURVE('',#3195,#2906,#3203,.T.);
#3203 = LINE('',#3204,#3205);
#3204 = CARTESIAN_POINT('',(-2.206799889726,2.0925,0.985));
#3205 = VECTOR('',#3206,1.);
#3206 = DIRECTION('',(1.,-1.144237745222E-17,0.));
#3207 = ORIENTED_EDGE('',*,*,#2905,.T.);
#3208 = ORIENTED_EDGE('',*,*,#2681,.F.);
#3209 = ORIENTED_EDGE('',*,*,#3170,.F.);
#3210 = PLANE('',#3211);
#3211 = AXIS2_PLACEMENT_3D('',#3212,#3213,#3214);
#3212 = CARTESIAN_POINT('',(-2.206799889726,1.7175,0.985));
#3213 = DIRECTION('',(0.,0.,-1.));
#3214 = DIRECTION('',(1.,-1.144237745222E-17,0.));
#3215 = ADVANCED_FACE('',(#3216),#3250,.F.);
#3216 = FACE_BOUND('',#3217,.F.);
#3217 = EDGE_LOOP('',(#3218,#3226,#3234,#3242,#3248,#3249));
#3218 = ORIENTED_EDGE('',*,*,#3219,.F.);
#3219 = EDGE_CURVE('',#3220,#2887,#3222,.T.);
#3220 = VERTEX_POINT('',#3221);
#3221 = CARTESIAN_POINT('',(2.206799889726,2.0925,0.985));
#3222 = LINE('',#3223,#3224);
#3223 = CARTESIAN_POINT('',(2.206799889726,2.0925,0.985));
#3224 = VECTOR('',#3225,1.);
#3225 = DIRECTION('',(-1.,-1.110223024625E-16,0.));
#3226 = ORIENTED_EDGE('',*,*,#3227,.T.);
#3227 = EDGE_CURVE('',#3220,#3228,#3230,.T.);
#3228 = VERTEX_POINT('',#3229);
#3229 = CARTESIAN_POINT('',(2.206799889726,1.7175,0.985));
#3230 = LINE('',#3231,#3232);
#3231 = CARTESIAN_POINT('',(2.206799889726,2.0925,0.985));
#3232 = VECTOR('',#3233,1.);
#3233 = DIRECTION('',(1.110223024625E-16,-1.,0.));
#3234 = ORIENTED_EDGE('',*,*,#3235,.T.);
#3235 = EDGE_CURVE('',#3228,#3236,#3238,.T.);
#3236 = VERTEX_POINT('',#3237);
#3237 = CARTESIAN_POINT('',(1.95,1.7175,0.985));
#3238 = LINE('',#3239,#3240);
#3239 = CARTESIAN_POINT('',(2.206799889726,1.7175,0.985));
#3240 = VECTOR('',#3241,1.);
#3241 = DIRECTION('',(-1.,-1.110223024625E-16,0.));
#3242 = ORIENTED_EDGE('',*,*,#3243,.T.);
#3243 = EDGE_CURVE('',#3236,#2719,#3244,.T.);
#3244 = LINE('',#3245,#3246);
#3245 = CARTESIAN_POINT('',(2.206799889726,1.7175,0.985));
#3246 = VECTOR('',#3247,1.);
#3247 = DIRECTION('',(-1.,-1.110223024625E-16,0.));
#3248 = ORIENTED_EDGE('',*,*,#2718,.F.);
#3249 = ORIENTED_EDGE('',*,*,#2894,.F.);
#3250 = PLANE('',#3251);
#3251 = AXIS2_PLACEMENT_3D('',#3252,#3253,#3254);
#3252 = CARTESIAN_POINT('',(2.206799889726,2.0925,0.985));
#3253 = DIRECTION('',(0.,0.,-1.));
#3254 = DIRECTION('',(-1.,-1.110223024625E-16,-0.));
#3255 = ADVANCED_FACE('',(#3256),#3274,.F.);
#3256 = FACE_BOUND('',#3257,.F.);
#3257 = EDGE_LOOP('',(#3258,#3259,#3267,#3273));
#3258 = ORIENTED_EDGE('',*,*,#3243,.F.);
#3259 = ORIENTED_EDGE('',*,*,#3260,.T.);
#3260 = EDGE_CURVE('',#3236,#3261,#3263,.T.);
#3261 = VERTEX_POINT('',#3262);
#3262 = CARTESIAN_POINT('',(1.95,0.8225,0.985));
#3263 = LINE('',#3264,#3265);
#3264 = CARTESIAN_POINT('',(1.95,2.25,0.985));
#3265 = VECTOR('',#3266,1.);
#3266 = DIRECTION('',(1.110223024625E-16,-1.,0.));
#3267 = ORIENTED_EDGE('',*,*,#3268,.T.);
#3268 = EDGE_CURVE('',#3261,#2727,#3269,.T.);
#3269 = LINE('',#3270,#3271);
#3270 = CARTESIAN_POINT('',(2.206799889726,0.8225,0.985));
#3271 = VECTOR('',#3272,1.);
#3272 = DIRECTION('',(-1.,-1.110223024625E-16,0.));
#3273 = ORIENTED_EDGE('',*,*,#2726,.F.);
#3274 = PLANE('',#3275);
#3275 = AXIS2_PLACEMENT_3D('',#3276,#3277,#3278);
#3276 = CARTESIAN_POINT('',(-3.554778143102E-16,2.425,0.985));
#3277 = DIRECTION('',(1.875102486077E-17,5.138222262729E-16,-1.));
#3278 = DIRECTION('',(1.,1.361962925222E-16,1.875102486077E-17));
#3279 = ADVANCED_FACE('',(#3280),#3314,.F.);
#3280 = FACE_BOUND('',#3281,.F.);
#3281 = EDGE_LOOP('',(#3282,#3290,#3298,#3306,#3312,#3313));
#3282 = ORIENTED_EDGE('',*,*,#3283,.F.);
#3283 = EDGE_CURVE('',#3284,#3261,#3286,.T.);
#3284 = VERTEX_POINT('',#3285);
#3285 = CARTESIAN_POINT('',(2.206799889726,0.8225,0.985));
#3286 = LINE('',#3287,#3288);
#3287 = CARTESIAN_POINT('',(2.206799889726,0.8225,0.985));
#3288 = VECTOR('',#3289,1.);
#3289 = DIRECTION('',(-1.,-1.110223024625E-16,0.));
#3290 = ORIENTED_EDGE('',*,*,#3291,.T.);
#3291 = EDGE_CURVE('',#3284,#3292,#3294,.T.);
#3292 = VERTEX_POINT('',#3293);
#3293 = CARTESIAN_POINT('',(2.206799889726,0.4475,0.985));
#3294 = LINE('',#3295,#3296);
#3295 = CARTESIAN_POINT('',(2.206799889726,0.8225,0.985));
#3296 = VECTOR('',#3297,1.);
#3297 = DIRECTION('',(1.110223024625E-16,-1.,0.));
#3298 = ORIENTED_EDGE('',*,*,#3299,.T.);
#3299 = EDGE_CURVE('',#3292,#3300,#3302,.T.);
#3300 = VERTEX_POINT('',#3301);
#3301 = CARTESIAN_POINT('',(1.95,0.4475,0.985));
#3302 = LINE('',#3303,#3304);
#3303 = CARTESIAN_POINT('',(2.206799889726,0.4475,0.985));
#3304 = VECTOR('',#3305,1.);
#3305 = DIRECTION('',(-1.,-1.110223024625E-16,0.));
#3306 = ORIENTED_EDGE('',*,*,#3307,.T.);
#3307 = EDGE_CURVE('',#3300,#2735,#3308,.T.);
#3308 = LINE('',#3309,#3310);
#3309 = CARTESIAN_POINT('',(2.206799889726,0.4475,0.985));
#3310 = VECTOR('',#3311,1.);
#3311 = DIRECTION('',(-1.,-1.110223024625E-16,0.));
#3312 = ORIENTED_EDGE('',*,*,#2734,.F.);
#3313 = ORIENTED_EDGE('',*,*,#3268,.F.);
#3314 = PLANE('',#3315);
#3315 = AXIS2_PLACEMENT_3D('',#3316,#3317,#3318);
#3316 = CARTESIAN_POINT('',(2.206799889726,0.8225,0.985));
#3317 = DIRECTION('',(0.,0.,-1.));
#3318 = DIRECTION('',(-1.,-1.110223024625E-16,-0.));
#3319 = ADVANCED_FACE('',(#3320),#3338,.F.);
#3320 = FACE_BOUND('',#3321,.F.);
#3321 = EDGE_LOOP('',(#3322,#3323,#3331,#3337));
#3322 = ORIENTED_EDGE('',*,*,#3307,.F.);
#3323 = ORIENTED_EDGE('',*,*,#3324,.T.);
#3324 = EDGE_CURVE('',#3300,#3325,#3327,.T.);
#3325 = VERTEX_POINT('',#3326);
#3326 = CARTESIAN_POINT('',(1.95,-0.4475,0.985));
#3327 = LINE('',#3328,#3329);
#3328 = CARTESIAN_POINT('',(1.95,2.25,0.985));
#3329 = VECTOR('',#3330,1.);
#3330 = DIRECTION('',(1.110223024625E-16,-1.,0.));
#3331 = ORIENTED_EDGE('',*,*,#3332,.T.);
#3332 = EDGE_CURVE('',#3325,#2743,#3333,.T.);
#3333 = LINE('',#3334,#3335);
#3334 = CARTESIAN_POINT('',(2.206799889726,-0.4475,0.985));
#3335 = VECTOR('',#3336,1.);
#3336 = DIRECTION('',(-1.,-1.110223024625E-16,0.));
#3337 = ORIENTED_EDGE('',*,*,#2742,.F.);
#3338 = PLANE('',#3339);
#3339 = AXIS2_PLACEMENT_3D('',#3340,#3341,#3342);
#3340 = CARTESIAN_POINT('',(-3.554778143102E-16,2.425,0.985));
#3341 = DIRECTION('',(1.875102486077E-17,5.138222262729E-16,-1.));
#3342 = DIRECTION('',(1.,1.361962925222E-16,1.875102486077E-17));
#3343 = ADVANCED_FACE('',(#3344),#3378,.F.);
#3344 = FACE_BOUND('',#3345,.F.);
#3345 = EDGE_LOOP('',(#3346,#3354,#3362,#3370,#3376,#3377));
#3346 = ORIENTED_EDGE('',*,*,#3347,.F.);
#3347 = EDGE_CURVE('',#3348,#3325,#3350,.T.);
#3348 = VERTEX_POINT('',#3349);
#3349 = CARTESIAN_POINT('',(2.206799889726,-0.4475,0.985));
#3350 = LINE('',#3351,#3352);
#3351 = CARTESIAN_POINT('',(2.206799889726,-0.4475,0.985));
#3352 = VECTOR('',#3353,1.);
#3353 = DIRECTION('',(-1.,-1.110223024625E-16,0.));
#3354 = ORIENTED_EDGE('',*,*,#3355,.T.);
#3355 = EDGE_CURVE('',#3348,#3356,#3358,.T.);
#3356 = VERTEX_POINT('',#3357);
#3357 = CARTESIAN_POINT('',(2.206799889726,-0.8225,0.985));
#3358 = LINE('',#3359,#3360);
#3359 = CARTESIAN_POINT('',(2.206799889726,-0.4475,0.985));
#3360 = VECTOR('',#3361,1.);
#3361 = DIRECTION('',(1.110223024625E-16,-1.,0.));
#3362 = ORIENTED_EDGE('',*,*,#3363,.T.);
#3363 = EDGE_CURVE('',#3356,#3364,#3366,.T.);
#3364 = VERTEX_POINT('',#3365);
#3365 = CARTESIAN_POINT('',(1.95,-0.8225,0.985));
#3366 = LINE('',#3367,#3368);
#3367 = CARTESIAN_POINT('',(2.206799889726,-0.8225,0.985));
#3368 = VECTOR('',#3369,1.);
#3369 = DIRECTION('',(-1.,-1.110223024625E-16,0.));
#3370 = ORIENTED_EDGE('',*,*,#3371,.T.);
#3371 = EDGE_CURVE('',#3364,#2751,#3372,.T.);
#3372 = LINE('',#3373,#3374);
#3373 = CARTESIAN_POINT('',(2.206799889726,-0.8225,0.985));
#3374 = VECTOR('',#3375,1.);
#3375 = DIRECTION('',(-1.,-1.110223024625E-16,0.));
#3376 = ORIENTED_EDGE('',*,*,#2750,.F.);
#3377 = ORIENTED_EDGE('',*,*,#3332,.F.);
#3378 = PLANE('',#3379);
#3379 = AXIS2_PLACEMENT_3D('',#3380,#3381,#3382);
#3380 = CARTESIAN_POINT('',(2.206799889726,-0.4475,0.985));
#3381 = DIRECTION('',(0.,0.,-1.));
#3382 = DIRECTION('',(-1.,-1.110223024625E-16,-0.));
#3383 = ADVANCED_FACE('',(#3384),#3402,.F.);
#3384 = FACE_BOUND('',#3385,.F.);
#3385 = EDGE_LOOP('',(#3386,#3387,#3395,#3401));
#3386 = ORIENTED_EDGE('',*,*,#3371,.F.);
#3387 = ORIENTED_EDGE('',*,*,#3388,.T.);
#3388 = EDGE_CURVE('',#3364,#3389,#3391,.T.);
#3389 = VERTEX_POINT('',#3390);
#3390 = CARTESIAN_POINT('',(1.95,-1.7175,0.985));
#3391 = LINE('',#3392,#3393);
#3392 = CARTESIAN_POINT('',(1.95,2.25,0.985));
#3393 = VECTOR('',#3394,1.);
#3394 = DIRECTION('',(1.110223024625E-16,-1.,0.));
#3395 = ORIENTED_EDGE('',*,*,#3396,.T.);
#3396 = EDGE_CURVE('',#3389,#2759,#3397,.T.);
#3397 = LINE('',#3398,#3399);
#3398 = CARTESIAN_POINT('',(2.206799889726,-1.7175,0.985));
#3399 = VECTOR('',#3400,1.);
#3400 = DIRECTION('',(-1.,-1.110223024625E-16,0.));
#3401 = ORIENTED_EDGE('',*,*,#2758,.F.);
#3402 = PLANE('',#3403);
#3403 = AXIS2_PLACEMENT_3D('',#3404,#3405,#3406);
#3404 = CARTESIAN_POINT('',(-3.554778143102E-16,2.425,0.985));
#3405 = DIRECTION('',(1.875102486077E-17,5.138222262729E-16,-1.));
#3406 = DIRECTION('',(1.,1.361962925222E-16,1.875102486077E-17));
#3407 = ADVANCED_FACE('',(#3408),#3435,.F.);
#3408 = FACE_BOUND('',#3409,.F.);
#3409 = EDGE_LOOP('',(#3410,#3418,#3426,#3432,#3433,#3434));
#3410 = ORIENTED_EDGE('',*,*,#3411,.F.);
#3411 = EDGE_CURVE('',#3412,#3389,#3414,.T.);
#3412 = VERTEX_POINT('',#3413);
#3413 = CARTESIAN_POINT('',(2.206799889726,-1.7175,0.985));
#3414 = LINE('',#3415,#3416);
#3415 = CARTESIAN_POINT('',(2.206799889726,-1.7175,0.985));
#3416 = VECTOR('',#3417,1.);
#3417 = DIRECTION('',(-1.,-1.110223024625E-16,0.));
#3418 = ORIENTED_EDGE('',*,*,#3419,.T.);
#3419 = EDGE_CURVE('',#3412,#3420,#3422,.T.);
#3420 = VERTEX_POINT('',#3421);
#3421 = CARTESIAN_POINT('',(2.206799889726,-2.0925,0.985));
#3422 = LINE('',#3423,#3424);
#3423 = CARTESIAN_POINT('',(2.206799889726,-1.7175,0.985));
#3424 = VECTOR('',#3425,1.);
#3425 = DIRECTION('',(1.110223024625E-16,-1.,0.));
#3426 = ORIENTED_EDGE('',*,*,#3427,.T.);
#3427 = EDGE_CURVE('',#3420,#2949,#3428,.T.);
#3428 = LINE('',#3429,#3430);
#3429 = CARTESIAN_POINT('',(2.206799889726,-2.0925,0.985));
#3430 = VECTOR('',#3431,1.);
#3431 = DIRECTION('',(-1.,-1.110223024625E-16,0.));
#3432 = ORIENTED_EDGE('',*,*,#2948,.T.);
#3433 = ORIENTED_EDGE('',*,*,#2766,.F.);
#3434 = ORIENTED_EDGE('',*,*,#3396,.F.);
#3435 = PLANE('',#3436);
#3436 = AXIS2_PLACEMENT_3D('',#3437,#3438,#3439);
#3437 = CARTESIAN_POINT('',(2.206799889726,-1.7175,0.985));
#3438 = DIRECTION('',(0.,0.,-1.));
#3439 = DIRECTION('',(-1.,-1.110223024625E-16,-0.));
#3440 = ADVANCED_FACE('',(#3441),#3464,.F.);
#3441 = FACE_BOUND('',#3442,.F.);
#3442 = EDGE_LOOP('',(#3443,#3453,#3458,#3459));
#3443 = ORIENTED_EDGE('',*,*,#3444,.T.);
#3444 = EDGE_CURVE('',#3445,#3447,#3449,.T.);
#3445 = VERTEX_POINT('',#3446);
#3446 = CARTESIAN_POINT('',(-1.95,2.25,0.765));
#3447 = VERTEX_POINT('',#3448);
#3448 = CARTESIAN_POINT('',(-1.75,2.45,0.765));
#3449 = LINE('',#3450,#3451);
#3450 = CARTESIAN_POINT('',(-1.95,2.25,0.765));
#3451 = VECTOR('',#3452,1.);
#3452 = DIRECTION('',(0.707106781187,0.707106781187,0.));
#3453 = ORIENTED_EDGE('',*,*,#3454,.T.);
#3454 = EDGE_CURVE('',#3447,#2863,#3455,.T.);
#3455 = B_SPLINE_CURVE_WITH_KNOTS('',1,(#3456,#3457),.UNSPECIFIED.,.F.,
  .F.,(2,2),(0.,1.),.PIECEWISE_BEZIER_KNOTS.);
#3456 = CARTESIAN_POINT('',(-1.75,2.45,0.765));
#3457 = CARTESIAN_POINT('',(-1.75,2.45,0.985));
#3458 = ORIENTED_EDGE('',*,*,#2860,.F.);
#3459 = ORIENTED_EDGE('',*,*,#3460,.F.);
#3460 = EDGE_CURVE('',#3445,#2861,#3461,.T.);
#3461 = B_SPLINE_CURVE_WITH_KNOTS('',1,(#3462,#3463),.UNSPECIFIED.,.F.,
  .F.,(2,2),(0.,1.),.PIECEWISE_BEZIER_KNOTS.);
#3462 = CARTESIAN_POINT('',(-1.95,2.25,0.765));
#3463 = CARTESIAN_POINT('',(-1.95,2.25,0.985));
#3464 = PLANE('',#3465);
#3465 = AXIS2_PLACEMENT_3D('',#3466,#3467,#3468);
#3466 = CARTESIAN_POINT('',(-1.95,2.25,0.985));
#3467 = DIRECTION('',(0.707106781187,-0.707106781187,0.));
#3468 = DIRECTION('',(0.707106781187,0.707106781187,0.));
#3469 = ADVANCED_FACE('',(#3470),#3488,.F.);
#3470 = FACE_BOUND('',#3471,.F.);
#3471 = EDGE_LOOP('',(#3472,#3480,#3486,#3487));
#3472 = ORIENTED_EDGE('',*,*,#3473,.F.);
#3473 = EDGE_CURVE('',#3474,#2906,#3476,.T.);
#3474 = VERTEX_POINT('',#3475);
#3475 = CARTESIAN_POINT('',(-1.95,2.0925,0.765));
#3476 = LINE('',#3477,#3478);
#3477 = CARTESIAN_POINT('',(-1.95,2.0925,0.751749522365));
#3478 = VECTOR('',#3479,1.);
#3479 = DIRECTION('',(0.,0.,1.));
#3480 = ORIENTED_EDGE('',*,*,#3481,.T.);
#3481 = EDGE_CURVE('',#3474,#3445,#3482,.T.);
#3482 = LINE('',#3483,#3484);
#3483 = CARTESIAN_POINT('',(-1.95,-2.25,0.765));
#3484 = VECTOR('',#3485,1.);
#3485 = DIRECTION('',(-1.110223024625E-16,1.,0.));
#3486 = ORIENTED_EDGE('',*,*,#3460,.T.);
#3487 = ORIENTED_EDGE('',*,*,#2913,.F.);
#3488 = PLANE('',#3489);
#3489 = AXIS2_PLACEMENT_3D('',#3490,#3491,#3492);
#3490 = CARTESIAN_POINT('',(-1.95,-2.25,0.985));
#3491 = DIRECTION('',(1.,1.110223024625E-16,0.));
#3492 = DIRECTION('',(-1.110223024625E-16,1.,0.));
#3493 = ADVANCED_FACE('',(#3494),#3518,.F.);
#3494 = FACE_BOUND('',#3495,.F.);
#3495 = EDGE_LOOP('',(#3496,#3503,#3511,#3517));
#3496 = ORIENTED_EDGE('',*,*,#3497,.F.);
#3497 = EDGE_CURVE('',#3498,#2879,#3500,.T.);
#3498 = VERTEX_POINT('',#3499);
#3499 = CARTESIAN_POINT('',(1.95,2.25,0.765));
#3500 = B_SPLINE_CURVE_WITH_KNOTS('',1,(#3501,#3502),.UNSPECIFIED.,.F.,
  .F.,(2,2),(0.,1.),.PIECEWISE_BEZIER_KNOTS.);
#3501 = CARTESIAN_POINT('',(1.95,2.25,0.765));
#3502 = CARTESIAN_POINT('',(1.95,2.25,0.985));
#3503 = ORIENTED_EDGE('',*,*,#3504,.T.);
#3504 = EDGE_CURVE('',#3498,#3505,#3507,.T.);
#3505 = VERTEX_POINT('',#3506);
#3506 = CARTESIAN_POINT('',(1.95,2.0925,0.765));
#3507 = LINE('',#3508,#3509);
#3508 = CARTESIAN_POINT('',(1.95,2.25,0.765));
#3509 = VECTOR('',#3510,1.);
#3510 = DIRECTION('',(1.110223024625E-16,-1.,0.));
#3511 = ORIENTED_EDGE('',*,*,#3512,.T.);
#3512 = EDGE_CURVE('',#3505,#2887,#3513,.T.);
#3513 = LINE('',#3514,#3515);
#3514 = CARTESIAN_POINT('',(1.95,2.0925,0.751749522365));
#3515 = VECTOR('',#3516,1.);
#3516 = DIRECTION('',(0.,0.,1.));
#3517 = ORIENTED_EDGE('',*,*,#2886,.F.);
#3518 = PLANE('',#3519);
#3519 = AXIS2_PLACEMENT_3D('',#3520,#3521,#3522);
#3520 = CARTESIAN_POINT('',(1.95,2.25,0.985));
#3521 = DIRECTION('',(-1.,-1.110223024625E-16,0.));
#3522 = DIRECTION('',(1.110223024625E-16,-1.,0.));
#3523 = ADVANCED_FACE('',(#3524),#3541,.F.);
#3524 = FACE_BOUND('',#3525,.F.);
#3525 = EDGE_LOOP('',(#3526,#3534,#3535,#3536));
#3526 = ORIENTED_EDGE('',*,*,#3527,.T.);
#3527 = EDGE_CURVE('',#3528,#3498,#3530,.T.);
#3528 = VERTEX_POINT('',#3529);
#3529 = CARTESIAN_POINT('',(1.75,2.45,0.765));
#3530 = LINE('',#3531,#3532);
#3531 = CARTESIAN_POINT('',(1.75,2.45,0.765));
#3532 = VECTOR('',#3533,1.);
#3533 = DIRECTION('',(0.707106781187,-0.707106781187,0.));
#3534 = ORIENTED_EDGE('',*,*,#3497,.T.);
#3535 = ORIENTED_EDGE('',*,*,#2878,.F.);
#3536 = ORIENTED_EDGE('',*,*,#3537,.F.);
#3537 = EDGE_CURVE('',#3528,#2871,#3538,.T.);
#3538 = B_SPLINE_CURVE_WITH_KNOTS('',1,(#3539,#3540),.UNSPECIFIED.,.F.,
  .F.,(2,2),(0.,1.),.PIECEWISE_BEZIER_KNOTS.);
#3539 = CARTESIAN_POINT('',(1.75,2.45,0.765));
#3540 = CARTESIAN_POINT('',(1.75,2.45,0.985));
#3541 = PLANE('',#3542);
#3542 = AXIS2_PLACEMENT_3D('',#3543,#3544,#3545);
#3543 = CARTESIAN_POINT('',(1.75,2.45,0.985));
#3544 = DIRECTION('',(-0.707106781187,-0.707106781187,0.));
#3545 = DIRECTION('',(0.707106781187,-0.707106781187,0.));
#3546 = ADVANCED_FACE('',(#3547),#3558,.F.);
#3547 = FACE_BOUND('',#3548,.F.);
#3548 = EDGE_LOOP('',(#3549,#3555,#3556,#3557));
#3549 = ORIENTED_EDGE('',*,*,#3550,.T.);
#3550 = EDGE_CURVE('',#3447,#3528,#3551,.T.);
#3551 = LINE('',#3552,#3553);
#3552 = CARTESIAN_POINT('',(-1.75,2.45,0.765));
#3553 = VECTOR('',#3554,1.);
#3554 = DIRECTION('',(1.,1.110223024625E-16,0.));
#3555 = ORIENTED_EDGE('',*,*,#3537,.T.);
#3556 = ORIENTED_EDGE('',*,*,#2870,.F.);
#3557 = ORIENTED_EDGE('',*,*,#3454,.F.);
#3558 = PLANE('',#3559);
#3559 = AXIS2_PLACEMENT_3D('',#3560,#3561,#3562);
#3560 = CARTESIAN_POINT('',(-1.75,2.45,0.985));
#3561 = DIRECTION('',(1.110223024625E-16,-1.,0.));
#3562 = DIRECTION('',(1.,1.110223024625E-16,0.));
#3563 = ADVANCED_FACE('',(#3564),#3588,.F.);
#3564 = FACE_BOUND('',#3565,.F.);
#3565 = EDGE_LOOP('',(#3566,#3573,#3581,#3587));
#3566 = ORIENTED_EDGE('',*,*,#3567,.F.);
#3567 = EDGE_CURVE('',#3568,#2928,#3570,.T.);
#3568 = VERTEX_POINT('',#3569);
#3569 = CARTESIAN_POINT('',(-1.95,-2.25,0.765));
#3570 = B_SPLINE_CURVE_WITH_KNOTS('',1,(#3571,#3572),.UNSPECIFIED.,.F.,
  .F.,(2,2),(0.,1.),.PIECEWISE_BEZIER_KNOTS.);
#3571 = CARTESIAN_POINT('',(-1.95,-2.25,0.765));
#3572 = CARTESIAN_POINT('',(-1.95,-2.25,0.985));
#3573 = ORIENTED_EDGE('',*,*,#3574,.T.);
#3574 = EDGE_CURVE('',#3568,#3575,#3577,.T.);
#3575 = VERTEX_POINT('',#3576);
#3576 = CARTESIAN_POINT('',(-1.95,-2.0925,0.765));
#3577 = LINE('',#3578,#3579);
#3578 = CARTESIAN_POINT('',(-1.95,-2.25,0.765));
#3579 = VECTOR('',#3580,1.);
#3580 = DIRECTION('',(-1.110223024625E-16,1.,0.));
#3581 = ORIENTED_EDGE('',*,*,#3582,.T.);
#3582 = EDGE_CURVE('',#3575,#2930,#3583,.T.);
#3583 = LINE('',#3584,#3585);
#3584 = CARTESIAN_POINT('',(-1.95,-2.0925,0.751749522365));
#3585 = VECTOR('',#3586,1.);
#3586 = DIRECTION('',(0.,0.,1.));
#3587 = ORIENTED_EDGE('',*,*,#2927,.F.);
#3588 = PLANE('',#3589);
#3589 = AXIS2_PLACEMENT_3D('',#3590,#3591,#3592);
#3590 = CARTESIAN_POINT('',(-1.95,-2.25,0.985));
#3591 = DIRECTION('',(1.,1.110223024625E-16,0.));
#3592 = DIRECTION('',(-1.110223024625E-16,1.,0.));
#3593 = ADVANCED_FACE('',(#3594),#3611,.F.);
#3594 = FACE_BOUND('',#3595,.F.);
#3595 = EDGE_LOOP('',(#3596,#3604,#3605,#3606));
#3596 = ORIENTED_EDGE('',*,*,#3597,.T.);
#3597 = EDGE_CURVE('',#3598,#3568,#3600,.T.);
#3598 = VERTEX_POINT('',#3599);
#3599 = CARTESIAN_POINT('',(-1.75,-2.45,0.765));
#3600 = LINE('',#3601,#3602);
#3601 = CARTESIAN_POINT('',(-1.75,-2.45,0.765));
#3602 = VECTOR('',#3603,1.);
#3603 = DIRECTION('',(-0.707106781187,0.707106781187,0.));
#3604 = ORIENTED_EDGE('',*,*,#3567,.T.);
#3605 = ORIENTED_EDGE('',*,*,#2980,.F.);
#3606 = ORIENTED_EDGE('',*,*,#3607,.F.);
#3607 = EDGE_CURVE('',#3598,#2973,#3608,.T.);
#3608 = B_SPLINE_CURVE_WITH_KNOTS('',1,(#3609,#3610),.UNSPECIFIED.,.F.,
  .F.,(2,2),(0.,1.),.PIECEWISE_BEZIER_KNOTS.);
#3609 = CARTESIAN_POINT('',(-1.75,-2.45,0.765));
#3610 = CARTESIAN_POINT('',(-1.75,-2.45,0.985));
#3611 = PLANE('',#3612);
#3612 = AXIS2_PLACEMENT_3D('',#3613,#3614,#3615);
#3613 = CARTESIAN_POINT('',(-1.75,-2.45,0.985));
#3614 = DIRECTION('',(0.707106781187,0.707106781187,0.));
#3615 = DIRECTION('',(-0.707106781187,0.707106781187,0.));
#3616 = ADVANCED_FACE('',(#3617),#3634,.F.);
#3617 = FACE_BOUND('',#3618,.F.);
#3618 = EDGE_LOOP('',(#3619,#3627,#3628,#3629));
#3619 = ORIENTED_EDGE('',*,*,#3620,.T.);
#3620 = EDGE_CURVE('',#3621,#3598,#3623,.T.);
#3621 = VERTEX_POINT('',#3622);
#3622 = CARTESIAN_POINT('',(1.75,-2.45,0.765));
#3623 = LINE('',#3624,#3625);
#3624 = CARTESIAN_POINT('',(1.75,-2.45,0.765));
#3625 = VECTOR('',#3626,1.);
#3626 = DIRECTION('',(-1.,-1.110223024625E-16,0.));
#3627 = ORIENTED_EDGE('',*,*,#3607,.T.);
#3628 = ORIENTED_EDGE('',*,*,#2972,.F.);
#3629 = ORIENTED_EDGE('',*,*,#3630,.F.);
#3630 = EDGE_CURVE('',#3621,#2965,#3631,.T.);
#3631 = B_SPLINE_CURVE_WITH_KNOTS('',1,(#3632,#3633),.UNSPECIFIED.,.F.,
  .F.,(2,2),(0.,1.),.PIECEWISE_BEZIER_KNOTS.);
#3632 = CARTESIAN_POINT('',(1.75,-2.45,0.765));
#3633 = CARTESIAN_POINT('',(1.75,-2.45,0.985));
#3634 = PLANE('',#3635);
#3635 = AXIS2_PLACEMENT_3D('',#3636,#3637,#3638);
#3636 = CARTESIAN_POINT('',(1.75,-2.45,0.985));
#3637 = DIRECTION('',(-1.110223024625E-16,1.,0.));
#3638 = DIRECTION('',(-1.,-1.110223024625E-16,0.));
#3639 = ADVANCED_FACE('',(#3640),#3657,.F.);
#3640 = FACE_BOUND('',#3641,.F.);
#3641 = EDGE_LOOP('',(#3642,#3650,#3651,#3652));
#3642 = ORIENTED_EDGE('',*,*,#3643,.T.);
#3643 = EDGE_CURVE('',#3644,#3621,#3646,.T.);
#3644 = VERTEX_POINT('',#3645);
#3645 = CARTESIAN_POINT('',(1.95,-2.25,0.765));
#3646 = LINE('',#3647,#3648);
#3647 = CARTESIAN_POINT('',(1.95,-2.25,0.765));
#3648 = VECTOR('',#3649,1.);
#3649 = DIRECTION('',(-0.707106781187,-0.707106781187,0.));
#3650 = ORIENTED_EDGE('',*,*,#3630,.T.);
#3651 = ORIENTED_EDGE('',*,*,#2964,.F.);
#3652 = ORIENTED_EDGE('',*,*,#3653,.F.);
#3653 = EDGE_CURVE('',#3644,#2957,#3654,.T.);
#3654 = B_SPLINE_CURVE_WITH_KNOTS('',1,(#3655,#3656),.UNSPECIFIED.,.F.,
  .F.,(2,2),(0.,1.),.PIECEWISE_BEZIER_KNOTS.);
#3655 = CARTESIAN_POINT('',(1.95,-2.25,0.765));
#3656 = CARTESIAN_POINT('',(1.95,-2.25,0.985));
#3657 = PLANE('',#3658);
#3658 = AXIS2_PLACEMENT_3D('',#3659,#3660,#3661);
#3659 = CARTESIAN_POINT('',(1.95,-2.25,0.985));
#3660 = DIRECTION('',(-0.707106781187,0.707106781187,0.));
#3661 = DIRECTION('',(-0.707106781187,-0.707106781187,0.));
#3662 = ADVANCED_FACE('',(#3663),#3681,.F.);
#3663 = FACE_BOUND('',#3664,.F.);
#3664 = EDGE_LOOP('',(#3665,#3673,#3679,#3680));
#3665 = ORIENTED_EDGE('',*,*,#3666,.F.);
#3666 = EDGE_CURVE('',#3667,#2949,#3669,.T.);
#3667 = VERTEX_POINT('',#3668);
#3668 = CARTESIAN_POINT('',(1.95,-2.0925,0.765));
#3669 = LINE('',#3670,#3671);
#3670 = CARTESIAN_POINT('',(1.95,-2.0925,0.751749522365));
#3671 = VECTOR('',#3672,1.);
#3672 = DIRECTION('',(0.,0.,1.));
#3673 = ORIENTED_EDGE('',*,*,#3674,.T.);
#3674 = EDGE_CURVE('',#3667,#3644,#3675,.T.);
#3675 = LINE('',#3676,#3677);
#3676 = CARTESIAN_POINT('',(1.95,2.25,0.765));
#3677 = VECTOR('',#3678,1.);
#3678 = DIRECTION('',(1.110223024625E-16,-1.,0.));
#3679 = ORIENTED_EDGE('',*,*,#3653,.T.);
#3680 = ORIENTED_EDGE('',*,*,#2956,.F.);
#3681 = PLANE('',#3682);
#3682 = AXIS2_PLACEMENT_3D('',#3683,#3684,#3685);
#3683 = CARTESIAN_POINT('',(1.95,2.25,0.985));
#3684 = DIRECTION('',(-1.,-1.110223024625E-16,0.));
#3685 = DIRECTION('',(1.110223024625E-16,-1.,0.));
#3686 = ADVANCED_FACE('',(#3687),#3773,.F.);
#3687 = FACE_BOUND('',#3688,.F.);
#3688 = EDGE_LOOP('',(#3689,#3690,#3698,#3707,#3715,#3724,#3732,#3740,
    #3748,#3757,#3765,#3772));
#3689 = ORIENTED_EDGE('',*,*,#3582,.F.);
#3690 = ORIENTED_EDGE('',*,*,#3691,.T.);
#3691 = EDGE_CURVE('',#3575,#3692,#3694,.T.);
#3692 = VERTEX_POINT('',#3693);
#3693 = CARTESIAN_POINT('',(-2.206799889726,-2.0925,0.765));
#3694 = LINE('',#3695,#3696);
#3695 = CARTESIAN_POINT('',(-1.85,-2.0925,0.765));
#3696 = VECTOR('',#3697,1.);
#3697 = DIRECTION('',(-1.,1.144237745222E-17,0.));
#3698 = ORIENTED_EDGE('',*,*,#3699,.T.);
#3699 = EDGE_CURVE('',#3692,#3700,#3702,.T.);
#3700 = VERTEX_POINT('',#3701);
#3701 = CARTESIAN_POINT('',(-2.354521052678,-2.0925,0.64104722665));
#3702 = CIRCLE('',#3703,0.15);
#3703 = AXIS2_PLACEMENT_3D('',#3704,#3705,#3706);
#3704 = CARTESIAN_POINT('',(-2.206799889726,-2.0925,0.615));
#3705 = DIRECTION('',(-1.144237745222E-17,-1.,2.189528850508E-47));
#3706 = DIRECTION('',(-2.960594732334E-15,3.387624241042E-32,1.));
#3707 = ORIENTED_EDGE('',*,*,#3708,.T.);
#3708 = EDGE_CURVE('',#3700,#3709,#3711,.T.);
#3709 = VERTEX_POINT('',#3710);
#3710 = CARTESIAN_POINT('',(-2.405621131385,-2.0925,0.305750174263));
#3711 = LINE('',#3712,#3713);
#3712 = CARTESIAN_POINT('',(-2.354521052678,-2.0925,0.64104722665));
#3713 = VECTOR('',#3714,1.);
#3714 = DIRECTION('',(-0.150662769045,1.723940271411E-18,-0.988585216369
    ));
#3715 = ORIENTED_EDGE('',*,*,#3716,.T.);
#3716 = EDGE_CURVE('',#3709,#3717,#3719,.T.);
#3717 = VERTEX_POINT('',#3718);
#3718 = CARTESIAN_POINT('',(-2.77,-2.0925,1.110223024625E-16));
#3719 = CIRCLE('',#3720,0.37);
#3720 = AXIS2_PLACEMENT_3D('',#3721,#3722,#3723);
#3721 = CARTESIAN_POINT('',(-2.77,-2.0925,0.37));
#3722 = DIRECTION('',(1.144237745222E-17,1.,-1.54074395551E-33));
#3723 = DIRECTION('',(0.984807753012,-1.126854202784E-17,-0.173648177667
    ));
#3724 = ORIENTED_EDGE('',*,*,#3725,.T.);
#3725 = EDGE_CURVE('',#3717,#3726,#3728,.T.);
#3726 = VERTEX_POINT('',#3727);
#3727 = CARTESIAN_POINT('',(-3.,-2.0925,1.110223024625E-16));
#3728 = LINE('',#3729,#3730);
#3729 = CARTESIAN_POINT('',(-2.77,-2.0925,1.110223024625E-16));
#3730 = VECTOR('',#3731,1.);
#3731 = DIRECTION('',(-1.,1.144237745222E-17,0.));
#3732 = ORIENTED_EDGE('',*,*,#3733,.T.);
#3733 = EDGE_CURVE('',#3726,#3734,#3736,.T.);
#3734 = VERTEX_POINT('',#3735);
#3735 = CARTESIAN_POINT('',(-3.,-2.0925,0.22));
#3736 = LINE('',#3737,#3738);
#3737 = CARTESIAN_POINT('',(-3.,-2.0925,1.110223024625E-16));
#3738 = VECTOR('',#3739,1.);
#3739 = DIRECTION('',(0.,0.,1.));
#3740 = ORIENTED_EDGE('',*,*,#3741,.T.);
#3741 = EDGE_CURVE('',#3734,#3742,#3744,.T.);
#3742 = VERTEX_POINT('',#3743);
#3743 = CARTESIAN_POINT('',(-2.77,-2.0925,0.22));
#3744 = LINE('',#3745,#3746);
#3745 = CARTESIAN_POINT('',(-3.,-2.0925,0.22));
#3746 = VECTOR('',#3747,1.);
#3747 = DIRECTION('',(1.,-1.144237745222E-17,0.));
#3748 = ORIENTED_EDGE('',*,*,#3749,.T.);
#3749 = EDGE_CURVE('',#3742,#3750,#3752,.T.);
#3750 = VERTEX_POINT('',#3751);
#3751 = CARTESIAN_POINT('',(-2.622278837048,-2.0925,0.34395277335));
#3752 = CIRCLE('',#3753,0.15);
#3753 = AXIS2_PLACEMENT_3D('',#3754,#3755,#3756);
#3754 = CARTESIAN_POINT('',(-2.77,-2.0925,0.37));
#3755 = DIRECTION('',(-1.144237745222E-17,-1.,-0.));
#3756 = DIRECTION('',(0.,0.,-1.));
#3757 = ORIENTED_EDGE('',*,*,#3758,.T.);
#3758 = EDGE_CURVE('',#3750,#3759,#3761,.T.);
#3759 = VERTEX_POINT('',#3760);
#3760 = CARTESIAN_POINT('',(-2.571178758341,-2.0925,0.679249825737));
#3761 = LINE('',#3762,#3763);
#3762 = CARTESIAN_POINT('',(-2.622278837048,-2.0925,0.34395277335));
#3763 = VECTOR('',#3764,1.);
#3764 = DIRECTION('',(0.150662769045,-1.723940271411E-18,0.988585216369)
  );
#3765 = ORIENTED_EDGE('',*,*,#3766,.T.);
#3766 = EDGE_CURVE('',#3759,#2995,#3767,.T.);
#3767 = CIRCLE('',#3768,0.37);
#3768 = AXIS2_PLACEMENT_3D('',#3769,#3770,#3771);
#3769 = CARTESIAN_POINT('',(-2.206799889726,-2.0925,0.615));
#3770 = DIRECTION('',(1.144237745222E-17,1.,2.311115933265E-33));
#3771 = DIRECTION('',(-0.984807753012,1.126854202784E-17,0.173648177667)
  );
#3772 = ORIENTED_EDGE('',*,*,#2994,.T.);
#3773 = PLANE('',#3774);
#3774 = AXIS2_PLACEMENT_3D('',#3775,#3776,#3777);
#3775 = CARTESIAN_POINT('',(-2.441839564105,-2.0925,0.51849904473));
#3776 = DIRECTION('',(1.144237745222E-17,1.,0.));
#3777 = DIRECTION('',(0.,-0.,1.));
#3778 = ADVANCED_FACE('',(#3779),#3872,.T.);
#3779 = FACE_BOUND('',#3780,.T.);
#3780 = EDGE_LOOP('',(#3781,#3789,#3797,#3806,#3814,#3823,#3831,#3839,
    #3847,#3856,#3864,#3871));
#3781 = ORIENTED_EDGE('',*,*,#3782,.F.);
#3782 = EDGE_CURVE('',#3783,#3011,#3785,.T.);
#3783 = VERTEX_POINT('',#3784);
#3784 = CARTESIAN_POINT('',(-1.95,-1.7175,0.765));
#3785 = LINE('',#3786,#3787);
#3786 = CARTESIAN_POINT('',(-1.95,-1.7175,0.751749522365));
#3787 = VECTOR('',#3788,1.);
#3788 = DIRECTION('',(0.,0.,1.));
#3789 = ORIENTED_EDGE('',*,*,#3790,.T.);
#3790 = EDGE_CURVE('',#3783,#3791,#3793,.T.);
#3791 = VERTEX_POINT('',#3792);
#3792 = CARTESIAN_POINT('',(-2.206799889726,-1.7175,0.765));
#3793 = LINE('',#3794,#3795);
#3794 = CARTESIAN_POINT('',(-1.85,-1.7175,0.765));
#3795 = VECTOR('',#3796,1.);
#3796 = DIRECTION('',(-1.,1.144237745222E-17,0.));
#3797 = ORIENTED_EDGE('',*,*,#3798,.T.);
#3798 = EDGE_CURVE('',#3791,#3799,#3801,.T.);
#3799 = VERTEX_POINT('',#3800);
#3800 = CARTESIAN_POINT('',(-2.354521052678,-1.7175,0.64104722665));
#3801 = CIRCLE('',#3802,0.15);
#3802 = AXIS2_PLACEMENT_3D('',#3803,#3804,#3805);
#3803 = CARTESIAN_POINT('',(-2.206799889726,-1.7175,0.615));
#3804 = DIRECTION('',(-1.144237745222E-17,-1.,2.189528850508E-47));
#3805 = DIRECTION('',(-2.960594732334E-15,3.387624241042E-32,1.));
#3806 = ORIENTED_EDGE('',*,*,#3807,.T.);
#3807 = EDGE_CURVE('',#3799,#3808,#3810,.T.);
#3808 = VERTEX_POINT('',#3809);
#3809 = CARTESIAN_POINT('',(-2.405621131385,-1.7175,0.305750174263));
#3810 = LINE('',#3811,#3812);
#3811 = CARTESIAN_POINT('',(-2.354521052678,-1.7175,0.64104722665));
#3812 = VECTOR('',#3813,1.);
#3813 = DIRECTION('',(-0.150662769045,1.723940271411E-18,-0.988585216369
    ));
#3814 = ORIENTED_EDGE('',*,*,#3815,.T.);
#3815 = EDGE_CURVE('',#3808,#3816,#3818,.T.);
#3816 = VERTEX_POINT('',#3817);
#3817 = CARTESIAN_POINT('',(-2.77,-1.7175,1.110223024625E-16));
#3818 = CIRCLE('',#3819,0.37);
#3819 = AXIS2_PLACEMENT_3D('',#3820,#3821,#3822);
#3820 = CARTESIAN_POINT('',(-2.77,-1.7175,0.37));
#3821 = DIRECTION('',(1.144237745222E-17,1.,-1.54074395551E-33));
#3822 = DIRECTION('',(0.984807753012,-1.126854202784E-17,-0.173648177667
    ));
#3823 = ORIENTED_EDGE('',*,*,#3824,.T.);
#3824 = EDGE_CURVE('',#3816,#3825,#3827,.T.);
#3825 = VERTEX_POINT('',#3826);
#3826 = CARTESIAN_POINT('',(-3.,-1.7175,1.110223024625E-16));
#3827 = LINE('',#3828,#3829);
#3828 = CARTESIAN_POINT('',(-2.77,-1.7175,1.110223024625E-16));
#3829 = VECTOR('',#3830,1.);
#3830 = DIRECTION('',(-1.,1.144237745222E-17,0.));
#3831 = ORIENTED_EDGE('',*,*,#3832,.T.);
#3832 = EDGE_CURVE('',#3825,#3833,#3835,.T.);
#3833 = VERTEX_POINT('',#3834);
#3834 = CARTESIAN_POINT('',(-3.,-1.7175,0.22));
#3835 = LINE('',#3836,#3837);
#3836 = CARTESIAN_POINT('',(-3.,-1.7175,1.110223024625E-16));
#3837 = VECTOR('',#3838,1.);
#3838 = DIRECTION('',(0.,0.,1.));
#3839 = ORIENTED_EDGE('',*,*,#3840,.T.);
#3840 = EDGE_CURVE('',#3833,#3841,#3843,.T.);
#3841 = VERTEX_POINT('',#3842);
#3842 = CARTESIAN_POINT('',(-2.77,-1.7175,0.22));
#3843 = LINE('',#3844,#3845);
#3844 = CARTESIAN_POINT('',(-3.,-1.7175,0.22));
#3845 = VECTOR('',#3846,1.);
#3846 = DIRECTION('',(1.,-1.144237745222E-17,0.));
#3847 = ORIENTED_EDGE('',*,*,#3848,.T.);
#3848 = EDGE_CURVE('',#3841,#3849,#3851,.T.);
#3849 = VERTEX_POINT('',#3850);
#3850 = CARTESIAN_POINT('',(-2.622278837048,-1.7175,0.34395277335));
#3851 = CIRCLE('',#3852,0.15);
#3852 = AXIS2_PLACEMENT_3D('',#3853,#3854,#3855);
#3853 = CARTESIAN_POINT('',(-2.77,-1.7175,0.37));
#3854 = DIRECTION('',(-1.144237745222E-17,-1.,-0.));
#3855 = DIRECTION('',(0.,0.,-1.));
#3856 = ORIENTED_EDGE('',*,*,#3857,.T.);
#3857 = EDGE_CURVE('',#3849,#3858,#3860,.T.);
#3858 = VERTEX_POINT('',#3859);
#3859 = CARTESIAN_POINT('',(-2.571178758341,-1.7175,0.679249825737));
#3860 = LINE('',#3861,#3862);
#3861 = CARTESIAN_POINT('',(-2.622278837048,-1.7175,0.34395277335));
#3862 = VECTOR('',#3863,1.);
#3863 = DIRECTION('',(0.150662769045,-1.723940271411E-18,0.988585216369)
  );
#3864 = ORIENTED_EDGE('',*,*,#3865,.T.);
#3865 = EDGE_CURVE('',#3858,#3003,#3866,.T.);
#3866 = CIRCLE('',#3867,0.37);
#3867 = AXIS2_PLACEMENT_3D('',#3868,#3869,#3870);
#3868 = CARTESIAN_POINT('',(-2.206799889726,-1.7175,0.615));
#3869 = DIRECTION('',(1.144237745222E-17,1.,2.311115933265E-33));
#3870 = DIRECTION('',(-0.984807753012,1.126854202784E-17,0.173648177667)
  );
#3871 = ORIENTED_EDGE('',*,*,#3010,.T.);
#3872 = PLANE('',#3873);
#3873 = AXIS2_PLACEMENT_3D('',#3874,#3875,#3876);
#3874 = CARTESIAN_POINT('',(-2.441839564105,-1.7175,0.51849904473));
#3875 = DIRECTION('',(1.144237745222E-17,1.,0.));
#3876 = DIRECTION('',(0.,-0.,1.));
#3877 = ADVANCED_FACE('',(#3878),#3889,.T.);
#3878 = FACE_BOUND('',#3879,.T.);
#3879 = EDGE_LOOP('',(#3880,#3881,#3882,#3883));
#3880 = ORIENTED_EDGE('',*,*,#3766,.T.);
#3881 = ORIENTED_EDGE('',*,*,#3002,.T.);
#3882 = ORIENTED_EDGE('',*,*,#3865,.F.);
#3883 = ORIENTED_EDGE('',*,*,#3884,.F.);
#3884 = EDGE_CURVE('',#3759,#3858,#3885,.T.);
#3885 = LINE('',#3886,#3887);
#3886 = CARTESIAN_POINT('',(-2.571178758341,-2.0925,0.679249825737));
#3887 = VECTOR('',#3888,1.);
#3888 = DIRECTION('',(1.144237745222E-17,1.,0.));
#3889 = CYLINDRICAL_SURFACE('',#3890,0.37);
#3890 = AXIS2_PLACEMENT_3D('',#3891,#3892,#3893);
#3891 = CARTESIAN_POINT('',(-2.206799889726,-2.0925,0.615));
#3892 = DIRECTION('',(-1.144237745222E-17,-1.,0.));
#3893 = DIRECTION('',(-0.984807753012,1.126854202784E-17,0.173648177667)
  );
#3894 = ADVANCED_FACE('',(#3895),#3913,.F.);
#3895 = FACE_BOUND('',#3896,.F.);
#3896 = EDGE_LOOP('',(#3897,#3898,#3906,#3912));
#3897 = ORIENTED_EDGE('',*,*,#3782,.F.);
#3898 = ORIENTED_EDGE('',*,*,#3899,.T.);
#3899 = EDGE_CURVE('',#3783,#3900,#3902,.T.);
#3900 = VERTEX_POINT('',#3901);
#3901 = CARTESIAN_POINT('',(-1.95,-0.8225,0.765));
#3902 = LINE('',#3903,#3904);
#3903 = CARTESIAN_POINT('',(-1.95,-2.25,0.765));
#3904 = VECTOR('',#3905,1.);
#3905 = DIRECTION('',(-1.110223024625E-16,1.,0.));
#3906 = ORIENTED_EDGE('',*,*,#3907,.T.);
#3907 = EDGE_CURVE('',#3900,#3035,#3908,.T.);
#3908 = LINE('',#3909,#3910);
#3909 = CARTESIAN_POINT('',(-1.95,-0.8225,0.751749522365));
#3910 = VECTOR('',#3911,1.);
#3911 = DIRECTION('',(0.,0.,1.));
#3912 = ORIENTED_EDGE('',*,*,#3034,.F.);
#3913 = PLANE('',#3914);
#3914 = AXIS2_PLACEMENT_3D('',#3915,#3916,#3917);
#3915 = CARTESIAN_POINT('',(-1.95,-2.25,0.985));
#3916 = DIRECTION('',(1.,1.110223024625E-16,0.));
#3917 = DIRECTION('',(-1.110223024625E-16,1.,0.));
#3918 = ADVANCED_FACE('',(#3919),#4005,.F.);
#3919 = FACE_BOUND('',#3920,.F.);
#3920 = EDGE_LOOP('',(#3921,#3922,#3930,#3939,#3947,#3956,#3964,#3972,
    #3980,#3989,#3997,#4004));
#3921 = ORIENTED_EDGE('',*,*,#3907,.F.);
#3922 = ORIENTED_EDGE('',*,*,#3923,.T.);
#3923 = EDGE_CURVE('',#3900,#3924,#3926,.T.);
#3924 = VERTEX_POINT('',#3925);
#3925 = CARTESIAN_POINT('',(-2.206799889726,-0.8225,0.765));
#3926 = LINE('',#3927,#3928);
#3927 = CARTESIAN_POINT('',(-1.85,-0.8225,0.765));
#3928 = VECTOR('',#3929,1.);
#3929 = DIRECTION('',(-1.,1.144237745222E-17,0.));
#3930 = ORIENTED_EDGE('',*,*,#3931,.T.);
#3931 = EDGE_CURVE('',#3924,#3932,#3934,.T.);
#3932 = VERTEX_POINT('',#3933);
#3933 = CARTESIAN_POINT('',(-2.354521052678,-0.8225,0.64104722665));
#3934 = CIRCLE('',#3935,0.15);
#3935 = AXIS2_PLACEMENT_3D('',#3936,#3937,#3938);
#3936 = CARTESIAN_POINT('',(-2.206799889726,-0.8225,0.615));
#3937 = DIRECTION('',(-1.144237745222E-17,-1.,2.189528850508E-47));
#3938 = DIRECTION('',(-2.960594732334E-15,3.387624241042E-32,1.));
#3939 = ORIENTED_EDGE('',*,*,#3940,.T.);
#3940 = EDGE_CURVE('',#3932,#3941,#3943,.T.);
#3941 = VERTEX_POINT('',#3942);
#3942 = CARTESIAN_POINT('',(-2.405621131385,-0.8225,0.305750174263));
#3943 = LINE('',#3944,#3945);
#3944 = CARTESIAN_POINT('',(-2.354521052678,-0.8225,0.64104722665));
#3945 = VECTOR('',#3946,1.);
#3946 = DIRECTION('',(-0.150662769045,1.723940271411E-18,-0.988585216369
    ));
#3947 = ORIENTED_EDGE('',*,*,#3948,.T.);
#3948 = EDGE_CURVE('',#3941,#3949,#3951,.T.);
#3949 = VERTEX_POINT('',#3950);
#3950 = CARTESIAN_POINT('',(-2.77,-0.8225,1.110223024625E-16));
#3951 = CIRCLE('',#3952,0.37);
#3952 = AXIS2_PLACEMENT_3D('',#3953,#3954,#3955);
#3953 = CARTESIAN_POINT('',(-2.77,-0.8225,0.37));
#3954 = DIRECTION('',(1.144237745222E-17,1.,-1.54074395551E-33));
#3955 = DIRECTION('',(0.984807753012,-1.126854202784E-17,-0.173648177667
    ));
#3956 = ORIENTED_EDGE('',*,*,#3957,.T.);
#3957 = EDGE_CURVE('',#3949,#3958,#3960,.T.);
#3958 = VERTEX_POINT('',#3959);
#3959 = CARTESIAN_POINT('',(-3.,-0.8225,1.110223024625E-16));
#3960 = LINE('',#3961,#3962);
#3961 = CARTESIAN_POINT('',(-2.77,-0.8225,1.110223024625E-16));
#3962 = VECTOR('',#3963,1.);
#3963 = DIRECTION('',(-1.,1.144237745222E-17,0.));
#3964 = ORIENTED_EDGE('',*,*,#3965,.T.);
#3965 = EDGE_CURVE('',#3958,#3966,#3968,.T.);
#3966 = VERTEX_POINT('',#3967);
#3967 = CARTESIAN_POINT('',(-3.,-0.8225,0.22));
#3968 = LINE('',#3969,#3970);
#3969 = CARTESIAN_POINT('',(-3.,-0.8225,1.110223024625E-16));
#3970 = VECTOR('',#3971,1.);
#3971 = DIRECTION('',(0.,0.,1.));
#3972 = ORIENTED_EDGE('',*,*,#3973,.T.);
#3973 = EDGE_CURVE('',#3966,#3974,#3976,.T.);
#3974 = VERTEX_POINT('',#3975);
#3975 = CARTESIAN_POINT('',(-2.77,-0.8225,0.22));
#3976 = LINE('',#3977,#3978);
#3977 = CARTESIAN_POINT('',(-3.,-0.8225,0.22));
#3978 = VECTOR('',#3979,1.);
#3979 = DIRECTION('',(1.,-1.144237745222E-17,0.));
#3980 = ORIENTED_EDGE('',*,*,#3981,.T.);
#3981 = EDGE_CURVE('',#3974,#3982,#3984,.T.);
#3982 = VERTEX_POINT('',#3983);
#3983 = CARTESIAN_POINT('',(-2.622278837048,-0.8225,0.34395277335));
#3984 = CIRCLE('',#3985,0.15);
#3985 = AXIS2_PLACEMENT_3D('',#3986,#3987,#3988);
#3986 = CARTESIAN_POINT('',(-2.77,-0.8225,0.37));
#3987 = DIRECTION('',(-1.144237745222E-17,-1.,-0.));
#3988 = DIRECTION('',(0.,0.,-1.));
#3989 = ORIENTED_EDGE('',*,*,#3990,.T.);
#3990 = EDGE_CURVE('',#3982,#3991,#3993,.T.);
#3991 = VERTEX_POINT('',#3992);
#3992 = CARTESIAN_POINT('',(-2.571178758341,-0.8225,0.679249825737));
#3993 = LINE('',#3994,#3995);
#3994 = CARTESIAN_POINT('',(-2.622278837048,-0.8225,0.34395277335));
#3995 = VECTOR('',#3996,1.);
#3996 = DIRECTION('',(0.150662769045,-1.723940271411E-18,0.988585216369)
  );
#3997 = ORIENTED_EDGE('',*,*,#3998,.T.);
#3998 = EDGE_CURVE('',#3991,#3059,#3999,.T.);
#3999 = CIRCLE('',#4000,0.37);
#4000 = AXIS2_PLACEMENT_3D('',#4001,#4002,#4003);
#4001 = CARTESIAN_POINT('',(-2.206799889726,-0.8225,0.615));
#4002 = DIRECTION('',(1.144237745222E-17,1.,2.311115933265E-33));
#4003 = DIRECTION('',(-0.984807753012,1.126854202784E-17,0.173648177667)
  );
#4004 = ORIENTED_EDGE('',*,*,#3058,.T.);
#4005 = PLANE('',#4006);
#4006 = AXIS2_PLACEMENT_3D('',#4007,#4008,#4009);
#4007 = CARTESIAN_POINT('',(-2.441839564105,-0.8225,0.51849904473));
#4008 = DIRECTION('',(1.144237745222E-17,1.,0.));
#4009 = DIRECTION('',(0.,-0.,1.));
#4010 = ADVANCED_FACE('',(#4011),#4104,.T.);
#4011 = FACE_BOUND('',#4012,.T.);
#4012 = EDGE_LOOP('',(#4013,#4021,#4029,#4038,#4046,#4055,#4063,#4071,
    #4079,#4088,#4096,#4103));
#4013 = ORIENTED_EDGE('',*,*,#4014,.F.);
#4014 = EDGE_CURVE('',#4015,#3075,#4017,.T.);
#4015 = VERTEX_POINT('',#4016);
#4016 = CARTESIAN_POINT('',(-1.95,-0.4475,0.765));
#4017 = LINE('',#4018,#4019);
#4018 = CARTESIAN_POINT('',(-1.95,-0.4475,0.751749522365));
#4019 = VECTOR('',#4020,1.);
#4020 = DIRECTION('',(0.,0.,1.));
#4021 = ORIENTED_EDGE('',*,*,#4022,.T.);
#4022 = EDGE_CURVE('',#4015,#4023,#4025,.T.);
#4023 = VERTEX_POINT('',#4024);
#4024 = CARTESIAN_POINT('',(-2.206799889726,-0.4475,0.765));
#4025 = LINE('',#4026,#4027);
#4026 = CARTESIAN_POINT('',(-1.85,-0.4475,0.765));
#4027 = VECTOR('',#4028,1.);
#4028 = DIRECTION('',(-1.,1.144237745222E-17,0.));
#4029 = ORIENTED_EDGE('',*,*,#4030,.T.);
#4030 = EDGE_CURVE('',#4023,#4031,#4033,.T.);
#4031 = VERTEX_POINT('',#4032);
#4032 = CARTESIAN_POINT('',(-2.354521052678,-0.4475,0.64104722665));
#4033 = CIRCLE('',#4034,0.15);
#4034 = AXIS2_PLACEMENT_3D('',#4035,#4036,#4037);
#4035 = CARTESIAN_POINT('',(-2.206799889726,-0.4475,0.615));
#4036 = DIRECTION('',(-1.144237745222E-17,-1.,2.189528850508E-47));
#4037 = DIRECTION('',(-2.960594732334E-15,3.387624241042E-32,1.));
#4038 = ORIENTED_EDGE('',*,*,#4039,.T.);
#4039 = EDGE_CURVE('',#4031,#4040,#4042,.T.);
#4040 = VERTEX_POINT('',#4041);
#4041 = CARTESIAN_POINT('',(-2.405621131385,-0.4475,0.305750174263));
#4042 = LINE('',#4043,#4044);
#4043 = CARTESIAN_POINT('',(-2.354521052678,-0.4475,0.64104722665));
#4044 = VECTOR('',#4045,1.);
#4045 = DIRECTION('',(-0.150662769045,1.723940271411E-18,-0.988585216369
    ));
#4046 = ORIENTED_EDGE('',*,*,#4047,.T.);
#4047 = EDGE_CURVE('',#4040,#4048,#4050,.T.);
#4048 = VERTEX_POINT('',#4049);
#4049 = CARTESIAN_POINT('',(-2.77,-0.4475,1.110223024625E-16));
#4050 = CIRCLE('',#4051,0.37);
#4051 = AXIS2_PLACEMENT_3D('',#4052,#4053,#4054);
#4052 = CARTESIAN_POINT('',(-2.77,-0.4475,0.37));
#4053 = DIRECTION('',(1.144237745222E-17,1.,-1.54074395551E-33));
#4054 = DIRECTION('',(0.984807753012,-1.126854202784E-17,-0.173648177667
    ));
#4055 = ORIENTED_EDGE('',*,*,#4056,.T.);
#4056 = EDGE_CURVE('',#4048,#4057,#4059,.T.);
#4057 = VERTEX_POINT('',#4058);
#4058 = CARTESIAN_POINT('',(-3.,-0.4475,1.110223024625E-16));
#4059 = LINE('',#4060,#4061);
#4060 = CARTESIAN_POINT('',(-2.77,-0.4475,1.110223024625E-16));
#4061 = VECTOR('',#4062,1.);
#4062 = DIRECTION('',(-1.,1.144237745222E-17,0.));
#4063 = ORIENTED_EDGE('',*,*,#4064,.T.);
#4064 = EDGE_CURVE('',#4057,#4065,#4067,.T.);
#4065 = VERTEX_POINT('',#4066);
#4066 = CARTESIAN_POINT('',(-3.,-0.4475,0.22));
#4067 = LINE('',#4068,#4069);
#4068 = CARTESIAN_POINT('',(-3.,-0.4475,1.110223024625E-16));
#4069 = VECTOR('',#4070,1.);
#4070 = DIRECTION('',(0.,0.,1.));
#4071 = ORIENTED_EDGE('',*,*,#4072,.T.);
#4072 = EDGE_CURVE('',#4065,#4073,#4075,.T.);
#4073 = VERTEX_POINT('',#4074);
#4074 = CARTESIAN_POINT('',(-2.77,-0.4475,0.22));
#4075 = LINE('',#4076,#4077);
#4076 = CARTESIAN_POINT('',(-3.,-0.4475,0.22));
#4077 = VECTOR('',#4078,1.);
#4078 = DIRECTION('',(1.,-1.144237745222E-17,0.));
#4079 = ORIENTED_EDGE('',*,*,#4080,.T.);
#4080 = EDGE_CURVE('',#4073,#4081,#4083,.T.);
#4081 = VERTEX_POINT('',#4082);
#4082 = CARTESIAN_POINT('',(-2.622278837048,-0.4475,0.34395277335));
#4083 = CIRCLE('',#4084,0.15);
#4084 = AXIS2_PLACEMENT_3D('',#4085,#4086,#4087);
#4085 = CARTESIAN_POINT('',(-2.77,-0.4475,0.37));
#4086 = DIRECTION('',(-1.144237745222E-17,-1.,-0.));
#4087 = DIRECTION('',(0.,0.,-1.));
#4088 = ORIENTED_EDGE('',*,*,#4089,.T.);
#4089 = EDGE_CURVE('',#4081,#4090,#4092,.T.);
#4090 = VERTEX_POINT('',#4091);
#4091 = CARTESIAN_POINT('',(-2.571178758341,-0.4475,0.679249825737));
#4092 = LINE('',#4093,#4094);
#4093 = CARTESIAN_POINT('',(-2.622278837048,-0.4475,0.34395277335));
#4094 = VECTOR('',#4095,1.);
#4095 = DIRECTION('',(0.150662769045,-1.723940271411E-18,0.988585216369)
  );
#4096 = ORIENTED_EDGE('',*,*,#4097,.T.);
#4097 = EDGE_CURVE('',#4090,#3067,#4098,.T.);
#4098 = CIRCLE('',#4099,0.37);
#4099 = AXIS2_PLACEMENT_3D('',#4100,#4101,#4102);
#4100 = CARTESIAN_POINT('',(-2.206799889726,-0.4475,0.615));
#4101 = DIRECTION('',(1.144237745222E-17,1.,2.311115933265E-33));
#4102 = DIRECTION('',(-0.984807753012,1.126854202784E-17,0.173648177667)
  );
#4103 = ORIENTED_EDGE('',*,*,#3074,.T.);
#4104 = PLANE('',#4105);
#4105 = AXIS2_PLACEMENT_3D('',#4106,#4107,#4108);
#4106 = CARTESIAN_POINT('',(-2.441839564105,-0.4475,0.51849904473));
#4107 = DIRECTION('',(1.144237745222E-17,1.,0.));
#4108 = DIRECTION('',(0.,-0.,1.));
#4109 = ADVANCED_FACE('',(#4110),#4121,.T.);
#4110 = FACE_BOUND('',#4111,.T.);
#4111 = EDGE_LOOP('',(#4112,#4113,#4114,#4115));
#4112 = ORIENTED_EDGE('',*,*,#3998,.T.);
#4113 = ORIENTED_EDGE('',*,*,#3066,.T.);
#4114 = ORIENTED_EDGE('',*,*,#4097,.F.);
#4115 = ORIENTED_EDGE('',*,*,#4116,.F.);
#4116 = EDGE_CURVE('',#3991,#4090,#4117,.T.);
#4117 = LINE('',#4118,#4119);
#4118 = CARTESIAN_POINT('',(-2.571178758341,-0.8225,0.679249825737));
#4119 = VECTOR('',#4120,1.);
#4120 = DIRECTION('',(1.144237745222E-17,1.,0.));
#4121 = CYLINDRICAL_SURFACE('',#4122,0.37);
#4122 = AXIS2_PLACEMENT_3D('',#4123,#4124,#4125);
#4123 = CARTESIAN_POINT('',(-2.206799889726,-0.8225,0.615));
#4124 = DIRECTION('',(-1.144237745222E-17,-1.,0.));
#4125 = DIRECTION('',(-0.984807753012,1.126854202784E-17,0.173648177667)
  );
#4126 = ADVANCED_FACE('',(#4127),#4145,.F.);
#4127 = FACE_BOUND('',#4128,.F.);
#4128 = EDGE_LOOP('',(#4129,#4130,#4138,#4144));
#4129 = ORIENTED_EDGE('',*,*,#4014,.F.);
#4130 = ORIENTED_EDGE('',*,*,#4131,.T.);
#4131 = EDGE_CURVE('',#4015,#4132,#4134,.T.);
#4132 = VERTEX_POINT('',#4133);
#4133 = CARTESIAN_POINT('',(-1.95,0.4475,0.765));
#4134 = LINE('',#4135,#4136);
#4135 = CARTESIAN_POINT('',(-1.95,-2.25,0.765));
#4136 = VECTOR('',#4137,1.);
#4137 = DIRECTION('',(-1.110223024625E-16,1.,0.));
#4138 = ORIENTED_EDGE('',*,*,#4139,.T.);
#4139 = EDGE_CURVE('',#4132,#3099,#4140,.T.);
#4140 = LINE('',#4141,#4142);
#4141 = CARTESIAN_POINT('',(-1.95,0.4475,0.751749522365));
#4142 = VECTOR('',#4143,1.);
#4143 = DIRECTION('',(0.,0.,1.));
#4144 = ORIENTED_EDGE('',*,*,#3098,.F.);
#4145 = PLANE('',#4146);
#4146 = AXIS2_PLACEMENT_3D('',#4147,#4148,#4149);
#4147 = CARTESIAN_POINT('',(-1.95,-2.25,0.985));
#4148 = DIRECTION('',(1.,1.110223024625E-16,0.));
#4149 = DIRECTION('',(-1.110223024625E-16,1.,0.));
#4150 = ADVANCED_FACE('',(#4151),#4237,.F.);
#4151 = FACE_BOUND('',#4152,.F.);
#4152 = EDGE_LOOP('',(#4153,#4154,#4162,#4171,#4179,#4188,#4196,#4204,
    #4212,#4221,#4229,#4236));
#4153 = ORIENTED_EDGE('',*,*,#4139,.F.);
#4154 = ORIENTED_EDGE('',*,*,#4155,.T.);
#4155 = EDGE_CURVE('',#4132,#4156,#4158,.T.);
#4156 = VERTEX_POINT('',#4157);
#4157 = CARTESIAN_POINT('',(-2.206799889726,0.4475,0.765));
#4158 = LINE('',#4159,#4160);
#4159 = CARTESIAN_POINT('',(-1.85,0.4475,0.765));
#4160 = VECTOR('',#4161,1.);
#4161 = DIRECTION('',(-1.,1.144237745222E-17,0.));
#4162 = ORIENTED_EDGE('',*,*,#4163,.T.);
#4163 = EDGE_CURVE('',#4156,#4164,#4166,.T.);
#4164 = VERTEX_POINT('',#4165);
#4165 = CARTESIAN_POINT('',(-2.354521052678,0.4475,0.64104722665));
#4166 = CIRCLE('',#4167,0.15);
#4167 = AXIS2_PLACEMENT_3D('',#4168,#4169,#4170);
#4168 = CARTESIAN_POINT('',(-2.206799889726,0.4475,0.615));
#4169 = DIRECTION('',(-1.144237745222E-17,-1.,2.189528850508E-47));
#4170 = DIRECTION('',(-2.960594732334E-15,3.387624241042E-32,1.));
#4171 = ORIENTED_EDGE('',*,*,#4172,.T.);
#4172 = EDGE_CURVE('',#4164,#4173,#4175,.T.);
#4173 = VERTEX_POINT('',#4174);
#4174 = CARTESIAN_POINT('',(-2.405621131385,0.4475,0.305750174263));
#4175 = LINE('',#4176,#4177);
#4176 = CARTESIAN_POINT('',(-2.354521052678,0.4475,0.64104722665));
#4177 = VECTOR('',#4178,1.);
#4178 = DIRECTION('',(-0.150662769045,1.723940271411E-18,-0.988585216369
    ));
#4179 = ORIENTED_EDGE('',*,*,#4180,.T.);
#4180 = EDGE_CURVE('',#4173,#4181,#4183,.T.);
#4181 = VERTEX_POINT('',#4182);
#4182 = CARTESIAN_POINT('',(-2.77,0.4475,1.110223024625E-16));
#4183 = CIRCLE('',#4184,0.37);
#4184 = AXIS2_PLACEMENT_3D('',#4185,#4186,#4187);
#4185 = CARTESIAN_POINT('',(-2.77,0.4475,0.37));
#4186 = DIRECTION('',(1.144237745222E-17,1.,-1.54074395551E-33));
#4187 = DIRECTION('',(0.984807753012,-1.126854202784E-17,-0.173648177667
    ));
#4188 = ORIENTED_EDGE('',*,*,#4189,.T.);
#4189 = EDGE_CURVE('',#4181,#4190,#4192,.T.);
#4190 = VERTEX_POINT('',#4191);
#4191 = CARTESIAN_POINT('',(-3.,0.4475,1.110223024625E-16));
#4192 = LINE('',#4193,#4194);
#4193 = CARTESIAN_POINT('',(-2.77,0.4475,1.110223024625E-16));
#4194 = VECTOR('',#4195,1.);
#4195 = DIRECTION('',(-1.,1.144237745222E-17,0.));
#4196 = ORIENTED_EDGE('',*,*,#4197,.T.);
#4197 = EDGE_CURVE('',#4190,#4198,#4200,.T.);
#4198 = VERTEX_POINT('',#4199);
#4199 = CARTESIAN_POINT('',(-3.,0.4475,0.22));
#4200 = LINE('',#4201,#4202);
#4201 = CARTESIAN_POINT('',(-3.,0.4475,1.110223024625E-16));
#4202 = VECTOR('',#4203,1.);
#4203 = DIRECTION('',(0.,0.,1.));
#4204 = ORIENTED_EDGE('',*,*,#4205,.T.);
#4205 = EDGE_CURVE('',#4198,#4206,#4208,.T.);
#4206 = VERTEX_POINT('',#4207);
#4207 = CARTESIAN_POINT('',(-2.77,0.4475,0.22));
#4208 = LINE('',#4209,#4210);
#4209 = CARTESIAN_POINT('',(-3.,0.4475,0.22));
#4210 = VECTOR('',#4211,1.);
#4211 = DIRECTION('',(1.,-1.144237745222E-17,0.));
#4212 = ORIENTED_EDGE('',*,*,#4213,.T.);
#4213 = EDGE_CURVE('',#4206,#4214,#4216,.T.);
#4214 = VERTEX_POINT('',#4215);
#4215 = CARTESIAN_POINT('',(-2.622278837048,0.4475,0.34395277335));
#4216 = CIRCLE('',#4217,0.15);
#4217 = AXIS2_PLACEMENT_3D('',#4218,#4219,#4220);
#4218 = CARTESIAN_POINT('',(-2.77,0.4475,0.37));
#4219 = DIRECTION('',(-1.144237745222E-17,-1.,-0.));
#4220 = DIRECTION('',(0.,0.,-1.));
#4221 = ORIENTED_EDGE('',*,*,#4222,.T.);
#4222 = EDGE_CURVE('',#4214,#4223,#4225,.T.);
#4223 = VERTEX_POINT('',#4224);
#4224 = CARTESIAN_POINT('',(-2.571178758341,0.4475,0.679249825737));
#4225 = LINE('',#4226,#4227);
#4226 = CARTESIAN_POINT('',(-2.622278837048,0.4475,0.34395277335));
#4227 = VECTOR('',#4228,1.);
#4228 = DIRECTION('',(0.150662769045,-1.723940271411E-18,0.988585216369)
  );
#4229 = ORIENTED_EDGE('',*,*,#4230,.T.);
#4230 = EDGE_CURVE('',#4223,#3123,#4231,.T.);
#4231 = CIRCLE('',#4232,0.37);
#4232 = AXIS2_PLACEMENT_3D('',#4233,#4234,#4235);
#4233 = CARTESIAN_POINT('',(-2.206799889726,0.4475,0.615));
#4234 = DIRECTION('',(1.144237745222E-17,1.,2.311115933265E-33));
#4235 = DIRECTION('',(-0.984807753012,1.126854202784E-17,0.173648177667)
  );
#4236 = ORIENTED_EDGE('',*,*,#3122,.T.);
#4237 = PLANE('',#4238);
#4238 = AXIS2_PLACEMENT_3D('',#4239,#4240,#4241);
#4239 = CARTESIAN_POINT('',(-2.441839564105,0.4475,0.51849904473));
#4240 = DIRECTION('',(1.144237745222E-17,1.,0.));
#4241 = DIRECTION('',(0.,-0.,1.));
#4242 = ADVANCED_FACE('',(#4243),#4336,.T.);
#4243 = FACE_BOUND('',#4244,.T.);
#4244 = EDGE_LOOP('',(#4245,#4253,#4261,#4270,#4278,#4287,#4295,#4303,
    #4311,#4320,#4328,#4335));
#4245 = ORIENTED_EDGE('',*,*,#4246,.F.);
#4246 = EDGE_CURVE('',#4247,#3139,#4249,.T.);
#4247 = VERTEX_POINT('',#4248);
#4248 = CARTESIAN_POINT('',(-1.95,0.8225,0.765));
#4249 = LINE('',#4250,#4251);
#4250 = CARTESIAN_POINT('',(-1.95,0.8225,0.751749522365));
#4251 = VECTOR('',#4252,1.);
#4252 = DIRECTION('',(0.,0.,1.));
#4253 = ORIENTED_EDGE('',*,*,#4254,.T.);
#4254 = EDGE_CURVE('',#4247,#4255,#4257,.T.);
#4255 = VERTEX_POINT('',#4256);
#4256 = CARTESIAN_POINT('',(-2.206799889726,0.8225,0.765));
#4257 = LINE('',#4258,#4259);
#4258 = CARTESIAN_POINT('',(-1.85,0.8225,0.765));
#4259 = VECTOR('',#4260,1.);
#4260 = DIRECTION('',(-1.,1.144237745222E-17,0.));
#4261 = ORIENTED_EDGE('',*,*,#4262,.T.);
#4262 = EDGE_CURVE('',#4255,#4263,#4265,.T.);
#4263 = VERTEX_POINT('',#4264);
#4264 = CARTESIAN_POINT('',(-2.354521052678,0.8225,0.64104722665));
#4265 = CIRCLE('',#4266,0.15);
#4266 = AXIS2_PLACEMENT_3D('',#4267,#4268,#4269);
#4267 = CARTESIAN_POINT('',(-2.206799889726,0.8225,0.615));
#4268 = DIRECTION('',(-1.144237745222E-17,-1.,2.189528850508E-47));
#4269 = DIRECTION('',(-2.960594732334E-15,3.387624241042E-32,1.));
#4270 = ORIENTED_EDGE('',*,*,#4271,.T.);
#4271 = EDGE_CURVE('',#4263,#4272,#4274,.T.);
#4272 = VERTEX_POINT('',#4273);
#4273 = CARTESIAN_POINT('',(-2.405621131385,0.8225,0.305750174263));
#4274 = LINE('',#4275,#4276);
#4275 = CARTESIAN_POINT('',(-2.354521052678,0.8225,0.64104722665));
#4276 = VECTOR('',#4277,1.);
#4277 = DIRECTION('',(-0.150662769045,1.723940271411E-18,-0.988585216369
    ));
#4278 = ORIENTED_EDGE('',*,*,#4279,.T.);
#4279 = EDGE_CURVE('',#4272,#4280,#4282,.T.);
#4280 = VERTEX_POINT('',#4281);
#4281 = CARTESIAN_POINT('',(-2.77,0.8225,1.110223024625E-16));
#4282 = CIRCLE('',#4283,0.37);
#4283 = AXIS2_PLACEMENT_3D('',#4284,#4285,#4286);
#4284 = CARTESIAN_POINT('',(-2.77,0.8225,0.37));
#4285 = DIRECTION('',(1.144237745222E-17,1.,-1.54074395551E-33));
#4286 = DIRECTION('',(0.984807753012,-1.126854202784E-17,-0.173648177667
    ));
#4287 = ORIENTED_EDGE('',*,*,#4288,.T.);
#4288 = EDGE_CURVE('',#4280,#4289,#4291,.T.);
#4289 = VERTEX_POINT('',#4290);
#4290 = CARTESIAN_POINT('',(-3.,0.8225,1.110223024625E-16));
#4291 = LINE('',#4292,#4293);
#4292 = CARTESIAN_POINT('',(-2.77,0.8225,1.110223024625E-16));
#4293 = VECTOR('',#4294,1.);
#4294 = DIRECTION('',(-1.,1.144237745222E-17,0.));
#4295 = ORIENTED_EDGE('',*,*,#4296,.T.);
#4296 = EDGE_CURVE('',#4289,#4297,#4299,.T.);
#4297 = VERTEX_POINT('',#4298);
#4298 = CARTESIAN_POINT('',(-3.,0.8225,0.22));
#4299 = LINE('',#4300,#4301);
#4300 = CARTESIAN_POINT('',(-3.,0.8225,1.110223024625E-16));
#4301 = VECTOR('',#4302,1.);
#4302 = DIRECTION('',(0.,0.,1.));
#4303 = ORIENTED_EDGE('',*,*,#4304,.T.);
#4304 = EDGE_CURVE('',#4297,#4305,#4307,.T.);
#4305 = VERTEX_POINT('',#4306);
#4306 = CARTESIAN_POINT('',(-2.77,0.8225,0.22));
#4307 = LINE('',#4308,#4309);
#4308 = CARTESIAN_POINT('',(-3.,0.8225,0.22));
#4309 = VECTOR('',#4310,1.);
#4310 = DIRECTION('',(1.,-1.144237745222E-17,0.));
#4311 = ORIENTED_EDGE('',*,*,#4312,.T.);
#4312 = EDGE_CURVE('',#4305,#4313,#4315,.T.);
#4313 = VERTEX_POINT('',#4314);
#4314 = CARTESIAN_POINT('',(-2.622278837048,0.8225,0.34395277335));
#4315 = CIRCLE('',#4316,0.15);
#4316 = AXIS2_PLACEMENT_3D('',#4317,#4318,#4319);
#4317 = CARTESIAN_POINT('',(-2.77,0.8225,0.37));
#4318 = DIRECTION('',(-1.144237745222E-17,-1.,-0.));
#4319 = DIRECTION('',(0.,0.,-1.));
#4320 = ORIENTED_EDGE('',*,*,#4321,.T.);
#4321 = EDGE_CURVE('',#4313,#4322,#4324,.T.);
#4322 = VERTEX_POINT('',#4323);
#4323 = CARTESIAN_POINT('',(-2.571178758341,0.8225,0.679249825737));
#4324 = LINE('',#4325,#4326);
#4325 = CARTESIAN_POINT('',(-2.622278837048,0.8225,0.34395277335));
#4326 = VECTOR('',#4327,1.);
#4327 = DIRECTION('',(0.150662769045,-1.723940271411E-18,0.988585216369)
  );
#4328 = ORIENTED_EDGE('',*,*,#4329,.T.);
#4329 = EDGE_CURVE('',#4322,#3131,#4330,.T.);
#4330 = CIRCLE('',#4331,0.37);
#4331 = AXIS2_PLACEMENT_3D('',#4332,#4333,#4334);
#4332 = CARTESIAN_POINT('',(-2.206799889726,0.8225,0.615));
#4333 = DIRECTION('',(1.144237745222E-17,1.,2.311115933265E-33));
#4334 = DIRECTION('',(-0.984807753012,1.126854202784E-17,0.173648177667)
  );
#4335 = ORIENTED_EDGE('',*,*,#3138,.T.);
#4336 = PLANE('',#4337);
#4337 = AXIS2_PLACEMENT_3D('',#4338,#4339,#4340);
#4338 = CARTESIAN_POINT('',(-2.441839564105,0.8225,0.51849904473));
#4339 = DIRECTION('',(1.144237745222E-17,1.,0.));
#4340 = DIRECTION('',(0.,-0.,1.));
#4341 = ADVANCED_FACE('',(#4342),#4353,.T.);
#4342 = FACE_BOUND('',#4343,.T.);
#4343 = EDGE_LOOP('',(#4344,#4345,#4346,#4347));
#4344 = ORIENTED_EDGE('',*,*,#4230,.T.);
#4345 = ORIENTED_EDGE('',*,*,#3130,.T.);
#4346 = ORIENTED_EDGE('',*,*,#4329,.F.);
#4347 = ORIENTED_EDGE('',*,*,#4348,.F.);
#4348 = EDGE_CURVE('',#4223,#4322,#4349,.T.);
#4349 = LINE('',#4350,#4351);
#4350 = CARTESIAN_POINT('',(-2.571178758341,0.4475,0.679249825737));
#4351 = VECTOR('',#4352,1.);
#4352 = DIRECTION('',(1.144237745222E-17,1.,0.));
#4353 = CYLINDRICAL_SURFACE('',#4354,0.37);
#4354 = AXIS2_PLACEMENT_3D('',#4355,#4356,#4357);
#4355 = CARTESIAN_POINT('',(-2.206799889726,0.4475,0.615));
#4356 = DIRECTION('',(-1.144237745222E-17,-1.,0.));
#4357 = DIRECTION('',(-0.984807753012,1.126854202784E-17,0.173648177667)
  );
#4358 = ADVANCED_FACE('',(#4359),#4377,.F.);
#4359 = FACE_BOUND('',#4360,.F.);
#4360 = EDGE_LOOP('',(#4361,#4362,#4370,#4376));
#4361 = ORIENTED_EDGE('',*,*,#4246,.F.);
#4362 = ORIENTED_EDGE('',*,*,#4363,.T.);
#4363 = EDGE_CURVE('',#4247,#4364,#4366,.T.);
#4364 = VERTEX_POINT('',#4365);
#4365 = CARTESIAN_POINT('',(-1.95,1.7175,0.765));
#4366 = LINE('',#4367,#4368);
#4367 = CARTESIAN_POINT('',(-1.95,-2.25,0.765));
#4368 = VECTOR('',#4369,1.);
#4369 = DIRECTION('',(-1.110223024625E-16,1.,0.));
#4370 = ORIENTED_EDGE('',*,*,#4371,.T.);
#4371 = EDGE_CURVE('',#4364,#3163,#4372,.T.);
#4372 = LINE('',#4373,#4374);
#4373 = CARTESIAN_POINT('',(-1.95,1.7175,0.751749522365));
#4374 = VECTOR('',#4375,1.);
#4375 = DIRECTION('',(0.,0.,1.));
#4376 = ORIENTED_EDGE('',*,*,#3162,.F.);
#4377 = PLANE('',#4378);
#4378 = AXIS2_PLACEMENT_3D('',#4379,#4380,#4381);
#4379 = CARTESIAN_POINT('',(-1.95,-2.25,0.985));
#4380 = DIRECTION('',(1.,1.110223024625E-16,0.));
#4381 = DIRECTION('',(-1.110223024625E-16,1.,0.));
#4382 = ADVANCED_FACE('',(#4383),#4469,.F.);
#4383 = FACE_BOUND('',#4384,.F.);
#4384 = EDGE_LOOP('',(#4385,#4386,#4394,#4403,#4411,#4420,#4428,#4436,
    #4444,#4453,#4461,#4468));
#4385 = ORIENTED_EDGE('',*,*,#4371,.F.);
#4386 = ORIENTED_EDGE('',*,*,#4387,.T.);
#4387 = EDGE_CURVE('',#4364,#4388,#4390,.T.);
#4388 = VERTEX_POINT('',#4389);
#4389 = CARTESIAN_POINT('',(-2.206799889726,1.7175,0.765));
#4390 = LINE('',#4391,#4392);
#4391 = CARTESIAN_POINT('',(-1.85,1.7175,0.765));
#4392 = VECTOR('',#4393,1.);
#4393 = DIRECTION('',(-1.,1.144237745222E-17,0.));
#4394 = ORIENTED_EDGE('',*,*,#4395,.T.);
#4395 = EDGE_CURVE('',#4388,#4396,#4398,.T.);
#4396 = VERTEX_POINT('',#4397);
#4397 = CARTESIAN_POINT('',(-2.354521052678,1.7175,0.64104722665));
#4398 = CIRCLE('',#4399,0.15);
#4399 = AXIS2_PLACEMENT_3D('',#4400,#4401,#4402);
#4400 = CARTESIAN_POINT('',(-2.206799889726,1.7175,0.615));
#4401 = DIRECTION('',(-1.144237745222E-17,-1.,2.189528850508E-47));
#4402 = DIRECTION('',(-2.960594732334E-15,3.387624241042E-32,1.));
#4403 = ORIENTED_EDGE('',*,*,#4404,.T.);
#4404 = EDGE_CURVE('',#4396,#4405,#4407,.T.);
#4405 = VERTEX_POINT('',#4406);
#4406 = CARTESIAN_POINT('',(-2.405621131385,1.7175,0.305750174263));
#4407 = LINE('',#4408,#4409);
#4408 = CARTESIAN_POINT('',(-2.354521052678,1.7175,0.64104722665));
#4409 = VECTOR('',#4410,1.);
#4410 = DIRECTION('',(-0.150662769045,1.723940271411E-18,-0.988585216369
    ));
#4411 = ORIENTED_EDGE('',*,*,#4412,.T.);
#4412 = EDGE_CURVE('',#4405,#4413,#4415,.T.);
#4413 = VERTEX_POINT('',#4414);
#4414 = CARTESIAN_POINT('',(-2.77,1.7175,1.110223024625E-16));
#4415 = CIRCLE('',#4416,0.37);
#4416 = AXIS2_PLACEMENT_3D('',#4417,#4418,#4419);
#4417 = CARTESIAN_POINT('',(-2.77,1.7175,0.37));
#4418 = DIRECTION('',(1.144237745222E-17,1.,-1.54074395551E-33));
#4419 = DIRECTION('',(0.984807753012,-1.126854202784E-17,-0.173648177667
    ));
#4420 = ORIENTED_EDGE('',*,*,#4421,.T.);
#4421 = EDGE_CURVE('',#4413,#4422,#4424,.T.);
#4422 = VERTEX_POINT('',#4423);
#4423 = CARTESIAN_POINT('',(-3.,1.7175,1.110223024625E-16));
#4424 = LINE('',#4425,#4426);
#4425 = CARTESIAN_POINT('',(-2.77,1.7175,1.110223024625E-16));
#4426 = VECTOR('',#4427,1.);
#4427 = DIRECTION('',(-1.,1.144237745222E-17,0.));
#4428 = ORIENTED_EDGE('',*,*,#4429,.T.);
#4429 = EDGE_CURVE('',#4422,#4430,#4432,.T.);
#4430 = VERTEX_POINT('',#4431);
#4431 = CARTESIAN_POINT('',(-3.,1.7175,0.22));
#4432 = LINE('',#4433,#4434);
#4433 = CARTESIAN_POINT('',(-3.,1.7175,1.110223024625E-16));
#4434 = VECTOR('',#4435,1.);
#4435 = DIRECTION('',(0.,0.,1.));
#4436 = ORIENTED_EDGE('',*,*,#4437,.T.);
#4437 = EDGE_CURVE('',#4430,#4438,#4440,.T.);
#4438 = VERTEX_POINT('',#4439);
#4439 = CARTESIAN_POINT('',(-2.77,1.7175,0.22));
#4440 = LINE('',#4441,#4442);
#4441 = CARTESIAN_POINT('',(-3.,1.7175,0.22));
#4442 = VECTOR('',#4443,1.);
#4443 = DIRECTION('',(1.,-1.144237745222E-17,0.));
#4444 = ORIENTED_EDGE('',*,*,#4445,.T.);
#4445 = EDGE_CURVE('',#4438,#4446,#4448,.T.);
#4446 = VERTEX_POINT('',#4447);
#4447 = CARTESIAN_POINT('',(-2.622278837048,1.7175,0.34395277335));
#4448 = CIRCLE('',#4449,0.15);
#4449 = AXIS2_PLACEMENT_3D('',#4450,#4451,#4452);
#4450 = CARTESIAN_POINT('',(-2.77,1.7175,0.37));
#4451 = DIRECTION('',(-1.144237745222E-17,-1.,-0.));
#4452 = DIRECTION('',(0.,0.,-1.));
#4453 = ORIENTED_EDGE('',*,*,#4454,.T.);
#4454 = EDGE_CURVE('',#4446,#4455,#4457,.T.);
#4455 = VERTEX_POINT('',#4456);
#4456 = CARTESIAN_POINT('',(-2.571178758341,1.7175,0.679249825737));
#4457 = LINE('',#4458,#4459);
#4458 = CARTESIAN_POINT('',(-2.622278837048,1.7175,0.34395277335));
#4459 = VECTOR('',#4460,1.);
#4460 = DIRECTION('',(0.150662769045,-1.723940271411E-18,0.988585216369)
  );
#4461 = ORIENTED_EDGE('',*,*,#4462,.T.);
#4462 = EDGE_CURVE('',#4455,#3187,#4463,.T.);
#4463 = CIRCLE('',#4464,0.37);
#4464 = AXIS2_PLACEMENT_3D('',#4465,#4466,#4467);
#4465 = CARTESIAN_POINT('',(-2.206799889726,1.7175,0.615));
#4466 = DIRECTION('',(1.144237745222E-17,1.,2.311115933265E-33));
#4467 = DIRECTION('',(-0.984807753012,1.126854202784E-17,0.173648177667)
  );
#4468 = ORIENTED_EDGE('',*,*,#3186,.T.);
#4469 = PLANE('',#4470);
#4470 = AXIS2_PLACEMENT_3D('',#4471,#4472,#4473);
#4471 = CARTESIAN_POINT('',(-2.441839564105,1.7175,0.51849904473));
#4472 = DIRECTION('',(1.144237745222E-17,1.,0.));
#4473 = DIRECTION('',(0.,-0.,1.));
#4474 = ADVANCED_FACE('',(#4475),#4561,.T.);
#4475 = FACE_BOUND('',#4476,.T.);
#4476 = EDGE_LOOP('',(#4477,#4478,#4486,#4495,#4503,#4512,#4520,#4528,
    #4536,#4545,#4553,#4560));
#4477 = ORIENTED_EDGE('',*,*,#3473,.F.);
#4478 = ORIENTED_EDGE('',*,*,#4479,.T.);
#4479 = EDGE_CURVE('',#3474,#4480,#4482,.T.);
#4480 = VERTEX_POINT('',#4481);
#4481 = CARTESIAN_POINT('',(-2.206799889726,2.0925,0.765));
#4482 = LINE('',#4483,#4484);
#4483 = CARTESIAN_POINT('',(-1.85,2.0925,0.765));
#4484 = VECTOR('',#4485,1.);
#4485 = DIRECTION('',(-1.,1.144237745222E-17,0.));
#4486 = ORIENTED_EDGE('',*,*,#4487,.T.);
#4487 = EDGE_CURVE('',#4480,#4488,#4490,.T.);
#4488 = VERTEX_POINT('',#4489);
#4489 = CARTESIAN_POINT('',(-2.354521052678,2.0925,0.64104722665));
#4490 = CIRCLE('',#4491,0.15);
#4491 = AXIS2_PLACEMENT_3D('',#4492,#4493,#4494);
#4492 = CARTESIAN_POINT('',(-2.206799889726,2.0925,0.615));
#4493 = DIRECTION('',(-1.144237745222E-17,-1.,2.189528850508E-47));
#4494 = DIRECTION('',(-2.960594732334E-15,3.387624241042E-32,1.));
#4495 = ORIENTED_EDGE('',*,*,#4496,.T.);
#4496 = EDGE_CURVE('',#4488,#4497,#4499,.T.);
#4497 = VERTEX_POINT('',#4498);
#4498 = CARTESIAN_POINT('',(-2.405621131385,2.0925,0.305750174263));
#4499 = LINE('',#4500,#4501);
#4500 = CARTESIAN_POINT('',(-2.354521052678,2.0925,0.64104722665));
#4501 = VECTOR('',#4502,1.);
#4502 = DIRECTION('',(-0.150662769045,1.723940271411E-18,-0.988585216369
    ));
#4503 = ORIENTED_EDGE('',*,*,#4504,.T.);
#4504 = EDGE_CURVE('',#4497,#4505,#4507,.T.);
#4505 = VERTEX_POINT('',#4506);
#4506 = CARTESIAN_POINT('',(-2.77,2.0925,1.110223024625E-16));
#4507 = CIRCLE('',#4508,0.37);
#4508 = AXIS2_PLACEMENT_3D('',#4509,#4510,#4511);
#4509 = CARTESIAN_POINT('',(-2.77,2.0925,0.37));
#4510 = DIRECTION('',(1.144237745222E-17,1.,-1.54074395551E-33));
#4511 = DIRECTION('',(0.984807753012,-1.126854202784E-17,-0.173648177667
    ));
#4512 = ORIENTED_EDGE('',*,*,#4513,.T.);
#4513 = EDGE_CURVE('',#4505,#4514,#4516,.T.);
#4514 = VERTEX_POINT('',#4515);
#4515 = CARTESIAN_POINT('',(-3.,2.0925,1.110223024625E-16));
#4516 = LINE('',#4517,#4518);
#4517 = CARTESIAN_POINT('',(-2.77,2.0925,1.110223024625E-16));
#4518 = VECTOR('',#4519,1.);
#4519 = DIRECTION('',(-1.,1.144237745222E-17,0.));
#4520 = ORIENTED_EDGE('',*,*,#4521,.T.);
#4521 = EDGE_CURVE('',#4514,#4522,#4524,.T.);
#4522 = VERTEX_POINT('',#4523);
#4523 = CARTESIAN_POINT('',(-3.,2.0925,0.22));
#4524 = LINE('',#4525,#4526);
#4525 = CARTESIAN_POINT('',(-3.,2.0925,1.110223024625E-16));
#4526 = VECTOR('',#4527,1.);
#4527 = DIRECTION('',(0.,0.,1.));
#4528 = ORIENTED_EDGE('',*,*,#4529,.T.);
#4529 = EDGE_CURVE('',#4522,#4530,#4532,.T.);
#4530 = VERTEX_POINT('',#4531);
#4531 = CARTESIAN_POINT('',(-2.77,2.0925,0.22));
#4532 = LINE('',#4533,#4534);
#4533 = CARTESIAN_POINT('',(-3.,2.0925,0.22));
#4534 = VECTOR('',#4535,1.);
#4535 = DIRECTION('',(1.,-1.144237745222E-17,0.));
#4536 = ORIENTED_EDGE('',*,*,#4537,.T.);
#4537 = EDGE_CURVE('',#4530,#4538,#4540,.T.);
#4538 = VERTEX_POINT('',#4539);
#4539 = CARTESIAN_POINT('',(-2.622278837048,2.0925,0.34395277335));
#4540 = CIRCLE('',#4541,0.15);
#4541 = AXIS2_PLACEMENT_3D('',#4542,#4543,#4544);
#4542 = CARTESIAN_POINT('',(-2.77,2.0925,0.37));
#4543 = DIRECTION('',(-1.144237745222E-17,-1.,-0.));
#4544 = DIRECTION('',(0.,0.,-1.));
#4545 = ORIENTED_EDGE('',*,*,#4546,.T.);
#4546 = EDGE_CURVE('',#4538,#4547,#4549,.T.);
#4547 = VERTEX_POINT('',#4548);
#4548 = CARTESIAN_POINT('',(-2.571178758341,2.0925,0.679249825737));
#4549 = LINE('',#4550,#4551);
#4550 = CARTESIAN_POINT('',(-2.622278837048,2.0925,0.34395277335));
#4551 = VECTOR('',#4552,1.);
#4552 = DIRECTION('',(0.150662769045,-1.723940271411E-18,0.988585216369)
  );
#4553 = ORIENTED_EDGE('',*,*,#4554,.T.);
#4554 = EDGE_CURVE('',#4547,#3195,#4555,.T.);
#4555 = CIRCLE('',#4556,0.37);
#4556 = AXIS2_PLACEMENT_3D('',#4557,#4558,#4559);
#4557 = CARTESIAN_POINT('',(-2.206799889726,2.0925,0.615));
#4558 = DIRECTION('',(1.144237745222E-17,1.,2.311115933265E-33));
#4559 = DIRECTION('',(-0.984807753012,1.126854202784E-17,0.173648177667)
  );
#4560 = ORIENTED_EDGE('',*,*,#3202,.T.);
#4561 = PLANE('',#4562);
#4562 = AXIS2_PLACEMENT_3D('',#4563,#4564,#4565);
#4563 = CARTESIAN_POINT('',(-2.441839564105,2.0925,0.51849904473));
#4564 = DIRECTION('',(1.144237745222E-17,1.,0.));
#4565 = DIRECTION('',(0.,-0.,1.));
#4566 = ADVANCED_FACE('',(#4567),#4578,.T.);
#4567 = FACE_BOUND('',#4568,.T.);
#4568 = EDGE_LOOP('',(#4569,#4570,#4571,#4572));
#4569 = ORIENTED_EDGE('',*,*,#4462,.T.);
#4570 = ORIENTED_EDGE('',*,*,#3194,.T.);
#4571 = ORIENTED_EDGE('',*,*,#4554,.F.);
#4572 = ORIENTED_EDGE('',*,*,#4573,.F.);
#4573 = EDGE_CURVE('',#4455,#4547,#4574,.T.);
#4574 = LINE('',#4575,#4576);
#4575 = CARTESIAN_POINT('',(-2.571178758341,1.7175,0.679249825737));
#4576 = VECTOR('',#4577,1.);
#4577 = DIRECTION('',(1.144237745222E-17,1.,0.));
#4578 = CYLINDRICAL_SURFACE('',#4579,0.37);
#4579 = AXIS2_PLACEMENT_3D('',#4580,#4581,#4582);
#4580 = CARTESIAN_POINT('',(-2.206799889726,1.7175,0.615));
#4581 = DIRECTION('',(-1.144237745222E-17,-1.,0.));
#4582 = DIRECTION('',(-0.984807753012,1.126854202784E-17,0.173648177667)
  );
#4583 = ADVANCED_FACE('',(#4584),#4670,.F.);
#4584 = FACE_BOUND('',#4585,.F.);
#4585 = EDGE_LOOP('',(#4586,#4587,#4595,#4604,#4612,#4621,#4629,#4637,
    #4645,#4654,#4662,#4669));
#4586 = ORIENTED_EDGE('',*,*,#3512,.F.);
#4587 = ORIENTED_EDGE('',*,*,#4588,.T.);
#4588 = EDGE_CURVE('',#3505,#4589,#4591,.T.);
#4589 = VERTEX_POINT('',#4590);
#4590 = CARTESIAN_POINT('',(2.206799889726,2.0925,0.765));
#4591 = LINE('',#4592,#4593);
#4592 = CARTESIAN_POINT('',(1.85,2.0925,0.765));
#4593 = VECTOR('',#4594,1.);
#4594 = DIRECTION('',(1.,1.110223024625E-16,0.));
#4595 = ORIENTED_EDGE('',*,*,#4596,.T.);
#4596 = EDGE_CURVE('',#4589,#4597,#4599,.T.);
#4597 = VERTEX_POINT('',#4598);
#4598 = CARTESIAN_POINT('',(2.354521052678,2.0925,0.64104722665));
#4599 = CIRCLE('',#4600,0.15);
#4600 = AXIS2_PLACEMENT_3D('',#4601,#4602,#4603);
#4601 = CARTESIAN_POINT('',(2.206799889726,2.0925,0.615));
#4602 = DIRECTION('',(-1.110223024625E-16,1.,0.));
#4603 = DIRECTION('',(2.960594732334E-15,3.286920438421E-31,1.));
#4604 = ORIENTED_EDGE('',*,*,#4605,.T.);
#4605 = EDGE_CURVE('',#4597,#4606,#4608,.T.);
#4606 = VERTEX_POINT('',#4607);
#4607 = CARTESIAN_POINT('',(2.405621131385,2.0925,0.305750174263));
#4608 = LINE('',#4609,#4610);
#4609 = CARTESIAN_POINT('',(2.354521052678,2.0925,0.64104722665));
#4610 = VECTOR('',#4611,1.);
#4611 = DIRECTION('',(0.150662769045,1.672692751477E-17,-0.988585216369)
  );
#4612 = ORIENTED_EDGE('',*,*,#4613,.T.);
#4613 = EDGE_CURVE('',#4606,#4614,#4616,.T.);
#4614 = VERTEX_POINT('',#4615);
#4615 = CARTESIAN_POINT('',(2.77,2.0925,1.110223024625E-16));
#4616 = CIRCLE('',#4617,0.37);
#4617 = AXIS2_PLACEMENT_3D('',#4618,#4619,#4620);
#4618 = CARTESIAN_POINT('',(2.77,2.0925,0.37));
#4619 = DIRECTION('',(1.110223024625E-16,-1.,0.));
#4620 = DIRECTION('',(-0.984807753012,-1.093356242223E-16,
    -0.173648177667));
#4621 = ORIENTED_EDGE('',*,*,#4622,.T.);
#4622 = EDGE_CURVE('',#4614,#4623,#4625,.T.);
#4623 = VERTEX_POINT('',#4624);
#4624 = CARTESIAN_POINT('',(3.,2.0925,1.110223024625E-16));
#4625 = LINE('',#4626,#4627);
#4626 = CARTESIAN_POINT('',(2.77,2.0925,1.110223024625E-16));
#4627 = VECTOR('',#4628,1.);
#4628 = DIRECTION('',(1.,1.110223024625E-16,0.));
#4629 = ORIENTED_EDGE('',*,*,#4630,.T.);
#4630 = EDGE_CURVE('',#4623,#4631,#4633,.T.);
#4631 = VERTEX_POINT('',#4632);
#4632 = CARTESIAN_POINT('',(3.,2.0925,0.22));
#4633 = LINE('',#4634,#4635);
#4634 = CARTESIAN_POINT('',(3.,2.0925,1.110223024625E-16));
#4635 = VECTOR('',#4636,1.);
#4636 = DIRECTION('',(0.,0.,1.));
#4637 = ORIENTED_EDGE('',*,*,#4638,.T.);
#4638 = EDGE_CURVE('',#4631,#4639,#4641,.T.);
#4639 = VERTEX_POINT('',#4640);
#4640 = CARTESIAN_POINT('',(2.77,2.0925,0.22));
#4641 = LINE('',#4642,#4643);
#4642 = CARTESIAN_POINT('',(3.,2.0925,0.22));
#4643 = VECTOR('',#4644,1.);
#4644 = DIRECTION('',(-1.,-1.110223024625E-16,0.));
#4645 = ORIENTED_EDGE('',*,*,#4646,.T.);
#4646 = EDGE_CURVE('',#4639,#4647,#4649,.T.);
#4647 = VERTEX_POINT('',#4648);
#4648 = CARTESIAN_POINT('',(2.622278837048,2.0925,0.34395277335));
#4649 = CIRCLE('',#4650,0.15);
#4650 = AXIS2_PLACEMENT_3D('',#4651,#4652,#4653);
#4651 = CARTESIAN_POINT('',(2.77,2.0925,0.37));
#4652 = DIRECTION('',(-1.110223024625E-16,1.,0.));
#4653 = DIRECTION('',(0.,0.,-1.));
#4654 = ORIENTED_EDGE('',*,*,#4655,.T.);
#4655 = EDGE_CURVE('',#4647,#4656,#4658,.T.);
#4656 = VERTEX_POINT('',#4657);
#4657 = CARTESIAN_POINT('',(2.571178758341,2.0925,0.679249825737));
#4658 = LINE('',#4659,#4660);
#4659 = CARTESIAN_POINT('',(2.622278837048,2.0925,0.34395277335));
#4660 = VECTOR('',#4661,1.);
#4661 = DIRECTION('',(-0.150662769045,-1.672692751477E-17,0.988585216369
    ));
#4662 = ORIENTED_EDGE('',*,*,#4663,.T.);
#4663 = EDGE_CURVE('',#4656,#3220,#4664,.T.);
#4664 = CIRCLE('',#4665,0.37);
#4665 = AXIS2_PLACEMENT_3D('',#4666,#4667,#4668);
#4666 = CARTESIAN_POINT('',(2.206799889726,2.0925,0.615));
#4667 = DIRECTION('',(1.110223024625E-16,-1.,0.));
#4668 = DIRECTION('',(0.984807753012,1.093356242223E-16,0.173648177667)
  );
#4669 = ORIENTED_EDGE('',*,*,#3219,.T.);
#4670 = PLANE('',#4671);
#4671 = AXIS2_PLACEMENT_3D('',#4672,#4673,#4674);
#4672 = CARTESIAN_POINT('',(2.441839564105,2.0925,0.51849904473));
#4673 = DIRECTION('',(1.110223024625E-16,-1.,0.));
#4674 = DIRECTION('',(0.,0.,1.));
#4675 = ADVANCED_FACE('',(#4676),#4769,.T.);
#4676 = FACE_BOUND('',#4677,.T.);
#4677 = EDGE_LOOP('',(#4678,#4686,#4694,#4703,#4711,#4720,#4728,#4736,
    #4744,#4753,#4761,#4768));
#4678 = ORIENTED_EDGE('',*,*,#4679,.F.);
#4679 = EDGE_CURVE('',#4680,#3236,#4682,.T.);
#4680 = VERTEX_POINT('',#4681);
#4681 = CARTESIAN_POINT('',(1.95,1.7175,0.765));
#4682 = LINE('',#4683,#4684);
#4683 = CARTESIAN_POINT('',(1.95,1.7175,0.751749522365));
#4684 = VECTOR('',#4685,1.);
#4685 = DIRECTION('',(0.,0.,1.));
#4686 = ORIENTED_EDGE('',*,*,#4687,.T.);
#4687 = EDGE_CURVE('',#4680,#4688,#4690,.T.);
#4688 = VERTEX_POINT('',#4689);
#4689 = CARTESIAN_POINT('',(2.206799889726,1.7175,0.765));
#4690 = LINE('',#4691,#4692);
#4691 = CARTESIAN_POINT('',(1.85,1.7175,0.765));
#4692 = VECTOR('',#4693,1.);
#4693 = DIRECTION('',(1.,1.110223024625E-16,0.));
#4694 = ORIENTED_EDGE('',*,*,#4695,.T.);
#4695 = EDGE_CURVE('',#4688,#4696,#4698,.T.);
#4696 = VERTEX_POINT('',#4697);
#4697 = CARTESIAN_POINT('',(2.354521052678,1.7175,0.64104722665));
#4698 = CIRCLE('',#4699,0.15);
#4699 = AXIS2_PLACEMENT_3D('',#4700,#4701,#4702);
#4700 = CARTESIAN_POINT('',(2.206799889726,1.7175,0.615));
#4701 = DIRECTION('',(-1.110223024625E-16,1.,0.));
#4702 = DIRECTION('',(2.960594732334E-15,3.286920438421E-31,1.));
#4703 = ORIENTED_EDGE('',*,*,#4704,.T.);
#4704 = EDGE_CURVE('',#4696,#4705,#4707,.T.);
#4705 = VERTEX_POINT('',#4706);
#4706 = CARTESIAN_POINT('',(2.405621131385,1.7175,0.305750174263));
#4707 = LINE('',#4708,#4709);
#4708 = CARTESIAN_POINT('',(2.354521052678,1.7175,0.64104722665));
#4709 = VECTOR('',#4710,1.);
#4710 = DIRECTION('',(0.150662769045,1.672692751477E-17,-0.988585216369)
  );
#4711 = ORIENTED_EDGE('',*,*,#4712,.T.);
#4712 = EDGE_CURVE('',#4705,#4713,#4715,.T.);
#4713 = VERTEX_POINT('',#4714);
#4714 = CARTESIAN_POINT('',(2.77,1.7175,1.110223024625E-16));
#4715 = CIRCLE('',#4716,0.37);
#4716 = AXIS2_PLACEMENT_3D('',#4717,#4718,#4719);
#4717 = CARTESIAN_POINT('',(2.77,1.7175,0.37));
#4718 = DIRECTION('',(1.110223024625E-16,-1.,0.));
#4719 = DIRECTION('',(-0.984807753012,-1.093356242223E-16,
    -0.173648177667));
#4720 = ORIENTED_EDGE('',*,*,#4721,.T.);
#4721 = EDGE_CURVE('',#4713,#4722,#4724,.T.);
#4722 = VERTEX_POINT('',#4723);
#4723 = CARTESIAN_POINT('',(3.,1.7175,1.110223024625E-16));
#4724 = LINE('',#4725,#4726);
#4725 = CARTESIAN_POINT('',(2.77,1.7175,1.110223024625E-16));
#4726 = VECTOR('',#4727,1.);
#4727 = DIRECTION('',(1.,1.110223024625E-16,0.));
#4728 = ORIENTED_EDGE('',*,*,#4729,.T.);
#4729 = EDGE_CURVE('',#4722,#4730,#4732,.T.);
#4730 = VERTEX_POINT('',#4731);
#4731 = CARTESIAN_POINT('',(3.,1.7175,0.22));
#4732 = LINE('',#4733,#4734);
#4733 = CARTESIAN_POINT('',(3.,1.7175,1.110223024625E-16));
#4734 = VECTOR('',#4735,1.);
#4735 = DIRECTION('',(0.,0.,1.));
#4736 = ORIENTED_EDGE('',*,*,#4737,.T.);
#4737 = EDGE_CURVE('',#4730,#4738,#4740,.T.);
#4738 = VERTEX_POINT('',#4739);
#4739 = CARTESIAN_POINT('',(2.77,1.7175,0.22));
#4740 = LINE('',#4741,#4742);
#4741 = CARTESIAN_POINT('',(3.,1.7175,0.22));
#4742 = VECTOR('',#4743,1.);
#4743 = DIRECTION('',(-1.,-1.110223024625E-16,0.));
#4744 = ORIENTED_EDGE('',*,*,#4745,.T.);
#4745 = EDGE_CURVE('',#4738,#4746,#4748,.T.);
#4746 = VERTEX_POINT('',#4747);
#4747 = CARTESIAN_POINT('',(2.622278837048,1.7175,0.34395277335));
#4748 = CIRCLE('',#4749,0.15);
#4749 = AXIS2_PLACEMENT_3D('',#4750,#4751,#4752);
#4750 = CARTESIAN_POINT('',(2.77,1.7175,0.37));
#4751 = DIRECTION('',(-1.110223024625E-16,1.,0.));
#4752 = DIRECTION('',(0.,0.,-1.));
#4753 = ORIENTED_EDGE('',*,*,#4754,.T.);
#4754 = EDGE_CURVE('',#4746,#4755,#4757,.T.);
#4755 = VERTEX_POINT('',#4756);
#4756 = CARTESIAN_POINT('',(2.571178758341,1.7175,0.679249825737));
#4757 = LINE('',#4758,#4759);
#4758 = CARTESIAN_POINT('',(2.622278837048,1.7175,0.34395277335));
#4759 = VECTOR('',#4760,1.);
#4760 = DIRECTION('',(-0.150662769045,-1.672692751477E-17,0.988585216369
    ));
#4761 = ORIENTED_EDGE('',*,*,#4762,.T.);
#4762 = EDGE_CURVE('',#4755,#3228,#4763,.T.);
#4763 = CIRCLE('',#4764,0.37);
#4764 = AXIS2_PLACEMENT_3D('',#4765,#4766,#4767);
#4765 = CARTESIAN_POINT('',(2.206799889726,1.7175,0.615));
#4766 = DIRECTION('',(1.110223024625E-16,-1.,0.));
#4767 = DIRECTION('',(0.984807753012,1.093356242223E-16,0.173648177667)
  );
#4768 = ORIENTED_EDGE('',*,*,#3235,.T.);
#4769 = PLANE('',#4770);
#4770 = AXIS2_PLACEMENT_3D('',#4771,#4772,#4773);
#4771 = CARTESIAN_POINT('',(2.441839564105,1.7175,0.51849904473));
#4772 = DIRECTION('',(1.110223024625E-16,-1.,0.));
#4773 = DIRECTION('',(0.,0.,1.));
#4774 = ADVANCED_FACE('',(#4775),#4786,.T.);
#4775 = FACE_BOUND('',#4776,.T.);
#4776 = EDGE_LOOP('',(#4777,#4778,#4779,#4780));
#4777 = ORIENTED_EDGE('',*,*,#4663,.T.);
#4778 = ORIENTED_EDGE('',*,*,#3227,.T.);
#4779 = ORIENTED_EDGE('',*,*,#4762,.F.);
#4780 = ORIENTED_EDGE('',*,*,#4781,.F.);
#4781 = EDGE_CURVE('',#4656,#4755,#4782,.T.);
#4782 = LINE('',#4783,#4784);
#4783 = CARTESIAN_POINT('',(2.571178758341,2.0925,0.679249825737));
#4784 = VECTOR('',#4785,1.);
#4785 = DIRECTION('',(1.110223024625E-16,-1.,0.));
#4786 = CYLINDRICAL_SURFACE('',#4787,0.37);
#4787 = AXIS2_PLACEMENT_3D('',#4788,#4789,#4790);
#4788 = CARTESIAN_POINT('',(2.206799889726,2.0925,0.615));
#4789 = DIRECTION('',(-1.110223024625E-16,1.,-0.));
#4790 = DIRECTION('',(0.984807753012,1.093356242223E-16,0.173648177667)
  );
#4791 = ADVANCED_FACE('',(#4792),#4810,.F.);
#4792 = FACE_BOUND('',#4793,.F.);
#4793 = EDGE_LOOP('',(#4794,#4795,#4803,#4809));
#4794 = ORIENTED_EDGE('',*,*,#4679,.F.);
#4795 = ORIENTED_EDGE('',*,*,#4796,.T.);
#4796 = EDGE_CURVE('',#4680,#4797,#4799,.T.);
#4797 = VERTEX_POINT('',#4798);
#4798 = CARTESIAN_POINT('',(1.95,0.8225,0.765));
#4799 = LINE('',#4800,#4801);
#4800 = CARTESIAN_POINT('',(1.95,2.25,0.765));
#4801 = VECTOR('',#4802,1.);
#4802 = DIRECTION('',(1.110223024625E-16,-1.,0.));
#4803 = ORIENTED_EDGE('',*,*,#4804,.T.);
#4804 = EDGE_CURVE('',#4797,#3261,#4805,.T.);
#4805 = LINE('',#4806,#4807);
#4806 = CARTESIAN_POINT('',(1.95,0.8225,0.751749522365));
#4807 = VECTOR('',#4808,1.);
#4808 = DIRECTION('',(0.,0.,1.));
#4809 = ORIENTED_EDGE('',*,*,#3260,.F.);
#4810 = PLANE('',#4811);
#4811 = AXIS2_PLACEMENT_3D('',#4812,#4813,#4814);
#4812 = CARTESIAN_POINT('',(1.95,2.25,0.985));
#4813 = DIRECTION('',(-1.,-1.110223024625E-16,0.));
#4814 = DIRECTION('',(1.110223024625E-16,-1.,0.));
#4815 = ADVANCED_FACE('',(#4816),#4902,.F.);
#4816 = FACE_BOUND('',#4817,.F.);
#4817 = EDGE_LOOP('',(#4818,#4819,#4827,#4836,#4844,#4853,#4861,#4869,
    #4877,#4886,#4894,#4901));
#4818 = ORIENTED_EDGE('',*,*,#4804,.F.);
#4819 = ORIENTED_EDGE('',*,*,#4820,.T.);
#4820 = EDGE_CURVE('',#4797,#4821,#4823,.T.);
#4821 = VERTEX_POINT('',#4822);
#4822 = CARTESIAN_POINT('',(2.206799889726,0.8225,0.765));
#4823 = LINE('',#4824,#4825);
#4824 = CARTESIAN_POINT('',(1.85,0.8225,0.765));
#4825 = VECTOR('',#4826,1.);
#4826 = DIRECTION('',(1.,1.110223024625E-16,0.));
#4827 = ORIENTED_EDGE('',*,*,#4828,.T.);
#4828 = EDGE_CURVE('',#4821,#4829,#4831,.T.);
#4829 = VERTEX_POINT('',#4830);
#4830 = CARTESIAN_POINT('',(2.354521052678,0.8225,0.64104722665));
#4831 = CIRCLE('',#4832,0.15);
#4832 = AXIS2_PLACEMENT_3D('',#4833,#4834,#4835);
#4833 = CARTESIAN_POINT('',(2.206799889726,0.8225,0.615));
#4834 = DIRECTION('',(-1.110223024625E-16,1.,0.));
#4835 = DIRECTION('',(2.960594732334E-15,3.286920438421E-31,1.));
#4836 = ORIENTED_EDGE('',*,*,#4837,.T.);
#4837 = EDGE_CURVE('',#4829,#4838,#4840,.T.);
#4838 = VERTEX_POINT('',#4839);
#4839 = CARTESIAN_POINT('',(2.405621131385,0.8225,0.305750174263));
#4840 = LINE('',#4841,#4842);
#4841 = CARTESIAN_POINT('',(2.354521052678,0.8225,0.64104722665));
#4842 = VECTOR('',#4843,1.);
#4843 = DIRECTION('',(0.150662769045,1.672692751477E-17,-0.988585216369)
  );
#4844 = ORIENTED_EDGE('',*,*,#4845,.T.);
#4845 = EDGE_CURVE('',#4838,#4846,#4848,.T.);
#4846 = VERTEX_POINT('',#4847);
#4847 = CARTESIAN_POINT('',(2.77,0.8225,1.110223024625E-16));
#4848 = CIRCLE('',#4849,0.37);
#4849 = AXIS2_PLACEMENT_3D('',#4850,#4851,#4852);
#4850 = CARTESIAN_POINT('',(2.77,0.8225,0.37));
#4851 = DIRECTION('',(1.110223024625E-16,-1.,0.));
#4852 = DIRECTION('',(-0.984807753012,-1.093356242223E-16,
    -0.173648177667));
#4853 = ORIENTED_EDGE('',*,*,#4854,.T.);
#4854 = EDGE_CURVE('',#4846,#4855,#4857,.T.);
#4855 = VERTEX_POINT('',#4856);
#4856 = CARTESIAN_POINT('',(3.,0.8225,1.110223024625E-16));
#4857 = LINE('',#4858,#4859);
#4858 = CARTESIAN_POINT('',(2.77,0.8225,1.110223024625E-16));
#4859 = VECTOR('',#4860,1.);
#4860 = DIRECTION('',(1.,1.110223024625E-16,0.));
#4861 = ORIENTED_EDGE('',*,*,#4862,.T.);
#4862 = EDGE_CURVE('',#4855,#4863,#4865,.T.);
#4863 = VERTEX_POINT('',#4864);
#4864 = CARTESIAN_POINT('',(3.,0.8225,0.22));
#4865 = LINE('',#4866,#4867);
#4866 = CARTESIAN_POINT('',(3.,0.8225,1.110223024625E-16));
#4867 = VECTOR('',#4868,1.);
#4868 = DIRECTION('',(0.,0.,1.));
#4869 = ORIENTED_EDGE('',*,*,#4870,.T.);
#4870 = EDGE_CURVE('',#4863,#4871,#4873,.T.);
#4871 = VERTEX_POINT('',#4872);
#4872 = CARTESIAN_POINT('',(2.77,0.8225,0.22));
#4873 = LINE('',#4874,#4875);
#4874 = CARTESIAN_POINT('',(3.,0.8225,0.22));
#4875 = VECTOR('',#4876,1.);
#4876 = DIRECTION('',(-1.,-1.110223024625E-16,0.));
#4877 = ORIENTED_EDGE('',*,*,#4878,.T.);
#4878 = EDGE_CURVE('',#4871,#4879,#4881,.T.);
#4879 = VERTEX_POINT('',#4880);
#4880 = CARTESIAN_POINT('',(2.622278837048,0.8225,0.34395277335));
#4881 = CIRCLE('',#4882,0.15);
#4882 = AXIS2_PLACEMENT_3D('',#4883,#4884,#4885);
#4883 = CARTESIAN_POINT('',(2.77,0.8225,0.37));
#4884 = DIRECTION('',(-1.110223024625E-16,1.,0.));
#4885 = DIRECTION('',(0.,0.,-1.));
#4886 = ORIENTED_EDGE('',*,*,#4887,.T.);
#4887 = EDGE_CURVE('',#4879,#4888,#4890,.T.);
#4888 = VERTEX_POINT('',#4889);
#4889 = CARTESIAN_POINT('',(2.571178758341,0.8225,0.679249825737));
#4890 = LINE('',#4891,#4892);
#4891 = CARTESIAN_POINT('',(2.622278837048,0.8225,0.34395277335));
#4892 = VECTOR('',#4893,1.);
#4893 = DIRECTION('',(-0.150662769045,-1.672692751477E-17,0.988585216369
    ));
#4894 = ORIENTED_EDGE('',*,*,#4895,.T.);
#4895 = EDGE_CURVE('',#4888,#3284,#4896,.T.);
#4896 = CIRCLE('',#4897,0.37);
#4897 = AXIS2_PLACEMENT_3D('',#4898,#4899,#4900);
#4898 = CARTESIAN_POINT('',(2.206799889726,0.8225,0.615));
#4899 = DIRECTION('',(1.110223024625E-16,-1.,0.));
#4900 = DIRECTION('',(0.984807753012,1.093356242223E-16,0.173648177667)
  );
#4901 = ORIENTED_EDGE('',*,*,#3283,.T.);
#4902 = PLANE('',#4903);
#4903 = AXIS2_PLACEMENT_3D('',#4904,#4905,#4906);
#4904 = CARTESIAN_POINT('',(2.441839564105,0.8225,0.51849904473));
#4905 = DIRECTION('',(1.110223024625E-16,-1.,0.));
#4906 = DIRECTION('',(0.,0.,1.));
#4907 = ADVANCED_FACE('',(#4908),#5001,.T.);
#4908 = FACE_BOUND('',#4909,.T.);
#4909 = EDGE_LOOP('',(#4910,#4918,#4926,#4935,#4943,#4952,#4960,#4968,
    #4976,#4985,#4993,#5000));
#4910 = ORIENTED_EDGE('',*,*,#4911,.F.);
#4911 = EDGE_CURVE('',#4912,#3300,#4914,.T.);
#4912 = VERTEX_POINT('',#4913);
#4913 = CARTESIAN_POINT('',(1.95,0.4475,0.765));
#4914 = LINE('',#4915,#4916);
#4915 = CARTESIAN_POINT('',(1.95,0.4475,0.751749522365));
#4916 = VECTOR('',#4917,1.);
#4917 = DIRECTION('',(0.,0.,1.));
#4918 = ORIENTED_EDGE('',*,*,#4919,.T.);
#4919 = EDGE_CURVE('',#4912,#4920,#4922,.T.);
#4920 = VERTEX_POINT('',#4921);
#4921 = CARTESIAN_POINT('',(2.206799889726,0.4475,0.765));
#4922 = LINE('',#4923,#4924);
#4923 = CARTESIAN_POINT('',(1.85,0.4475,0.765));
#4924 = VECTOR('',#4925,1.);
#4925 = DIRECTION('',(1.,1.110223024625E-16,0.));
#4926 = ORIENTED_EDGE('',*,*,#4927,.T.);
#4927 = EDGE_CURVE('',#4920,#4928,#4930,.T.);
#4928 = VERTEX_POINT('',#4929);
#4929 = CARTESIAN_POINT('',(2.354521052678,0.4475,0.64104722665));
#4930 = CIRCLE('',#4931,0.15);
#4931 = AXIS2_PLACEMENT_3D('',#4932,#4933,#4934);
#4932 = CARTESIAN_POINT('',(2.206799889726,0.4475,0.615));
#4933 = DIRECTION('',(-1.110223024625E-16,1.,0.));
#4934 = DIRECTION('',(2.960594732334E-15,3.286920438421E-31,1.));
#4935 = ORIENTED_EDGE('',*,*,#4936,.T.);
#4936 = EDGE_CURVE('',#4928,#4937,#4939,.T.);
#4937 = VERTEX_POINT('',#4938);
#4938 = CARTESIAN_POINT('',(2.405621131385,0.4475,0.305750174263));
#4939 = LINE('',#4940,#4941);
#4940 = CARTESIAN_POINT('',(2.354521052678,0.4475,0.64104722665));
#4941 = VECTOR('',#4942,1.);
#4942 = DIRECTION('',(0.150662769045,1.672692751477E-17,-0.988585216369)
  );
#4943 = ORIENTED_EDGE('',*,*,#4944,.T.);
#4944 = EDGE_CURVE('',#4937,#4945,#4947,.T.);
#4945 = VERTEX_POINT('',#4946);
#4946 = CARTESIAN_POINT('',(2.77,0.4475,1.110223024625E-16));
#4947 = CIRCLE('',#4948,0.37);
#4948 = AXIS2_PLACEMENT_3D('',#4949,#4950,#4951);
#4949 = CARTESIAN_POINT('',(2.77,0.4475,0.37));
#4950 = DIRECTION('',(1.110223024625E-16,-1.,0.));
#4951 = DIRECTION('',(-0.984807753012,-1.093356242223E-16,
    -0.173648177667));
#4952 = ORIENTED_EDGE('',*,*,#4953,.T.);
#4953 = EDGE_CURVE('',#4945,#4954,#4956,.T.);
#4954 = VERTEX_POINT('',#4955);
#4955 = CARTESIAN_POINT('',(3.,0.4475,1.110223024625E-16));
#4956 = LINE('',#4957,#4958);
#4957 = CARTESIAN_POINT('',(2.77,0.4475,1.110223024625E-16));
#4958 = VECTOR('',#4959,1.);
#4959 = DIRECTION('',(1.,1.110223024625E-16,0.));
#4960 = ORIENTED_EDGE('',*,*,#4961,.T.);
#4961 = EDGE_CURVE('',#4954,#4962,#4964,.T.);
#4962 = VERTEX_POINT('',#4963);
#4963 = CARTESIAN_POINT('',(3.,0.4475,0.22));
#4964 = LINE('',#4965,#4966);
#4965 = CARTESIAN_POINT('',(3.,0.4475,1.110223024625E-16));
#4966 = VECTOR('',#4967,1.);
#4967 = DIRECTION('',(0.,0.,1.));
#4968 = ORIENTED_EDGE('',*,*,#4969,.T.);
#4969 = EDGE_CURVE('',#4962,#4970,#4972,.T.);
#4970 = VERTEX_POINT('',#4971);
#4971 = CARTESIAN_POINT('',(2.77,0.4475,0.22));
#4972 = LINE('',#4973,#4974);
#4973 = CARTESIAN_POINT('',(3.,0.4475,0.22));
#4974 = VECTOR('',#4975,1.);
#4975 = DIRECTION('',(-1.,-1.110223024625E-16,0.));
#4976 = ORIENTED_EDGE('',*,*,#4977,.T.);
#4977 = EDGE_CURVE('',#4970,#4978,#4980,.T.);
#4978 = VERTEX_POINT('',#4979);
#4979 = CARTESIAN_POINT('',(2.622278837048,0.4475,0.34395277335));
#4980 = CIRCLE('',#4981,0.15);
#4981 = AXIS2_PLACEMENT_3D('',#4982,#4983,#4984);
#4982 = CARTESIAN_POINT('',(2.77,0.4475,0.37));
#4983 = DIRECTION('',(-1.110223024625E-16,1.,0.));
#4984 = DIRECTION('',(0.,0.,-1.));
#4985 = ORIENTED_EDGE('',*,*,#4986,.T.);
#4986 = EDGE_CURVE('',#4978,#4987,#4989,.T.);
#4987 = VERTEX_POINT('',#4988);
#4988 = CARTESIAN_POINT('',(2.571178758341,0.4475,0.679249825737));
#4989 = LINE('',#4990,#4991);
#4990 = CARTESIAN_POINT('',(2.622278837048,0.4475,0.34395277335));
#4991 = VECTOR('',#4992,1.);
#4992 = DIRECTION('',(-0.150662769045,-1.672692751477E-17,0.988585216369
    ));
#4993 = ORIENTED_EDGE('',*,*,#4994,.T.);
#4994 = EDGE_CURVE('',#4987,#3292,#4995,.T.);
#4995 = CIRCLE('',#4996,0.37);
#4996 = AXIS2_PLACEMENT_3D('',#4997,#4998,#4999);
#4997 = CARTESIAN_POINT('',(2.206799889726,0.4475,0.615));
#4998 = DIRECTION('',(1.110223024625E-16,-1.,0.));
#4999 = DIRECTION('',(0.984807753012,1.093356242223E-16,0.173648177667)
  );
#5000 = ORIENTED_EDGE('',*,*,#3299,.T.);
#5001 = PLANE('',#5002);
#5002 = AXIS2_PLACEMENT_3D('',#5003,#5004,#5005);
#5003 = CARTESIAN_POINT('',(2.441839564105,0.4475,0.51849904473));
#5004 = DIRECTION('',(1.110223024625E-16,-1.,0.));
#5005 = DIRECTION('',(0.,0.,1.));
#5006 = ADVANCED_FACE('',(#5007),#5018,.T.);
#5007 = FACE_BOUND('',#5008,.T.);
#5008 = EDGE_LOOP('',(#5009,#5010,#5011,#5012));
#5009 = ORIENTED_EDGE('',*,*,#4895,.T.);
#5010 = ORIENTED_EDGE('',*,*,#3291,.T.);
#5011 = ORIENTED_EDGE('',*,*,#4994,.F.);
#5012 = ORIENTED_EDGE('',*,*,#5013,.F.);
#5013 = EDGE_CURVE('',#4888,#4987,#5014,.T.);
#5014 = LINE('',#5015,#5016);
#5015 = CARTESIAN_POINT('',(2.571178758341,0.8225,0.679249825737));
#5016 = VECTOR('',#5017,1.);
#5017 = DIRECTION('',(1.110223024625E-16,-1.,0.));
#5018 = CYLINDRICAL_SURFACE('',#5019,0.37);
#5019 = AXIS2_PLACEMENT_3D('',#5020,#5021,#5022);
#5020 = CARTESIAN_POINT('',(2.206799889726,0.8225,0.615));
#5021 = DIRECTION('',(-1.110223024625E-16,1.,-0.));
#5022 = DIRECTION('',(0.984807753012,1.093356242223E-16,0.173648177667)
  );
#5023 = ADVANCED_FACE('',(#5024),#5042,.F.);
#5024 = FACE_BOUND('',#5025,.F.);
#5025 = EDGE_LOOP('',(#5026,#5027,#5035,#5041));
#5026 = ORIENTED_EDGE('',*,*,#4911,.F.);
#5027 = ORIENTED_EDGE('',*,*,#5028,.T.);
#5028 = EDGE_CURVE('',#4912,#5029,#5031,.T.);
#5029 = VERTEX_POINT('',#5030);
#5030 = CARTESIAN_POINT('',(1.95,-0.4475,0.765));
#5031 = LINE('',#5032,#5033);
#5032 = CARTESIAN_POINT('',(1.95,2.25,0.765));
#5033 = VECTOR('',#5034,1.);
#5034 = DIRECTION('',(1.110223024625E-16,-1.,0.));
#5035 = ORIENTED_EDGE('',*,*,#5036,.T.);
#5036 = EDGE_CURVE('',#5029,#3325,#5037,.T.);
#5037 = LINE('',#5038,#5039);
#5038 = CARTESIAN_POINT('',(1.95,-0.4475,0.751749522365));
#5039 = VECTOR('',#5040,1.);
#5040 = DIRECTION('',(0.,0.,1.));
#5041 = ORIENTED_EDGE('',*,*,#3324,.F.);
#5042 = PLANE('',#5043);
#5043 = AXIS2_PLACEMENT_3D('',#5044,#5045,#5046);
#5044 = CARTESIAN_POINT('',(1.95,2.25,0.985));
#5045 = DIRECTION('',(-1.,-1.110223024625E-16,0.));
#5046 = DIRECTION('',(1.110223024625E-16,-1.,0.));
#5047 = ADVANCED_FACE('',(#5048),#5134,.F.);
#5048 = FACE_BOUND('',#5049,.F.);
#5049 = EDGE_LOOP('',(#5050,#5051,#5059,#5068,#5076,#5085,#5093,#5101,
    #5109,#5118,#5126,#5133));
#5050 = ORIENTED_EDGE('',*,*,#5036,.F.);
#5051 = ORIENTED_EDGE('',*,*,#5052,.T.);
#5052 = EDGE_CURVE('',#5029,#5053,#5055,.T.);
#5053 = VERTEX_POINT('',#5054);
#5054 = CARTESIAN_POINT('',(2.206799889726,-0.4475,0.765));
#5055 = LINE('',#5056,#5057);
#5056 = CARTESIAN_POINT('',(1.85,-0.4475,0.765));
#5057 = VECTOR('',#5058,1.);
#5058 = DIRECTION('',(1.,1.110223024625E-16,0.));
#5059 = ORIENTED_EDGE('',*,*,#5060,.T.);
#5060 = EDGE_CURVE('',#5053,#5061,#5063,.T.);
#5061 = VERTEX_POINT('',#5062);
#5062 = CARTESIAN_POINT('',(2.354521052678,-0.4475,0.64104722665));
#5063 = CIRCLE('',#5064,0.15);
#5064 = AXIS2_PLACEMENT_3D('',#5065,#5066,#5067);
#5065 = CARTESIAN_POINT('',(2.206799889726,-0.4475,0.615));
#5066 = DIRECTION('',(-1.110223024625E-16,1.,0.));
#5067 = DIRECTION('',(2.960594732334E-15,3.286920438421E-31,1.));
#5068 = ORIENTED_EDGE('',*,*,#5069,.T.);
#5069 = EDGE_CURVE('',#5061,#5070,#5072,.T.);
#5070 = VERTEX_POINT('',#5071);
#5071 = CARTESIAN_POINT('',(2.405621131385,-0.4475,0.305750174263));
#5072 = LINE('',#5073,#5074);
#5073 = CARTESIAN_POINT('',(2.354521052678,-0.4475,0.64104722665));
#5074 = VECTOR('',#5075,1.);
#5075 = DIRECTION('',(0.150662769045,1.672692751477E-17,-0.988585216369)
  );
#5076 = ORIENTED_EDGE('',*,*,#5077,.T.);
#5077 = EDGE_CURVE('',#5070,#5078,#5080,.T.);
#5078 = VERTEX_POINT('',#5079);
#5079 = CARTESIAN_POINT('',(2.77,-0.4475,1.110223024625E-16));
#5080 = CIRCLE('',#5081,0.37);
#5081 = AXIS2_PLACEMENT_3D('',#5082,#5083,#5084);
#5082 = CARTESIAN_POINT('',(2.77,-0.4475,0.37));
#5083 = DIRECTION('',(1.110223024625E-16,-1.,0.));
#5084 = DIRECTION('',(-0.984807753012,-1.093356242223E-16,
    -0.173648177667));
#5085 = ORIENTED_EDGE('',*,*,#5086,.T.);
#5086 = EDGE_CURVE('',#5078,#5087,#5089,.T.);
#5087 = VERTEX_POINT('',#5088);
#5088 = CARTESIAN_POINT('',(3.,-0.4475,1.110223024625E-16));
#5089 = LINE('',#5090,#5091);
#5090 = CARTESIAN_POINT('',(2.77,-0.4475,1.110223024625E-16));
#5091 = VECTOR('',#5092,1.);
#5092 = DIRECTION('',(1.,1.110223024625E-16,0.));
#5093 = ORIENTED_EDGE('',*,*,#5094,.T.);
#5094 = EDGE_CURVE('',#5087,#5095,#5097,.T.);
#5095 = VERTEX_POINT('',#5096);
#5096 = CARTESIAN_POINT('',(3.,-0.4475,0.22));
#5097 = LINE('',#5098,#5099);
#5098 = CARTESIAN_POINT('',(3.,-0.4475,1.110223024625E-16));
#5099 = VECTOR('',#5100,1.);
#5100 = DIRECTION('',(0.,0.,1.));
#5101 = ORIENTED_EDGE('',*,*,#5102,.T.);
#5102 = EDGE_CURVE('',#5095,#5103,#5105,.T.);
#5103 = VERTEX_POINT('',#5104);
#5104 = CARTESIAN_POINT('',(2.77,-0.4475,0.22));
#5105 = LINE('',#5106,#5107);
#5106 = CARTESIAN_POINT('',(3.,-0.4475,0.22));
#5107 = VECTOR('',#5108,1.);
#5108 = DIRECTION('',(-1.,-1.110223024625E-16,0.));
#5109 = ORIENTED_EDGE('',*,*,#5110,.T.);
#5110 = EDGE_CURVE('',#5103,#5111,#5113,.T.);
#5111 = VERTEX_POINT('',#5112);
#5112 = CARTESIAN_POINT('',(2.622278837048,-0.4475,0.34395277335));
#5113 = CIRCLE('',#5114,0.15);
#5114 = AXIS2_PLACEMENT_3D('',#5115,#5116,#5117);
#5115 = CARTESIAN_POINT('',(2.77,-0.4475,0.37));
#5116 = DIRECTION('',(-1.110223024625E-16,1.,0.));
#5117 = DIRECTION('',(0.,0.,-1.));
#5118 = ORIENTED_EDGE('',*,*,#5119,.T.);
#5119 = EDGE_CURVE('',#5111,#5120,#5122,.T.);
#5120 = VERTEX_POINT('',#5121);
#5121 = CARTESIAN_POINT('',(2.571178758341,-0.4475,0.679249825737));
#5122 = LINE('',#5123,#5124);
#5123 = CARTESIAN_POINT('',(2.622278837048,-0.4475,0.34395277335));
#5124 = VECTOR('',#5125,1.);
#5125 = DIRECTION('',(-0.150662769045,-1.672692751477E-17,0.988585216369
    ));
#5126 = ORIENTED_EDGE('',*,*,#5127,.T.);
#5127 = EDGE_CURVE('',#5120,#3348,#5128,.T.);
#5128 = CIRCLE('',#5129,0.37);
#5129 = AXIS2_PLACEMENT_3D('',#5130,#5131,#5132);
#5130 = CARTESIAN_POINT('',(2.206799889726,-0.4475,0.615));
#5131 = DIRECTION('',(1.110223024625E-16,-1.,0.));
#5132 = DIRECTION('',(0.984807753012,1.093356242223E-16,0.173648177667)
  );
#5133 = ORIENTED_EDGE('',*,*,#3347,.T.);
#5134 = PLANE('',#5135);
#5135 = AXIS2_PLACEMENT_3D('',#5136,#5137,#5138);
#5136 = CARTESIAN_POINT('',(2.441839564105,-0.4475,0.51849904473));
#5137 = DIRECTION('',(1.110223024625E-16,-1.,0.));
#5138 = DIRECTION('',(0.,0.,1.));
#5139 = ADVANCED_FACE('',(#5140),#5233,.T.);
#5140 = FACE_BOUND('',#5141,.T.);
#5141 = EDGE_LOOP('',(#5142,#5150,#5158,#5167,#5175,#5184,#5192,#5200,
    #5208,#5217,#5225,#5232));
#5142 = ORIENTED_EDGE('',*,*,#5143,.F.);
#5143 = EDGE_CURVE('',#5144,#3364,#5146,.T.);
#5144 = VERTEX_POINT('',#5145);
#5145 = CARTESIAN_POINT('',(1.95,-0.8225,0.765));
#5146 = LINE('',#5147,#5148);
#5147 = CARTESIAN_POINT('',(1.95,-0.8225,0.751749522365));
#5148 = VECTOR('',#5149,1.);
#5149 = DIRECTION('',(0.,0.,1.));
#5150 = ORIENTED_EDGE('',*,*,#5151,.T.);
#5151 = EDGE_CURVE('',#5144,#5152,#5154,.T.);
#5152 = VERTEX_POINT('',#5153);
#5153 = CARTESIAN_POINT('',(2.206799889726,-0.8225,0.765));
#5154 = LINE('',#5155,#5156);
#5155 = CARTESIAN_POINT('',(1.85,-0.8225,0.765));
#5156 = VECTOR('',#5157,1.);
#5157 = DIRECTION('',(1.,1.110223024625E-16,0.));
#5158 = ORIENTED_EDGE('',*,*,#5159,.T.);
#5159 = EDGE_CURVE('',#5152,#5160,#5162,.T.);
#5160 = VERTEX_POINT('',#5161);
#5161 = CARTESIAN_POINT('',(2.354521052678,-0.8225,0.64104722665));
#5162 = CIRCLE('',#5163,0.15);
#5163 = AXIS2_PLACEMENT_3D('',#5164,#5165,#5166);
#5164 = CARTESIAN_POINT('',(2.206799889726,-0.8225,0.615));
#5165 = DIRECTION('',(-1.110223024625E-16,1.,0.));
#5166 = DIRECTION('',(2.960594732334E-15,3.286920438421E-31,1.));
#5167 = ORIENTED_EDGE('',*,*,#5168,.T.);
#5168 = EDGE_CURVE('',#5160,#5169,#5171,.T.);
#5169 = VERTEX_POINT('',#5170);
#5170 = CARTESIAN_POINT('',(2.405621131385,-0.8225,0.305750174263));
#5171 = LINE('',#5172,#5173);
#5172 = CARTESIAN_POINT('',(2.354521052678,-0.8225,0.64104722665));
#5173 = VECTOR('',#5174,1.);
#5174 = DIRECTION('',(0.150662769045,1.672692751477E-17,-0.988585216369)
  );
#5175 = ORIENTED_EDGE('',*,*,#5176,.T.);
#5176 = EDGE_CURVE('',#5169,#5177,#5179,.T.);
#5177 = VERTEX_POINT('',#5178);
#5178 = CARTESIAN_POINT('',(2.77,-0.8225,1.110223024625E-16));
#5179 = CIRCLE('',#5180,0.37);
#5180 = AXIS2_PLACEMENT_3D('',#5181,#5182,#5183);
#5181 = CARTESIAN_POINT('',(2.77,-0.8225,0.37));
#5182 = DIRECTION('',(1.110223024625E-16,-1.,0.));
#5183 = DIRECTION('',(-0.984807753012,-1.093356242223E-16,
    -0.173648177667));
#5184 = ORIENTED_EDGE('',*,*,#5185,.T.);
#5185 = EDGE_CURVE('',#5177,#5186,#5188,.T.);
#5186 = VERTEX_POINT('',#5187);
#5187 = CARTESIAN_POINT('',(3.,-0.8225,1.110223024625E-16));
#5188 = LINE('',#5189,#5190);
#5189 = CARTESIAN_POINT('',(2.77,-0.8225,1.110223024625E-16));
#5190 = VECTOR('',#5191,1.);
#5191 = DIRECTION('',(1.,1.110223024625E-16,0.));
#5192 = ORIENTED_EDGE('',*,*,#5193,.T.);
#5193 = EDGE_CURVE('',#5186,#5194,#5196,.T.);
#5194 = VERTEX_POINT('',#5195);
#5195 = CARTESIAN_POINT('',(3.,-0.8225,0.22));
#5196 = LINE('',#5197,#5198);
#5197 = CARTESIAN_POINT('',(3.,-0.8225,1.110223024625E-16));
#5198 = VECTOR('',#5199,1.);
#5199 = DIRECTION('',(0.,0.,1.));
#5200 = ORIENTED_EDGE('',*,*,#5201,.T.);
#5201 = EDGE_CURVE('',#5194,#5202,#5204,.T.);
#5202 = VERTEX_POINT('',#5203);
#5203 = CARTESIAN_POINT('',(2.77,-0.8225,0.22));
#5204 = LINE('',#5205,#5206);
#5205 = CARTESIAN_POINT('',(3.,-0.8225,0.22));
#5206 = VECTOR('',#5207,1.);
#5207 = DIRECTION('',(-1.,-1.110223024625E-16,0.));
#5208 = ORIENTED_EDGE('',*,*,#5209,.T.);
#5209 = EDGE_CURVE('',#5202,#5210,#5212,.T.);
#5210 = VERTEX_POINT('',#5211);
#5211 = CARTESIAN_POINT('',(2.622278837048,-0.8225,0.34395277335));
#5212 = CIRCLE('',#5213,0.15);
#5213 = AXIS2_PLACEMENT_3D('',#5214,#5215,#5216);
#5214 = CARTESIAN_POINT('',(2.77,-0.8225,0.37));
#5215 = DIRECTION('',(-1.110223024625E-16,1.,0.));
#5216 = DIRECTION('',(0.,0.,-1.));
#5217 = ORIENTED_EDGE('',*,*,#5218,.T.);
#5218 = EDGE_CURVE('',#5210,#5219,#5221,.T.);
#5219 = VERTEX_POINT('',#5220);
#5220 = CARTESIAN_POINT('',(2.571178758341,-0.8225,0.679249825737));
#5221 = LINE('',#5222,#5223);
#5222 = CARTESIAN_POINT('',(2.622278837048,-0.8225,0.34395277335));
#5223 = VECTOR('',#5224,1.);
#5224 = DIRECTION('',(-0.150662769045,-1.672692751477E-17,0.988585216369
    ));
#5225 = ORIENTED_EDGE('',*,*,#5226,.T.);
#5226 = EDGE_CURVE('',#5219,#3356,#5227,.T.);
#5227 = CIRCLE('',#5228,0.37);
#5228 = AXIS2_PLACEMENT_3D('',#5229,#5230,#5231);
#5229 = CARTESIAN_POINT('',(2.206799889726,-0.8225,0.615));
#5230 = DIRECTION('',(1.110223024625E-16,-1.,0.));
#5231 = DIRECTION('',(0.984807753012,1.093356242223E-16,0.173648177667)
  );
#5232 = ORIENTED_EDGE('',*,*,#3363,.T.);
#5233 = PLANE('',#5234);
#5234 = AXIS2_PLACEMENT_3D('',#5235,#5236,#5237);
#5235 = CARTESIAN_POINT('',(2.441839564105,-0.8225,0.51849904473));
#5236 = DIRECTION('',(1.110223024625E-16,-1.,0.));
#5237 = DIRECTION('',(0.,0.,1.));
#5238 = ADVANCED_FACE('',(#5239),#5250,.T.);
#5239 = FACE_BOUND('',#5240,.T.);
#5240 = EDGE_LOOP('',(#5241,#5242,#5243,#5244));
#5241 = ORIENTED_EDGE('',*,*,#5127,.T.);
#5242 = ORIENTED_EDGE('',*,*,#3355,.T.);
#5243 = ORIENTED_EDGE('',*,*,#5226,.F.);
#5244 = ORIENTED_EDGE('',*,*,#5245,.F.);
#5245 = EDGE_CURVE('',#5120,#5219,#5246,.T.);
#5246 = LINE('',#5247,#5248);
#5247 = CARTESIAN_POINT('',(2.571178758341,-0.4475,0.679249825737));
#5248 = VECTOR('',#5249,1.);
#5249 = DIRECTION('',(1.110223024625E-16,-1.,0.));
#5250 = CYLINDRICAL_SURFACE('',#5251,0.37);
#5251 = AXIS2_PLACEMENT_3D('',#5252,#5253,#5254);
#5252 = CARTESIAN_POINT('',(2.206799889726,-0.4475,0.615));
#5253 = DIRECTION('',(-1.110223024625E-16,1.,-0.));
#5254 = DIRECTION('',(0.984807753012,1.093356242223E-16,0.173648177667)
  );
#5255 = ADVANCED_FACE('',(#5256),#5274,.F.);
#5256 = FACE_BOUND('',#5257,.F.);
#5257 = EDGE_LOOP('',(#5258,#5259,#5267,#5273));
#5258 = ORIENTED_EDGE('',*,*,#5143,.F.);
#5259 = ORIENTED_EDGE('',*,*,#5260,.T.);
#5260 = EDGE_CURVE('',#5144,#5261,#5263,.T.);
#5261 = VERTEX_POINT('',#5262);
#5262 = CARTESIAN_POINT('',(1.95,-1.7175,0.765));
#5263 = LINE('',#5264,#5265);
#5264 = CARTESIAN_POINT('',(1.95,2.25,0.765));
#5265 = VECTOR('',#5266,1.);
#5266 = DIRECTION('',(1.110223024625E-16,-1.,0.));
#5267 = ORIENTED_EDGE('',*,*,#5268,.T.);
#5268 = EDGE_CURVE('',#5261,#3389,#5269,.T.);
#5269 = LINE('',#5270,#5271);
#5270 = CARTESIAN_POINT('',(1.95,-1.7175,0.751749522365));
#5271 = VECTOR('',#5272,1.);
#5272 = DIRECTION('',(0.,0.,1.));
#5273 = ORIENTED_EDGE('',*,*,#3388,.F.);
#5274 = PLANE('',#5275);
#5275 = AXIS2_PLACEMENT_3D('',#5276,#5277,#5278);
#5276 = CARTESIAN_POINT('',(1.95,2.25,0.985));
#5277 = DIRECTION('',(-1.,-1.110223024625E-16,0.));
#5278 = DIRECTION('',(1.110223024625E-16,-1.,0.));
#5279 = ADVANCED_FACE('',(#5280),#5366,.F.);
#5280 = FACE_BOUND('',#5281,.F.);
#5281 = EDGE_LOOP('',(#5282,#5283,#5291,#5300,#5308,#5317,#5325,#5333,
    #5341,#5350,#5358,#5365));
#5282 = ORIENTED_EDGE('',*,*,#5268,.F.);
#5283 = ORIENTED_EDGE('',*,*,#5284,.T.);
#5284 = EDGE_CURVE('',#5261,#5285,#5287,.T.);
#5285 = VERTEX_POINT('',#5286);
#5286 = CARTESIAN_POINT('',(2.206799889726,-1.7175,0.765));
#5287 = LINE('',#5288,#5289);
#5288 = CARTESIAN_POINT('',(1.85,-1.7175,0.765));
#5289 = VECTOR('',#5290,1.);
#5290 = DIRECTION('',(1.,1.110223024625E-16,0.));
#5291 = ORIENTED_EDGE('',*,*,#5292,.T.);
#5292 = EDGE_CURVE('',#5285,#5293,#5295,.T.);
#5293 = VERTEX_POINT('',#5294);
#5294 = CARTESIAN_POINT('',(2.354521052678,-1.7175,0.64104722665));
#5295 = CIRCLE('',#5296,0.15);
#5296 = AXIS2_PLACEMENT_3D('',#5297,#5298,#5299);
#5297 = CARTESIAN_POINT('',(2.206799889726,-1.7175,0.615));
#5298 = DIRECTION('',(-1.110223024625E-16,1.,0.));
#5299 = DIRECTION('',(2.960594732334E-15,3.286920438421E-31,1.));
#5300 = ORIENTED_EDGE('',*,*,#5301,.T.);
#5301 = EDGE_CURVE('',#5293,#5302,#5304,.T.);
#5302 = VERTEX_POINT('',#5303);
#5303 = CARTESIAN_POINT('',(2.405621131385,-1.7175,0.305750174263));
#5304 = LINE('',#5305,#5306);
#5305 = CARTESIAN_POINT('',(2.354521052678,-1.7175,0.64104722665));
#5306 = VECTOR('',#5307,1.);
#5307 = DIRECTION('',(0.150662769045,1.672692751477E-17,-0.988585216369)
  );
#5308 = ORIENTED_EDGE('',*,*,#5309,.T.);
#5309 = EDGE_CURVE('',#5302,#5310,#5312,.T.);
#5310 = VERTEX_POINT('',#5311);
#5311 = CARTESIAN_POINT('',(2.77,-1.7175,1.110223024625E-16));
#5312 = CIRCLE('',#5313,0.37);
#5313 = AXIS2_PLACEMENT_3D('',#5314,#5315,#5316);
#5314 = CARTESIAN_POINT('',(2.77,-1.7175,0.37));
#5315 = DIRECTION('',(1.110223024625E-16,-1.,0.));
#5316 = DIRECTION('',(-0.984807753012,-1.093356242223E-16,
    -0.173648177667));
#5317 = ORIENTED_EDGE('',*,*,#5318,.T.);
#5318 = EDGE_CURVE('',#5310,#5319,#5321,.T.);
#5319 = VERTEX_POINT('',#5320);
#5320 = CARTESIAN_POINT('',(3.,-1.7175,1.110223024625E-16));
#5321 = LINE('',#5322,#5323);
#5322 = CARTESIAN_POINT('',(2.77,-1.7175,1.110223024625E-16));
#5323 = VECTOR('',#5324,1.);
#5324 = DIRECTION('',(1.,1.110223024625E-16,0.));
#5325 = ORIENTED_EDGE('',*,*,#5326,.T.);
#5326 = EDGE_CURVE('',#5319,#5327,#5329,.T.);
#5327 = VERTEX_POINT('',#5328);
#5328 = CARTESIAN_POINT('',(3.,-1.7175,0.22));
#5329 = LINE('',#5330,#5331);
#5330 = CARTESIAN_POINT('',(3.,-1.7175,1.110223024625E-16));
#5331 = VECTOR('',#5332,1.);
#5332 = DIRECTION('',(0.,0.,1.));
#5333 = ORIENTED_EDGE('',*,*,#5334,.T.);
#5334 = EDGE_CURVE('',#5327,#5335,#5337,.T.);
#5335 = VERTEX_POINT('',#5336);
#5336 = CARTESIAN_POINT('',(2.77,-1.7175,0.22));
#5337 = LINE('',#5338,#5339);
#5338 = CARTESIAN_POINT('',(3.,-1.7175,0.22));
#5339 = VECTOR('',#5340,1.);
#5340 = DIRECTION('',(-1.,-1.110223024625E-16,0.));
#5341 = ORIENTED_EDGE('',*,*,#5342,.T.);
#5342 = EDGE_CURVE('',#5335,#5343,#5345,.T.);
#5343 = VERTEX_POINT('',#5344);
#5344 = CARTESIAN_POINT('',(2.622278837048,-1.7175,0.34395277335));
#5345 = CIRCLE('',#5346,0.15);
#5346 = AXIS2_PLACEMENT_3D('',#5347,#5348,#5349);
#5347 = CARTESIAN_POINT('',(2.77,-1.7175,0.37));
#5348 = DIRECTION('',(-1.110223024625E-16,1.,0.));
#5349 = DIRECTION('',(0.,0.,-1.));
#5350 = ORIENTED_EDGE('',*,*,#5351,.T.);
#5351 = EDGE_CURVE('',#5343,#5352,#5354,.T.);
#5352 = VERTEX_POINT('',#5353);
#5353 = CARTESIAN_POINT('',(2.571178758341,-1.7175,0.679249825737));
#5354 = LINE('',#5355,#5356);
#5355 = CARTESIAN_POINT('',(2.622278837048,-1.7175,0.34395277335));
#5356 = VECTOR('',#5357,1.);
#5357 = DIRECTION('',(-0.150662769045,-1.672692751477E-17,0.988585216369
    ));
#5358 = ORIENTED_EDGE('',*,*,#5359,.T.);
#5359 = EDGE_CURVE('',#5352,#3412,#5360,.T.);
#5360 = CIRCLE('',#5361,0.37);
#5361 = AXIS2_PLACEMENT_3D('',#5362,#5363,#5364);
#5362 = CARTESIAN_POINT('',(2.206799889726,-1.7175,0.615));
#5363 = DIRECTION('',(1.110223024625E-16,-1.,0.));
#5364 = DIRECTION('',(0.984807753012,1.093356242223E-16,0.173648177667)
  );
#5365 = ORIENTED_EDGE('',*,*,#3411,.T.);
#5366 = PLANE('',#5367);
#5367 = AXIS2_PLACEMENT_3D('',#5368,#5369,#5370);
#5368 = CARTESIAN_POINT('',(2.441839564105,-1.7175,0.51849904473));
#5369 = DIRECTION('',(1.110223024625E-16,-1.,0.));
#5370 = DIRECTION('',(0.,0.,1.));
#5371 = ADVANCED_FACE('',(#5372),#5458,.T.);
#5372 = FACE_BOUND('',#5373,.T.);
#5373 = EDGE_LOOP('',(#5374,#5375,#5383,#5392,#5400,#5409,#5417,#5425,
    #5433,#5442,#5450,#5457));
#5374 = ORIENTED_EDGE('',*,*,#3666,.F.);
#5375 = ORIENTED_EDGE('',*,*,#5376,.T.);
#5376 = EDGE_CURVE('',#3667,#5377,#5379,.T.);
#5377 = VERTEX_POINT('',#5378);
#5378 = CARTESIAN_POINT('',(2.206799889726,-2.0925,0.765));
#5379 = LINE('',#5380,#5381);
#5380 = CARTESIAN_POINT('',(1.85,-2.0925,0.765));
#5381 = VECTOR('',#5382,1.);
#5382 = DIRECTION('',(1.,1.110223024625E-16,0.));
#5383 = ORIENTED_EDGE('',*,*,#5384,.T.);
#5384 = EDGE_CURVE('',#5377,#5385,#5387,.T.);
#5385 = VERTEX_POINT('',#5386);
#5386 = CARTESIAN_POINT('',(2.354521052678,-2.0925,0.64104722665));
#5387 = CIRCLE('',#5388,0.15);
#5388 = AXIS2_PLACEMENT_3D('',#5389,#5390,#5391);
#5389 = CARTESIAN_POINT('',(2.206799889726,-2.0925,0.615));
#5390 = DIRECTION('',(-1.110223024625E-16,1.,0.));
#5391 = DIRECTION('',(2.960594732334E-15,3.286920438421E-31,1.));
#5392 = ORIENTED_EDGE('',*,*,#5393,.T.);
#5393 = EDGE_CURVE('',#5385,#5394,#5396,.T.);
#5394 = VERTEX_POINT('',#5395);
#5395 = CARTESIAN_POINT('',(2.405621131385,-2.0925,0.305750174263));
#5396 = LINE('',#5397,#5398);
#5397 = CARTESIAN_POINT('',(2.354521052678,-2.0925,0.64104722665));
#5398 = VECTOR('',#5399,1.);
#5399 = DIRECTION('',(0.150662769045,1.672692751477E-17,-0.988585216369)
  );
#5400 = ORIENTED_EDGE('',*,*,#5401,.T.);
#5401 = EDGE_CURVE('',#5394,#5402,#5404,.T.);
#5402 = VERTEX_POINT('',#5403);
#5403 = CARTESIAN_POINT('',(2.77,-2.0925,1.110223024625E-16));
#5404 = CIRCLE('',#5405,0.37);
#5405 = AXIS2_PLACEMENT_3D('',#5406,#5407,#5408);
#5406 = CARTESIAN_POINT('',(2.77,-2.0925,0.37));
#5407 = DIRECTION('',(1.110223024625E-16,-1.,0.));
#5408 = DIRECTION('',(-0.984807753012,-1.093356242223E-16,
    -0.173648177667));
#5409 = ORIENTED_EDGE('',*,*,#5410,.T.);
#5410 = EDGE_CURVE('',#5402,#5411,#5413,.T.);
#5411 = VERTEX_POINT('',#5412);
#5412 = CARTESIAN_POINT('',(3.,-2.0925,1.110223024625E-16));
#5413 = LINE('',#5414,#5415);
#5414 = CARTESIAN_POINT('',(2.77,-2.0925,1.110223024625E-16));
#5415 = VECTOR('',#5416,1.);
#5416 = DIRECTION('',(1.,1.110223024625E-16,0.));
#5417 = ORIENTED_EDGE('',*,*,#5418,.T.);
#5418 = EDGE_CURVE('',#5411,#5419,#5421,.T.);
#5419 = VERTEX_POINT('',#5420);
#5420 = CARTESIAN_POINT('',(3.,-2.0925,0.22));
#5421 = LINE('',#5422,#5423);
#5422 = CARTESIAN_POINT('',(3.,-2.0925,1.110223024625E-16));
#5423 = VECTOR('',#5424,1.);
#5424 = DIRECTION('',(0.,0.,1.));
#5425 = ORIENTED_EDGE('',*,*,#5426,.T.);
#5426 = EDGE_CURVE('',#5419,#5427,#5429,.T.);
#5427 = VERTEX_POINT('',#5428);
#5428 = CARTESIAN_POINT('',(2.77,-2.0925,0.22));
#5429 = LINE('',#5430,#5431);
#5430 = CARTESIAN_POINT('',(3.,-2.0925,0.22));
#5431 = VECTOR('',#5432,1.);
#5432 = DIRECTION('',(-1.,-1.110223024625E-16,0.));
#5433 = ORIENTED_EDGE('',*,*,#5434,.T.);
#5434 = EDGE_CURVE('',#5427,#5435,#5437,.T.);
#5435 = VERTEX_POINT('',#5436);
#5436 = CARTESIAN_POINT('',(2.622278837048,-2.0925,0.34395277335));
#5437 = CIRCLE('',#5438,0.15);
#5438 = AXIS2_PLACEMENT_3D('',#5439,#5440,#5441);
#5439 = CARTESIAN_POINT('',(2.77,-2.0925,0.37));
#5440 = DIRECTION('',(-1.110223024625E-16,1.,0.));
#5441 = DIRECTION('',(0.,0.,-1.));
#5442 = ORIENTED_EDGE('',*,*,#5443,.T.);
#5443 = EDGE_CURVE('',#5435,#5444,#5446,.T.);
#5444 = VERTEX_POINT('',#5445);
#5445 = CARTESIAN_POINT('',(2.571178758341,-2.0925,0.679249825737));
#5446 = LINE('',#5447,#5448);
#5447 = CARTESIAN_POINT('',(2.622278837048,-2.0925,0.34395277335));
#5448 = VECTOR('',#5449,1.);
#5449 = DIRECTION('',(-0.150662769045,-1.672692751477E-17,0.988585216369
    ));
#5450 = ORIENTED_EDGE('',*,*,#5451,.T.);
#5451 = EDGE_CURVE('',#5444,#3420,#5452,.T.);
#5452 = CIRCLE('',#5453,0.37);
#5453 = AXIS2_PLACEMENT_3D('',#5454,#5455,#5456);
#5454 = CARTESIAN_POINT('',(2.206799889726,-2.0925,0.615));
#5455 = DIRECTION('',(1.110223024625E-16,-1.,0.));
#5456 = DIRECTION('',(0.984807753012,1.093356242223E-16,0.173648177667)
  );
#5457 = ORIENTED_EDGE('',*,*,#3427,.T.);
#5458 = PLANE('',#5459);
#5459 = AXIS2_PLACEMENT_3D('',#5460,#5461,#5462);
#5460 = CARTESIAN_POINT('',(2.441839564105,-2.0925,0.51849904473));
#5461 = DIRECTION('',(1.110223024625E-16,-1.,0.));
#5462 = DIRECTION('',(0.,0.,1.));
#5463 = ADVANCED_FACE('',(#5464),#5475,.T.);
#5464 = FACE_BOUND('',#5465,.T.);
#5465 = EDGE_LOOP('',(#5466,#5467,#5468,#5469));
#5466 = ORIENTED_EDGE('',*,*,#5359,.T.);
#5467 = ORIENTED_EDGE('',*,*,#3419,.T.);
#5468 = ORIENTED_EDGE('',*,*,#5451,.F.);
#5469 = ORIENTED_EDGE('',*,*,#5470,.F.);
#5470 = EDGE_CURVE('',#5352,#5444,#5471,.T.);
#5471 = LINE('',#5472,#5473);
#5472 = CARTESIAN_POINT('',(2.571178758341,-1.7175,0.679249825737));
#5473 = VECTOR('',#5474,1.);
#5474 = DIRECTION('',(1.110223024625E-16,-1.,0.));
#5475 = CYLINDRICAL_SURFACE('',#5476,0.37);
#5476 = AXIS2_PLACEMENT_3D('',#5477,#5478,#5479);
#5477 = CARTESIAN_POINT('',(2.206799889726,-1.7175,0.615));
#5478 = DIRECTION('',(-1.110223024625E-16,1.,-0.));
#5479 = DIRECTION('',(0.984807753012,1.093356242223E-16,0.173648177667)
  );
#5480 = ADVANCED_FACE('',(#5481),#5504,.F.);
#5481 = FACE_BOUND('',#5482,.F.);
#5482 = EDGE_LOOP('',(#5483,#5493,#5498,#5499));
#5483 = ORIENTED_EDGE('',*,*,#5484,.T.);
#5484 = EDGE_CURVE('',#5485,#5487,#5489,.T.);
#5485 = VERTEX_POINT('',#5486);
#5486 = CARTESIAN_POINT('',(-1.863567386658,2.206783693329,0.15));
#5487 = VERTEX_POINT('',#5488);
#5488 = CARTESIAN_POINT('',(-1.706783693329,2.363567386658,0.15));
#5489 = LINE('',#5490,#5491);
#5490 = CARTESIAN_POINT('',(-1.863567386658,2.206783693329,0.15));
#5491 = VECTOR('',#5492,1.);
#5492 = DIRECTION('',(0.707106781187,0.707106781187,0.));
#5493 = ORIENTED_EDGE('',*,*,#5494,.T.);
#5494 = EDGE_CURVE('',#5487,#3447,#5495,.T.);
#5495 = B_SPLINE_CURVE_WITH_KNOTS('',1,(#5496,#5497),.UNSPECIFIED.,.F.,
  .F.,(2,2),(0.,1.),.PIECEWISE_BEZIER_KNOTS.);
#5496 = CARTESIAN_POINT('',(-1.706783693329,2.363567386658,0.15));
#5497 = CARTESIAN_POINT('',(-1.75,2.45,0.765));
#5498 = ORIENTED_EDGE('',*,*,#3444,.F.);
#5499 = ORIENTED_EDGE('',*,*,#5500,.F.);
#5500 = EDGE_CURVE('',#5485,#3445,#5501,.T.);
#5501 = B_SPLINE_CURVE_WITH_KNOTS('',1,(#5502,#5503),.UNSPECIFIED.,.F.,
  .F.,(2,2),(0.,1.),.PIECEWISE_BEZIER_KNOTS.);
#5502 = CARTESIAN_POINT('',(-1.863567386658,2.206783693329,0.15));
#5503 = CARTESIAN_POINT('',(-1.95,2.25,0.765));
#5504 = B_SPLINE_SURFACE_WITH_KNOTS('',1,1,(
    (#5505,#5506)
    ,(#5507,#5508
    )),.UNSPECIFIED.,.F.,.F.,.F.,(2,2),(2,2),(0.,0.282842712475),(0.,1.)
  ,.PIECEWISE_BEZIER_KNOTS.);
#5505 = CARTESIAN_POINT('',(-1.863567386658,2.206783693329,0.15));
#5506 = CARTESIAN_POINT('',(-1.95,2.25,0.765));
#5507 = CARTESIAN_POINT('',(-1.706783693329,2.363567386658,0.15));
#5508 = CARTESIAN_POINT('',(-1.75,2.45,0.765));
#5509 = ADVANCED_FACE('',(#5510),#5555,.F.);
#5510 = FACE_BOUND('',#5511,.F.);
#5511 = EDGE_LOOP('',(#5512,#5520,#5521,#5522,#5528,#5529,#5535,#5536,
    #5542,#5543,#5549,#5550));
#5512 = ORIENTED_EDGE('',*,*,#5513,.T.);
#5513 = EDGE_CURVE('',#5514,#5485,#5516,.T.);
#5514 = VERTEX_POINT('',#5515);
#5515 = CARTESIAN_POINT('',(-1.863567386658,-2.206783693329,0.15));
#5516 = LINE('',#5517,#5518);
#5517 = CARTESIAN_POINT('',(-1.863567386658,-2.206783693329,0.15));
#5518 = VECTOR('',#5519,1.);
#5519 = DIRECTION('',(-1.110223024625E-16,1.,0.));
#5520 = ORIENTED_EDGE('',*,*,#5500,.T.);
#5521 = ORIENTED_EDGE('',*,*,#3481,.F.);
#5522 = ORIENTED_EDGE('',*,*,#5523,.F.);
#5523 = EDGE_CURVE('',#4364,#3474,#5524,.T.);
#5524 = LINE('',#5525,#5526);
#5525 = CARTESIAN_POINT('',(-1.95,-2.25,0.765));
#5526 = VECTOR('',#5527,1.);
#5527 = DIRECTION('',(-1.110223024625E-16,1.,0.));
#5528 = ORIENTED_EDGE('',*,*,#4363,.F.);
#5529 = ORIENTED_EDGE('',*,*,#5530,.F.);
#5530 = EDGE_CURVE('',#4132,#4247,#5531,.T.);
#5531 = LINE('',#5532,#5533);
#5532 = CARTESIAN_POINT('',(-1.95,-2.25,0.765));
#5533 = VECTOR('',#5534,1.);
#5534 = DIRECTION('',(-1.110223024625E-16,1.,0.));
#5535 = ORIENTED_EDGE('',*,*,#4131,.F.);
#5536 = ORIENTED_EDGE('',*,*,#5537,.F.);
#5537 = EDGE_CURVE('',#3900,#4015,#5538,.T.);
#5538 = LINE('',#5539,#5540);
#5539 = CARTESIAN_POINT('',(-1.95,-2.25,0.765));
#5540 = VECTOR('',#5541,1.);
#5541 = DIRECTION('',(-1.110223024625E-16,1.,0.));
#5542 = ORIENTED_EDGE('',*,*,#3899,.F.);
#5543 = ORIENTED_EDGE('',*,*,#5544,.F.);
#5544 = EDGE_CURVE('',#3575,#3783,#5545,.T.);
#5545 = LINE('',#5546,#5547);
#5546 = CARTESIAN_POINT('',(-1.95,-2.25,0.765));
#5547 = VECTOR('',#5548,1.);
#5548 = DIRECTION('',(-1.110223024625E-16,1.,0.));
#5549 = ORIENTED_EDGE('',*,*,#3574,.F.);
#5550 = ORIENTED_EDGE('',*,*,#5551,.F.);
#5551 = EDGE_CURVE('',#5514,#3568,#5552,.T.);
#5552 = B_SPLINE_CURVE_WITH_KNOTS('',1,(#5553,#5554),.UNSPECIFIED.,.F.,
  .F.,(2,2),(0.,1.),.PIECEWISE_BEZIER_KNOTS.);
#5553 = CARTESIAN_POINT('',(-1.863567386658,-2.206783693329,0.15));
#5554 = CARTESIAN_POINT('',(-1.95,-2.25,0.765));
#5555 = B_SPLINE_SURFACE_WITH_KNOTS('',1,1,(
    (#5556,#5557)
    ,(#5558,#5559
    )),.UNSPECIFIED.,.F.,.F.,.F.,(2,2),(2,2),(0.,4.5),(0.,1.),
  .PIECEWISE_BEZIER_KNOTS.);
#5556 = CARTESIAN_POINT('',(-1.863567386658,-2.206783693329,0.15));
#5557 = CARTESIAN_POINT('',(-1.95,-2.25,0.765));
#5558 = CARTESIAN_POINT('',(-1.863567386658,2.206783693329,0.15));
#5559 = CARTESIAN_POINT('',(-1.95,2.25,0.765));
#5560 = ADVANCED_FACE('',(#5561),#5612,.F.);
#5561 = FACE_BOUND('',#5562,.F.);
#5562 = EDGE_LOOP('',(#5563,#5573,#5578,#5579,#5585,#5586,#5592,#5593,
    #5599,#5600,#5606,#5607));
#5563 = ORIENTED_EDGE('',*,*,#5564,.T.);
#5564 = EDGE_CURVE('',#5565,#5567,#5569,.T.);
#5565 = VERTEX_POINT('',#5566);
#5566 = CARTESIAN_POINT('',(1.863567386658,2.206783693329,0.15));
#5567 = VERTEX_POINT('',#5568);
#5568 = CARTESIAN_POINT('',(1.863567386658,-2.206783693329,0.15));
#5569 = LINE('',#5570,#5571);
#5570 = CARTESIAN_POINT('',(1.863567386658,2.206783693329,0.15));
#5571 = VECTOR('',#5572,1.);
#5572 = DIRECTION('',(1.110223024625E-16,-1.,0.));
#5573 = ORIENTED_EDGE('',*,*,#5574,.T.);
#5574 = EDGE_CURVE('',#5567,#3644,#5575,.T.);
#5575 = B_SPLINE_CURVE_WITH_KNOTS('',1,(#5576,#5577),.UNSPECIFIED.,.F.,
  .F.,(2,2),(0.,1.),.PIECEWISE_BEZIER_KNOTS.);
#5576 = CARTESIAN_POINT('',(1.863567386658,-2.206783693329,0.15));
#5577 = CARTESIAN_POINT('',(1.95,-2.25,0.765));
#5578 = ORIENTED_EDGE('',*,*,#3674,.F.);
#5579 = ORIENTED_EDGE('',*,*,#5580,.F.);
#5580 = EDGE_CURVE('',#5261,#3667,#5581,.T.);
#5581 = LINE('',#5582,#5583);
#5582 = CARTESIAN_POINT('',(1.95,2.25,0.765));
#5583 = VECTOR('',#5584,1.);
#5584 = DIRECTION('',(1.110223024625E-16,-1.,0.));
#5585 = ORIENTED_EDGE('',*,*,#5260,.F.);
#5586 = ORIENTED_EDGE('',*,*,#5587,.F.);
#5587 = EDGE_CURVE('',#5029,#5144,#5588,.T.);
#5588 = LINE('',#5589,#5590);
#5589 = CARTESIAN_POINT('',(1.95,2.25,0.765));
#5590 = VECTOR('',#5591,1.);
#5591 = DIRECTION('',(1.110223024625E-16,-1.,0.));
#5592 = ORIENTED_EDGE('',*,*,#5028,.F.);
#5593 = ORIENTED_EDGE('',*,*,#5594,.F.);
#5594 = EDGE_CURVE('',#4797,#4912,#5595,.T.);
#5595 = LINE('',#5596,#5597);
#5596 = CARTESIAN_POINT('',(1.95,2.25,0.765));
#5597 = VECTOR('',#5598,1.);
#5598 = DIRECTION('',(1.110223024625E-16,-1.,0.));
#5599 = ORIENTED_EDGE('',*,*,#4796,.F.);
#5600 = ORIENTED_EDGE('',*,*,#5601,.F.);
#5601 = EDGE_CURVE('',#3505,#4680,#5602,.T.);
#5602 = LINE('',#5603,#5604);
#5603 = CARTESIAN_POINT('',(1.95,2.25,0.765));
#5604 = VECTOR('',#5605,1.);
#5605 = DIRECTION('',(1.110223024625E-16,-1.,0.));
#5606 = ORIENTED_EDGE('',*,*,#3504,.F.);
#5607 = ORIENTED_EDGE('',*,*,#5608,.F.);
#5608 = EDGE_CURVE('',#5565,#3498,#5609,.T.);
#5609 = B_SPLINE_CURVE_WITH_KNOTS('',1,(#5610,#5611),.UNSPECIFIED.,.F.,
  .F.,(2,2),(0.,1.),.PIECEWISE_BEZIER_KNOTS.);
#5610 = CARTESIAN_POINT('',(1.863567386658,2.206783693329,0.15));
#5611 = CARTESIAN_POINT('',(1.95,2.25,0.765));
#5612 = B_SPLINE_SURFACE_WITH_KNOTS('',1,1,(
    (#5613,#5614)
    ,(#5615,#5616
    )),.UNSPECIFIED.,.F.,.F.,.F.,(2,2),(2,2),(0.,4.5),(0.,1.),
  .PIECEWISE_BEZIER_KNOTS.);
#5613 = CARTESIAN_POINT('',(1.863567386658,2.206783693329,0.15));
#5614 = CARTESIAN_POINT('',(1.95,2.25,0.765));
#5615 = CARTESIAN_POINT('',(1.863567386658,-2.206783693329,0.15));
#5616 = CARTESIAN_POINT('',(1.95,-2.25,0.765));
#5617 = ADVANCED_FACE('',(#5618),#5635,.F.);
#5618 = FACE_BOUND('',#5619,.F.);
#5619 = EDGE_LOOP('',(#5620,#5628,#5629,#5630));
#5620 = ORIENTED_EDGE('',*,*,#5621,.T.);
#5621 = EDGE_CURVE('',#5622,#5565,#5624,.T.);
#5622 = VERTEX_POINT('',#5623);
#5623 = CARTESIAN_POINT('',(1.706783693329,2.363567386658,0.15));
#5624 = LINE('',#5625,#5626);
#5625 = CARTESIAN_POINT('',(1.706783693329,2.363567386658,0.15));
#5626 = VECTOR('',#5627,1.);
#5627 = DIRECTION('',(0.707106781187,-0.707106781187,0.));
#5628 = ORIENTED_EDGE('',*,*,#5608,.T.);
#5629 = ORIENTED_EDGE('',*,*,#3527,.F.);
#5630 = ORIENTED_EDGE('',*,*,#5631,.F.);
#5631 = EDGE_CURVE('',#5622,#3528,#5632,.T.);
#5632 = B_SPLINE_CURVE_WITH_KNOTS('',1,(#5633,#5634),.UNSPECIFIED.,.F.,
  .F.,(2,2),(0.,1.),.PIECEWISE_BEZIER_KNOTS.);
#5633 = CARTESIAN_POINT('',(1.706783693329,2.363567386658,0.15));
#5634 = CARTESIAN_POINT('',(1.75,2.45,0.765));
#5635 = B_SPLINE_SURFACE_WITH_KNOTS('',1,1,(
    (#5636,#5637)
    ,(#5638,#5639
    )),.UNSPECIFIED.,.F.,.F.,.F.,(2,2),(2,2),(0.,0.282842712475),(0.,1.)
  ,.PIECEWISE_BEZIER_KNOTS.);
#5636 = CARTESIAN_POINT('',(1.706783693329,2.363567386658,0.15));
#5637 = CARTESIAN_POINT('',(1.75,2.45,0.765));
#5638 = CARTESIAN_POINT('',(1.863567386658,2.206783693329,0.15));
#5639 = CARTESIAN_POINT('',(1.95,2.25,0.765));
#5640 = ADVANCED_FACE('',(#5641),#5652,.F.);
#5641 = FACE_BOUND('',#5642,.F.);
#5642 = EDGE_LOOP('',(#5643,#5649,#5650,#5651));
#5643 = ORIENTED_EDGE('',*,*,#5644,.T.);
#5644 = EDGE_CURVE('',#5487,#5622,#5645,.T.);
#5645 = LINE('',#5646,#5647);
#5646 = CARTESIAN_POINT('',(-1.706783693329,2.363567386658,0.15));
#5647 = VECTOR('',#5648,1.);
#5648 = DIRECTION('',(1.,1.110223024625E-16,0.));
#5649 = ORIENTED_EDGE('',*,*,#5631,.T.);
#5650 = ORIENTED_EDGE('',*,*,#3550,.F.);
#5651 = ORIENTED_EDGE('',*,*,#5494,.F.);
#5652 = B_SPLINE_SURFACE_WITH_KNOTS('',1,1,(
    (#5653,#5654)
    ,(#5655,#5656
    )),.UNSPECIFIED.,.F.,.F.,.F.,(2,2),(2,2),(0.,3.5),(0.,1.),
  .PIECEWISE_BEZIER_KNOTS.);
#5653 = CARTESIAN_POINT('',(-1.706783693329,2.363567386658,0.15));
#5654 = CARTESIAN_POINT('',(-1.75,2.45,0.765));
#5655 = CARTESIAN_POINT('',(1.706783693329,2.363567386658,0.15));
#5656 = CARTESIAN_POINT('',(1.75,2.45,0.765));
#5657 = ADVANCED_FACE('',(#5658),#5675,.F.);
#5658 = FACE_BOUND('',#5659,.F.);
#5659 = EDGE_LOOP('',(#5660,#5668,#5669,#5670));
#5660 = ORIENTED_EDGE('',*,*,#5661,.T.);
#5661 = EDGE_CURVE('',#5662,#5514,#5664,.T.);
#5662 = VERTEX_POINT('',#5663);
#5663 = CARTESIAN_POINT('',(-1.706783693329,-2.363567386658,0.15));
#5664 = LINE('',#5665,#5666);
#5665 = CARTESIAN_POINT('',(-1.706783693329,-2.363567386658,0.15));
#5666 = VECTOR('',#5667,1.);
#5667 = DIRECTION('',(-0.707106781187,0.707106781187,0.));
#5668 = ORIENTED_EDGE('',*,*,#5551,.T.);
#5669 = ORIENTED_EDGE('',*,*,#3597,.F.);
#5670 = ORIENTED_EDGE('',*,*,#5671,.F.);
#5671 = EDGE_CURVE('',#5662,#3598,#5672,.T.);
#5672 = B_SPLINE_CURVE_WITH_KNOTS('',1,(#5673,#5674),.UNSPECIFIED.,.F.,
  .F.,(2,2),(0.,1.),.PIECEWISE_BEZIER_KNOTS.);
#5673 = CARTESIAN_POINT('',(-1.706783693329,-2.363567386658,0.15));
#5674 = CARTESIAN_POINT('',(-1.75,-2.45,0.765));
#5675 = B_SPLINE_SURFACE_WITH_KNOTS('',1,1,(
    (#5676,#5677)
    ,(#5678,#5679
    )),.UNSPECIFIED.,.F.,.F.,.F.,(2,2),(2,2),(0.,0.282842712475),(0.,1.)
  ,.PIECEWISE_BEZIER_KNOTS.);
#5676 = CARTESIAN_POINT('',(-1.706783693329,-2.363567386658,0.15));
#5677 = CARTESIAN_POINT('',(-1.75,-2.45,0.765));
#5678 = CARTESIAN_POINT('',(-1.863567386658,-2.206783693329,0.15));
#5679 = CARTESIAN_POINT('',(-1.95,-2.25,0.765));
#5680 = ADVANCED_FACE('',(#5681),#5698,.F.);
#5681 = FACE_BOUND('',#5682,.F.);
#5682 = EDGE_LOOP('',(#5683,#5691,#5692,#5693));
#5683 = ORIENTED_EDGE('',*,*,#5684,.T.);
#5684 = EDGE_CURVE('',#5685,#5662,#5687,.T.);
#5685 = VERTEX_POINT('',#5686);
#5686 = CARTESIAN_POINT('',(1.706783693329,-2.363567386658,0.15));
#5687 = LINE('',#5688,#5689);
#5688 = CARTESIAN_POINT('',(1.706783693329,-2.363567386658,0.15));
#5689 = VECTOR('',#5690,1.);
#5690 = DIRECTION('',(-1.,-1.110223024625E-16,0.));
#5691 = ORIENTED_EDGE('',*,*,#5671,.T.);
#5692 = ORIENTED_EDGE('',*,*,#3620,.F.);
#5693 = ORIENTED_EDGE('',*,*,#5694,.F.);
#5694 = EDGE_CURVE('',#5685,#3621,#5695,.T.);
#5695 = B_SPLINE_CURVE_WITH_KNOTS('',1,(#5696,#5697),.UNSPECIFIED.,.F.,
  .F.,(2,2),(0.,1.),.PIECEWISE_BEZIER_KNOTS.);
#5696 = CARTESIAN_POINT('',(1.706783693329,-2.363567386658,0.15));
#5697 = CARTESIAN_POINT('',(1.75,-2.45,0.765));
#5698 = B_SPLINE_SURFACE_WITH_KNOTS('',1,1,(
    (#5699,#5700)
    ,(#5701,#5702
    )),.UNSPECIFIED.,.F.,.F.,.F.,(2,2),(2,2),(0.,3.5),(0.,1.),
  .PIECEWISE_BEZIER_KNOTS.);
#5699 = CARTESIAN_POINT('',(1.706783693329,-2.363567386658,0.15));
#5700 = CARTESIAN_POINT('',(1.75,-2.45,0.765));
#5701 = CARTESIAN_POINT('',(-1.706783693329,-2.363567386658,0.15));
#5702 = CARTESIAN_POINT('',(-1.75,-2.45,0.765));
#5703 = ADVANCED_FACE('',(#5704),#5715,.F.);
#5704 = FACE_BOUND('',#5705,.F.);
#5705 = EDGE_LOOP('',(#5706,#5712,#5713,#5714));
#5706 = ORIENTED_EDGE('',*,*,#5707,.T.);
#5707 = EDGE_CURVE('',#5567,#5685,#5708,.T.);
#5708 = LINE('',#5709,#5710);
#5709 = CARTESIAN_POINT('',(1.863567386658,-2.206783693329,0.15));
#5710 = VECTOR('',#5711,1.);
#5711 = DIRECTION('',(-0.707106781187,-0.707106781187,0.));
#5712 = ORIENTED_EDGE('',*,*,#5694,.T.);
#5713 = ORIENTED_EDGE('',*,*,#3643,.F.);
#5714 = ORIENTED_EDGE('',*,*,#5574,.F.);
#5715 = B_SPLINE_SURFACE_WITH_KNOTS('',1,1,(
    (#5716,#5717)
    ,(#5718,#5719
    )),.UNSPECIFIED.,.F.,.F.,.F.,(2,2),(2,2),(0.,0.282842712475),(0.,1.)
  ,.PIECEWISE_BEZIER_KNOTS.);
#5716 = CARTESIAN_POINT('',(1.863567386658,-2.206783693329,0.15));
#5717 = CARTESIAN_POINT('',(1.95,-2.25,0.765));
#5718 = CARTESIAN_POINT('',(1.706783693329,-2.363567386658,0.15));
#5719 = CARTESIAN_POINT('',(1.75,-2.45,0.765));
#5720 = ADVANCED_FACE('',(#5721),#5732,.F.);
#5721 = FACE_BOUND('',#5722,.F.);
#5722 = EDGE_LOOP('',(#5723,#5729,#5730,#5731));
#5723 = ORIENTED_EDGE('',*,*,#5724,.T.);
#5724 = EDGE_CURVE('',#3750,#3849,#5725,.T.);
#5725 = LINE('',#5726,#5727);
#5726 = CARTESIAN_POINT('',(-2.622278837048,-2.0925,0.34395277335));
#5727 = VECTOR('',#5728,1.);
#5728 = DIRECTION('',(1.144237745222E-17,1.,0.));
#5729 = ORIENTED_EDGE('',*,*,#3857,.T.);
#5730 = ORIENTED_EDGE('',*,*,#3884,.F.);
#5731 = ORIENTED_EDGE('',*,*,#3758,.F.);
#5732 = PLANE('',#5733);
#5733 = AXIS2_PLACEMENT_3D('',#5734,#5735,#5736);
#5734 = CARTESIAN_POINT('',(-2.622278837048,-2.0925,0.34395277335));
#5735 = DIRECTION('',(0.988585216369,-1.131176518938E-17,-0.150662769045
    ));
#5736 = DIRECTION('',(0.150662769045,-1.723940271411E-18,0.988585216369)
  );
#5737 = ADVANCED_FACE('',(#5738),#5749,.F.);
#5738 = FACE_BOUND('',#5739,.F.);
#5739 = EDGE_LOOP('',(#5740,#5746,#5747,#5748));
#5740 = ORIENTED_EDGE('',*,*,#5741,.T.);
#5741 = EDGE_CURVE('',#3742,#3841,#5742,.T.);
#5742 = LINE('',#5743,#5744);
#5743 = CARTESIAN_POINT('',(-2.77,-2.0925,0.22));
#5744 = VECTOR('',#5745,1.);
#5745 = DIRECTION('',(1.144237745222E-17,1.,0.));
#5746 = ORIENTED_EDGE('',*,*,#3848,.T.);
#5747 = ORIENTED_EDGE('',*,*,#5724,.F.);
#5748 = ORIENTED_EDGE('',*,*,#3749,.F.);
#5749 = CYLINDRICAL_SURFACE('',#5750,0.15);
#5750 = AXIS2_PLACEMENT_3D('',#5751,#5752,#5753);
#5751 = CARTESIAN_POINT('',(-2.77,-2.0925,0.37));
#5752 = DIRECTION('',(-1.144237745222E-17,-1.,0.));
#5753 = DIRECTION('',(-0.,0.,-1.));
#5754 = ADVANCED_FACE('',(#5755),#5766,.F.);
#5755 = FACE_BOUND('',#5756,.F.);
#5756 = EDGE_LOOP('',(#5757,#5763,#5764,#5765));
#5757 = ORIENTED_EDGE('',*,*,#5758,.T.);
#5758 = EDGE_CURVE('',#3734,#3833,#5759,.T.);
#5759 = LINE('',#5760,#5761);
#5760 = CARTESIAN_POINT('',(-3.,-2.0925,0.22));
#5761 = VECTOR('',#5762,1.);
#5762 = DIRECTION('',(1.144237745222E-17,1.,0.));
#5763 = ORIENTED_EDGE('',*,*,#3840,.T.);
#5764 = ORIENTED_EDGE('',*,*,#5741,.F.);
#5765 = ORIENTED_EDGE('',*,*,#3741,.F.);
#5766 = PLANE('',#5767);
#5767 = AXIS2_PLACEMENT_3D('',#5768,#5769,#5770);
#5768 = CARTESIAN_POINT('',(-3.,-2.0925,0.22));
#5769 = DIRECTION('',(0.,0.,-1.));
#5770 = DIRECTION('',(1.,-1.144237745222E-17,0.));
#5771 = ADVANCED_FACE('',(#5772),#5783,.F.);
#5772 = FACE_BOUND('',#5773,.F.);
#5773 = EDGE_LOOP('',(#5774,#5780,#5781,#5782));
#5774 = ORIENTED_EDGE('',*,*,#5775,.T.);
#5775 = EDGE_CURVE('',#3726,#3825,#5776,.T.);
#5776 = LINE('',#5777,#5778);
#5777 = CARTESIAN_POINT('',(-3.,-2.0925,1.110223024625E-16));
#5778 = VECTOR('',#5779,1.);
#5779 = DIRECTION('',(1.144237745222E-17,1.,0.));
#5780 = ORIENTED_EDGE('',*,*,#3832,.T.);
#5781 = ORIENTED_EDGE('',*,*,#5758,.F.);
#5782 = ORIENTED_EDGE('',*,*,#3733,.F.);
#5783 = PLANE('',#5784);
#5784 = AXIS2_PLACEMENT_3D('',#5785,#5786,#5787);
#5785 = CARTESIAN_POINT('',(-3.,-2.0925,1.110223024625E-16));
#5786 = DIRECTION('',(1.,-1.144237745222E-17,0.));
#5787 = DIRECTION('',(0.,0.,1.));
#5788 = ADVANCED_FACE('',(#5789),#5800,.F.);
#5789 = FACE_BOUND('',#5790,.F.);
#5790 = EDGE_LOOP('',(#5791,#5797,#5798,#5799));
#5791 = ORIENTED_EDGE('',*,*,#5792,.T.);
#5792 = EDGE_CURVE('',#3717,#3816,#5793,.T.);
#5793 = LINE('',#5794,#5795);
#5794 = CARTESIAN_POINT('',(-2.77,-2.0925,1.110223024625E-16));
#5795 = VECTOR('',#5796,1.);
#5796 = DIRECTION('',(1.144237745222E-17,1.,0.));
#5797 = ORIENTED_EDGE('',*,*,#3824,.T.);
#5798 = ORIENTED_EDGE('',*,*,#5775,.F.);
#5799 = ORIENTED_EDGE('',*,*,#3725,.F.);
#5800 = PLANE('',#5801);
#5801 = AXIS2_PLACEMENT_3D('',#5802,#5803,#5804);
#5802 = CARTESIAN_POINT('',(-2.77,-2.0925,1.110223024625E-16));
#5803 = DIRECTION('',(0.,0.,1.));
#5804 = DIRECTION('',(-1.,1.144237745222E-17,0.));
#5805 = ADVANCED_FACE('',(#5806),#5817,.T.);
#5806 = FACE_BOUND('',#5807,.T.);
#5807 = EDGE_LOOP('',(#5808,#5809,#5810,#5811));
#5808 = ORIENTED_EDGE('',*,*,#3716,.T.);
#5809 = ORIENTED_EDGE('',*,*,#5792,.T.);
#5810 = ORIENTED_EDGE('',*,*,#3815,.F.);
#5811 = ORIENTED_EDGE('',*,*,#5812,.F.);
#5812 = EDGE_CURVE('',#3709,#3808,#5813,.T.);
#5813 = LINE('',#5814,#5815);
#5814 = CARTESIAN_POINT('',(-2.405621131385,-2.0925,0.305750174263));
#5815 = VECTOR('',#5816,1.);
#5816 = DIRECTION('',(1.144237745222E-17,1.,0.));
#5817 = CYLINDRICAL_SURFACE('',#5818,0.37);
#5818 = AXIS2_PLACEMENT_3D('',#5819,#5820,#5821);
#5819 = CARTESIAN_POINT('',(-2.77,-2.0925,0.37));
#5820 = DIRECTION('',(-1.144237745222E-17,-1.,0.));
#5821 = DIRECTION('',(0.984807753012,-1.126854202784E-17,-0.173648177667
    ));
#5822 = ADVANCED_FACE('',(#5823),#5834,.F.);
#5823 = FACE_BOUND('',#5824,.F.);
#5824 = EDGE_LOOP('',(#5825,#5831,#5832,#5833));
#5825 = ORIENTED_EDGE('',*,*,#5826,.T.);
#5826 = EDGE_CURVE('',#3700,#3799,#5827,.T.);
#5827 = LINE('',#5828,#5829);
#5828 = CARTESIAN_POINT('',(-2.354521052678,-2.0925,0.64104722665));
#5829 = VECTOR('',#5830,1.);
#5830 = DIRECTION('',(1.144237745222E-17,1.,0.));
#5831 = ORIENTED_EDGE('',*,*,#3807,.T.);
#5832 = ORIENTED_EDGE('',*,*,#5812,.F.);
#5833 = ORIENTED_EDGE('',*,*,#3708,.F.);
#5834 = PLANE('',#5835);
#5835 = AXIS2_PLACEMENT_3D('',#5836,#5837,#5838);
#5836 = CARTESIAN_POINT('',(-2.354521052678,-2.0925,0.64104722665));
#5837 = DIRECTION('',(-0.988585216369,1.131176518938E-17,0.150662769045)
  );
#5838 = DIRECTION('',(-0.150662769045,1.723940271411E-18,-0.988585216369
    ));
#5839 = ADVANCED_FACE('',(#5840),#5851,.F.);
#5840 = FACE_BOUND('',#5841,.F.);
#5841 = EDGE_LOOP('',(#5842,#5848,#5849,#5850));
#5842 = ORIENTED_EDGE('',*,*,#5843,.T.);
#5843 = EDGE_CURVE('',#3692,#3791,#5844,.T.);
#5844 = LINE('',#5845,#5846);
#5845 = CARTESIAN_POINT('',(-2.206799889726,-2.0925,0.765));
#5846 = VECTOR('',#5847,1.);
#5847 = DIRECTION('',(1.144237745222E-17,1.,0.));
#5848 = ORIENTED_EDGE('',*,*,#3798,.T.);
#5849 = ORIENTED_EDGE('',*,*,#5826,.F.);
#5850 = ORIENTED_EDGE('',*,*,#3699,.F.);
#5851 = CYLINDRICAL_SURFACE('',#5852,0.15);
#5852 = AXIS2_PLACEMENT_3D('',#5853,#5854,#5855);
#5853 = CARTESIAN_POINT('',(-2.206799889726,-2.0925,0.615));
#5854 = DIRECTION('',(-1.144237745222E-17,-1.,0.));
#5855 = DIRECTION('',(-2.960594732334E-15,3.387624241042E-32,1.));
#5856 = ADVANCED_FACE('',(#5857),#5863,.F.);
#5857 = FACE_BOUND('',#5858,.F.);
#5858 = EDGE_LOOP('',(#5859,#5860,#5861,#5862));
#5859 = ORIENTED_EDGE('',*,*,#3691,.F.);
#5860 = ORIENTED_EDGE('',*,*,#5544,.T.);
#5861 = ORIENTED_EDGE('',*,*,#3790,.T.);
#5862 = ORIENTED_EDGE('',*,*,#5843,.F.);
#5863 = PLANE('',#5864);
#5864 = AXIS2_PLACEMENT_3D('',#5865,#5866,#5867);
#5865 = CARTESIAN_POINT('',(-1.85,-2.0925,0.765));
#5866 = DIRECTION('',(0.,0.,1.));
#5867 = DIRECTION('',(-1.,1.144237745222E-17,0.));
#5868 = ADVANCED_FACE('',(#5869),#5880,.F.);
#5869 = FACE_BOUND('',#5870,.F.);
#5870 = EDGE_LOOP('',(#5871,#5877,#5878,#5879));
#5871 = ORIENTED_EDGE('',*,*,#5872,.T.);
#5872 = EDGE_CURVE('',#3982,#4081,#5873,.T.);
#5873 = LINE('',#5874,#5875);
#5874 = CARTESIAN_POINT('',(-2.622278837048,-0.8225,0.34395277335));
#5875 = VECTOR('',#5876,1.);
#5876 = DIRECTION('',(1.144237745222E-17,1.,0.));
#5877 = ORIENTED_EDGE('',*,*,#4089,.T.);
#5878 = ORIENTED_EDGE('',*,*,#4116,.F.);
#5879 = ORIENTED_EDGE('',*,*,#3990,.F.);
#5880 = PLANE('',#5881);
#5881 = AXIS2_PLACEMENT_3D('',#5882,#5883,#5884);
#5882 = CARTESIAN_POINT('',(-2.622278837048,-0.8225,0.34395277335));
#5883 = DIRECTION('',(0.988585216369,-1.131176518938E-17,-0.150662769045
    ));
#5884 = DIRECTION('',(0.150662769045,-1.723940271411E-18,0.988585216369)
  );
#5885 = ADVANCED_FACE('',(#5886),#5897,.F.);
#5886 = FACE_BOUND('',#5887,.F.);
#5887 = EDGE_LOOP('',(#5888,#5894,#5895,#5896));
#5888 = ORIENTED_EDGE('',*,*,#5889,.T.);
#5889 = EDGE_CURVE('',#3974,#4073,#5890,.T.);
#5890 = LINE('',#5891,#5892);
#5891 = CARTESIAN_POINT('',(-2.77,-0.8225,0.22));
#5892 = VECTOR('',#5893,1.);
#5893 = DIRECTION('',(1.144237745222E-17,1.,0.));
#5894 = ORIENTED_EDGE('',*,*,#4080,.T.);
#5895 = ORIENTED_EDGE('',*,*,#5872,.F.);
#5896 = ORIENTED_EDGE('',*,*,#3981,.F.);
#5897 = CYLINDRICAL_SURFACE('',#5898,0.15);
#5898 = AXIS2_PLACEMENT_3D('',#5899,#5900,#5901);
#5899 = CARTESIAN_POINT('',(-2.77,-0.8225,0.37));
#5900 = DIRECTION('',(-1.144237745222E-17,-1.,0.));
#5901 = DIRECTION('',(-0.,0.,-1.));
#5902 = ADVANCED_FACE('',(#5903),#5914,.F.);
#5903 = FACE_BOUND('',#5904,.F.);
#5904 = EDGE_LOOP('',(#5905,#5911,#5912,#5913));
#5905 = ORIENTED_EDGE('',*,*,#5906,.T.);
#5906 = EDGE_CURVE('',#3966,#4065,#5907,.T.);
#5907 = LINE('',#5908,#5909);
#5908 = CARTESIAN_POINT('',(-3.,-0.8225,0.22));
#5909 = VECTOR('',#5910,1.);
#5910 = DIRECTION('',(1.144237745222E-17,1.,0.));
#5911 = ORIENTED_EDGE('',*,*,#4072,.T.);
#5912 = ORIENTED_EDGE('',*,*,#5889,.F.);
#5913 = ORIENTED_EDGE('',*,*,#3973,.F.);
#5914 = PLANE('',#5915);
#5915 = AXIS2_PLACEMENT_3D('',#5916,#5917,#5918);
#5916 = CARTESIAN_POINT('',(-3.,-0.8225,0.22));
#5917 = DIRECTION('',(0.,0.,-1.));
#5918 = DIRECTION('',(1.,-1.144237745222E-17,0.));
#5919 = ADVANCED_FACE('',(#5920),#5931,.F.);
#5920 = FACE_BOUND('',#5921,.F.);
#5921 = EDGE_LOOP('',(#5922,#5928,#5929,#5930));
#5922 = ORIENTED_EDGE('',*,*,#5923,.T.);
#5923 = EDGE_CURVE('',#3958,#4057,#5924,.T.);
#5924 = LINE('',#5925,#5926);
#5925 = CARTESIAN_POINT('',(-3.,-0.8225,1.110223024625E-16));
#5926 = VECTOR('',#5927,1.);
#5927 = DIRECTION('',(1.144237745222E-17,1.,0.));
#5928 = ORIENTED_EDGE('',*,*,#4064,.T.);
#5929 = ORIENTED_EDGE('',*,*,#5906,.F.);
#5930 = ORIENTED_EDGE('',*,*,#3965,.F.);
#5931 = PLANE('',#5932);
#5932 = AXIS2_PLACEMENT_3D('',#5933,#5934,#5935);
#5933 = CARTESIAN_POINT('',(-3.,-0.8225,1.110223024625E-16));
#5934 = DIRECTION('',(1.,-1.144237745222E-17,0.));
#5935 = DIRECTION('',(0.,0.,1.));
#5936 = ADVANCED_FACE('',(#5937),#5948,.F.);
#5937 = FACE_BOUND('',#5938,.F.);
#5938 = EDGE_LOOP('',(#5939,#5945,#5946,#5947));
#5939 = ORIENTED_EDGE('',*,*,#5940,.T.);
#5940 = EDGE_CURVE('',#3949,#4048,#5941,.T.);
#5941 = LINE('',#5942,#5943);
#5942 = CARTESIAN_POINT('',(-2.77,-0.8225,1.110223024625E-16));
#5943 = VECTOR('',#5944,1.);
#5944 = DIRECTION('',(1.144237745222E-17,1.,0.));
#5945 = ORIENTED_EDGE('',*,*,#4056,.T.);
#5946 = ORIENTED_EDGE('',*,*,#5923,.F.);
#5947 = ORIENTED_EDGE('',*,*,#3957,.F.);
#5948 = PLANE('',#5949);
#5949 = AXIS2_PLACEMENT_3D('',#5950,#5951,#5952);
#5950 = CARTESIAN_POINT('',(-2.77,-0.8225,1.110223024625E-16));
#5951 = DIRECTION('',(0.,0.,1.));
#5952 = DIRECTION('',(-1.,1.144237745222E-17,0.));
#5953 = ADVANCED_FACE('',(#5954),#5965,.T.);
#5954 = FACE_BOUND('',#5955,.T.);
#5955 = EDGE_LOOP('',(#5956,#5957,#5958,#5959));
#5956 = ORIENTED_EDGE('',*,*,#3948,.T.);
#5957 = ORIENTED_EDGE('',*,*,#5940,.T.);
#5958 = ORIENTED_EDGE('',*,*,#4047,.F.);
#5959 = ORIENTED_EDGE('',*,*,#5960,.F.);
#5960 = EDGE_CURVE('',#3941,#4040,#5961,.T.);
#5961 = LINE('',#5962,#5963);
#5962 = CARTESIAN_POINT('',(-2.405621131385,-0.8225,0.305750174263));
#5963 = VECTOR('',#5964,1.);
#5964 = DIRECTION('',(1.144237745222E-17,1.,0.));
#5965 = CYLINDRICAL_SURFACE('',#5966,0.37);
#5966 = AXIS2_PLACEMENT_3D('',#5967,#5968,#5969);
#5967 = CARTESIAN_POINT('',(-2.77,-0.8225,0.37));
#5968 = DIRECTION('',(-1.144237745222E-17,-1.,0.));
#5969 = DIRECTION('',(0.984807753012,-1.126854202784E-17,-0.173648177667
    ));
#5970 = ADVANCED_FACE('',(#5971),#5982,.F.);
#5971 = FACE_BOUND('',#5972,.F.);
#5972 = EDGE_LOOP('',(#5973,#5979,#5980,#5981));
#5973 = ORIENTED_EDGE('',*,*,#5974,.T.);
#5974 = EDGE_CURVE('',#3932,#4031,#5975,.T.);
#5975 = LINE('',#5976,#5977);
#5976 = CARTESIAN_POINT('',(-2.354521052678,-0.8225,0.64104722665));
#5977 = VECTOR('',#5978,1.);
#5978 = DIRECTION('',(1.144237745222E-17,1.,0.));
#5979 = ORIENTED_EDGE('',*,*,#4039,.T.);
#5980 = ORIENTED_EDGE('',*,*,#5960,.F.);
#5981 = ORIENTED_EDGE('',*,*,#3940,.F.);
#5982 = PLANE('',#5983);
#5983 = AXIS2_PLACEMENT_3D('',#5984,#5985,#5986);
#5984 = CARTESIAN_POINT('',(-2.354521052678,-0.8225,0.64104722665));
#5985 = DIRECTION('',(-0.988585216369,1.131176518938E-17,0.150662769045)
  );
#5986 = DIRECTION('',(-0.150662769045,1.723940271411E-18,-0.988585216369
    ));
#5987 = ADVANCED_FACE('',(#5988),#5999,.F.);
#5988 = FACE_BOUND('',#5989,.F.);
#5989 = EDGE_LOOP('',(#5990,#5996,#5997,#5998));
#5990 = ORIENTED_EDGE('',*,*,#5991,.T.);
#5991 = EDGE_CURVE('',#3924,#4023,#5992,.T.);
#5992 = LINE('',#5993,#5994);
#5993 = CARTESIAN_POINT('',(-2.206799889726,-0.8225,0.765));
#5994 = VECTOR('',#5995,1.);
#5995 = DIRECTION('',(1.144237745222E-17,1.,0.));
#5996 = ORIENTED_EDGE('',*,*,#4030,.T.);
#5997 = ORIENTED_EDGE('',*,*,#5974,.F.);
#5998 = ORIENTED_EDGE('',*,*,#3931,.F.);
#5999 = CYLINDRICAL_SURFACE('',#6000,0.15);
#6000 = AXIS2_PLACEMENT_3D('',#6001,#6002,#6003);
#6001 = CARTESIAN_POINT('',(-2.206799889726,-0.8225,0.615));
#6002 = DIRECTION('',(-1.144237745222E-17,-1.,0.));
#6003 = DIRECTION('',(-2.960594732334E-15,3.387624241042E-32,1.));
#6004 = ADVANCED_FACE('',(#6005),#6011,.F.);
#6005 = FACE_BOUND('',#6006,.F.);
#6006 = EDGE_LOOP('',(#6007,#6008,#6009,#6010));
#6007 = ORIENTED_EDGE('',*,*,#3923,.F.);
#6008 = ORIENTED_EDGE('',*,*,#5537,.T.);
#6009 = ORIENTED_EDGE('',*,*,#4022,.T.);
#6010 = ORIENTED_EDGE('',*,*,#5991,.F.);
#6011 = PLANE('',#6012);
#6012 = AXIS2_PLACEMENT_3D('',#6013,#6014,#6015);
#6013 = CARTESIAN_POINT('',(-1.85,-0.8225,0.765));
#6014 = DIRECTION('',(0.,0.,1.));
#6015 = DIRECTION('',(-1.,1.144237745222E-17,0.));
#6016 = ADVANCED_FACE('',(#6017),#6028,.F.);
#6017 = FACE_BOUND('',#6018,.F.);
#6018 = EDGE_LOOP('',(#6019,#6025,#6026,#6027));
#6019 = ORIENTED_EDGE('',*,*,#6020,.T.);
#6020 = EDGE_CURVE('',#4214,#4313,#6021,.T.);
#6021 = LINE('',#6022,#6023);
#6022 = CARTESIAN_POINT('',(-2.622278837048,0.4475,0.34395277335));
#6023 = VECTOR('',#6024,1.);
#6024 = DIRECTION('',(1.144237745222E-17,1.,0.));
#6025 = ORIENTED_EDGE('',*,*,#4321,.T.);
#6026 = ORIENTED_EDGE('',*,*,#4348,.F.);
#6027 = ORIENTED_EDGE('',*,*,#4222,.F.);
#6028 = PLANE('',#6029);
#6029 = AXIS2_PLACEMENT_3D('',#6030,#6031,#6032);
#6030 = CARTESIAN_POINT('',(-2.622278837048,0.4475,0.34395277335));
#6031 = DIRECTION('',(0.988585216369,-1.131176518938E-17,-0.150662769045
    ));
#6032 = DIRECTION('',(0.150662769045,-1.723940271411E-18,0.988585216369)
  );
#6033 = ADVANCED_FACE('',(#6034),#6045,.F.);
#6034 = FACE_BOUND('',#6035,.F.);
#6035 = EDGE_LOOP('',(#6036,#6042,#6043,#6044));
#6036 = ORIENTED_EDGE('',*,*,#6037,.T.);
#6037 = EDGE_CURVE('',#4206,#4305,#6038,.T.);
#6038 = LINE('',#6039,#6040);
#6039 = CARTESIAN_POINT('',(-2.77,0.4475,0.22));
#6040 = VECTOR('',#6041,1.);
#6041 = DIRECTION('',(1.144237745222E-17,1.,0.));
#6042 = ORIENTED_EDGE('',*,*,#4312,.T.);
#6043 = ORIENTED_EDGE('',*,*,#6020,.F.);
#6044 = ORIENTED_EDGE('',*,*,#4213,.F.);
#6045 = CYLINDRICAL_SURFACE('',#6046,0.15);
#6046 = AXIS2_PLACEMENT_3D('',#6047,#6048,#6049);
#6047 = CARTESIAN_POINT('',(-2.77,0.4475,0.37));
#6048 = DIRECTION('',(-1.144237745222E-17,-1.,0.));
#6049 = DIRECTION('',(-0.,0.,-1.));
#6050 = ADVANCED_FACE('',(#6051),#6062,.F.);
#6051 = FACE_BOUND('',#6052,.F.);
#6052 = EDGE_LOOP('',(#6053,#6059,#6060,#6061));
#6053 = ORIENTED_EDGE('',*,*,#6054,.T.);
#6054 = EDGE_CURVE('',#4198,#4297,#6055,.T.);
#6055 = LINE('',#6056,#6057);
#6056 = CARTESIAN_POINT('',(-3.,0.4475,0.22));
#6057 = VECTOR('',#6058,1.);
#6058 = DIRECTION('',(1.144237745222E-17,1.,0.));
#6059 = ORIENTED_EDGE('',*,*,#4304,.T.);
#6060 = ORIENTED_EDGE('',*,*,#6037,.F.);
#6061 = ORIENTED_EDGE('',*,*,#4205,.F.);
#6062 = PLANE('',#6063);
#6063 = AXIS2_PLACEMENT_3D('',#6064,#6065,#6066);
#6064 = CARTESIAN_POINT('',(-3.,0.4475,0.22));
#6065 = DIRECTION('',(0.,0.,-1.));
#6066 = DIRECTION('',(1.,-1.144237745222E-17,0.));
#6067 = ADVANCED_FACE('',(#6068),#6079,.F.);
#6068 = FACE_BOUND('',#6069,.F.);
#6069 = EDGE_LOOP('',(#6070,#6076,#6077,#6078));
#6070 = ORIENTED_EDGE('',*,*,#6071,.T.);
#6071 = EDGE_CURVE('',#4190,#4289,#6072,.T.);
#6072 = LINE('',#6073,#6074);
#6073 = CARTESIAN_POINT('',(-3.,0.4475,1.110223024625E-16));
#6074 = VECTOR('',#6075,1.);
#6075 = DIRECTION('',(1.144237745222E-17,1.,0.));
#6076 = ORIENTED_EDGE('',*,*,#4296,.T.);
#6077 = ORIENTED_EDGE('',*,*,#6054,.F.);
#6078 = ORIENTED_EDGE('',*,*,#4197,.F.);
#6079 = PLANE('',#6080);
#6080 = AXIS2_PLACEMENT_3D('',#6081,#6082,#6083);
#6081 = CARTESIAN_POINT('',(-3.,0.4475,1.110223024625E-16));
#6082 = DIRECTION('',(1.,-1.144237745222E-17,0.));
#6083 = DIRECTION('',(0.,0.,1.));
#6084 = ADVANCED_FACE('',(#6085),#6096,.F.);
#6085 = FACE_BOUND('',#6086,.F.);
#6086 = EDGE_LOOP('',(#6087,#6093,#6094,#6095));
#6087 = ORIENTED_EDGE('',*,*,#6088,.T.);
#6088 = EDGE_CURVE('',#4181,#4280,#6089,.T.);
#6089 = LINE('',#6090,#6091);
#6090 = CARTESIAN_POINT('',(-2.77,0.4475,1.110223024625E-16));
#6091 = VECTOR('',#6092,1.);
#6092 = DIRECTION('',(1.144237745222E-17,1.,0.));
#6093 = ORIENTED_EDGE('',*,*,#4288,.T.);
#6094 = ORIENTED_EDGE('',*,*,#6071,.F.);
#6095 = ORIENTED_EDGE('',*,*,#4189,.F.);
#6096 = PLANE('',#6097);
#6097 = AXIS2_PLACEMENT_3D('',#6098,#6099,#6100);
#6098 = CARTESIAN_POINT('',(-2.77,0.4475,1.110223024625E-16));
#6099 = DIRECTION('',(0.,0.,1.));
#6100 = DIRECTION('',(-1.,1.144237745222E-17,0.));
#6101 = ADVANCED_FACE('',(#6102),#6113,.T.);
#6102 = FACE_BOUND('',#6103,.T.);
#6103 = EDGE_LOOP('',(#6104,#6105,#6106,#6107));
#6104 = ORIENTED_EDGE('',*,*,#4180,.T.);
#6105 = ORIENTED_EDGE('',*,*,#6088,.T.);
#6106 = ORIENTED_EDGE('',*,*,#4279,.F.);
#6107 = ORIENTED_EDGE('',*,*,#6108,.F.);
#6108 = EDGE_CURVE('',#4173,#4272,#6109,.T.);
#6109 = LINE('',#6110,#6111);
#6110 = CARTESIAN_POINT('',(-2.405621131385,0.4475,0.305750174263));
#6111 = VECTOR('',#6112,1.);
#6112 = DIRECTION('',(1.144237745222E-17,1.,0.));
#6113 = CYLINDRICAL_SURFACE('',#6114,0.37);
#6114 = AXIS2_PLACEMENT_3D('',#6115,#6116,#6117);
#6115 = CARTESIAN_POINT('',(-2.77,0.4475,0.37));
#6116 = DIRECTION('',(-1.144237745222E-17,-1.,0.));
#6117 = DIRECTION('',(0.984807753012,-1.126854202784E-17,-0.173648177667
    ));
#6118 = ADVANCED_FACE('',(#6119),#6130,.F.);
#6119 = FACE_BOUND('',#6120,.F.);
#6120 = EDGE_LOOP('',(#6121,#6127,#6128,#6129));
#6121 = ORIENTED_EDGE('',*,*,#6122,.T.);
#6122 = EDGE_CURVE('',#4164,#4263,#6123,.T.);
#6123 = LINE('',#6124,#6125);
#6124 = CARTESIAN_POINT('',(-2.354521052678,0.4475,0.64104722665));
#6125 = VECTOR('',#6126,1.);
#6126 = DIRECTION('',(1.144237745222E-17,1.,0.));
#6127 = ORIENTED_EDGE('',*,*,#4271,.T.);
#6128 = ORIENTED_EDGE('',*,*,#6108,.F.);
#6129 = ORIENTED_EDGE('',*,*,#4172,.F.);
#6130 = PLANE('',#6131);
#6131 = AXIS2_PLACEMENT_3D('',#6132,#6133,#6134);
#6132 = CARTESIAN_POINT('',(-2.354521052678,0.4475,0.64104722665));
#6133 = DIRECTION('',(-0.988585216369,1.131176518938E-17,0.150662769045)
  );
#6134 = DIRECTION('',(-0.150662769045,1.723940271411E-18,-0.988585216369
    ));
#6135 = ADVANCED_FACE('',(#6136),#6147,.F.);
#6136 = FACE_BOUND('',#6137,.F.);
#6137 = EDGE_LOOP('',(#6138,#6144,#6145,#6146));
#6138 = ORIENTED_EDGE('',*,*,#6139,.T.);
#6139 = EDGE_CURVE('',#4156,#4255,#6140,.T.);
#6140 = LINE('',#6141,#6142);
#6141 = CARTESIAN_POINT('',(-2.206799889726,0.4475,0.765));
#6142 = VECTOR('',#6143,1.);
#6143 = DIRECTION('',(1.144237745222E-17,1.,0.));
#6144 = ORIENTED_EDGE('',*,*,#4262,.T.);
#6145 = ORIENTED_EDGE('',*,*,#6122,.F.);
#6146 = ORIENTED_EDGE('',*,*,#4163,.F.);
#6147 = CYLINDRICAL_SURFACE('',#6148,0.15);
#6148 = AXIS2_PLACEMENT_3D('',#6149,#6150,#6151);
#6149 = CARTESIAN_POINT('',(-2.206799889726,0.4475,0.615));
#6150 = DIRECTION('',(-1.144237745222E-17,-1.,0.));
#6151 = DIRECTION('',(-2.960594732334E-15,3.387624241042E-32,1.));
#6152 = ADVANCED_FACE('',(#6153),#6159,.F.);
#6153 = FACE_BOUND('',#6154,.F.);
#6154 = EDGE_LOOP('',(#6155,#6156,#6157,#6158));
#6155 = ORIENTED_EDGE('',*,*,#4155,.F.);
#6156 = ORIENTED_EDGE('',*,*,#5530,.T.);
#6157 = ORIENTED_EDGE('',*,*,#4254,.T.);
#6158 = ORIENTED_EDGE('',*,*,#6139,.F.);
#6159 = PLANE('',#6160);
#6160 = AXIS2_PLACEMENT_3D('',#6161,#6162,#6163);
#6161 = CARTESIAN_POINT('',(-1.85,0.4475,0.765));
#6162 = DIRECTION('',(0.,0.,1.));
#6163 = DIRECTION('',(-1.,1.144237745222E-17,0.));
#6164 = ADVANCED_FACE('',(#6165),#6176,.F.);
#6165 = FACE_BOUND('',#6166,.F.);
#6166 = EDGE_LOOP('',(#6167,#6173,#6174,#6175));
#6167 = ORIENTED_EDGE('',*,*,#6168,.T.);
#6168 = EDGE_CURVE('',#4446,#4538,#6169,.T.);
#6169 = LINE('',#6170,#6171);
#6170 = CARTESIAN_POINT('',(-2.622278837048,1.7175,0.34395277335));
#6171 = VECTOR('',#6172,1.);
#6172 = DIRECTION('',(1.144237745222E-17,1.,0.));
#6173 = ORIENTED_EDGE('',*,*,#4546,.T.);
#6174 = ORIENTED_EDGE('',*,*,#4573,.F.);
#6175 = ORIENTED_EDGE('',*,*,#4454,.F.);
#6176 = PLANE('',#6177);
#6177 = AXIS2_PLACEMENT_3D('',#6178,#6179,#6180);
#6178 = CARTESIAN_POINT('',(-2.622278837048,1.7175,0.34395277335));
#6179 = DIRECTION('',(0.988585216369,-1.131176518938E-17,-0.150662769045
    ));
#6180 = DIRECTION('',(0.150662769045,-1.723940271411E-18,0.988585216369)
  );
#6181 = ADVANCED_FACE('',(#6182),#6193,.F.);
#6182 = FACE_BOUND('',#6183,.F.);
#6183 = EDGE_LOOP('',(#6184,#6190,#6191,#6192));
#6184 = ORIENTED_EDGE('',*,*,#6185,.T.);
#6185 = EDGE_CURVE('',#4438,#4530,#6186,.T.);
#6186 = LINE('',#6187,#6188);
#6187 = CARTESIAN_POINT('',(-2.77,1.7175,0.22));
#6188 = VECTOR('',#6189,1.);
#6189 = DIRECTION('',(1.144237745222E-17,1.,0.));
#6190 = ORIENTED_EDGE('',*,*,#4537,.T.);
#6191 = ORIENTED_EDGE('',*,*,#6168,.F.);
#6192 = ORIENTED_EDGE('',*,*,#4445,.F.);
#6193 = CYLINDRICAL_SURFACE('',#6194,0.15);
#6194 = AXIS2_PLACEMENT_3D('',#6195,#6196,#6197);
#6195 = CARTESIAN_POINT('',(-2.77,1.7175,0.37));
#6196 = DIRECTION('',(-1.144237745222E-17,-1.,0.));
#6197 = DIRECTION('',(-0.,0.,-1.));
#6198 = ADVANCED_FACE('',(#6199),#6210,.F.);
#6199 = FACE_BOUND('',#6200,.F.);
#6200 = EDGE_LOOP('',(#6201,#6207,#6208,#6209));
#6201 = ORIENTED_EDGE('',*,*,#6202,.T.);
#6202 = EDGE_CURVE('',#4430,#4522,#6203,.T.);
#6203 = LINE('',#6204,#6205);
#6204 = CARTESIAN_POINT('',(-3.,1.7175,0.22));
#6205 = VECTOR('',#6206,1.);
#6206 = DIRECTION('',(1.144237745222E-17,1.,0.));
#6207 = ORIENTED_EDGE('',*,*,#4529,.T.);
#6208 = ORIENTED_EDGE('',*,*,#6185,.F.);
#6209 = ORIENTED_EDGE('',*,*,#4437,.F.);
#6210 = PLANE('',#6211);
#6211 = AXIS2_PLACEMENT_3D('',#6212,#6213,#6214);
#6212 = CARTESIAN_POINT('',(-3.,1.7175,0.22));
#6213 = DIRECTION('',(0.,0.,-1.));
#6214 = DIRECTION('',(1.,-1.144237745222E-17,0.));
#6215 = ADVANCED_FACE('',(#6216),#6227,.F.);
#6216 = FACE_BOUND('',#6217,.F.);
#6217 = EDGE_LOOP('',(#6218,#6224,#6225,#6226));
#6218 = ORIENTED_EDGE('',*,*,#6219,.T.);
#6219 = EDGE_CURVE('',#4422,#4514,#6220,.T.);
#6220 = LINE('',#6221,#6222);
#6221 = CARTESIAN_POINT('',(-3.,1.7175,1.110223024625E-16));
#6222 = VECTOR('',#6223,1.);
#6223 = DIRECTION('',(1.144237745222E-17,1.,0.));
#6224 = ORIENTED_EDGE('',*,*,#4521,.T.);
#6225 = ORIENTED_EDGE('',*,*,#6202,.F.);
#6226 = ORIENTED_EDGE('',*,*,#4429,.F.);
#6227 = PLANE('',#6228);
#6228 = AXIS2_PLACEMENT_3D('',#6229,#6230,#6231);
#6229 = CARTESIAN_POINT('',(-3.,1.7175,1.110223024625E-16));
#6230 = DIRECTION('',(1.,-1.144237745222E-17,0.));
#6231 = DIRECTION('',(0.,0.,1.));
#6232 = ADVANCED_FACE('',(#6233),#6244,.F.);
#6233 = FACE_BOUND('',#6234,.F.);
#6234 = EDGE_LOOP('',(#6235,#6241,#6242,#6243));
#6235 = ORIENTED_EDGE('',*,*,#6236,.T.);
#6236 = EDGE_CURVE('',#4413,#4505,#6237,.T.);
#6237 = LINE('',#6238,#6239);
#6238 = CARTESIAN_POINT('',(-2.77,1.7175,1.110223024625E-16));
#6239 = VECTOR('',#6240,1.);
#6240 = DIRECTION('',(1.144237745222E-17,1.,0.));
#6241 = ORIENTED_EDGE('',*,*,#4513,.T.);
#6242 = ORIENTED_EDGE('',*,*,#6219,.F.);
#6243 = ORIENTED_EDGE('',*,*,#4421,.F.);
#6244 = PLANE('',#6245);
#6245 = AXIS2_PLACEMENT_3D('',#6246,#6247,#6248);
#6246 = CARTESIAN_POINT('',(-2.77,1.7175,1.110223024625E-16));
#6247 = DIRECTION('',(0.,0.,1.));
#6248 = DIRECTION('',(-1.,1.144237745222E-17,0.));
#6249 = ADVANCED_FACE('',(#6250),#6261,.T.);
#6250 = FACE_BOUND('',#6251,.T.);
#6251 = EDGE_LOOP('',(#6252,#6253,#6254,#6255));
#6252 = ORIENTED_EDGE('',*,*,#4412,.T.);
#6253 = ORIENTED_EDGE('',*,*,#6236,.T.);
#6254 = ORIENTED_EDGE('',*,*,#4504,.F.);
#6255 = ORIENTED_EDGE('',*,*,#6256,.F.);
#6256 = EDGE_CURVE('',#4405,#4497,#6257,.T.);
#6257 = LINE('',#6258,#6259);
#6258 = CARTESIAN_POINT('',(-2.405621131385,1.7175,0.305750174263));
#6259 = VECTOR('',#6260,1.);
#6260 = DIRECTION('',(1.144237745222E-17,1.,0.));
#6261 = CYLINDRICAL_SURFACE('',#6262,0.37);
#6262 = AXIS2_PLACEMENT_3D('',#6263,#6264,#6265);
#6263 = CARTESIAN_POINT('',(-2.77,1.7175,0.37));
#6264 = DIRECTION('',(-1.144237745222E-17,-1.,0.));
#6265 = DIRECTION('',(0.984807753012,-1.126854202784E-17,-0.173648177667
    ));
#6266 = ADVANCED_FACE('',(#6267),#6278,.F.);
#6267 = FACE_BOUND('',#6268,.F.);
#6268 = EDGE_LOOP('',(#6269,#6275,#6276,#6277));
#6269 = ORIENTED_EDGE('',*,*,#6270,.T.);
#6270 = EDGE_CURVE('',#4396,#4488,#6271,.T.);
#6271 = LINE('',#6272,#6273);
#6272 = CARTESIAN_POINT('',(-2.354521052678,1.7175,0.64104722665));
#6273 = VECTOR('',#6274,1.);
#6274 = DIRECTION('',(1.144237745222E-17,1.,0.));
#6275 = ORIENTED_EDGE('',*,*,#4496,.T.);
#6276 = ORIENTED_EDGE('',*,*,#6256,.F.);
#6277 = ORIENTED_EDGE('',*,*,#4404,.F.);
#6278 = PLANE('',#6279);
#6279 = AXIS2_PLACEMENT_3D('',#6280,#6281,#6282);
#6280 = CARTESIAN_POINT('',(-2.354521052678,1.7175,0.64104722665));
#6281 = DIRECTION('',(-0.988585216369,1.131176518938E-17,0.150662769045)
  );
#6282 = DIRECTION('',(-0.150662769045,1.723940271411E-18,-0.988585216369
    ));
#6283 = ADVANCED_FACE('',(#6284),#6295,.F.);
#6284 = FACE_BOUND('',#6285,.F.);
#6285 = EDGE_LOOP('',(#6286,#6292,#6293,#6294));
#6286 = ORIENTED_EDGE('',*,*,#6287,.T.);
#6287 = EDGE_CURVE('',#4388,#4480,#6288,.T.);
#6288 = LINE('',#6289,#6290);
#6289 = CARTESIAN_POINT('',(-2.206799889726,1.7175,0.765));
#6290 = VECTOR('',#6291,1.);
#6291 = DIRECTION('',(1.144237745222E-17,1.,0.));
#6292 = ORIENTED_EDGE('',*,*,#4487,.T.);
#6293 = ORIENTED_EDGE('',*,*,#6270,.F.);
#6294 = ORIENTED_EDGE('',*,*,#4395,.F.);
#6295 = CYLINDRICAL_SURFACE('',#6296,0.15);
#6296 = AXIS2_PLACEMENT_3D('',#6297,#6298,#6299);
#6297 = CARTESIAN_POINT('',(-2.206799889726,1.7175,0.615));
#6298 = DIRECTION('',(-1.144237745222E-17,-1.,0.));
#6299 = DIRECTION('',(-2.960594732334E-15,3.387624241042E-32,1.));
#6300 = ADVANCED_FACE('',(#6301),#6307,.F.);
#6301 = FACE_BOUND('',#6302,.F.);
#6302 = EDGE_LOOP('',(#6303,#6304,#6305,#6306));
#6303 = ORIENTED_EDGE('',*,*,#4387,.F.);
#6304 = ORIENTED_EDGE('',*,*,#5523,.T.);
#6305 = ORIENTED_EDGE('',*,*,#4479,.T.);
#6306 = ORIENTED_EDGE('',*,*,#6287,.F.);
#6307 = PLANE('',#6308);
#6308 = AXIS2_PLACEMENT_3D('',#6309,#6310,#6311);
#6309 = CARTESIAN_POINT('',(-1.85,1.7175,0.765));
#6310 = DIRECTION('',(0.,0.,1.));
#6311 = DIRECTION('',(-1.,1.144237745222E-17,0.));
#6312 = ADVANCED_FACE('',(#6313),#6324,.F.);
#6313 = FACE_BOUND('',#6314,.F.);
#6314 = EDGE_LOOP('',(#6315,#6321,#6322,#6323));
#6315 = ORIENTED_EDGE('',*,*,#6316,.T.);
#6316 = EDGE_CURVE('',#4647,#4746,#6317,.T.);
#6317 = LINE('',#6318,#6319);
#6318 = CARTESIAN_POINT('',(2.622278837048,2.0925,0.34395277335));
#6319 = VECTOR('',#6320,1.);
#6320 = DIRECTION('',(1.110223024625E-16,-1.,0.));
#6321 = ORIENTED_EDGE('',*,*,#4754,.T.);
#6322 = ORIENTED_EDGE('',*,*,#4781,.F.);
#6323 = ORIENTED_EDGE('',*,*,#4655,.F.);
#6324 = PLANE('',#6325);
#6325 = AXIS2_PLACEMENT_3D('',#6326,#6327,#6328);
#6326 = CARTESIAN_POINT('',(2.622278837048,2.0925,0.34395277335));
#6327 = DIRECTION('',(-0.988585216369,-1.097550069017E-16,
    -0.150662769045));
#6328 = DIRECTION('',(-0.150662769045,-1.672692751477E-17,0.988585216369
    ));
#6329 = ADVANCED_FACE('',(#6330),#6341,.F.);
#6330 = FACE_BOUND('',#6331,.F.);
#6331 = EDGE_LOOP('',(#6332,#6338,#6339,#6340));
#6332 = ORIENTED_EDGE('',*,*,#6333,.T.);
#6333 = EDGE_CURVE('',#4639,#4738,#6334,.T.);
#6334 = LINE('',#6335,#6336);
#6335 = CARTESIAN_POINT('',(2.77,2.0925,0.22));
#6336 = VECTOR('',#6337,1.);
#6337 = DIRECTION('',(1.110223024625E-16,-1.,0.));
#6338 = ORIENTED_EDGE('',*,*,#4745,.T.);
#6339 = ORIENTED_EDGE('',*,*,#6316,.F.);
#6340 = ORIENTED_EDGE('',*,*,#4646,.F.);
#6341 = CYLINDRICAL_SURFACE('',#6342,0.15);
#6342 = AXIS2_PLACEMENT_3D('',#6343,#6344,#6345);
#6343 = CARTESIAN_POINT('',(2.77,2.0925,0.37));
#6344 = DIRECTION('',(-1.110223024625E-16,1.,0.));
#6345 = DIRECTION('',(0.,0.,-1.));
#6346 = ADVANCED_FACE('',(#6347),#6358,.F.);
#6347 = FACE_BOUND('',#6348,.F.);
#6348 = EDGE_LOOP('',(#6349,#6355,#6356,#6357));
#6349 = ORIENTED_EDGE('',*,*,#6350,.T.);
#6350 = EDGE_CURVE('',#4631,#4730,#6351,.T.);
#6351 = LINE('',#6352,#6353);
#6352 = CARTESIAN_POINT('',(3.,2.0925,0.22));
#6353 = VECTOR('',#6354,1.);
#6354 = DIRECTION('',(1.110223024625E-16,-1.,0.));
#6355 = ORIENTED_EDGE('',*,*,#4737,.T.);
#6356 = ORIENTED_EDGE('',*,*,#6333,.F.);
#6357 = ORIENTED_EDGE('',*,*,#4638,.F.);
#6358 = PLANE('',#6359);
#6359 = AXIS2_PLACEMENT_3D('',#6360,#6361,#6362);
#6360 = CARTESIAN_POINT('',(3.,2.0925,0.22));
#6361 = DIRECTION('',(0.,0.,-1.));
#6362 = DIRECTION('',(-1.,-1.110223024625E-16,-0.));
#6363 = ADVANCED_FACE('',(#6364),#6375,.F.);
#6364 = FACE_BOUND('',#6365,.F.);
#6365 = EDGE_LOOP('',(#6366,#6372,#6373,#6374));
#6366 = ORIENTED_EDGE('',*,*,#6367,.T.);
#6367 = EDGE_CURVE('',#4623,#4722,#6368,.T.);
#6368 = LINE('',#6369,#6370);
#6369 = CARTESIAN_POINT('',(3.,2.0925,1.110223024625E-16));
#6370 = VECTOR('',#6371,1.);
#6371 = DIRECTION('',(1.110223024625E-16,-1.,0.));
#6372 = ORIENTED_EDGE('',*,*,#4729,.T.);
#6373 = ORIENTED_EDGE('',*,*,#6350,.F.);
#6374 = ORIENTED_EDGE('',*,*,#4630,.F.);
#6375 = PLANE('',#6376);
#6376 = AXIS2_PLACEMENT_3D('',#6377,#6378,#6379);
#6377 = CARTESIAN_POINT('',(3.,2.0925,1.110223024625E-16));
#6378 = DIRECTION('',(-1.,-1.110223024625E-16,0.));
#6379 = DIRECTION('',(0.,0.,1.));
#6380 = ADVANCED_FACE('',(#6381),#6392,.F.);
#6381 = FACE_BOUND('',#6382,.F.);
#6382 = EDGE_LOOP('',(#6383,#6389,#6390,#6391));
#6383 = ORIENTED_EDGE('',*,*,#6384,.T.);
#6384 = EDGE_CURVE('',#4614,#4713,#6385,.T.);
#6385 = LINE('',#6386,#6387);
#6386 = CARTESIAN_POINT('',(2.77,2.0925,1.110223024625E-16));
#6387 = VECTOR('',#6388,1.);
#6388 = DIRECTION('',(1.110223024625E-16,-1.,0.));
#6389 = ORIENTED_EDGE('',*,*,#4721,.T.);
#6390 = ORIENTED_EDGE('',*,*,#6367,.F.);
#6391 = ORIENTED_EDGE('',*,*,#4622,.F.);
#6392 = PLANE('',#6393);
#6393 = AXIS2_PLACEMENT_3D('',#6394,#6395,#6396);
#6394 = CARTESIAN_POINT('',(2.77,2.0925,1.110223024625E-16));
#6395 = DIRECTION('',(0.,0.,1.));
#6396 = DIRECTION('',(1.,1.110223024625E-16,-0.));
#6397 = ADVANCED_FACE('',(#6398),#6409,.T.);
#6398 = FACE_BOUND('',#6399,.T.);
#6399 = EDGE_LOOP('',(#6400,#6401,#6402,#6403));
#6400 = ORIENTED_EDGE('',*,*,#4613,.T.);
#6401 = ORIENTED_EDGE('',*,*,#6384,.T.);
#6402 = ORIENTED_EDGE('',*,*,#4712,.F.);
#6403 = ORIENTED_EDGE('',*,*,#6404,.F.);
#6404 = EDGE_CURVE('',#4606,#4705,#6405,.T.);
#6405 = LINE('',#6406,#6407);
#6406 = CARTESIAN_POINT('',(2.405621131385,2.0925,0.305750174263));
#6407 = VECTOR('',#6408,1.);
#6408 = DIRECTION('',(1.110223024625E-16,-1.,0.));
#6409 = CYLINDRICAL_SURFACE('',#6410,0.37);
#6410 = AXIS2_PLACEMENT_3D('',#6411,#6412,#6413);
#6411 = CARTESIAN_POINT('',(2.77,2.0925,0.37));
#6412 = DIRECTION('',(-1.110223024625E-16,1.,-0.));
#6413 = DIRECTION('',(-0.984807753012,-1.093356242223E-16,
    -0.173648177667));
#6414 = ADVANCED_FACE('',(#6415),#6426,.F.);
#6415 = FACE_BOUND('',#6416,.F.);
#6416 = EDGE_LOOP('',(#6417,#6423,#6424,#6425));
#6417 = ORIENTED_EDGE('',*,*,#6418,.T.);
#6418 = EDGE_CURVE('',#4597,#4696,#6419,.T.);
#6419 = LINE('',#6420,#6421);
#6420 = CARTESIAN_POINT('',(2.354521052678,2.0925,0.64104722665));
#6421 = VECTOR('',#6422,1.);
#6422 = DIRECTION('',(1.110223024625E-16,-1.,0.));
#6423 = ORIENTED_EDGE('',*,*,#4704,.T.);
#6424 = ORIENTED_EDGE('',*,*,#6404,.F.);
#6425 = ORIENTED_EDGE('',*,*,#4605,.F.);
#6426 = PLANE('',#6427);
#6427 = AXIS2_PLACEMENT_3D('',#6428,#6429,#6430);
#6428 = CARTESIAN_POINT('',(2.354521052678,2.0925,0.64104722665));
#6429 = DIRECTION('',(0.988585216369,1.097550069017E-16,0.150662769045)
  );
#6430 = DIRECTION('',(0.150662769045,1.672692751477E-17,-0.988585216369)
  );
#6431 = ADVANCED_FACE('',(#6432),#6443,.F.);
#6432 = FACE_BOUND('',#6433,.F.);
#6433 = EDGE_LOOP('',(#6434,#6440,#6441,#6442));
#6434 = ORIENTED_EDGE('',*,*,#6435,.T.);
#6435 = EDGE_CURVE('',#4589,#4688,#6436,.T.);
#6436 = LINE('',#6437,#6438);
#6437 = CARTESIAN_POINT('',(2.206799889726,2.0925,0.765));
#6438 = VECTOR('',#6439,1.);
#6439 = DIRECTION('',(1.110223024625E-16,-1.,0.));
#6440 = ORIENTED_EDGE('',*,*,#4695,.T.);
#6441 = ORIENTED_EDGE('',*,*,#6418,.F.);
#6442 = ORIENTED_EDGE('',*,*,#4596,.F.);
#6443 = CYLINDRICAL_SURFACE('',#6444,0.15);
#6444 = AXIS2_PLACEMENT_3D('',#6445,#6446,#6447);
#6445 = CARTESIAN_POINT('',(2.206799889726,2.0925,0.615));
#6446 = DIRECTION('',(-1.110223024625E-16,1.,0.));
#6447 = DIRECTION('',(2.960594732334E-15,3.286920438421E-31,1.));
#6448 = ADVANCED_FACE('',(#6449),#6455,.F.);
#6449 = FACE_BOUND('',#6450,.F.);
#6450 = EDGE_LOOP('',(#6451,#6452,#6453,#6454));
#6451 = ORIENTED_EDGE('',*,*,#4588,.F.);
#6452 = ORIENTED_EDGE('',*,*,#5601,.T.);
#6453 = ORIENTED_EDGE('',*,*,#4687,.T.);
#6454 = ORIENTED_EDGE('',*,*,#6435,.F.);
#6455 = PLANE('',#6456);
#6456 = AXIS2_PLACEMENT_3D('',#6457,#6458,#6459);
#6457 = CARTESIAN_POINT('',(1.85,2.0925,0.765));
#6458 = DIRECTION('',(0.,0.,1.));
#6459 = DIRECTION('',(1.,1.110223024625E-16,-0.));
#6460 = ADVANCED_FACE('',(#6461),#6472,.F.);
#6461 = FACE_BOUND('',#6462,.F.);
#6462 = EDGE_LOOP('',(#6463,#6469,#6470,#6471));
#6463 = ORIENTED_EDGE('',*,*,#6464,.T.);
#6464 = EDGE_CURVE('',#4879,#4978,#6465,.T.);
#6465 = LINE('',#6466,#6467);
#6466 = CARTESIAN_POINT('',(2.622278837048,0.8225,0.34395277335));
#6467 = VECTOR('',#6468,1.);
#6468 = DIRECTION('',(1.110223024625E-16,-1.,0.));
#6469 = ORIENTED_EDGE('',*,*,#4986,.T.);
#6470 = ORIENTED_EDGE('',*,*,#5013,.F.);
#6471 = ORIENTED_EDGE('',*,*,#4887,.F.);
#6472 = PLANE('',#6473);
#6473 = AXIS2_PLACEMENT_3D('',#6474,#6475,#6476);
#6474 = CARTESIAN_POINT('',(2.622278837048,0.8225,0.34395277335));
#6475 = DIRECTION('',(-0.988585216369,-1.097550069017E-16,
    -0.150662769045));
#6476 = DIRECTION('',(-0.150662769045,-1.672692751477E-17,0.988585216369
    ));
#6477 = ADVANCED_FACE('',(#6478),#6489,.F.);
#6478 = FACE_BOUND('',#6479,.F.);
#6479 = EDGE_LOOP('',(#6480,#6486,#6487,#6488));
#6480 = ORIENTED_EDGE('',*,*,#6481,.T.);
#6481 = EDGE_CURVE('',#4871,#4970,#6482,.T.);
#6482 = LINE('',#6483,#6484);
#6483 = CARTESIAN_POINT('',(2.77,0.8225,0.22));
#6484 = VECTOR('',#6485,1.);
#6485 = DIRECTION('',(1.110223024625E-16,-1.,0.));
#6486 = ORIENTED_EDGE('',*,*,#4977,.T.);
#6487 = ORIENTED_EDGE('',*,*,#6464,.F.);
#6488 = ORIENTED_EDGE('',*,*,#4878,.F.);
#6489 = CYLINDRICAL_SURFACE('',#6490,0.15);
#6490 = AXIS2_PLACEMENT_3D('',#6491,#6492,#6493);
#6491 = CARTESIAN_POINT('',(2.77,0.8225,0.37));
#6492 = DIRECTION('',(-1.110223024625E-16,1.,0.));
#6493 = DIRECTION('',(0.,0.,-1.));
#6494 = ADVANCED_FACE('',(#6495),#6506,.F.);
#6495 = FACE_BOUND('',#6496,.F.);
#6496 = EDGE_LOOP('',(#6497,#6503,#6504,#6505));
#6497 = ORIENTED_EDGE('',*,*,#6498,.T.);
#6498 = EDGE_CURVE('',#4863,#4962,#6499,.T.);
#6499 = LINE('',#6500,#6501);
#6500 = CARTESIAN_POINT('',(3.,0.8225,0.22));
#6501 = VECTOR('',#6502,1.);
#6502 = DIRECTION('',(1.110223024625E-16,-1.,0.));
#6503 = ORIENTED_EDGE('',*,*,#4969,.T.);
#6504 = ORIENTED_EDGE('',*,*,#6481,.F.);
#6505 = ORIENTED_EDGE('',*,*,#4870,.F.);
#6506 = PLANE('',#6507);
#6507 = AXIS2_PLACEMENT_3D('',#6508,#6509,#6510);
#6508 = CARTESIAN_POINT('',(3.,0.8225,0.22));
#6509 = DIRECTION('',(0.,0.,-1.));
#6510 = DIRECTION('',(-1.,-1.110223024625E-16,-0.));
#6511 = ADVANCED_FACE('',(#6512),#6523,.F.);
#6512 = FACE_BOUND('',#6513,.F.);
#6513 = EDGE_LOOP('',(#6514,#6520,#6521,#6522));
#6514 = ORIENTED_EDGE('',*,*,#6515,.T.);
#6515 = EDGE_CURVE('',#4855,#4954,#6516,.T.);
#6516 = LINE('',#6517,#6518);
#6517 = CARTESIAN_POINT('',(3.,0.8225,1.110223024625E-16));
#6518 = VECTOR('',#6519,1.);
#6519 = DIRECTION('',(1.110223024625E-16,-1.,0.));
#6520 = ORIENTED_EDGE('',*,*,#4961,.T.);
#6521 = ORIENTED_EDGE('',*,*,#6498,.F.);
#6522 = ORIENTED_EDGE('',*,*,#4862,.F.);
#6523 = PLANE('',#6524);
#6524 = AXIS2_PLACEMENT_3D('',#6525,#6526,#6527);
#6525 = CARTESIAN_POINT('',(3.,0.8225,1.110223024625E-16));
#6526 = DIRECTION('',(-1.,-1.110223024625E-16,0.));
#6527 = DIRECTION('',(0.,0.,1.));
#6528 = ADVANCED_FACE('',(#6529),#6540,.F.);
#6529 = FACE_BOUND('',#6530,.F.);
#6530 = EDGE_LOOP('',(#6531,#6537,#6538,#6539));
#6531 = ORIENTED_EDGE('',*,*,#6532,.T.);
#6532 = EDGE_CURVE('',#4846,#4945,#6533,.T.);
#6533 = LINE('',#6534,#6535);
#6534 = CARTESIAN_POINT('',(2.77,0.8225,1.110223024625E-16));
#6535 = VECTOR('',#6536,1.);
#6536 = DIRECTION('',(1.110223024625E-16,-1.,0.));
#6537 = ORIENTED_EDGE('',*,*,#4953,.T.);
#6538 = ORIENTED_EDGE('',*,*,#6515,.F.);
#6539 = ORIENTED_EDGE('',*,*,#4854,.F.);
#6540 = PLANE('',#6541);
#6541 = AXIS2_PLACEMENT_3D('',#6542,#6543,#6544);
#6542 = CARTESIAN_POINT('',(2.77,0.8225,1.110223024625E-16));
#6543 = DIRECTION('',(0.,0.,1.));
#6544 = DIRECTION('',(1.,1.110223024625E-16,-0.));
#6545 = ADVANCED_FACE('',(#6546),#6557,.T.);
#6546 = FACE_BOUND('',#6547,.T.);
#6547 = EDGE_LOOP('',(#6548,#6549,#6550,#6551));
#6548 = ORIENTED_EDGE('',*,*,#4845,.T.);
#6549 = ORIENTED_EDGE('',*,*,#6532,.T.);
#6550 = ORIENTED_EDGE('',*,*,#4944,.F.);
#6551 = ORIENTED_EDGE('',*,*,#6552,.F.);
#6552 = EDGE_CURVE('',#4838,#4937,#6553,.T.);
#6553 = LINE('',#6554,#6555);
#6554 = CARTESIAN_POINT('',(2.405621131385,0.8225,0.305750174263));
#6555 = VECTOR('',#6556,1.);
#6556 = DIRECTION('',(1.110223024625E-16,-1.,0.));
#6557 = CYLINDRICAL_SURFACE('',#6558,0.37);
#6558 = AXIS2_PLACEMENT_3D('',#6559,#6560,#6561);
#6559 = CARTESIAN_POINT('',(2.77,0.8225,0.37));
#6560 = DIRECTION('',(-1.110223024625E-16,1.,-0.));
#6561 = DIRECTION('',(-0.984807753012,-1.093356242223E-16,
    -0.173648177667));
#6562 = ADVANCED_FACE('',(#6563),#6574,.F.);
#6563 = FACE_BOUND('',#6564,.F.);
#6564 = EDGE_LOOP('',(#6565,#6571,#6572,#6573));
#6565 = ORIENTED_EDGE('',*,*,#6566,.T.);
#6566 = EDGE_CURVE('',#4829,#4928,#6567,.T.);
#6567 = LINE('',#6568,#6569);
#6568 = CARTESIAN_POINT('',(2.354521052678,0.8225,0.64104722665));
#6569 = VECTOR('',#6570,1.);
#6570 = DIRECTION('',(1.110223024625E-16,-1.,0.));
#6571 = ORIENTED_EDGE('',*,*,#4936,.T.);
#6572 = ORIENTED_EDGE('',*,*,#6552,.F.);
#6573 = ORIENTED_EDGE('',*,*,#4837,.F.);
#6574 = PLANE('',#6575);
#6575 = AXIS2_PLACEMENT_3D('',#6576,#6577,#6578);
#6576 = CARTESIAN_POINT('',(2.354521052678,0.8225,0.64104722665));
#6577 = DIRECTION('',(0.988585216369,1.097550069017E-16,0.150662769045)
  );
#6578 = DIRECTION('',(0.150662769045,1.672692751477E-17,-0.988585216369)
  );
#6579 = ADVANCED_FACE('',(#6580),#6591,.F.);
#6580 = FACE_BOUND('',#6581,.F.);
#6581 = EDGE_LOOP('',(#6582,#6588,#6589,#6590));
#6582 = ORIENTED_EDGE('',*,*,#6583,.T.);
#6583 = EDGE_CURVE('',#4821,#4920,#6584,.T.);
#6584 = LINE('',#6585,#6586);
#6585 = CARTESIAN_POINT('',(2.206799889726,0.8225,0.765));
#6586 = VECTOR('',#6587,1.);
#6587 = DIRECTION('',(1.110223024625E-16,-1.,0.));
#6588 = ORIENTED_EDGE('',*,*,#4927,.T.);
#6589 = ORIENTED_EDGE('',*,*,#6566,.F.);
#6590 = ORIENTED_EDGE('',*,*,#4828,.F.);
#6591 = CYLINDRICAL_SURFACE('',#6592,0.15);
#6592 = AXIS2_PLACEMENT_3D('',#6593,#6594,#6595);
#6593 = CARTESIAN_POINT('',(2.206799889726,0.8225,0.615));
#6594 = DIRECTION('',(-1.110223024625E-16,1.,0.));
#6595 = DIRECTION('',(2.960594732334E-15,3.286920438421E-31,1.));
#6596 = ADVANCED_FACE('',(#6597),#6603,.F.);
#6597 = FACE_BOUND('',#6598,.F.);
#6598 = EDGE_LOOP('',(#6599,#6600,#6601,#6602));
#6599 = ORIENTED_EDGE('',*,*,#4820,.F.);
#6600 = ORIENTED_EDGE('',*,*,#5594,.T.);
#6601 = ORIENTED_EDGE('',*,*,#4919,.T.);
#6602 = ORIENTED_EDGE('',*,*,#6583,.F.);
#6603 = PLANE('',#6604);
#6604 = AXIS2_PLACEMENT_3D('',#6605,#6606,#6607);
#6605 = CARTESIAN_POINT('',(1.85,0.8225,0.765));
#6606 = DIRECTION('',(0.,0.,1.));
#6607 = DIRECTION('',(1.,1.110223024625E-16,-0.));
#6608 = ADVANCED_FACE('',(#6609),#6620,.F.);
#6609 = FACE_BOUND('',#6610,.F.);
#6610 = EDGE_LOOP('',(#6611,#6617,#6618,#6619));
#6611 = ORIENTED_EDGE('',*,*,#6612,.T.);
#6612 = EDGE_CURVE('',#5111,#5210,#6613,.T.);
#6613 = LINE('',#6614,#6615);
#6614 = CARTESIAN_POINT('',(2.622278837048,-0.4475,0.34395277335));
#6615 = VECTOR('',#6616,1.);
#6616 = DIRECTION('',(1.110223024625E-16,-1.,0.));
#6617 = ORIENTED_EDGE('',*,*,#5218,.T.);
#6618 = ORIENTED_EDGE('',*,*,#5245,.F.);
#6619 = ORIENTED_EDGE('',*,*,#5119,.F.);
#6620 = PLANE('',#6621);
#6621 = AXIS2_PLACEMENT_3D('',#6622,#6623,#6624);
#6622 = CARTESIAN_POINT('',(2.622278837048,-0.4475,0.34395277335));
#6623 = DIRECTION('',(-0.988585216369,-1.097550069017E-16,
    -0.150662769045));
#6624 = DIRECTION('',(-0.150662769045,-1.672692751477E-17,0.988585216369
    ));
#6625 = ADVANCED_FACE('',(#6626),#6637,.F.);
#6626 = FACE_BOUND('',#6627,.F.);
#6627 = EDGE_LOOP('',(#6628,#6634,#6635,#6636));
#6628 = ORIENTED_EDGE('',*,*,#6629,.T.);
#6629 = EDGE_CURVE('',#5103,#5202,#6630,.T.);
#6630 = LINE('',#6631,#6632);
#6631 = CARTESIAN_POINT('',(2.77,-0.4475,0.22));
#6632 = VECTOR('',#6633,1.);
#6633 = DIRECTION('',(1.110223024625E-16,-1.,0.));
#6634 = ORIENTED_EDGE('',*,*,#5209,.T.);
#6635 = ORIENTED_EDGE('',*,*,#6612,.F.);
#6636 = ORIENTED_EDGE('',*,*,#5110,.F.);
#6637 = CYLINDRICAL_SURFACE('',#6638,0.15);
#6638 = AXIS2_PLACEMENT_3D('',#6639,#6640,#6641);
#6639 = CARTESIAN_POINT('',(2.77,-0.4475,0.37));
#6640 = DIRECTION('',(-1.110223024625E-16,1.,0.));
#6641 = DIRECTION('',(0.,0.,-1.));
#6642 = ADVANCED_FACE('',(#6643),#6654,.F.);
#6643 = FACE_BOUND('',#6644,.F.);
#6644 = EDGE_LOOP('',(#6645,#6651,#6652,#6653));
#6645 = ORIENTED_EDGE('',*,*,#6646,.T.);
#6646 = EDGE_CURVE('',#5095,#5194,#6647,.T.);
#6647 = LINE('',#6648,#6649);
#6648 = CARTESIAN_POINT('',(3.,-0.4475,0.22));
#6649 = VECTOR('',#6650,1.);
#6650 = DIRECTION('',(1.110223024625E-16,-1.,0.));
#6651 = ORIENTED_EDGE('',*,*,#5201,.T.);
#6652 = ORIENTED_EDGE('',*,*,#6629,.F.);
#6653 = ORIENTED_EDGE('',*,*,#5102,.F.);
#6654 = PLANE('',#6655);
#6655 = AXIS2_PLACEMENT_3D('',#6656,#6657,#6658);
#6656 = CARTESIAN_POINT('',(3.,-0.4475,0.22));
#6657 = DIRECTION('',(0.,0.,-1.));
#6658 = DIRECTION('',(-1.,-1.110223024625E-16,-0.));
#6659 = ADVANCED_FACE('',(#6660),#6671,.F.);
#6660 = FACE_BOUND('',#6661,.F.);
#6661 = EDGE_LOOP('',(#6662,#6668,#6669,#6670));
#6662 = ORIENTED_EDGE('',*,*,#6663,.T.);
#6663 = EDGE_CURVE('',#5087,#5186,#6664,.T.);
#6664 = LINE('',#6665,#6666);
#6665 = CARTESIAN_POINT('',(3.,-0.4475,1.110223024625E-16));
#6666 = VECTOR('',#6667,1.);
#6667 = DIRECTION('',(1.110223024625E-16,-1.,0.));
#6668 = ORIENTED_EDGE('',*,*,#5193,.T.);
#6669 = ORIENTED_EDGE('',*,*,#6646,.F.);
#6670 = ORIENTED_EDGE('',*,*,#5094,.F.);
#6671 = PLANE('',#6672);
#6672 = AXIS2_PLACEMENT_3D('',#6673,#6674,#6675);
#6673 = CARTESIAN_POINT('',(3.,-0.4475,1.110223024625E-16));
#6674 = DIRECTION('',(-1.,-1.110223024625E-16,0.));
#6675 = DIRECTION('',(0.,0.,1.));
#6676 = ADVANCED_FACE('',(#6677),#6688,.F.);
#6677 = FACE_BOUND('',#6678,.F.);
#6678 = EDGE_LOOP('',(#6679,#6685,#6686,#6687));
#6679 = ORIENTED_EDGE('',*,*,#6680,.T.);
#6680 = EDGE_CURVE('',#5078,#5177,#6681,.T.);
#6681 = LINE('',#6682,#6683);
#6682 = CARTESIAN_POINT('',(2.77,-0.4475,1.110223024625E-16));
#6683 = VECTOR('',#6684,1.);
#6684 = DIRECTION('',(1.110223024625E-16,-1.,0.));
#6685 = ORIENTED_EDGE('',*,*,#5185,.T.);
#6686 = ORIENTED_EDGE('',*,*,#6663,.F.);
#6687 = ORIENTED_EDGE('',*,*,#5086,.F.);
#6688 = PLANE('',#6689);
#6689 = AXIS2_PLACEMENT_3D('',#6690,#6691,#6692);
#6690 = CARTESIAN_POINT('',(2.77,-0.4475,1.110223024625E-16));
#6691 = DIRECTION('',(0.,0.,1.));
#6692 = DIRECTION('',(1.,1.110223024625E-16,-0.));
#6693 = ADVANCED_FACE('',(#6694),#6705,.T.);
#6694 = FACE_BOUND('',#6695,.T.);
#6695 = EDGE_LOOP('',(#6696,#6697,#6698,#6699));
#6696 = ORIENTED_EDGE('',*,*,#5077,.T.);
#6697 = ORIENTED_EDGE('',*,*,#6680,.T.);
#6698 = ORIENTED_EDGE('',*,*,#5176,.F.);
#6699 = ORIENTED_EDGE('',*,*,#6700,.F.);
#6700 = EDGE_CURVE('',#5070,#5169,#6701,.T.);
#6701 = LINE('',#6702,#6703);
#6702 = CARTESIAN_POINT('',(2.405621131385,-0.4475,0.305750174263));
#6703 = VECTOR('',#6704,1.);
#6704 = DIRECTION('',(1.110223024625E-16,-1.,0.));
#6705 = CYLINDRICAL_SURFACE('',#6706,0.37);
#6706 = AXIS2_PLACEMENT_3D('',#6707,#6708,#6709);
#6707 = CARTESIAN_POINT('',(2.77,-0.4475,0.37));
#6708 = DIRECTION('',(-1.110223024625E-16,1.,-0.));
#6709 = DIRECTION('',(-0.984807753012,-1.093356242223E-16,
    -0.173648177667));
#6710 = ADVANCED_FACE('',(#6711),#6722,.F.);
#6711 = FACE_BOUND('',#6712,.F.);
#6712 = EDGE_LOOP('',(#6713,#6719,#6720,#6721));
#6713 = ORIENTED_EDGE('',*,*,#6714,.T.);
#6714 = EDGE_CURVE('',#5061,#5160,#6715,.T.);
#6715 = LINE('',#6716,#6717);
#6716 = CARTESIAN_POINT('',(2.354521052678,-0.4475,0.64104722665));
#6717 = VECTOR('',#6718,1.);
#6718 = DIRECTION('',(1.110223024625E-16,-1.,0.));
#6719 = ORIENTED_EDGE('',*,*,#5168,.T.);
#6720 = ORIENTED_EDGE('',*,*,#6700,.F.);
#6721 = ORIENTED_EDGE('',*,*,#5069,.F.);
#6722 = PLANE('',#6723);
#6723 = AXIS2_PLACEMENT_3D('',#6724,#6725,#6726);
#6724 = CARTESIAN_POINT('',(2.354521052678,-0.4475,0.64104722665));
#6725 = DIRECTION('',(0.988585216369,1.097550069017E-16,0.150662769045)
  );
#6726 = DIRECTION('',(0.150662769045,1.672692751477E-17,-0.988585216369)
  );
#6727 = ADVANCED_FACE('',(#6728),#6739,.F.);
#6728 = FACE_BOUND('',#6729,.F.);
#6729 = EDGE_LOOP('',(#6730,#6736,#6737,#6738));
#6730 = ORIENTED_EDGE('',*,*,#6731,.T.);
#6731 = EDGE_CURVE('',#5053,#5152,#6732,.T.);
#6732 = LINE('',#6733,#6734);
#6733 = CARTESIAN_POINT('',(2.206799889726,-0.4475,0.765));
#6734 = VECTOR('',#6735,1.);
#6735 = DIRECTION('',(1.110223024625E-16,-1.,0.));
#6736 = ORIENTED_EDGE('',*,*,#5159,.T.);
#6737 = ORIENTED_EDGE('',*,*,#6714,.F.);
#6738 = ORIENTED_EDGE('',*,*,#5060,.F.);
#6739 = CYLINDRICAL_SURFACE('',#6740,0.15);
#6740 = AXIS2_PLACEMENT_3D('',#6741,#6742,#6743);
#6741 = CARTESIAN_POINT('',(2.206799889726,-0.4475,0.615));
#6742 = DIRECTION('',(-1.110223024625E-16,1.,0.));
#6743 = DIRECTION('',(2.960594732334E-15,3.286920438421E-31,1.));
#6744 = ADVANCED_FACE('',(#6745),#6751,.F.);
#6745 = FACE_BOUND('',#6746,.F.);
#6746 = EDGE_LOOP('',(#6747,#6748,#6749,#6750));
#6747 = ORIENTED_EDGE('',*,*,#5052,.F.);
#6748 = ORIENTED_EDGE('',*,*,#5587,.T.);
#6749 = ORIENTED_EDGE('',*,*,#5151,.T.);
#6750 = ORIENTED_EDGE('',*,*,#6731,.F.);
#6751 = PLANE('',#6752);
#6752 = AXIS2_PLACEMENT_3D('',#6753,#6754,#6755);
#6753 = CARTESIAN_POINT('',(1.85,-0.4475,0.765));
#6754 = DIRECTION('',(0.,0.,1.));
#6755 = DIRECTION('',(1.,1.110223024625E-16,-0.));
#6756 = ADVANCED_FACE('',(#6757),#6768,.F.);
#6757 = FACE_BOUND('',#6758,.F.);
#6758 = EDGE_LOOP('',(#6759,#6765,#6766,#6767));
#6759 = ORIENTED_EDGE('',*,*,#6760,.T.);
#6760 = EDGE_CURVE('',#5343,#5435,#6761,.T.);
#6761 = LINE('',#6762,#6763);
#6762 = CARTESIAN_POINT('',(2.622278837048,-1.7175,0.34395277335));
#6763 = VECTOR('',#6764,1.);
#6764 = DIRECTION('',(1.110223024625E-16,-1.,0.));
#6765 = ORIENTED_EDGE('',*,*,#5443,.T.);
#6766 = ORIENTED_EDGE('',*,*,#5470,.F.);
#6767 = ORIENTED_EDGE('',*,*,#5351,.F.);
#6768 = PLANE('',#6769);
#6769 = AXIS2_PLACEMENT_3D('',#6770,#6771,#6772);
#6770 = CARTESIAN_POINT('',(2.622278837048,-1.7175,0.34395277335));
#6771 = DIRECTION('',(-0.988585216369,-1.097550069017E-16,
    -0.150662769045));
#6772 = DIRECTION('',(-0.150662769045,-1.672692751477E-17,0.988585216369
    ));
#6773 = ADVANCED_FACE('',(#6774),#6785,.F.);
#6774 = FACE_BOUND('',#6775,.F.);
#6775 = EDGE_LOOP('',(#6776,#6782,#6783,#6784));
#6776 = ORIENTED_EDGE('',*,*,#6777,.T.);
#6777 = EDGE_CURVE('',#5335,#5427,#6778,.T.);
#6778 = LINE('',#6779,#6780);
#6779 = CARTESIAN_POINT('',(2.77,-1.7175,0.22));
#6780 = VECTOR('',#6781,1.);
#6781 = DIRECTION('',(1.110223024625E-16,-1.,0.));
#6782 = ORIENTED_EDGE('',*,*,#5434,.T.);
#6783 = ORIENTED_EDGE('',*,*,#6760,.F.);
#6784 = ORIENTED_EDGE('',*,*,#5342,.F.);
#6785 = CYLINDRICAL_SURFACE('',#6786,0.15);
#6786 = AXIS2_PLACEMENT_3D('',#6787,#6788,#6789);
#6787 = CARTESIAN_POINT('',(2.77,-1.7175,0.37));
#6788 = DIRECTION('',(-1.110223024625E-16,1.,0.));
#6789 = DIRECTION('',(0.,0.,-1.));
#6790 = ADVANCED_FACE('',(#6791),#6802,.F.);
#6791 = FACE_BOUND('',#6792,.F.);
#6792 = EDGE_LOOP('',(#6793,#6799,#6800,#6801));
#6793 = ORIENTED_EDGE('',*,*,#6794,.T.);
#6794 = EDGE_CURVE('',#5327,#5419,#6795,.T.);
#6795 = LINE('',#6796,#6797);
#6796 = CARTESIAN_POINT('',(3.,-1.7175,0.22));
#6797 = VECTOR('',#6798,1.);
#6798 = DIRECTION('',(1.110223024625E-16,-1.,0.));
#6799 = ORIENTED_EDGE('',*,*,#5426,.T.);
#6800 = ORIENTED_EDGE('',*,*,#6777,.F.);
#6801 = ORIENTED_EDGE('',*,*,#5334,.F.);
#6802 = PLANE('',#6803);
#6803 = AXIS2_PLACEMENT_3D('',#6804,#6805,#6806);
#6804 = CARTESIAN_POINT('',(3.,-1.7175,0.22));
#6805 = DIRECTION('',(0.,0.,-1.));
#6806 = DIRECTION('',(-1.,-1.110223024625E-16,-0.));
#6807 = ADVANCED_FACE('',(#6808),#6819,.F.);
#6808 = FACE_BOUND('',#6809,.F.);
#6809 = EDGE_LOOP('',(#6810,#6816,#6817,#6818));
#6810 = ORIENTED_EDGE('',*,*,#6811,.T.);
#6811 = EDGE_CURVE('',#5319,#5411,#6812,.T.);
#6812 = LINE('',#6813,#6814);
#6813 = CARTESIAN_POINT('',(3.,-1.7175,1.110223024625E-16));
#6814 = VECTOR('',#6815,1.);
#6815 = DIRECTION('',(1.110223024625E-16,-1.,0.));
#6816 = ORIENTED_EDGE('',*,*,#5418,.T.);
#6817 = ORIENTED_EDGE('',*,*,#6794,.F.);
#6818 = ORIENTED_EDGE('',*,*,#5326,.F.);
#6819 = PLANE('',#6820);
#6820 = AXIS2_PLACEMENT_3D('',#6821,#6822,#6823);
#6821 = CARTESIAN_POINT('',(3.,-1.7175,1.110223024625E-16));
#6822 = DIRECTION('',(-1.,-1.110223024625E-16,0.));
#6823 = DIRECTION('',(0.,0.,1.));
#6824 = ADVANCED_FACE('',(#6825),#6836,.F.);
#6825 = FACE_BOUND('',#6826,.F.);
#6826 = EDGE_LOOP('',(#6827,#6833,#6834,#6835));
#6827 = ORIENTED_EDGE('',*,*,#6828,.T.);
#6828 = EDGE_CURVE('',#5310,#5402,#6829,.T.);
#6829 = LINE('',#6830,#6831);
#6830 = CARTESIAN_POINT('',(2.77,-1.7175,1.110223024625E-16));
#6831 = VECTOR('',#6832,1.);
#6832 = DIRECTION('',(1.110223024625E-16,-1.,0.));
#6833 = ORIENTED_EDGE('',*,*,#5410,.T.);
#6834 = ORIENTED_EDGE('',*,*,#6811,.F.);
#6835 = ORIENTED_EDGE('',*,*,#5318,.F.);
#6836 = PLANE('',#6837);
#6837 = AXIS2_PLACEMENT_3D('',#6838,#6839,#6840);
#6838 = CARTESIAN_POINT('',(2.77,-1.7175,1.110223024625E-16));
#6839 = DIRECTION('',(0.,0.,1.));
#6840 = DIRECTION('',(1.,1.110223024625E-16,-0.));
#6841 = ADVANCED_FACE('',(#6842),#6853,.T.);
#6842 = FACE_BOUND('',#6843,.T.);
#6843 = EDGE_LOOP('',(#6844,#6845,#6846,#6847));
#6844 = ORIENTED_EDGE('',*,*,#5309,.T.);
#6845 = ORIENTED_EDGE('',*,*,#6828,.T.);
#6846 = ORIENTED_EDGE('',*,*,#5401,.F.);
#6847 = ORIENTED_EDGE('',*,*,#6848,.F.);
#6848 = EDGE_CURVE('',#5302,#5394,#6849,.T.);
#6849 = LINE('',#6850,#6851);
#6850 = CARTESIAN_POINT('',(2.405621131385,-1.7175,0.305750174263));
#6851 = VECTOR('',#6852,1.);
#6852 = DIRECTION('',(1.110223024625E-16,-1.,0.));
#6853 = CYLINDRICAL_SURFACE('',#6854,0.37);
#6854 = AXIS2_PLACEMENT_3D('',#6855,#6856,#6857);
#6855 = CARTESIAN_POINT('',(2.77,-1.7175,0.37));
#6856 = DIRECTION('',(-1.110223024625E-16,1.,-0.));
#6857 = DIRECTION('',(-0.984807753012,-1.093356242223E-16,
    -0.173648177667));
#6858 = ADVANCED_FACE('',(#6859),#6870,.F.);
#6859 = FACE_BOUND('',#6860,.F.);
#6860 = EDGE_LOOP('',(#6861,#6867,#6868,#6869));
#6861 = ORIENTED_EDGE('',*,*,#6862,.T.);
#6862 = EDGE_CURVE('',#5293,#5385,#6863,.T.);
#6863 = LINE('',#6864,#6865);
#6864 = CARTESIAN_POINT('',(2.354521052678,-1.7175,0.64104722665));
#6865 = VECTOR('',#6866,1.);
#6866 = DIRECTION('',(1.110223024625E-16,-1.,0.));
#6867 = ORIENTED_EDGE('',*,*,#5393,.T.);
#6868 = ORIENTED_EDGE('',*,*,#6848,.F.);
#6869 = ORIENTED_EDGE('',*,*,#5301,.F.);
#6870 = PLANE('',#6871);
#6871 = AXIS2_PLACEMENT_3D('',#6872,#6873,#6874);
#6872 = CARTESIAN_POINT('',(2.354521052678,-1.7175,0.64104722665));
#6873 = DIRECTION('',(0.988585216369,1.097550069017E-16,0.150662769045)
  );
#6874 = DIRECTION('',(0.150662769045,1.672692751477E-17,-0.988585216369)
  );
#6875 = ADVANCED_FACE('',(#6876),#6887,.F.);
#6876 = FACE_BOUND('',#6877,.F.);
#6877 = EDGE_LOOP('',(#6878,#6884,#6885,#6886));
#6878 = ORIENTED_EDGE('',*,*,#6879,.T.);
#6879 = EDGE_CURVE('',#5285,#5377,#6880,.T.);
#6880 = LINE('',#6881,#6882);
#6881 = CARTESIAN_POINT('',(2.206799889726,-1.7175,0.765));
#6882 = VECTOR('',#6883,1.);
#6883 = DIRECTION('',(1.110223024625E-16,-1.,0.));
#6884 = ORIENTED_EDGE('',*,*,#5384,.T.);
#6885 = ORIENTED_EDGE('',*,*,#6862,.F.);
#6886 = ORIENTED_EDGE('',*,*,#5292,.F.);
#6887 = CYLINDRICAL_SURFACE('',#6888,0.15);
#6888 = AXIS2_PLACEMENT_3D('',#6889,#6890,#6891);
#6889 = CARTESIAN_POINT('',(2.206799889726,-1.7175,0.615));
#6890 = DIRECTION('',(-1.110223024625E-16,1.,0.));
#6891 = DIRECTION('',(2.960594732334E-15,3.286920438421E-31,1.));
#6892 = ADVANCED_FACE('',(#6893),#6899,.F.);
#6893 = FACE_BOUND('',#6894,.F.);
#6894 = EDGE_LOOP('',(#6895,#6896,#6897,#6898));
#6895 = ORIENTED_EDGE('',*,*,#5284,.F.);
#6896 = ORIENTED_EDGE('',*,*,#5580,.T.);
#6897 = ORIENTED_EDGE('',*,*,#5376,.T.);
#6898 = ORIENTED_EDGE('',*,*,#6879,.F.);
#6899 = PLANE('',#6900);
#6900 = AXIS2_PLACEMENT_3D('',#6901,#6902,#6903);
#6901 = CARTESIAN_POINT('',(1.85,-1.7175,0.765));
#6902 = DIRECTION('',(0.,0.,1.));
#6903 = DIRECTION('',(1.,1.110223024625E-16,-0.));
#6904 = ADVANCED_FACE('',(#6905),#6915,.F.);
#6905 = FACE_BOUND('',#6906,.T.);
#6906 = EDGE_LOOP('',(#6907,#6908,#6909,#6910,#6911,#6912,#6913,#6914));
#6907 = ORIENTED_EDGE('',*,*,#5644,.T.);
#6908 = ORIENTED_EDGE('',*,*,#5621,.T.);
#6909 = ORIENTED_EDGE('',*,*,#5564,.T.);
#6910 = ORIENTED_EDGE('',*,*,#5707,.T.);
#6911 = ORIENTED_EDGE('',*,*,#5684,.T.);
#6912 = ORIENTED_EDGE('',*,*,#5661,.T.);
#6913 = ORIENTED_EDGE('',*,*,#5513,.T.);
#6914 = ORIENTED_EDGE('',*,*,#5484,.T.);
#6915 = PLANE('',#6916);
#6916 = AXIS2_PLACEMENT_3D('',#6917,#6918,#6919);
#6917 = CARTESIAN_POINT('',(-1.706783693329,2.363567386658,0.15));
#6918 = DIRECTION('',(0.,0.,1.));
#6919 = DIRECTION('',(0.585437082706,-0.810717843761,0.));
#6920 = ( GEOMETRIC_REPRESENTATION_CONTEXT(3) 
GLOBAL_UNCERTAINTY_ASSIGNED_CONTEXT((#6924)) 
GLOBAL_UNIT_ASSIGNED_CONTEXT((#6921,#6922,#6923)) REPRESENTATION_CONTEXT
('Context #1','3D Context with UNIT and UNCERTAINTY') );
#6921 = ( LENGTH_UNIT() NAMED_UNIT(*) SI_UNIT(.MILLI.,.METRE.) );
#6922 = ( NAMED_UNIT(*) PLANE_ANGLE_UNIT() SI_UNIT($,.RADIAN.) );
#6923 = ( NAMED_UNIT(*) SI_UNIT($,.STERADIAN.) SOLID_ANGLE_UNIT() );
#6924 = UNCERTAINTY_MEASURE_WITH_UNIT(LENGTH_MEASURE(1.E-07),#6921,
  'distance_accuracy_value','confusion accuracy');
#6925 = CONTEXT_DEPENDENT_SHAPE_REPRESENTATION(#6926,#6928);
#6926 = ( REPRESENTATION_RELATIONSHIP('','',#2449,#10) 
REPRESENTATION_RELATIONSHIP_WITH_TRANSFORMATION(#6927) 
SHAPE_REPRESENTATION_RELATIONSHIP() );
#6927 = ITEM_DEFINED_TRANSFORMATION('','',#11,#35);
#6928 = PRODUCT_DEFINITION_SHAPE('Placement','Placement of an item',
  #6929);
#6929 = NEXT_ASSEMBLY_USAGE_OCCURRENCE('6','U2','',#5,#2444,$);
#6930 = PRODUCT_RELATED_PRODUCT_CATEGORY('part',$,(#2446));
#6931 = CONTEXT_DEPENDENT_SHAPE_REPRESENTATION(#6932,#6934);
#6932 = ( REPRESENTATION_RELATIONSHIP('','',#1783,#10) 
REPRESENTATION_RELATIONSHIP_WITH_TRANSFORMATION(#6933) 
SHAPE_REPRESENTATION_RELATIONSHIP() );
#6933 = ITEM_DEFINED_TRANSFORMATION('','',#11,#39);
#6934 = PRODUCT_DEFINITION_SHAPE('Placement','Placement of an item',
  #6935);
#6935 = NEXT_ASSEMBLY_USAGE_OCCURRENCE('7','E2','',#5,#1778,$);
#6936 = SHAPE_DEFINITION_REPRESENTATION(#6937,#6943);
#6937 = PRODUCT_DEFINITION_SHAPE('','',#6938);
#6938 = PRODUCT_DEFINITION('design','',#6939,#6942);
#6939 = PRODUCT_DEFINITION_FORMATION('','',#6940);
#6940 = PRODUCT('2SMPP-03','2SMPP-03','',(#6941));
#6941 = PRODUCT_CONTEXT('',#2,'mechanical');
#6942 = PRODUCT_DEFINITION_CONTEXT('part definition',#2,'design');
#6943 = SHAPE_REPRESENTATION('',(#11,#6944,#7234,#7656,#8078,#8500,#8922
    ,#9344,#9766),#12255);
#6944 = MANIFOLD_SOLID_BREP('',#6945);
#6945 = CLOSED_SHELL('',(#6946,#6988,#7019,#7052,#7083,#7116,#7147,#7180
    ,#7202,#7218));
#6946 = ADVANCED_FACE('',(#6947),#6983,.T.);
#6947 = FACE_BOUND('',#6948,.T.);
#6948 = EDGE_LOOP('',(#6949,#6960,#6968,#6977));
#6949 = ORIENTED_EDGE('',*,*,#6950,.F.);
#6950 = EDGE_CURVE('',#6951,#6953,#6955,.T.);
#6951 = VERTEX_POINT('',#6952);
#6952 = CARTESIAN_POINT('',(-1.5,0.5,2.7));
#6953 = VERTEX_POINT('',#6954);
#6954 = CARTESIAN_POINT('',(-2.,0.5,2.2));
#6955 = CIRCLE('',#6956,0.5);
#6956 = AXIS2_PLACEMENT_3D('',#6957,#6958,#6959);
#6957 = CARTESIAN_POINT('',(-1.5,0.5,2.2));
#6958 = DIRECTION('',(0.,-1.,0.));
#6959 = DIRECTION('',(0.,0.,1.));
#6960 = ORIENTED_EDGE('',*,*,#6961,.T.);
#6961 = EDGE_CURVE('',#6951,#6962,#6964,.T.);
#6962 = VERTEX_POINT('',#6963);
#6963 = CARTESIAN_POINT('',(-1.5,1.,2.7));
#6964 = LINE('',#6965,#6966);
#6965 = CARTESIAN_POINT('',(-1.5,-6.220119046565,2.7));
#6966 = VECTOR('',#6967,1.);
#6967 = DIRECTION('',(0.,1.,0.));
#6968 = ORIENTED_EDGE('',*,*,#6969,.F.);
#6969 = EDGE_CURVE('',#6970,#6962,#6972,.T.);
#6970 = VERTEX_POINT('',#6971);
#6971 = CARTESIAN_POINT('',(-2.,1.,2.2));
#6972 = CIRCLE('',#6973,0.5);
#6973 = AXIS2_PLACEMENT_3D('',#6974,#6975,#6976);
#6974 = CARTESIAN_POINT('',(-1.5,1.,2.2));
#6975 = DIRECTION('',(0.,1.,0.));
#6976 = DIRECTION('',(0.,-0.,1.));
#6977 = ORIENTED_EDGE('',*,*,#6978,.F.);
#6978 = EDGE_CURVE('',#6953,#6970,#6979,.T.);
#6979 = LINE('',#6980,#6981);
#6980 = CARTESIAN_POINT('',(-2.,-6.220119046565,2.2));
#6981 = VECTOR('',#6982,1.);
#6982 = DIRECTION('',(0.,1.,0.));
#6983 = CYLINDRICAL_SURFACE('',#6984,0.5);
#6984 = AXIS2_PLACEMENT_3D('',#6985,#6986,#6987);
#6985 = CARTESIAN_POINT('',(-1.5,-6.220119046565,2.2));
#6986 = DIRECTION('',(0.,1.,0.));
#6987 = DIRECTION('',(0.,-0.,1.));
#6988 = ADVANCED_FACE('',(#6989),#7014,.T.);
#6989 = FACE_BOUND('',#6990,.T.);
#6990 = EDGE_LOOP('',(#6991,#6999,#7000,#7008));
#6991 = ORIENTED_EDGE('',*,*,#6992,.F.);
#6992 = EDGE_CURVE('',#6953,#6993,#6995,.T.);
#6993 = VERTEX_POINT('',#6994);
#6994 = CARTESIAN_POINT('',(-2.,0.5,-2.2));
#6995 = LINE('',#6996,#6997);
#6996 = CARTESIAN_POINT('',(-2.,0.5,-2.2));
#6997 = VECTOR('',#6998,1.);
#6998 = DIRECTION('',(0.,0.,-1.));
#6999 = ORIENTED_EDGE('',*,*,#6978,.T.);
#7000 = ORIENTED_EDGE('',*,*,#7001,.F.);
#7001 = EDGE_CURVE('',#7002,#6970,#7004,.T.);
#7002 = VERTEX_POINT('',#7003);
#7003 = CARTESIAN_POINT('',(-2.,1.,-2.2));
#7004 = LINE('',#7005,#7006);
#7005 = CARTESIAN_POINT('',(-2.,1.,-2.2));
#7006 = VECTOR('',#7007,1.);
#7007 = DIRECTION('',(0.,0.,1.));
#7008 = ORIENTED_EDGE('',*,*,#7009,.F.);
#7009 = EDGE_CURVE('',#6993,#7002,#7010,.T.);
#7010 = LINE('',#7011,#7012);
#7011 = CARTESIAN_POINT('',(-2.,-6.220119046565,-2.2));
#7012 = VECTOR('',#7013,1.);
#7013 = DIRECTION('',(0.,1.,0.));
#7014 = PLANE('',#7015);
#7015 = AXIS2_PLACEMENT_3D('',#7016,#7017,#7018);
#7016 = CARTESIAN_POINT('',(-2.,-6.220119046565,-2.2));
#7017 = DIRECTION('',(-1.,0.,0.));
#7018 = DIRECTION('',(0.,0.,1.));
#7019 = ADVANCED_FACE('',(#7020),#7047,.T.);
#7020 = FACE_BOUND('',#7021,.T.);
#7021 = EDGE_LOOP('',(#7022,#7031,#7032,#7041));
#7022 = ORIENTED_EDGE('',*,*,#7023,.F.);
#7023 = EDGE_CURVE('',#6993,#7024,#7026,.T.);
#7024 = VERTEX_POINT('',#7025);
#7025 = CARTESIAN_POINT('',(-1.5,0.5,-2.7));
#7026 = CIRCLE('',#7027,0.5);
#7027 = AXIS2_PLACEMENT_3D('',#7028,#7029,#7030);
#7028 = CARTESIAN_POINT('',(-1.5,0.5,-2.2));
#7029 = DIRECTION('',(0.,-1.,0.));
#7030 = DIRECTION('',(0.,0.,1.));
#7031 = ORIENTED_EDGE('',*,*,#7009,.T.);
#7032 = ORIENTED_EDGE('',*,*,#7033,.F.);
#7033 = EDGE_CURVE('',#7034,#7002,#7036,.T.);
#7034 = VERTEX_POINT('',#7035);
#7035 = CARTESIAN_POINT('',(-1.5,1.,-2.7));
#7036 = CIRCLE('',#7037,0.5);
#7037 = AXIS2_PLACEMENT_3D('',#7038,#7039,#7040);
#7038 = CARTESIAN_POINT('',(-1.5,1.,-2.2));
#7039 = DIRECTION('',(0.,1.,0.));
#7040 = DIRECTION('',(0.,-0.,1.));
#7041 = ORIENTED_EDGE('',*,*,#7042,.F.);
#7042 = EDGE_CURVE('',#7024,#7034,#7043,.T.);
#7043 = LINE('',#7044,#7045);
#7044 = CARTESIAN_POINT('',(-1.5,-6.220119046565,-2.7));
#7045 = VECTOR('',#7046,1.);
#7046 = DIRECTION('',(0.,1.,0.));
#7047 = CYLINDRICAL_SURFACE('',#7048,0.5);
#7048 = AXIS2_PLACEMENT_3D('',#7049,#7050,#7051);
#7049 = CARTESIAN_POINT('',(-1.5,-6.220119046565,-2.2));
#7050 = DIRECTION('',(0.,1.,0.));
#7051 = DIRECTION('',(0.,-0.,1.));
#7052 = ADVANCED_FACE('',(#7053),#7078,.T.);
#7053 = FACE_BOUND('',#7054,.T.);
#7054 = EDGE_LOOP('',(#7055,#7063,#7064,#7072));
#7055 = ORIENTED_EDGE('',*,*,#7056,.F.);
#7056 = EDGE_CURVE('',#7024,#7057,#7059,.T.);
#7057 = VERTEX_POINT('',#7058);
#7058 = CARTESIAN_POINT('',(1.5,0.5,-2.7));
#7059 = LINE('',#7060,#7061);
#7060 = CARTESIAN_POINT('',(1.5,0.5,-2.7));
#7061 = VECTOR('',#7062,1.);
#7062 = DIRECTION('',(1.,-0.,0.));
#7063 = ORIENTED_EDGE('',*,*,#7042,.T.);
#7064 = ORIENTED_EDGE('',*,*,#7065,.F.);
#7065 = EDGE_CURVE('',#7066,#7034,#7068,.T.);
#7066 = VERTEX_POINT('',#7067);
#7067 = CARTESIAN_POINT('',(1.5,1.,-2.7));
#7068 = LINE('',#7069,#7070);
#7069 = CARTESIAN_POINT('',(1.5,1.,-2.7));
#7070 = VECTOR('',#7071,1.);
#7071 = DIRECTION('',(-1.,0.,0.));
#7072 = ORIENTED_EDGE('',*,*,#7073,.F.);
#7073 = EDGE_CURVE('',#7057,#7066,#7074,.T.);
#7074 = LINE('',#7075,#7076);
#7075 = CARTESIAN_POINT('',(1.5,-6.220119046565,-2.7));
#7076 = VECTOR('',#7077,1.);
#7077 = DIRECTION('',(0.,1.,0.));
#7078 = PLANE('',#7079);
#7079 = AXIS2_PLACEMENT_3D('',#7080,#7081,#7082);
#7080 = CARTESIAN_POINT('',(1.5,-6.220119046565,-2.7));
#7081 = DIRECTION('',(0.,0.,-1.));
#7082 = DIRECTION('',(-1.,0.,-0.));
#7083 = ADVANCED_FACE('',(#7084),#7111,.T.);
#7084 = FACE_BOUND('',#7085,.T.);
#7085 = EDGE_LOOP('',(#7086,#7095,#7096,#7105));
#7086 = ORIENTED_EDGE('',*,*,#7087,.F.);
#7087 = EDGE_CURVE('',#7057,#7088,#7090,.T.);
#7088 = VERTEX_POINT('',#7089);
#7089 = CARTESIAN_POINT('',(2.,0.5,-2.2));
#7090 = CIRCLE('',#7091,0.5);
#7091 = AXIS2_PLACEMENT_3D('',#7092,#7093,#7094);
#7092 = CARTESIAN_POINT('',(1.5,0.5,-2.2));
#7093 = DIRECTION('',(-0.,-1.,0.));
#7094 = DIRECTION('',(8.673617379884E-16,-0.,1.));
#7095 = ORIENTED_EDGE('',*,*,#7073,.T.);
#7096 = ORIENTED_EDGE('',*,*,#7097,.F.);
#7097 = EDGE_CURVE('',#7098,#7066,#7100,.T.);
#7098 = VERTEX_POINT('',#7099);
#7099 = CARTESIAN_POINT('',(2.,1.,-2.2));
#7100 = CIRCLE('',#7101,0.5);
#7101 = AXIS2_PLACEMENT_3D('',#7102,#7103,#7104);
#7102 = CARTESIAN_POINT('',(1.5,1.,-2.2));
#7103 = DIRECTION('',(0.,1.,0.));
#7104 = DIRECTION('',(0.,-0.,1.));
#7105 = ORIENTED_EDGE('',*,*,#7106,.F.);
#7106 = EDGE_CURVE('',#7088,#7098,#7107,.T.);
#7107 = LINE('',#7108,#7109);
#7108 = CARTESIAN_POINT('',(2.,-6.220119046565,-2.2));
#7109 = VECTOR('',#7110,1.);
#7110 = DIRECTION('',(0.,1.,0.));
#7111 = CYLINDRICAL_SURFACE('',#7112,0.5);
#7112 = AXIS2_PLACEMENT_3D('',#7113,#7114,#7115);
#7113 = CARTESIAN_POINT('',(1.5,-6.220119046565,-2.2));
#7114 = DIRECTION('',(0.,1.,0.));
#7115 = DIRECTION('',(0.,-0.,1.));
#7116 = ADVANCED_FACE('',(#7117),#7142,.T.);
#7117 = FACE_BOUND('',#7118,.T.);
#7118 = EDGE_LOOP('',(#7119,#7127,#7128,#7136));
#7119 = ORIENTED_EDGE('',*,*,#7120,.F.);
#7120 = EDGE_CURVE('',#7088,#7121,#7123,.T.);
#7121 = VERTEX_POINT('',#7122);
#7122 = CARTESIAN_POINT('',(2.,0.5,2.2));
#7123 = LINE('',#7124,#7125);
#7124 = CARTESIAN_POINT('',(2.,0.5,2.2));
#7125 = VECTOR('',#7126,1.);
#7126 = DIRECTION('',(-0.,0.,1.));
#7127 = ORIENTED_EDGE('',*,*,#7106,.T.);
#7128 = ORIENTED_EDGE('',*,*,#7129,.F.);
#7129 = EDGE_CURVE('',#7130,#7098,#7132,.T.);
#7130 = VERTEX_POINT('',#7131);
#7131 = CARTESIAN_POINT('',(2.,1.,2.2));
#7132 = LINE('',#7133,#7134);
#7133 = CARTESIAN_POINT('',(2.,1.,2.2));
#7134 = VECTOR('',#7135,1.);
#7135 = DIRECTION('',(0.,0.,-1.));
#7136 = ORIENTED_EDGE('',*,*,#7137,.F.);
#7137 = EDGE_CURVE('',#7121,#7130,#7138,.T.);
#7138 = LINE('',#7139,#7140);
#7139 = CARTESIAN_POINT('',(2.,-6.220119046565,2.2));
#7140 = VECTOR('',#7141,1.);
#7141 = DIRECTION('',(0.,1.,0.));
#7142 = PLANE('',#7143);
#7143 = AXIS2_PLACEMENT_3D('',#7144,#7145,#7146);
#7144 = CARTESIAN_POINT('',(2.,-6.220119046565,2.2));
#7145 = DIRECTION('',(1.,-0.,0.));
#7146 = DIRECTION('',(0.,0.,-1.));
#7147 = ADVANCED_FACE('',(#7148),#7175,.T.);
#7148 = FACE_BOUND('',#7149,.T.);
#7149 = EDGE_LOOP('',(#7150,#7159,#7160,#7169));
#7150 = ORIENTED_EDGE('',*,*,#7151,.F.);
#7151 = EDGE_CURVE('',#7121,#7152,#7154,.T.);
#7152 = VERTEX_POINT('',#7153);
#7153 = CARTESIAN_POINT('',(1.5,0.5,2.7));
#7154 = CIRCLE('',#7155,0.5);
#7155 = AXIS2_PLACEMENT_3D('',#7156,#7157,#7158);
#7156 = CARTESIAN_POINT('',(1.5,0.5,2.2));
#7157 = DIRECTION('',(-0.,-1.,0.));
#7158 = DIRECTION('',(2.125036258072E-14,-0.,1.));
#7159 = ORIENTED_EDGE('',*,*,#7137,.T.);
#7160 = ORIENTED_EDGE('',*,*,#7161,.F.);
#7161 = EDGE_CURVE('',#7162,#7130,#7164,.T.);
#7162 = VERTEX_POINT('',#7163);
#7163 = CARTESIAN_POINT('',(1.5,1.,2.7));
#7164 = CIRCLE('',#7165,0.5);
#7165 = AXIS2_PLACEMENT_3D('',#7166,#7167,#7168);
#7166 = CARTESIAN_POINT('',(1.5,1.,2.2));
#7167 = DIRECTION('',(0.,1.,0.));
#7168 = DIRECTION('',(0.,-0.,1.));
#7169 = ORIENTED_EDGE('',*,*,#7170,.F.);
#7170 = EDGE_CURVE('',#7152,#7162,#7171,.T.);
#7171 = LINE('',#7172,#7173);
#7172 = CARTESIAN_POINT('',(1.5,-6.220119046565,2.7));
#7173 = VECTOR('',#7174,1.);
#7174 = DIRECTION('',(0.,1.,0.));
#7175 = CYLINDRICAL_SURFACE('',#7176,0.5);
#7176 = AXIS2_PLACEMENT_3D('',#7177,#7178,#7179);
#7177 = CARTESIAN_POINT('',(1.5,-6.220119046565,2.2));
#7178 = DIRECTION('',(0.,1.,0.));
#7179 = DIRECTION('',(0.,-0.,1.));
#7180 = ADVANCED_FACE('',(#7181),#7197,.T.);
#7181 = FACE_BOUND('',#7182,.T.);
#7182 = EDGE_LOOP('',(#7183,#7189,#7190,#7196));
#7183 = ORIENTED_EDGE('',*,*,#7184,.F.);
#7184 = EDGE_CURVE('',#7152,#6951,#7185,.T.);
#7185 = LINE('',#7186,#7187);
#7186 = CARTESIAN_POINT('',(-1.5,0.5,2.7));
#7187 = VECTOR('',#7188,1.);
#7188 = DIRECTION('',(-1.,0.,0.));
#7189 = ORIENTED_EDGE('',*,*,#7170,.T.);
#7190 = ORIENTED_EDGE('',*,*,#7191,.F.);
#7191 = EDGE_CURVE('',#6962,#7162,#7192,.T.);
#7192 = LINE('',#7193,#7194);
#7193 = CARTESIAN_POINT('',(-1.5,1.,2.7));
#7194 = VECTOR('',#7195,1.);
#7195 = DIRECTION('',(1.,0.,0.));
#7196 = ORIENTED_EDGE('',*,*,#6961,.F.);
#7197 = PLANE('',#7198);
#7198 = AXIS2_PLACEMENT_3D('',#7199,#7200,#7201);
#7199 = CARTESIAN_POINT('',(-1.5,-6.220119046565,2.7));
#7200 = DIRECTION('',(0.,0.,1.));
#7201 = DIRECTION('',(1.,0.,-0.));
#7202 = ADVANCED_FACE('',(#7203),#7213,.T.);
#7203 = FACE_BOUND('',#7204,.T.);
#7204 = EDGE_LOOP('',(#7205,#7206,#7207,#7208,#7209,#7210,#7211,#7212));
#7205 = ORIENTED_EDGE('',*,*,#6969,.T.);
#7206 = ORIENTED_EDGE('',*,*,#7191,.T.);
#7207 = ORIENTED_EDGE('',*,*,#7161,.T.);
#7208 = ORIENTED_EDGE('',*,*,#7129,.T.);
#7209 = ORIENTED_EDGE('',*,*,#7097,.T.);
#7210 = ORIENTED_EDGE('',*,*,#7065,.T.);
#7211 = ORIENTED_EDGE('',*,*,#7033,.T.);
#7212 = ORIENTED_EDGE('',*,*,#7001,.T.);
#7213 = PLANE('',#7214);
#7214 = AXIS2_PLACEMENT_3D('',#7215,#7216,#7217);
#7215 = CARTESIAN_POINT('',(-1.5,1.,2.2));
#7216 = DIRECTION('',(0.,1.,0.));
#7217 = DIRECTION('',(0.,-0.,1.));
#7218 = ADVANCED_FACE('',(#7219),#7229,.F.);
#7219 = FACE_BOUND('',#7220,.T.);
#7220 = EDGE_LOOP('',(#7221,#7222,#7223,#7224,#7225,#7226,#7227,#7228));
#7221 = ORIENTED_EDGE('',*,*,#6950,.T.);
#7222 = ORIENTED_EDGE('',*,*,#6992,.T.);
#7223 = ORIENTED_EDGE('',*,*,#7023,.T.);
#7224 = ORIENTED_EDGE('',*,*,#7056,.T.);
#7225 = ORIENTED_EDGE('',*,*,#7087,.T.);
#7226 = ORIENTED_EDGE('',*,*,#7120,.T.);
#7227 = ORIENTED_EDGE('',*,*,#7151,.T.);
#7228 = ORIENTED_EDGE('',*,*,#7184,.T.);
#7229 = PLANE('',#7230);
#7230 = AXIS2_PLACEMENT_3D('',#7231,#7232,#7233);
#7231 = CARTESIAN_POINT('',(1.5,0.5,-2.2));
#7232 = DIRECTION('',(0.,1.,0.));
#7233 = DIRECTION('',(0.,-0.,1.));
#7234 = MANIFOLD_SOLID_BREP('',#7235);
#7235 = CLOSED_SHELL('',(#7236,#7276,#7307,#7340,#7371,#7404,#7435,#7466
    ,#7497,#7530,#7561,#7594,#7616,#7636));
#7236 = ADVANCED_FACE('',(#7237),#7271,.F.);
#7237 = FACE_BOUND('',#7238,.T.);
#7238 = EDGE_LOOP('',(#7239,#7249,#7257,#7265));
#7239 = ORIENTED_EDGE('',*,*,#7240,.T.);
#7240 = EDGE_CURVE('',#7241,#7243,#7245,.T.);
#7241 = VERTEX_POINT('',#7242);
#7242 = CARTESIAN_POINT('',(1.07,-0.25,2.982518297014));
#7243 = VERTEX_POINT('',#7244);
#7244 = CARTESIAN_POINT('',(1.07,0.,3.));
#7245 = LINE('',#7246,#7247);
#7246 = CARTESIAN_POINT('',(1.07,-0.25,2.982518297014));
#7247 = VECTOR('',#7248,1.);
#7248 = DIRECTION('',(0.,0.99756405026,6.975647374413E-02));
#7249 = ORIENTED_EDGE('',*,*,#7250,.F.);
#7250 = EDGE_CURVE('',#7251,#7243,#7253,.T.);
#7251 = VERTEX_POINT('',#7252);
#7252 = CARTESIAN_POINT('',(1.47,0.,3.));
#7253 = LINE('',#7254,#7255);
#7254 = CARTESIAN_POINT('',(1.47,0.,3.));
#7255 = VECTOR('',#7256,1.);
#7256 = DIRECTION('',(-1.,-0.,-0.));
#7257 = ORIENTED_EDGE('',*,*,#7258,.F.);
#7258 = EDGE_CURVE('',#7259,#7251,#7261,.T.);
#7259 = VERTEX_POINT('',#7260);
#7260 = CARTESIAN_POINT('',(1.47,-0.25,2.982518297014));
#7261 = LINE('',#7262,#7263);
#7262 = CARTESIAN_POINT('',(1.47,-0.25,2.982518297014));
#7263 = VECTOR('',#7264,1.);
#7264 = DIRECTION('',(0.,0.99756405026,6.975647374413E-02));
#7265 = ORIENTED_EDGE('',*,*,#7266,.T.);
#7266 = EDGE_CURVE('',#7259,#7241,#7267,.T.);
#7267 = LINE('',#7268,#7269);
#7268 = CARTESIAN_POINT('',(1.47,-0.25,2.982518297014));
#7269 = VECTOR('',#7270,1.);
#7270 = DIRECTION('',(-1.,-0.,-0.));
#7271 = PLANE('',#7272);
#7272 = AXIS2_PLACEMENT_3D('',#7273,#7274,#7275);
#7273 = CARTESIAN_POINT('',(1.47,-0.25,2.982518297014));
#7274 = DIRECTION('',(0.,-6.975647374413E-02,0.99756405026));
#7275 = DIRECTION('',(0.,-0.99756405026,-6.975647374413E-02));
#7276 = ADVANCED_FACE('',(#7277),#7302,.F.);
#7277 = FACE_BOUND('',#7278,.T.);
#7278 = EDGE_LOOP('',(#7279,#7287,#7295,#7301));
#7279 = ORIENTED_EDGE('',*,*,#7280,.T.);
#7280 = EDGE_CURVE('',#7243,#7281,#7283,.T.);
#7281 = VERTEX_POINT('',#7282);
#7282 = CARTESIAN_POINT('',(1.07,-5.421010862428E-17,3.601676395599));
#7283 = LINE('',#7284,#7285);
#7284 = CARTESIAN_POINT('',(1.07,0.,3.));
#7285 = VECTOR('',#7286,1.);
#7286 = DIRECTION('',(0.,-9.009844664147E-17,1.));
#7287 = ORIENTED_EDGE('',*,*,#7288,.F.);
#7288 = EDGE_CURVE('',#7289,#7281,#7291,.T.);
#7289 = VERTEX_POINT('',#7290);
#7290 = CARTESIAN_POINT('',(1.47,-5.421010862428E-17,3.601676395599));
#7291 = LINE('',#7292,#7293);
#7292 = CARTESIAN_POINT('',(1.47,-5.421010862428E-17,3.601676395599));
#7293 = VECTOR('',#7294,1.);
#7294 = DIRECTION('',(-1.,-0.,-0.));
#7295 = ORIENTED_EDGE('',*,*,#7296,.F.);
#7296 = EDGE_CURVE('',#7251,#7289,#7297,.T.);
#7297 = LINE('',#7298,#7299);
#7298 = CARTESIAN_POINT('',(1.47,0.,3.));
#7299 = VECTOR('',#7300,1.);
#7300 = DIRECTION('',(0.,-9.009844664147E-17,1.));
#7301 = ORIENTED_EDGE('',*,*,#7250,.T.);
#7302 = PLANE('',#7303);
#7303 = AXIS2_PLACEMENT_3D('',#7304,#7305,#7306);
#7304 = CARTESIAN_POINT('',(1.47,0.,3.));
#7305 = DIRECTION('',(0.,-1.,-9.009844664147E-17));
#7306 = DIRECTION('',(0.,9.009844664147E-17,-1.));
#7307 = ADVANCED_FACE('',(#7308),#7335,.T.);
#7308 = FACE_BOUND('',#7309,.T.);
#7309 = EDGE_LOOP('',(#7310,#7319,#7327,#7334));
#7310 = ORIENTED_EDGE('',*,*,#7311,.T.);
#7311 = EDGE_CURVE('',#7281,#7312,#7314,.T.);
#7312 = VERTEX_POINT('',#7313);
#7313 = CARTESIAN_POINT('',(1.07,-0.279073057877,3.900945610677));
#7314 = CIRCLE('',#7315,0.3);
#7315 = AXIS2_PLACEMENT_3D('',#7316,#7317,#7318);
#7316 = CARTESIAN_POINT('',(1.07,-0.3,3.601676395599));
#7317 = DIRECTION('',(1.,0.,0.));
#7318 = DIRECTION('',(0.,0.,-1.));
#7319 = ORIENTED_EDGE('',*,*,#7320,.F.);
#7320 = EDGE_CURVE('',#7321,#7312,#7323,.T.);
#7321 = VERTEX_POINT('',#7322);
#7322 = CARTESIAN_POINT('',(1.47,-0.279073057877,3.900945610677));
#7323 = LINE('',#7324,#7325);
#7324 = CARTESIAN_POINT('',(1.47,-0.279073057877,3.900945610677));
#7325 = VECTOR('',#7326,1.);
#7326 = DIRECTION('',(-1.,-0.,-0.));
#7327 = ORIENTED_EDGE('',*,*,#7328,.F.);
#7328 = EDGE_CURVE('',#7289,#7321,#7329,.T.);
#7329 = CIRCLE('',#7330,0.3);
#7330 = AXIS2_PLACEMENT_3D('',#7331,#7332,#7333);
#7331 = CARTESIAN_POINT('',(1.47,-0.3,3.601676395599));
#7332 = DIRECTION('',(1.,0.,0.));
#7333 = DIRECTION('',(0.,0.,-1.));
#7334 = ORIENTED_EDGE('',*,*,#7288,.T.);
#7335 = CYLINDRICAL_SURFACE('',#7336,0.3);
#7336 = AXIS2_PLACEMENT_3D('',#7337,#7338,#7339);
#7337 = CARTESIAN_POINT('',(1.47,-0.3,3.601676395599));
#7338 = DIRECTION('',(-1.,-0.,-0.));
#7339 = DIRECTION('',(-0.,0.,1.));
#7340 = ADVANCED_FACE('',(#7341),#7366,.F.);
#7341 = FACE_BOUND('',#7342,.T.);
#7342 = EDGE_LOOP('',(#7343,#7351,#7359,#7365));
#7343 = ORIENTED_EDGE('',*,*,#7344,.T.);
#7344 = EDGE_CURVE('',#7312,#7345,#7347,.T.);
#7345 = VERTEX_POINT('',#7346);
#7346 = CARTESIAN_POINT('',(1.07,-0.738098203554,3.933043775716));
#7347 = LINE('',#7348,#7349);
#7348 = CARTESIAN_POINT('',(1.07,-0.279073057877,3.900945610677));
#7349 = VECTOR('',#7350,1.);
#7350 = DIRECTION('',(0.,-0.99756405026,6.975647374412E-02));
#7351 = ORIENTED_EDGE('',*,*,#7352,.F.);
#7352 = EDGE_CURVE('',#7353,#7345,#7355,.T.);
#7353 = VERTEX_POINT('',#7354);
#7354 = CARTESIAN_POINT('',(1.47,-0.738098203554,3.933043775716));
#7355 = LINE('',#7356,#7357);
#7356 = CARTESIAN_POINT('',(1.47,-0.738098203554,3.933043775716));
#7357 = VECTOR('',#7358,1.);
#7358 = DIRECTION('',(-1.,-0.,-0.));
#7359 = ORIENTED_EDGE('',*,*,#7360,.F.);
#7360 = EDGE_CURVE('',#7321,#7353,#7361,.T.);
#7361 = LINE('',#7362,#7363);
#7362 = CARTESIAN_POINT('',(1.47,-0.279073057877,3.900945610677));
#7363 = VECTOR('',#7364,1.);
#7364 = DIRECTION('',(0.,-0.99756405026,6.975647374412E-02));
#7365 = ORIENTED_EDGE('',*,*,#7320,.T.);
#7366 = PLANE('',#7367);
#7367 = AXIS2_PLACEMENT_3D('',#7368,#7369,#7370);
#7368 = CARTESIAN_POINT('',(1.47,-0.279073057877,3.900945610677));
#7369 = DIRECTION('',(0.,-6.975647374412E-02,-0.99756405026));
#7370 = DIRECTION('',(0.,0.99756405026,-6.975647374412E-02));
#7371 = ADVANCED_FACE('',(#7372),#7399,.F.);
#7372 = FACE_BOUND('',#7373,.F.);
#7373 = EDGE_LOOP('',(#7374,#7375,#7384,#7392));
#7374 = ORIENTED_EDGE('',*,*,#7352,.F.);
#7375 = ORIENTED_EDGE('',*,*,#7376,.T.);
#7376 = EDGE_CURVE('',#7353,#7377,#7379,.T.);
#7377 = VERTEX_POINT('',#7378);
#7378 = CARTESIAN_POINT('',(1.47,-0.784488582379,3.979434154541));
#7379 = CIRCLE('',#7380,5.E-02);
#7380 = AXIS2_PLACEMENT_3D('',#7381,#7382,#7383);
#7381 = CARTESIAN_POINT('',(1.47,-0.734610379866,3.982921978229));
#7382 = DIRECTION('',(-1.,-0.,0.));
#7383 = DIRECTION('',(0.,0.,1.));
#7384 = ORIENTED_EDGE('',*,*,#7385,.T.);
#7385 = EDGE_CURVE('',#7377,#7386,#7388,.T.);
#7386 = VERTEX_POINT('',#7387);
#7387 = CARTESIAN_POINT('',(1.07,-0.784488582379,3.979434154541));
#7388 = LINE('',#7389,#7390);
#7389 = CARTESIAN_POINT('',(1.47,-0.784488582379,3.979434154541));
#7390 = VECTOR('',#7391,1.);
#7391 = DIRECTION('',(-1.,-0.,-0.));
#7392 = ORIENTED_EDGE('',*,*,#7393,.F.);
#7393 = EDGE_CURVE('',#7345,#7386,#7394,.T.);
#7394 = CIRCLE('',#7395,5.E-02);
#7395 = AXIS2_PLACEMENT_3D('',#7396,#7397,#7398);
#7396 = CARTESIAN_POINT('',(1.07,-0.734610379866,3.982921978229));
#7397 = DIRECTION('',(-1.,-0.,0.));
#7398 = DIRECTION('',(0.,0.,1.));
#7399 = CYLINDRICAL_SURFACE('',#7400,5.E-02);
#7400 = AXIS2_PLACEMENT_3D('',#7401,#7402,#7403);
#7401 = CARTESIAN_POINT('',(1.47,-0.734610379866,3.982921978229));
#7402 = DIRECTION('',(-1.,-0.,-0.));
#7403 = DIRECTION('',(-0.,0.,1.));
#7404 = ADVANCED_FACE('',(#7405),#7430,.F.);
#7405 = FACE_BOUND('',#7406,.T.);
#7406 = EDGE_LOOP('',(#7407,#7415,#7423,#7429));
#7407 = ORIENTED_EDGE('',*,*,#7408,.T.);
#7408 = EDGE_CURVE('',#7386,#7409,#7411,.T.);
#7409 = VERTEX_POINT('',#7410);
#7410 = CARTESIAN_POINT('',(1.07,-0.850608987435,4.925));
#7411 = LINE('',#7412,#7413);
#7412 = CARTESIAN_POINT('',(1.07,-0.784488582379,3.979434154541));
#7413 = VECTOR('',#7414,1.);
#7414 = DIRECTION('',(0.,-6.975647374412E-02,0.99756405026));
#7415 = ORIENTED_EDGE('',*,*,#7416,.F.);
#7416 = EDGE_CURVE('',#7417,#7409,#7419,.T.);
#7417 = VERTEX_POINT('',#7418);
#7418 = CARTESIAN_POINT('',(1.47,-0.850608987435,4.925));
#7419 = LINE('',#7420,#7421);
#7420 = CARTESIAN_POINT('',(1.47,-0.850608987435,4.925));
#7421 = VECTOR('',#7422,1.);
#7422 = DIRECTION('',(-1.,-0.,-0.));
#7423 = ORIENTED_EDGE('',*,*,#7424,.F.);
#7424 = EDGE_CURVE('',#7377,#7417,#7425,.T.);
#7425 = LINE('',#7426,#7427);
#7426 = CARTESIAN_POINT('',(1.47,-0.784488582379,3.979434154541));
#7427 = VECTOR('',#7428,1.);
#7428 = DIRECTION('',(0.,-6.975647374412E-02,0.99756405026));
#7429 = ORIENTED_EDGE('',*,*,#7385,.T.);
#7430 = PLANE('',#7431);
#7431 = AXIS2_PLACEMENT_3D('',#7432,#7433,#7434);
#7432 = CARTESIAN_POINT('',(1.47,-0.784488582379,3.979434154541));
#7433 = DIRECTION('',(0.,-0.99756405026,-6.975647374412E-02));
#7434 = DIRECTION('',(0.,6.975647374412E-02,-0.99756405026));
#7435 = ADVANCED_FACE('',(#7436),#7461,.F.);
#7436 = FACE_BOUND('',#7437,.T.);
#7437 = EDGE_LOOP('',(#7438,#7446,#7454,#7460));
#7438 = ORIENTED_EDGE('',*,*,#7439,.T.);
#7439 = EDGE_CURVE('',#7409,#7440,#7442,.T.);
#7440 = VERTEX_POINT('',#7441);
#7441 = CARTESIAN_POINT('',(1.07,-1.1,4.907560881564));
#7442 = LINE('',#7443,#7444);
#7443 = CARTESIAN_POINT('',(1.07,-0.850608987435,4.925));
#7444 = VECTOR('',#7445,1.);
#7445 = DIRECTION('',(0.,-0.99756405026,-6.975647374412E-02));
#7446 = ORIENTED_EDGE('',*,*,#7447,.F.);
#7447 = EDGE_CURVE('',#7448,#7440,#7450,.T.);
#7448 = VERTEX_POINT('',#7449);
#7449 = CARTESIAN_POINT('',(1.47,-1.1,4.907560881564));
#7450 = LINE('',#7451,#7452);
#7451 = CARTESIAN_POINT('',(1.47,-1.1,4.907560881564));
#7452 = VECTOR('',#7453,1.);
#7453 = DIRECTION('',(-1.,-0.,-0.));
#7454 = ORIENTED_EDGE('',*,*,#7455,.F.);
#7455 = EDGE_CURVE('',#7417,#7448,#7456,.T.);
#7456 = LINE('',#7457,#7458);
#7457 = CARTESIAN_POINT('',(1.47,-0.850608987435,4.925));
#7458 = VECTOR('',#7459,1.);
#7459 = DIRECTION('',(0.,-0.99756405026,-6.975647374412E-02));
#7460 = ORIENTED_EDGE('',*,*,#7416,.T.);
#7461 = PLANE('',#7462);
#7462 = AXIS2_PLACEMENT_3D('',#7463,#7464,#7465);
#7463 = CARTESIAN_POINT('',(1.47,-0.850608987435,4.925));
#7464 = DIRECTION('',(0.,6.975647374412E-02,-0.99756405026));
#7465 = DIRECTION('',(0.,0.99756405026,6.975647374412E-02));
#7466 = ADVANCED_FACE('',(#7467),#7492,.F.);
#7467 = FACE_BOUND('',#7468,.T.);
#7468 = EDGE_LOOP('',(#7469,#7477,#7485,#7491));
#7469 = ORIENTED_EDGE('',*,*,#7470,.T.);
#7470 = EDGE_CURVE('',#7440,#7471,#7473,.T.);
#7471 = VERTEX_POINT('',#7472);
#7472 = CARTESIAN_POINT('',(1.07,-1.033879594944,3.961995036105));
#7473 = LINE('',#7474,#7475);
#7474 = CARTESIAN_POINT('',(1.07,-1.1,4.907560881564));
#7475 = VECTOR('',#7476,1.);
#7476 = DIRECTION('',(0.,6.975647374413E-02,-0.99756405026));
#7477 = ORIENTED_EDGE('',*,*,#7478,.F.);
#7478 = EDGE_CURVE('',#7479,#7471,#7481,.T.);
#7479 = VERTEX_POINT('',#7480);
#7480 = CARTESIAN_POINT('',(1.47,-1.033879594944,3.961995036105));
#7481 = LINE('',#7482,#7483);
#7482 = CARTESIAN_POINT('',(1.47,-1.033879594944,3.961995036105));
#7483 = VECTOR('',#7484,1.);
#7484 = DIRECTION('',(-1.,-0.,-0.));
#7485 = ORIENTED_EDGE('',*,*,#7486,.F.);
#7486 = EDGE_CURVE('',#7448,#7479,#7487,.T.);
#7487 = LINE('',#7488,#7489);
#7488 = CARTESIAN_POINT('',(1.47,-1.1,4.907560881564));
#7489 = VECTOR('',#7490,1.);
#7490 = DIRECTION('',(0.,6.975647374413E-02,-0.99756405026));
#7491 = ORIENTED_EDGE('',*,*,#7447,.T.);
#7492 = PLANE('',#7493);
#7493 = AXIS2_PLACEMENT_3D('',#7494,#7495,#7496);
#7494 = CARTESIAN_POINT('',(1.47,-1.1,4.907560881564));
#7495 = DIRECTION('',(-0.,0.99756405026,6.975647374413E-02));
#7496 = DIRECTION('',(0.,-6.975647374413E-02,0.99756405026));
#7497 = ADVANCED_FACE('',(#7498),#7525,.T.);
#7498 = FACE_BOUND('',#7499,.T.);
#7499 = EDGE_LOOP('',(#7500,#7509,#7517,#7524));
#7500 = ORIENTED_EDGE('',*,*,#7501,.T.);
#7501 = EDGE_CURVE('',#7471,#7502,#7504,.T.);
#7502 = VERTEX_POINT('',#7503);
#7503 = CARTESIAN_POINT('',(1.07,-0.75553732199,3.683652763151));
#7504 = CIRCLE('',#7505,0.3);
#7505 = AXIS2_PLACEMENT_3D('',#7506,#7507,#7508);
#7506 = CARTESIAN_POINT('',(1.07,-0.734610379866,3.982921978229));
#7507 = DIRECTION('',(1.,0.,0.));
#7508 = DIRECTION('',(0.,0.,-1.));
#7509 = ORIENTED_EDGE('',*,*,#7510,.F.);
#7510 = EDGE_CURVE('',#7511,#7502,#7513,.T.);
#7511 = VERTEX_POINT('',#7512);
#7512 = CARTESIAN_POINT('',(1.47,-0.75553732199,3.683652763151));
#7513 = LINE('',#7514,#7515);
#7514 = CARTESIAN_POINT('',(1.47,-0.75553732199,3.683652763151));
#7515 = VECTOR('',#7516,1.);
#7516 = DIRECTION('',(-1.,-0.,-0.));
#7517 = ORIENTED_EDGE('',*,*,#7518,.F.);
#7518 = EDGE_CURVE('',#7479,#7511,#7519,.T.);
#7519 = CIRCLE('',#7520,0.3);
#7520 = AXIS2_PLACEMENT_3D('',#7521,#7522,#7523);
#7521 = CARTESIAN_POINT('',(1.47,-0.734610379866,3.982921978229));
#7522 = DIRECTION('',(1.,0.,0.));
#7523 = DIRECTION('',(0.,0.,-1.));
#7524 = ORIENTED_EDGE('',*,*,#7478,.T.);
#7525 = CYLINDRICAL_SURFACE('',#7526,0.3);
#7526 = AXIS2_PLACEMENT_3D('',#7527,#7528,#7529);
#7527 = CARTESIAN_POINT('',(1.47,-0.734610379866,3.982921978229));
#7528 = DIRECTION('',(-1.,-0.,-0.));
#7529 = DIRECTION('',(-0.,0.,1.));
#7530 = ADVANCED_FACE('',(#7531),#7556,.F.);
#7531 = FACE_BOUND('',#7532,.T.);
#7532 = EDGE_LOOP('',(#7533,#7541,#7549,#7555));
#7533 = ORIENTED_EDGE('',*,*,#7534,.T.);
#7534 = EDGE_CURVE('',#7502,#7535,#7537,.T.);
#7535 = VERTEX_POINT('',#7536);
#7536 = CARTESIAN_POINT('',(1.07,-0.296512176313,3.651554598112));
#7537 = LINE('',#7538,#7539);
#7538 = CARTESIAN_POINT('',(1.07,-0.75553732199,3.683652763151));
#7539 = VECTOR('',#7540,1.);
#7540 = DIRECTION('',(0.,0.99756405026,-6.975647374413E-02));
#7541 = ORIENTED_EDGE('',*,*,#7542,.F.);
#7542 = EDGE_CURVE('',#7543,#7535,#7545,.T.);
#7543 = VERTEX_POINT('',#7544);
#7544 = CARTESIAN_POINT('',(1.47,-0.296512176313,3.651554598112));
#7545 = LINE('',#7546,#7547);
#7546 = CARTESIAN_POINT('',(1.47,-0.296512176313,3.651554598112));
#7547 = VECTOR('',#7548,1.);
#7548 = DIRECTION('',(-1.,-0.,-0.));
#7549 = ORIENTED_EDGE('',*,*,#7550,.F.);
#7550 = EDGE_CURVE('',#7511,#7543,#7551,.T.);
#7551 = LINE('',#7552,#7553);
#7552 = CARTESIAN_POINT('',(1.47,-0.75553732199,3.683652763151));
#7553 = VECTOR('',#7554,1.);
#7554 = DIRECTION('',(0.,0.99756405026,-6.975647374413E-02));
#7555 = ORIENTED_EDGE('',*,*,#7510,.T.);
#7556 = PLANE('',#7557);
#7557 = AXIS2_PLACEMENT_3D('',#7558,#7559,#7560);
#7558 = CARTESIAN_POINT('',(1.47,-0.75553732199,3.683652763151));
#7559 = DIRECTION('',(-0.,6.975647374413E-02,0.99756405026));
#7560 = DIRECTION('',(0.,-0.99756405026,6.975647374413E-02));
#7561 = ADVANCED_FACE('',(#7562),#7589,.F.);
#7562 = FACE_BOUND('',#7563,.F.);
#7563 = EDGE_LOOP('',(#7564,#7565,#7574,#7582));
#7564 = ORIENTED_EDGE('',*,*,#7542,.F.);
#7565 = ORIENTED_EDGE('',*,*,#7566,.T.);
#7566 = EDGE_CURVE('',#7543,#7567,#7569,.T.);
#7567 = VERTEX_POINT('',#7568);
#7568 = CARTESIAN_POINT('',(1.47,-0.25,3.601676395599));
#7569 = CIRCLE('',#7570,5.E-02);
#7570 = AXIS2_PLACEMENT_3D('',#7571,#7572,#7573);
#7571 = CARTESIAN_POINT('',(1.47,-0.3,3.601676395599));
#7572 = DIRECTION('',(-1.,-0.,0.));
#7573 = DIRECTION('',(0.,0.,1.));
#7574 = ORIENTED_EDGE('',*,*,#7575,.T.);
#7575 = EDGE_CURVE('',#7567,#7576,#7578,.T.);
#7576 = VERTEX_POINT('',#7577);
#7577 = CARTESIAN_POINT('',(1.07,-0.25,3.601676395599));
#7578 = LINE('',#7579,#7580);
#7579 = CARTESIAN_POINT('',(1.47,-0.25,3.601676395599));
#7580 = VECTOR('',#7581,1.);
#7581 = DIRECTION('',(-1.,-0.,-0.));
#7582 = ORIENTED_EDGE('',*,*,#7583,.F.);
#7583 = EDGE_CURVE('',#7535,#7576,#7584,.T.);
#7584 = CIRCLE('',#7585,5.E-02);
#7585 = AXIS2_PLACEMENT_3D('',#7586,#7587,#7588);
#7586 = CARTESIAN_POINT('',(1.07,-0.3,3.601676395599));
#7587 = DIRECTION('',(-1.,-0.,0.));
#7588 = DIRECTION('',(0.,0.,1.));
#7589 = CYLINDRICAL_SURFACE('',#7590,5.E-02);
#7590 = AXIS2_PLACEMENT_3D('',#7591,#7592,#7593);
#7591 = CARTESIAN_POINT('',(1.47,-0.3,3.601676395599));
#7592 = DIRECTION('',(-1.,-0.,-0.));
#7593 = DIRECTION('',(-0.,0.,1.));
#7594 = ADVANCED_FACE('',(#7595),#7611,.F.);
#7595 = FACE_BOUND('',#7596,.T.);
#7596 = EDGE_LOOP('',(#7597,#7603,#7604,#7610));
#7597 = ORIENTED_EDGE('',*,*,#7598,.T.);
#7598 = EDGE_CURVE('',#7576,#7241,#7599,.T.);
#7599 = LINE('',#7600,#7601);
#7600 = CARTESIAN_POINT('',(1.07,-0.25,3.601676395599));
#7601 = VECTOR('',#7602,1.);
#7602 = DIRECTION('',(0.,0.,-1.));
#7603 = ORIENTED_EDGE('',*,*,#7266,.F.);
#7604 = ORIENTED_EDGE('',*,*,#7605,.F.);
#7605 = EDGE_CURVE('',#7567,#7259,#7606,.T.);
#7606 = LINE('',#7607,#7608);
#7607 = CARTESIAN_POINT('',(1.47,-0.25,3.601676395599));
#7608 = VECTOR('',#7609,1.);
#7609 = DIRECTION('',(0.,0.,-1.));
#7610 = ORIENTED_EDGE('',*,*,#7575,.T.);
#7611 = PLANE('',#7612);
#7612 = AXIS2_PLACEMENT_3D('',#7613,#7614,#7615);
#7613 = CARTESIAN_POINT('',(1.47,-0.25,3.601676395599));
#7614 = DIRECTION('',(-0.,1.,0.));
#7615 = DIRECTION('',(0.,0.,1.));
#7616 = ADVANCED_FACE('',(#7617),#7631,.T.);
#7617 = FACE_BOUND('',#7618,.T.);
#7618 = EDGE_LOOP('',(#7619,#7620,#7621,#7622,#7623,#7624,#7625,#7626,
    #7627,#7628,#7629,#7630));
#7619 = ORIENTED_EDGE('',*,*,#7258,.T.);
#7620 = ORIENTED_EDGE('',*,*,#7296,.T.);
#7621 = ORIENTED_EDGE('',*,*,#7328,.T.);
#7622 = ORIENTED_EDGE('',*,*,#7360,.T.);
#7623 = ORIENTED_EDGE('',*,*,#7376,.T.);
#7624 = ORIENTED_EDGE('',*,*,#7424,.T.);
#7625 = ORIENTED_EDGE('',*,*,#7455,.T.);
#7626 = ORIENTED_EDGE('',*,*,#7486,.T.);
#7627 = ORIENTED_EDGE('',*,*,#7518,.T.);
#7628 = ORIENTED_EDGE('',*,*,#7550,.T.);
#7629 = ORIENTED_EDGE('',*,*,#7566,.T.);
#7630 = ORIENTED_EDGE('',*,*,#7605,.T.);
#7631 = PLANE('',#7632);
#7632 = AXIS2_PLACEMENT_3D('',#7633,#7634,#7635);
#7633 = CARTESIAN_POINT('',(1.47,-0.3,3.601676395599));
#7634 = DIRECTION('',(1.,0.,0.));
#7635 = DIRECTION('',(0.,0.,-1.));
#7636 = ADVANCED_FACE('',(#7637),#7651,.F.);
#7637 = FACE_BOUND('',#7638,.T.);
#7638 = EDGE_LOOP('',(#7639,#7640,#7641,#7642,#7643,#7644,#7645,#7646,
    #7647,#7648,#7649,#7650));
#7639 = ORIENTED_EDGE('',*,*,#7240,.F.);
#7640 = ORIENTED_EDGE('',*,*,#7598,.F.);
#7641 = ORIENTED_EDGE('',*,*,#7583,.F.);
#7642 = ORIENTED_EDGE('',*,*,#7534,.F.);
#7643 = ORIENTED_EDGE('',*,*,#7501,.F.);
#7644 = ORIENTED_EDGE('',*,*,#7470,.F.);
#7645 = ORIENTED_EDGE('',*,*,#7439,.F.);
#7646 = ORIENTED_EDGE('',*,*,#7408,.F.);
#7647 = ORIENTED_EDGE('',*,*,#7393,.F.);
#7648 = ORIENTED_EDGE('',*,*,#7344,.F.);
#7649 = ORIENTED_EDGE('',*,*,#7311,.F.);
#7650 = ORIENTED_EDGE('',*,*,#7280,.F.);
#7651 = PLANE('',#7652);
#7652 = AXIS2_PLACEMENT_3D('',#7653,#7654,#7655);
#7653 = CARTESIAN_POINT('',(1.07,-0.3,3.601676395599));
#7654 = DIRECTION('',(1.,0.,0.));
#7655 = DIRECTION('',(0.,0.,-1.));
#7656 = MANIFOLD_SOLID_BREP('',#7657);
#7657 = CLOSED_SHELL('',(#7658,#7698,#7729,#7762,#7793,#7826,#7857,#7888
    ,#7919,#7952,#7983,#8016,#8038,#8058));
#7658 = ADVANCED_FACE('',(#7659),#7693,.F.);
#7659 = FACE_BOUND('',#7660,.T.);
#7660 = EDGE_LOOP('',(#7661,#7671,#7679,#7687));
#7661 = ORIENTED_EDGE('',*,*,#7662,.T.);
#7662 = EDGE_CURVE('',#7663,#7665,#7667,.T.);
#7663 = VERTEX_POINT('',#7664);
#7664 = CARTESIAN_POINT('',(-0.2,-0.25,2.982518297014));
#7665 = VERTEX_POINT('',#7666);
#7666 = CARTESIAN_POINT('',(-0.2,0.,3.));
#7667 = LINE('',#7668,#7669);
#7668 = CARTESIAN_POINT('',(-0.2,-0.25,2.982518297014));
#7669 = VECTOR('',#7670,1.);
#7670 = DIRECTION('',(0.,0.99756405026,6.975647374413E-02));
#7671 = ORIENTED_EDGE('',*,*,#7672,.F.);
#7672 = EDGE_CURVE('',#7673,#7665,#7675,.T.);
#7673 = VERTEX_POINT('',#7674);
#7674 = CARTESIAN_POINT('',(0.2,0.,3.));
#7675 = LINE('',#7676,#7677);
#7676 = CARTESIAN_POINT('',(0.2,0.,3.));
#7677 = VECTOR('',#7678,1.);
#7678 = DIRECTION('',(-1.,-0.,-0.));
#7679 = ORIENTED_EDGE('',*,*,#7680,.F.);
#7680 = EDGE_CURVE('',#7681,#7673,#7683,.T.);
#7681 = VERTEX_POINT('',#7682);
#7682 = CARTESIAN_POINT('',(0.2,-0.25,2.982518297014));
#7683 = LINE('',#7684,#7685);
#7684 = CARTESIAN_POINT('',(0.2,-0.25,2.982518297014));
#7685 = VECTOR('',#7686,1.);
#7686 = DIRECTION('',(0.,0.99756405026,6.975647374413E-02));
#7687 = ORIENTED_EDGE('',*,*,#7688,.T.);
#7688 = EDGE_CURVE('',#7681,#7663,#7689,.T.);
#7689 = LINE('',#7690,#7691);
#7690 = CARTESIAN_POINT('',(0.2,-0.25,2.982518297014));
#7691 = VECTOR('',#7692,1.);
#7692 = DIRECTION('',(-1.,-0.,-0.));
#7693 = PLANE('',#7694);
#7694 = AXIS2_PLACEMENT_3D('',#7695,#7696,#7697);
#7695 = CARTESIAN_POINT('',(0.2,-0.25,2.982518297014));
#7696 = DIRECTION('',(0.,-6.975647374413E-02,0.99756405026));
#7697 = DIRECTION('',(0.,-0.99756405026,-6.975647374413E-02));
#7698 = ADVANCED_FACE('',(#7699),#7724,.F.);
#7699 = FACE_BOUND('',#7700,.T.);
#7700 = EDGE_LOOP('',(#7701,#7709,#7717,#7723));
#7701 = ORIENTED_EDGE('',*,*,#7702,.T.);
#7702 = EDGE_CURVE('',#7665,#7703,#7705,.T.);
#7703 = VERTEX_POINT('',#7704);
#7704 = CARTESIAN_POINT('',(-0.2,-5.421010862428E-17,3.601676395599));
#7705 = LINE('',#7706,#7707);
#7706 = CARTESIAN_POINT('',(-0.2,0.,3.));
#7707 = VECTOR('',#7708,1.);
#7708 = DIRECTION('',(0.,-9.009844664147E-17,1.));
#7709 = ORIENTED_EDGE('',*,*,#7710,.F.);
#7710 = EDGE_CURVE('',#7711,#7703,#7713,.T.);
#7711 = VERTEX_POINT('',#7712);
#7712 = CARTESIAN_POINT('',(0.2,-5.421010862428E-17,3.601676395599));
#7713 = LINE('',#7714,#7715);
#7714 = CARTESIAN_POINT('',(0.2,-5.421010862428E-17,3.601676395599));
#7715 = VECTOR('',#7716,1.);
#7716 = DIRECTION('',(-1.,-0.,-0.));
#7717 = ORIENTED_EDGE('',*,*,#7718,.F.);
#7718 = EDGE_CURVE('',#7673,#7711,#7719,.T.);
#7719 = LINE('',#7720,#7721);
#7720 = CARTESIAN_POINT('',(0.2,0.,3.));
#7721 = VECTOR('',#7722,1.);
#7722 = DIRECTION('',(0.,-9.009844664147E-17,1.));
#7723 = ORIENTED_EDGE('',*,*,#7672,.T.);
#7724 = PLANE('',#7725);
#7725 = AXIS2_PLACEMENT_3D('',#7726,#7727,#7728);
#7726 = CARTESIAN_POINT('',(0.2,0.,3.));
#7727 = DIRECTION('',(0.,-1.,-9.009844664147E-17));
#7728 = DIRECTION('',(0.,9.009844664147E-17,-1.));
#7729 = ADVANCED_FACE('',(#7730),#7757,.T.);
#7730 = FACE_BOUND('',#7731,.T.);
#7731 = EDGE_LOOP('',(#7732,#7741,#7749,#7756));
#7732 = ORIENTED_EDGE('',*,*,#7733,.T.);
#7733 = EDGE_CURVE('',#7703,#7734,#7736,.T.);
#7734 = VERTEX_POINT('',#7735);
#7735 = CARTESIAN_POINT('',(-0.2,-0.279073057877,3.900945610677));
#7736 = CIRCLE('',#7737,0.3);
#7737 = AXIS2_PLACEMENT_3D('',#7738,#7739,#7740);
#7738 = CARTESIAN_POINT('',(-0.2,-0.3,3.601676395599));
#7739 = DIRECTION('',(1.,0.,0.));
#7740 = DIRECTION('',(0.,0.,-1.));
#7741 = ORIENTED_EDGE('',*,*,#7742,.F.);
#7742 = EDGE_CURVE('',#7743,#7734,#7745,.T.);
#7743 = VERTEX_POINT('',#7744);
#7744 = CARTESIAN_POINT('',(0.2,-0.279073057877,3.900945610677));
#7745 = LINE('',#7746,#7747);
#7746 = CARTESIAN_POINT('',(0.2,-0.279073057877,3.900945610677));
#7747 = VECTOR('',#7748,1.);
#7748 = DIRECTION('',(-1.,-0.,-0.));
#7749 = ORIENTED_EDGE('',*,*,#7750,.F.);
#7750 = EDGE_CURVE('',#7711,#7743,#7751,.T.);
#7751 = CIRCLE('',#7752,0.3);
#7752 = AXIS2_PLACEMENT_3D('',#7753,#7754,#7755);
#7753 = CARTESIAN_POINT('',(0.2,-0.3,3.601676395599));
#7754 = DIRECTION('',(1.,0.,0.));
#7755 = DIRECTION('',(0.,0.,-1.));
#7756 = ORIENTED_EDGE('',*,*,#7710,.T.);
#7757 = CYLINDRICAL_SURFACE('',#7758,0.3);
#7758 = AXIS2_PLACEMENT_3D('',#7759,#7760,#7761);
#7759 = CARTESIAN_POINT('',(0.2,-0.3,3.601676395599));
#7760 = DIRECTION('',(-1.,-0.,-0.));
#7761 = DIRECTION('',(-0.,0.,1.));
#7762 = ADVANCED_FACE('',(#7763),#7788,.F.);
#7763 = FACE_BOUND('',#7764,.T.);
#7764 = EDGE_LOOP('',(#7765,#7773,#7781,#7787));
#7765 = ORIENTED_EDGE('',*,*,#7766,.T.);
#7766 = EDGE_CURVE('',#7734,#7767,#7769,.T.);
#7767 = VERTEX_POINT('',#7768);
#7768 = CARTESIAN_POINT('',(-0.2,-0.738098203554,3.933043775716));
#7769 = LINE('',#7770,#7771);
#7770 = CARTESIAN_POINT('',(-0.2,-0.279073057877,3.900945610677));
#7771 = VECTOR('',#7772,1.);
#7772 = DIRECTION('',(0.,-0.99756405026,6.975647374412E-02));
#7773 = ORIENTED_EDGE('',*,*,#7774,.F.);
#7774 = EDGE_CURVE('',#7775,#7767,#7777,.T.);
#7775 = VERTEX_POINT('',#7776);
#7776 = CARTESIAN_POINT('',(0.2,-0.738098203554,3.933043775716));
#7777 = LINE('',#7778,#7779);
#7778 = CARTESIAN_POINT('',(0.2,-0.738098203554,3.933043775716));
#7779 = VECTOR('',#7780,1.);
#7780 = DIRECTION('',(-1.,-0.,-0.));
#7781 = ORIENTED_EDGE('',*,*,#7782,.F.);
#7782 = EDGE_CURVE('',#7743,#7775,#7783,.T.);
#7783 = LINE('',#7784,#7785);
#7784 = CARTESIAN_POINT('',(0.2,-0.279073057877,3.900945610677));
#7785 = VECTOR('',#7786,1.);
#7786 = DIRECTION('',(0.,-0.99756405026,6.975647374412E-02));
#7787 = ORIENTED_EDGE('',*,*,#7742,.T.);
#7788 = PLANE('',#7789);
#7789 = AXIS2_PLACEMENT_3D('',#7790,#7791,#7792);
#7790 = CARTESIAN_POINT('',(0.2,-0.279073057877,3.900945610677));
#7791 = DIRECTION('',(0.,-6.975647374412E-02,-0.99756405026));
#7792 = DIRECTION('',(0.,0.99756405026,-6.975647374412E-02));
#7793 = ADVANCED_FACE('',(#7794),#7821,.F.);
#7794 = FACE_BOUND('',#7795,.F.);
#7795 = EDGE_LOOP('',(#7796,#7797,#7806,#7814));
#7796 = ORIENTED_EDGE('',*,*,#7774,.F.);
#7797 = ORIENTED_EDGE('',*,*,#7798,.T.);
#7798 = EDGE_CURVE('',#7775,#7799,#7801,.T.);
#7799 = VERTEX_POINT('',#7800);
#7800 = CARTESIAN_POINT('',(0.2,-0.784488582379,3.979434154541));
#7801 = CIRCLE('',#7802,5.E-02);
#7802 = AXIS2_PLACEMENT_3D('',#7803,#7804,#7805);
#7803 = CARTESIAN_POINT('',(0.2,-0.734610379866,3.982921978229));
#7804 = DIRECTION('',(-1.,-0.,0.));
#7805 = DIRECTION('',(0.,0.,1.));
#7806 = ORIENTED_EDGE('',*,*,#7807,.T.);
#7807 = EDGE_CURVE('',#7799,#7808,#7810,.T.);
#7808 = VERTEX_POINT('',#7809);
#7809 = CARTESIAN_POINT('',(-0.2,-0.784488582379,3.979434154541));
#7810 = LINE('',#7811,#7812);
#7811 = CARTESIAN_POINT('',(0.2,-0.784488582379,3.979434154541));
#7812 = VECTOR('',#7813,1.);
#7813 = DIRECTION('',(-1.,-0.,-0.));
#7814 = ORIENTED_EDGE('',*,*,#7815,.F.);
#7815 = EDGE_CURVE('',#7767,#7808,#7816,.T.);
#7816 = CIRCLE('',#7817,5.E-02);
#7817 = AXIS2_PLACEMENT_3D('',#7818,#7819,#7820);
#7818 = CARTESIAN_POINT('',(-0.2,-0.734610379866,3.982921978229));
#7819 = DIRECTION('',(-1.,-0.,0.));
#7820 = DIRECTION('',(0.,0.,1.));
#7821 = CYLINDRICAL_SURFACE('',#7822,5.E-02);
#7822 = AXIS2_PLACEMENT_3D('',#7823,#7824,#7825);
#7823 = CARTESIAN_POINT('',(0.2,-0.734610379866,3.982921978229));
#7824 = DIRECTION('',(-1.,-0.,-0.));
#7825 = DIRECTION('',(-0.,0.,1.));
#7826 = ADVANCED_FACE('',(#7827),#7852,.F.);
#7827 = FACE_BOUND('',#7828,.T.);
#7828 = EDGE_LOOP('',(#7829,#7837,#7845,#7851));
#7829 = ORIENTED_EDGE('',*,*,#7830,.T.);
#7830 = EDGE_CURVE('',#7808,#7831,#7833,.T.);
#7831 = VERTEX_POINT('',#7832);
#7832 = CARTESIAN_POINT('',(-0.2,-0.850608987435,4.925));
#7833 = LINE('',#7834,#7835);
#7834 = CARTESIAN_POINT('',(-0.2,-0.784488582379,3.979434154541));
#7835 = VECTOR('',#7836,1.);
#7836 = DIRECTION('',(0.,-6.975647374412E-02,0.99756405026));
#7837 = ORIENTED_EDGE('',*,*,#7838,.F.);
#7838 = EDGE_CURVE('',#7839,#7831,#7841,.T.);
#7839 = VERTEX_POINT('',#7840);
#7840 = CARTESIAN_POINT('',(0.2,-0.850608987435,4.925));
#7841 = LINE('',#7842,#7843);
#7842 = CARTESIAN_POINT('',(0.2,-0.850608987435,4.925));
#7843 = VECTOR('',#7844,1.);
#7844 = DIRECTION('',(-1.,-0.,-0.));
#7845 = ORIENTED_EDGE('',*,*,#7846,.F.);
#7846 = EDGE_CURVE('',#7799,#7839,#7847,.T.);
#7847 = LINE('',#7848,#7849);
#7848 = CARTESIAN_POINT('',(0.2,-0.784488582379,3.979434154541));
#7849 = VECTOR('',#7850,1.);
#7850 = DIRECTION('',(0.,-6.975647374412E-02,0.99756405026));
#7851 = ORIENTED_EDGE('',*,*,#7807,.T.);
#7852 = PLANE('',#7853);
#7853 = AXIS2_PLACEMENT_3D('',#7854,#7855,#7856);
#7854 = CARTESIAN_POINT('',(0.2,-0.784488582379,3.979434154541));
#7855 = DIRECTION('',(0.,-0.99756405026,-6.975647374412E-02));
#7856 = DIRECTION('',(0.,6.975647374412E-02,-0.99756405026));
#7857 = ADVANCED_FACE('',(#7858),#7883,.F.);
#7858 = FACE_BOUND('',#7859,.T.);
#7859 = EDGE_LOOP('',(#7860,#7868,#7876,#7882));
#7860 = ORIENTED_EDGE('',*,*,#7861,.T.);
#7861 = EDGE_CURVE('',#7831,#7862,#7864,.T.);
#7862 = VERTEX_POINT('',#7863);
#7863 = CARTESIAN_POINT('',(-0.2,-1.1,4.907560881564));
#7864 = LINE('',#7865,#7866);
#7865 = CARTESIAN_POINT('',(-0.2,-0.850608987435,4.925));
#7866 = VECTOR('',#7867,1.);
#7867 = DIRECTION('',(0.,-0.99756405026,-6.975647374412E-02));
#7868 = ORIENTED_EDGE('',*,*,#7869,.F.);
#7869 = EDGE_CURVE('',#7870,#7862,#7872,.T.);
#7870 = VERTEX_POINT('',#7871);
#7871 = CARTESIAN_POINT('',(0.2,-1.1,4.907560881564));
#7872 = LINE('',#7873,#7874);
#7873 = CARTESIAN_POINT('',(0.2,-1.1,4.907560881564));
#7874 = VECTOR('',#7875,1.);
#7875 = DIRECTION('',(-1.,-0.,-0.));
#7876 = ORIENTED_EDGE('',*,*,#7877,.F.);
#7877 = EDGE_CURVE('',#7839,#7870,#7878,.T.);
#7878 = LINE('',#7879,#7880);
#7879 = CARTESIAN_POINT('',(0.2,-0.850608987435,4.925));
#7880 = VECTOR('',#7881,1.);
#7881 = DIRECTION('',(0.,-0.99756405026,-6.975647374412E-02));
#7882 = ORIENTED_EDGE('',*,*,#7838,.T.);
#7883 = PLANE('',#7884);
#7884 = AXIS2_PLACEMENT_3D('',#7885,#7886,#7887);
#7885 = CARTESIAN_POINT('',(0.2,-0.850608987435,4.925));
#7886 = DIRECTION('',(0.,6.975647374412E-02,-0.99756405026));
#7887 = DIRECTION('',(0.,0.99756405026,6.975647374412E-02));
#7888 = ADVANCED_FACE('',(#7889),#7914,.F.);
#7889 = FACE_BOUND('',#7890,.T.);
#7890 = EDGE_LOOP('',(#7891,#7899,#7907,#7913));
#7891 = ORIENTED_EDGE('',*,*,#7892,.T.);
#7892 = EDGE_CURVE('',#7862,#7893,#7895,.T.);
#7893 = VERTEX_POINT('',#7894);
#7894 = CARTESIAN_POINT('',(-0.2,-1.033879594944,3.961995036105));
#7895 = LINE('',#7896,#7897);
#7896 = CARTESIAN_POINT('',(-0.2,-1.1,4.907560881564));
#7897 = VECTOR('',#7898,1.);
#7898 = DIRECTION('',(0.,6.975647374413E-02,-0.99756405026));
#7899 = ORIENTED_EDGE('',*,*,#7900,.F.);
#7900 = EDGE_CURVE('',#7901,#7893,#7903,.T.);
#7901 = VERTEX_POINT('',#7902);
#7902 = CARTESIAN_POINT('',(0.2,-1.033879594944,3.961995036105));
#7903 = LINE('',#7904,#7905);
#7904 = CARTESIAN_POINT('',(0.2,-1.033879594944,3.961995036105));
#7905 = VECTOR('',#7906,1.);
#7906 = DIRECTION('',(-1.,-0.,-0.));
#7907 = ORIENTED_EDGE('',*,*,#7908,.F.);
#7908 = EDGE_CURVE('',#7870,#7901,#7909,.T.);
#7909 = LINE('',#7910,#7911);
#7910 = CARTESIAN_POINT('',(0.2,-1.1,4.907560881564));
#7911 = VECTOR('',#7912,1.);
#7912 = DIRECTION('',(0.,6.975647374413E-02,-0.99756405026));
#7913 = ORIENTED_EDGE('',*,*,#7869,.T.);
#7914 = PLANE('',#7915);
#7915 = AXIS2_PLACEMENT_3D('',#7916,#7917,#7918);
#7916 = CARTESIAN_POINT('',(0.2,-1.1,4.907560881564));
#7917 = DIRECTION('',(-0.,0.99756405026,6.975647374413E-02));
#7918 = DIRECTION('',(0.,-6.975647374413E-02,0.99756405026));
#7919 = ADVANCED_FACE('',(#7920),#7947,.T.);
#7920 = FACE_BOUND('',#7921,.T.);
#7921 = EDGE_LOOP('',(#7922,#7931,#7939,#7946));
#7922 = ORIENTED_EDGE('',*,*,#7923,.T.);
#7923 = EDGE_CURVE('',#7893,#7924,#7926,.T.);
#7924 = VERTEX_POINT('',#7925);
#7925 = CARTESIAN_POINT('',(-0.2,-0.75553732199,3.683652763151));
#7926 = CIRCLE('',#7927,0.3);
#7927 = AXIS2_PLACEMENT_3D('',#7928,#7929,#7930);
#7928 = CARTESIAN_POINT('',(-0.2,-0.734610379866,3.982921978229));
#7929 = DIRECTION('',(1.,0.,0.));
#7930 = DIRECTION('',(0.,0.,-1.));
#7931 = ORIENTED_EDGE('',*,*,#7932,.F.);
#7932 = EDGE_CURVE('',#7933,#7924,#7935,.T.);
#7933 = VERTEX_POINT('',#7934);
#7934 = CARTESIAN_POINT('',(0.2,-0.75553732199,3.683652763151));
#7935 = LINE('',#7936,#7937);
#7936 = CARTESIAN_POINT('',(0.2,-0.75553732199,3.683652763151));
#7937 = VECTOR('',#7938,1.);
#7938 = DIRECTION('',(-1.,-0.,-0.));
#7939 = ORIENTED_EDGE('',*,*,#7940,.F.);
#7940 = EDGE_CURVE('',#7901,#7933,#7941,.T.);
#7941 = CIRCLE('',#7942,0.3);
#7942 = AXIS2_PLACEMENT_3D('',#7943,#7944,#7945);
#7943 = CARTESIAN_POINT('',(0.2,-0.734610379866,3.982921978229));
#7944 = DIRECTION('',(1.,0.,0.));
#7945 = DIRECTION('',(0.,0.,-1.));
#7946 = ORIENTED_EDGE('',*,*,#7900,.T.);
#7947 = CYLINDRICAL_SURFACE('',#7948,0.3);
#7948 = AXIS2_PLACEMENT_3D('',#7949,#7950,#7951);
#7949 = CARTESIAN_POINT('',(0.2,-0.734610379866,3.982921978229));
#7950 = DIRECTION('',(-1.,-0.,-0.));
#7951 = DIRECTION('',(-0.,0.,1.));
#7952 = ADVANCED_FACE('',(#7953),#7978,.F.);
#7953 = FACE_BOUND('',#7954,.T.);
#7954 = EDGE_LOOP('',(#7955,#7963,#7971,#7977));
#7955 = ORIENTED_EDGE('',*,*,#7956,.T.);
#7956 = EDGE_CURVE('',#7924,#7957,#7959,.T.);
#7957 = VERTEX_POINT('',#7958);
#7958 = CARTESIAN_POINT('',(-0.2,-0.296512176313,3.651554598112));
#7959 = LINE('',#7960,#7961);
#7960 = CARTESIAN_POINT('',(-0.2,-0.75553732199,3.683652763151));
#7961 = VECTOR('',#7962,1.);
#7962 = DIRECTION('',(0.,0.99756405026,-6.975647374413E-02));
#7963 = ORIENTED_EDGE('',*,*,#7964,.F.);
#7964 = EDGE_CURVE('',#7965,#7957,#7967,.T.);
#7965 = VERTEX_POINT('',#7966);
#7966 = CARTESIAN_POINT('',(0.2,-0.296512176313,3.651554598112));
#7967 = LINE('',#7968,#7969);
#7968 = CARTESIAN_POINT('',(0.2,-0.296512176313,3.651554598112));
#7969 = VECTOR('',#7970,1.);
#7970 = DIRECTION('',(-1.,-0.,-0.));
#7971 = ORIENTED_EDGE('',*,*,#7972,.F.);
#7972 = EDGE_CURVE('',#7933,#7965,#7973,.T.);
#7973 = LINE('',#7974,#7975);
#7974 = CARTESIAN_POINT('',(0.2,-0.75553732199,3.683652763151));
#7975 = VECTOR('',#7976,1.);
#7976 = DIRECTION('',(0.,0.99756405026,-6.975647374413E-02));
#7977 = ORIENTED_EDGE('',*,*,#7932,.T.);
#7978 = PLANE('',#7979);
#7979 = AXIS2_PLACEMENT_3D('',#7980,#7981,#7982);
#7980 = CARTESIAN_POINT('',(0.2,-0.75553732199,3.683652763151));
#7981 = DIRECTION('',(-0.,6.975647374413E-02,0.99756405026));
#7982 = DIRECTION('',(0.,-0.99756405026,6.975647374413E-02));
#7983 = ADVANCED_FACE('',(#7984),#8011,.F.);
#7984 = FACE_BOUND('',#7985,.F.);
#7985 = EDGE_LOOP('',(#7986,#7987,#7996,#8004));
#7986 = ORIENTED_EDGE('',*,*,#7964,.F.);
#7987 = ORIENTED_EDGE('',*,*,#7988,.T.);
#7988 = EDGE_CURVE('',#7965,#7989,#7991,.T.);
#7989 = VERTEX_POINT('',#7990);
#7990 = CARTESIAN_POINT('',(0.2,-0.25,3.601676395599));
#7991 = CIRCLE('',#7992,5.E-02);
#7992 = AXIS2_PLACEMENT_3D('',#7993,#7994,#7995);
#7993 = CARTESIAN_POINT('',(0.2,-0.3,3.601676395599));
#7994 = DIRECTION('',(-1.,-0.,0.));
#7995 = DIRECTION('',(0.,0.,1.));
#7996 = ORIENTED_EDGE('',*,*,#7997,.T.);
#7997 = EDGE_CURVE('',#7989,#7998,#8000,.T.);
#7998 = VERTEX_POINT('',#7999);
#7999 = CARTESIAN_POINT('',(-0.2,-0.25,3.601676395599));
#8000 = LINE('',#8001,#8002);
#8001 = CARTESIAN_POINT('',(0.2,-0.25,3.601676395599));
#8002 = VECTOR('',#8003,1.);
#8003 = DIRECTION('',(-1.,-0.,-0.));
#8004 = ORIENTED_EDGE('',*,*,#8005,.F.);
#8005 = EDGE_CURVE('',#7957,#7998,#8006,.T.);
#8006 = CIRCLE('',#8007,5.E-02);
#8007 = AXIS2_PLACEMENT_3D('',#8008,#8009,#8010);
#8008 = CARTESIAN_POINT('',(-0.2,-0.3,3.601676395599));
#8009 = DIRECTION('',(-1.,-0.,0.));
#8010 = DIRECTION('',(0.,0.,1.));
#8011 = CYLINDRICAL_SURFACE('',#8012,5.E-02);
#8012 = AXIS2_PLACEMENT_3D('',#8013,#8014,#8015);
#8013 = CARTESIAN_POINT('',(0.2,-0.3,3.601676395599));
#8014 = DIRECTION('',(-1.,-0.,-0.));
#8015 = DIRECTION('',(-0.,0.,1.));
#8016 = ADVANCED_FACE('',(#8017),#8033,.F.);
#8017 = FACE_BOUND('',#8018,.T.);
#8018 = EDGE_LOOP('',(#8019,#8025,#8026,#8032));
#8019 = ORIENTED_EDGE('',*,*,#8020,.T.);
#8020 = EDGE_CURVE('',#7998,#7663,#8021,.T.);
#8021 = LINE('',#8022,#8023);
#8022 = CARTESIAN_POINT('',(-0.2,-0.25,3.601676395599));
#8023 = VECTOR('',#8024,1.);
#8024 = DIRECTION('',(0.,0.,-1.));
#8025 = ORIENTED_EDGE('',*,*,#7688,.F.);
#8026 = ORIENTED_EDGE('',*,*,#8027,.F.);
#8027 = EDGE_CURVE('',#7989,#7681,#8028,.T.);
#8028 = LINE('',#8029,#8030);
#8029 = CARTESIAN_POINT('',(0.2,-0.25,3.601676395599));
#8030 = VECTOR('',#8031,1.);
#8031 = DIRECTION('',(0.,0.,-1.));
#8032 = ORIENTED_EDGE('',*,*,#7997,.T.);
#8033 = PLANE('',#8034);
#8034 = AXIS2_PLACEMENT_3D('',#8035,#8036,#8037);
#8035 = CARTESIAN_POINT('',(0.2,-0.25,3.601676395599));
#8036 = DIRECTION('',(-0.,1.,0.));
#8037 = DIRECTION('',(0.,0.,1.));
#8038 = ADVANCED_FACE('',(#8039),#8053,.T.);
#8039 = FACE_BOUND('',#8040,.T.);
#8040 = EDGE_LOOP('',(#8041,#8042,#8043,#8044,#8045,#8046,#8047,#8048,
    #8049,#8050,#8051,#8052));
#8041 = ORIENTED_EDGE('',*,*,#7680,.T.);
#8042 = ORIENTED_EDGE('',*,*,#7718,.T.);
#8043 = ORIENTED_EDGE('',*,*,#7750,.T.);
#8044 = ORIENTED_EDGE('',*,*,#7782,.T.);
#8045 = ORIENTED_EDGE('',*,*,#7798,.T.);
#8046 = ORIENTED_EDGE('',*,*,#7846,.T.);
#8047 = ORIENTED_EDGE('',*,*,#7877,.T.);
#8048 = ORIENTED_EDGE('',*,*,#7908,.T.);
#8049 = ORIENTED_EDGE('',*,*,#7940,.T.);
#8050 = ORIENTED_EDGE('',*,*,#7972,.T.);
#8051 = ORIENTED_EDGE('',*,*,#7988,.T.);
#8052 = ORIENTED_EDGE('',*,*,#8027,.T.);
#8053 = PLANE('',#8054);
#8054 = AXIS2_PLACEMENT_3D('',#8055,#8056,#8057);
#8055 = CARTESIAN_POINT('',(0.2,-0.3,3.601676395599));
#8056 = DIRECTION('',(1.,0.,0.));
#8057 = DIRECTION('',(0.,0.,-1.));
#8058 = ADVANCED_FACE('',(#8059),#8073,.F.);
#8059 = FACE_BOUND('',#8060,.T.);
#8060 = EDGE_LOOP('',(#8061,#8062,#8063,#8064,#8065,#8066,#8067,#8068,
    #8069,#8070,#8071,#8072));
#8061 = ORIENTED_EDGE('',*,*,#7662,.F.);
#8062 = ORIENTED_EDGE('',*,*,#8020,.F.);
#8063 = ORIENTED_EDGE('',*,*,#8005,.F.);
#8064 = ORIENTED_EDGE('',*,*,#7956,.F.);
#8065 = ORIENTED_EDGE('',*,*,#7923,.F.);
#8066 = ORIENTED_EDGE('',*,*,#7892,.F.);
#8067 = ORIENTED_EDGE('',*,*,#7861,.F.);
#8068 = ORIENTED_EDGE('',*,*,#7830,.F.);
#8069 = ORIENTED_EDGE('',*,*,#7815,.F.);
#8070 = ORIENTED_EDGE('',*,*,#7766,.F.);
#8071 = ORIENTED_EDGE('',*,*,#7733,.F.);
#8072 = ORIENTED_EDGE('',*,*,#7702,.F.);
#8073 = PLANE('',#8074);
#8074 = AXIS2_PLACEMENT_3D('',#8075,#8076,#8077);
#8075 = CARTESIAN_POINT('',(-0.2,-0.3,3.601676395599));
#8076 = DIRECTION('',(1.,0.,0.));
#8077 = DIRECTION('',(0.,0.,-1.));
#8078 = MANIFOLD_SOLID_BREP('',#8079);
#8079 = CLOSED_SHELL('',(#8080,#8120,#8151,#8184,#8215,#8248,#8279,#8310
    ,#8341,#8374,#8405,#8438,#8460,#8480));
#8080 = ADVANCED_FACE('',(#8081),#8115,.F.);
#8081 = FACE_BOUND('',#8082,.T.);
#8082 = EDGE_LOOP('',(#8083,#8093,#8101,#8109));
#8083 = ORIENTED_EDGE('',*,*,#8084,.T.);
#8084 = EDGE_CURVE('',#8085,#8087,#8089,.T.);
#8085 = VERTEX_POINT('',#8086);
#8086 = CARTESIAN_POINT('',(-1.47,-0.25,2.982518297014));
#8087 = VERTEX_POINT('',#8088);
#8088 = CARTESIAN_POINT('',(-1.47,0.,3.));
#8089 = LINE('',#8090,#8091);
#8090 = CARTESIAN_POINT('',(-1.47,-0.25,2.982518297014));
#8091 = VECTOR('',#8092,1.);
#8092 = DIRECTION('',(0.,0.99756405026,6.975647374413E-02));
#8093 = ORIENTED_EDGE('',*,*,#8094,.F.);
#8094 = EDGE_CURVE('',#8095,#8087,#8097,.T.);
#8095 = VERTEX_POINT('',#8096);
#8096 = CARTESIAN_POINT('',(-1.07,0.,3.));
#8097 = LINE('',#8098,#8099);
#8098 = CARTESIAN_POINT('',(-1.07,0.,3.));
#8099 = VECTOR('',#8100,1.);
#8100 = DIRECTION('',(-1.,-0.,-0.));
#8101 = ORIENTED_EDGE('',*,*,#8102,.F.);
#8102 = EDGE_CURVE('',#8103,#8095,#8105,.T.);
#8103 = VERTEX_POINT('',#8104);
#8104 = CARTESIAN_POINT('',(-1.07,-0.25,2.982518297014));
#8105 = LINE('',#8106,#8107);
#8106 = CARTESIAN_POINT('',(-1.07,-0.25,2.982518297014));
#8107 = VECTOR('',#8108,1.);
#8108 = DIRECTION('',(0.,0.99756405026,6.975647374413E-02));
#8109 = ORIENTED_EDGE('',*,*,#8110,.T.);
#8110 = EDGE_CURVE('',#8103,#8085,#8111,.T.);
#8111 = LINE('',#8112,#8113);
#8112 = CARTESIAN_POINT('',(-1.07,-0.25,2.982518297014));
#8113 = VECTOR('',#8114,1.);
#8114 = DIRECTION('',(-1.,-0.,-0.));
#8115 = PLANE('',#8116);
#8116 = AXIS2_PLACEMENT_3D('',#8117,#8118,#8119);
#8117 = CARTESIAN_POINT('',(-1.07,-0.25,2.982518297014));
#8118 = DIRECTION('',(0.,-6.975647374413E-02,0.99756405026));
#8119 = DIRECTION('',(0.,-0.99756405026,-6.975647374413E-02));
#8120 = ADVANCED_FACE('',(#8121),#8146,.F.);
#8121 = FACE_BOUND('',#8122,.T.);
#8122 = EDGE_LOOP('',(#8123,#8131,#8139,#8145));
#8123 = ORIENTED_EDGE('',*,*,#8124,.T.);
#8124 = EDGE_CURVE('',#8087,#8125,#8127,.T.);
#8125 = VERTEX_POINT('',#8126);
#8126 = CARTESIAN_POINT('',(-1.47,-5.421010862428E-17,3.601676395599));
#8127 = LINE('',#8128,#8129);
#8128 = CARTESIAN_POINT('',(-1.47,0.,3.));
#8129 = VECTOR('',#8130,1.);
#8130 = DIRECTION('',(0.,-9.009844664147E-17,1.));
#8131 = ORIENTED_EDGE('',*,*,#8132,.F.);
#8132 = EDGE_CURVE('',#8133,#8125,#8135,.T.);
#8133 = VERTEX_POINT('',#8134);
#8134 = CARTESIAN_POINT('',(-1.07,-5.421010862428E-17,3.601676395599));
#8135 = LINE('',#8136,#8137);
#8136 = CARTESIAN_POINT('',(-1.07,-5.421010862428E-17,3.601676395599));
#8137 = VECTOR('',#8138,1.);
#8138 = DIRECTION('',(-1.,-0.,-0.));
#8139 = ORIENTED_EDGE('',*,*,#8140,.F.);
#8140 = EDGE_CURVE('',#8095,#8133,#8141,.T.);
#8141 = LINE('',#8142,#8143);
#8142 = CARTESIAN_POINT('',(-1.07,0.,3.));
#8143 = VECTOR('',#8144,1.);
#8144 = DIRECTION('',(0.,-9.009844664147E-17,1.));
#8145 = ORIENTED_EDGE('',*,*,#8094,.T.);
#8146 = PLANE('',#8147);
#8147 = AXIS2_PLACEMENT_3D('',#8148,#8149,#8150);
#8148 = CARTESIAN_POINT('',(-1.07,0.,3.));
#8149 = DIRECTION('',(0.,-1.,-9.009844664147E-17));
#8150 = DIRECTION('',(0.,9.009844664147E-17,-1.));
#8151 = ADVANCED_FACE('',(#8152),#8179,.T.);
#8152 = FACE_BOUND('',#8153,.T.);
#8153 = EDGE_LOOP('',(#8154,#8163,#8171,#8178));
#8154 = ORIENTED_EDGE('',*,*,#8155,.T.);
#8155 = EDGE_CURVE('',#8125,#8156,#8158,.T.);
#8156 = VERTEX_POINT('',#8157);
#8157 = CARTESIAN_POINT('',(-1.47,-0.279073057877,3.900945610677));
#8158 = CIRCLE('',#8159,0.3);
#8159 = AXIS2_PLACEMENT_3D('',#8160,#8161,#8162);
#8160 = CARTESIAN_POINT('',(-1.47,-0.3,3.601676395599));
#8161 = DIRECTION('',(1.,0.,0.));
#8162 = DIRECTION('',(0.,0.,-1.));
#8163 = ORIENTED_EDGE('',*,*,#8164,.F.);
#8164 = EDGE_CURVE('',#8165,#8156,#8167,.T.);
#8165 = VERTEX_POINT('',#8166);
#8166 = CARTESIAN_POINT('',(-1.07,-0.279073057877,3.900945610677));
#8167 = LINE('',#8168,#8169);
#8168 = CARTESIAN_POINT('',(-1.07,-0.279073057877,3.900945610677));
#8169 = VECTOR('',#8170,1.);
#8170 = DIRECTION('',(-1.,-0.,-0.));
#8171 = ORIENTED_EDGE('',*,*,#8172,.F.);
#8172 = EDGE_CURVE('',#8133,#8165,#8173,.T.);
#8173 = CIRCLE('',#8174,0.3);
#8174 = AXIS2_PLACEMENT_3D('',#8175,#8176,#8177);
#8175 = CARTESIAN_POINT('',(-1.07,-0.3,3.601676395599));
#8176 = DIRECTION('',(1.,0.,0.));
#8177 = DIRECTION('',(0.,0.,-1.));
#8178 = ORIENTED_EDGE('',*,*,#8132,.T.);
#8179 = CYLINDRICAL_SURFACE('',#8180,0.3);
#8180 = AXIS2_PLACEMENT_3D('',#8181,#8182,#8183);
#8181 = CARTESIAN_POINT('',(-1.07,-0.3,3.601676395599));
#8182 = DIRECTION('',(-1.,-0.,-0.));
#8183 = DIRECTION('',(-0.,0.,1.));
#8184 = ADVANCED_FACE('',(#8185),#8210,.F.);
#8185 = FACE_BOUND('',#8186,.T.);
#8186 = EDGE_LOOP('',(#8187,#8195,#8203,#8209));
#8187 = ORIENTED_EDGE('',*,*,#8188,.T.);
#8188 = EDGE_CURVE('',#8156,#8189,#8191,.T.);
#8189 = VERTEX_POINT('',#8190);
#8190 = CARTESIAN_POINT('',(-1.47,-0.738098203554,3.933043775716));
#8191 = LINE('',#8192,#8193);
#8192 = CARTESIAN_POINT('',(-1.47,-0.279073057877,3.900945610677));
#8193 = VECTOR('',#8194,1.);
#8194 = DIRECTION('',(0.,-0.99756405026,6.975647374412E-02));
#8195 = ORIENTED_EDGE('',*,*,#8196,.F.);
#8196 = EDGE_CURVE('',#8197,#8189,#8199,.T.);
#8197 = VERTEX_POINT('',#8198);
#8198 = CARTESIAN_POINT('',(-1.07,-0.738098203554,3.933043775716));
#8199 = LINE('',#8200,#8201);
#8200 = CARTESIAN_POINT('',(-1.07,-0.738098203554,3.933043775716));
#8201 = VECTOR('',#8202,1.);
#8202 = DIRECTION('',(-1.,-0.,-0.));
#8203 = ORIENTED_EDGE('',*,*,#8204,.F.);
#8204 = EDGE_CURVE('',#8165,#8197,#8205,.T.);
#8205 = LINE('',#8206,#8207);
#8206 = CARTESIAN_POINT('',(-1.07,-0.279073057877,3.900945610677));
#8207 = VECTOR('',#8208,1.);
#8208 = DIRECTION('',(0.,-0.99756405026,6.975647374412E-02));
#8209 = ORIENTED_EDGE('',*,*,#8164,.T.);
#8210 = PLANE('',#8211);
#8211 = AXIS2_PLACEMENT_3D('',#8212,#8213,#8214);
#8212 = CARTESIAN_POINT('',(-1.07,-0.279073057877,3.900945610677));
#8213 = DIRECTION('',(0.,-6.975647374412E-02,-0.99756405026));
#8214 = DIRECTION('',(0.,0.99756405026,-6.975647374412E-02));
#8215 = ADVANCED_FACE('',(#8216),#8243,.F.);
#8216 = FACE_BOUND('',#8217,.F.);
#8217 = EDGE_LOOP('',(#8218,#8219,#8228,#8236));
#8218 = ORIENTED_EDGE('',*,*,#8196,.F.);
#8219 = ORIENTED_EDGE('',*,*,#8220,.T.);
#8220 = EDGE_CURVE('',#8197,#8221,#8223,.T.);
#8221 = VERTEX_POINT('',#8222);
#8222 = CARTESIAN_POINT('',(-1.07,-0.784488582379,3.979434154541));
#8223 = CIRCLE('',#8224,5.E-02);
#8224 = AXIS2_PLACEMENT_3D('',#8225,#8226,#8227);
#8225 = CARTESIAN_POINT('',(-1.07,-0.734610379866,3.982921978229));
#8226 = DIRECTION('',(-1.,-0.,0.));
#8227 = DIRECTION('',(0.,0.,1.));
#8228 = ORIENTED_EDGE('',*,*,#8229,.T.);
#8229 = EDGE_CURVE('',#8221,#8230,#8232,.T.);
#8230 = VERTEX_POINT('',#8231);
#8231 = CARTESIAN_POINT('',(-1.47,-0.784488582379,3.979434154541));
#8232 = LINE('',#8233,#8234);
#8233 = CARTESIAN_POINT('',(-1.07,-0.784488582379,3.979434154541));
#8234 = VECTOR('',#8235,1.);
#8235 = DIRECTION('',(-1.,-0.,-0.));
#8236 = ORIENTED_EDGE('',*,*,#8237,.F.);
#8237 = EDGE_CURVE('',#8189,#8230,#8238,.T.);
#8238 = CIRCLE('',#8239,5.E-02);
#8239 = AXIS2_PLACEMENT_3D('',#8240,#8241,#8242);
#8240 = CARTESIAN_POINT('',(-1.47,-0.734610379866,3.982921978229));
#8241 = DIRECTION('',(-1.,-0.,0.));
#8242 = DIRECTION('',(0.,0.,1.));
#8243 = CYLINDRICAL_SURFACE('',#8244,5.E-02);
#8244 = AXIS2_PLACEMENT_3D('',#8245,#8246,#8247);
#8245 = CARTESIAN_POINT('',(-1.07,-0.734610379866,3.982921978229));
#8246 = DIRECTION('',(-1.,-0.,-0.));
#8247 = DIRECTION('',(-0.,0.,1.));
#8248 = ADVANCED_FACE('',(#8249),#8274,.F.);
#8249 = FACE_BOUND('',#8250,.T.);
#8250 = EDGE_LOOP('',(#8251,#8259,#8267,#8273));
#8251 = ORIENTED_EDGE('',*,*,#8252,.T.);
#8252 = EDGE_CURVE('',#8230,#8253,#8255,.T.);
#8253 = VERTEX_POINT('',#8254);
#8254 = CARTESIAN_POINT('',(-1.47,-0.850608987435,4.925));
#8255 = LINE('',#8256,#8257);
#8256 = CARTESIAN_POINT('',(-1.47,-0.784488582379,3.979434154541));
#8257 = VECTOR('',#8258,1.);
#8258 = DIRECTION('',(0.,-6.975647374412E-02,0.99756405026));
#8259 = ORIENTED_EDGE('',*,*,#8260,.F.);
#8260 = EDGE_CURVE('',#8261,#8253,#8263,.T.);
#8261 = VERTEX_POINT('',#8262);
#8262 = CARTESIAN_POINT('',(-1.07,-0.850608987435,4.925));
#8263 = LINE('',#8264,#8265);
#8264 = CARTESIAN_POINT('',(-1.07,-0.850608987435,4.925));
#8265 = VECTOR('',#8266,1.);
#8266 = DIRECTION('',(-1.,-0.,-0.));
#8267 = ORIENTED_EDGE('',*,*,#8268,.F.);
#8268 = EDGE_CURVE('',#8221,#8261,#8269,.T.);
#8269 = LINE('',#8270,#8271);
#8270 = CARTESIAN_POINT('',(-1.07,-0.784488582379,3.979434154541));
#8271 = VECTOR('',#8272,1.);
#8272 = DIRECTION('',(0.,-6.975647374412E-02,0.99756405026));
#8273 = ORIENTED_EDGE('',*,*,#8229,.T.);
#8274 = PLANE('',#8275);
#8275 = AXIS2_PLACEMENT_3D('',#8276,#8277,#8278);
#8276 = CARTESIAN_POINT('',(-1.07,-0.784488582379,3.979434154541));
#8277 = DIRECTION('',(0.,-0.99756405026,-6.975647374412E-02));
#8278 = DIRECTION('',(0.,6.975647374412E-02,-0.99756405026));
#8279 = ADVANCED_FACE('',(#8280),#8305,.F.);
#8280 = FACE_BOUND('',#8281,.T.);
#8281 = EDGE_LOOP('',(#8282,#8290,#8298,#8304));
#8282 = ORIENTED_EDGE('',*,*,#8283,.T.);
#8283 = EDGE_CURVE('',#8253,#8284,#8286,.T.);
#8284 = VERTEX_POINT('',#8285);
#8285 = CARTESIAN_POINT('',(-1.47,-1.1,4.907560881564));
#8286 = LINE('',#8287,#8288);
#8287 = CARTESIAN_POINT('',(-1.47,-0.850608987435,4.925));
#8288 = VECTOR('',#8289,1.);
#8289 = DIRECTION('',(0.,-0.99756405026,-6.975647374412E-02));
#8290 = ORIENTED_EDGE('',*,*,#8291,.F.);
#8291 = EDGE_CURVE('',#8292,#8284,#8294,.T.);
#8292 = VERTEX_POINT('',#8293);
#8293 = CARTESIAN_POINT('',(-1.07,-1.1,4.907560881564));
#8294 = LINE('',#8295,#8296);
#8295 = CARTESIAN_POINT('',(-1.07,-1.1,4.907560881564));
#8296 = VECTOR('',#8297,1.);
#8297 = DIRECTION('',(-1.,-0.,-0.));
#8298 = ORIENTED_EDGE('',*,*,#8299,.F.);
#8299 = EDGE_CURVE('',#8261,#8292,#8300,.T.);
#8300 = LINE('',#8301,#8302);
#8301 = CARTESIAN_POINT('',(-1.07,-0.850608987435,4.925));
#8302 = VECTOR('',#8303,1.);
#8303 = DIRECTION('',(0.,-0.99756405026,-6.975647374412E-02));
#8304 = ORIENTED_EDGE('',*,*,#8260,.T.);
#8305 = PLANE('',#8306);
#8306 = AXIS2_PLACEMENT_3D('',#8307,#8308,#8309);
#8307 = CARTESIAN_POINT('',(-1.07,-0.850608987435,4.925));
#8308 = DIRECTION('',(0.,6.975647374412E-02,-0.99756405026));
#8309 = DIRECTION('',(0.,0.99756405026,6.975647374412E-02));
#8310 = ADVANCED_FACE('',(#8311),#8336,.F.);
#8311 = FACE_BOUND('',#8312,.T.);
#8312 = EDGE_LOOP('',(#8313,#8321,#8329,#8335));
#8313 = ORIENTED_EDGE('',*,*,#8314,.T.);
#8314 = EDGE_CURVE('',#8284,#8315,#8317,.T.);
#8315 = VERTEX_POINT('',#8316);
#8316 = CARTESIAN_POINT('',(-1.47,-1.033879594944,3.961995036105));
#8317 = LINE('',#8318,#8319);
#8318 = CARTESIAN_POINT('',(-1.47,-1.1,4.907560881564));
#8319 = VECTOR('',#8320,1.);
#8320 = DIRECTION('',(0.,6.975647374413E-02,-0.99756405026));
#8321 = ORIENTED_EDGE('',*,*,#8322,.F.);
#8322 = EDGE_CURVE('',#8323,#8315,#8325,.T.);
#8323 = VERTEX_POINT('',#8324);
#8324 = CARTESIAN_POINT('',(-1.07,-1.033879594944,3.961995036105));
#8325 = LINE('',#8326,#8327);
#8326 = CARTESIAN_POINT('',(-1.07,-1.033879594944,3.961995036105));
#8327 = VECTOR('',#8328,1.);
#8328 = DIRECTION('',(-1.,-0.,-0.));
#8329 = ORIENTED_EDGE('',*,*,#8330,.F.);
#8330 = EDGE_CURVE('',#8292,#8323,#8331,.T.);
#8331 = LINE('',#8332,#8333);
#8332 = CARTESIAN_POINT('',(-1.07,-1.1,4.907560881564));
#8333 = VECTOR('',#8334,1.);
#8334 = DIRECTION('',(0.,6.975647374413E-02,-0.99756405026));
#8335 = ORIENTED_EDGE('',*,*,#8291,.T.);
#8336 = PLANE('',#8337);
#8337 = AXIS2_PLACEMENT_3D('',#8338,#8339,#8340);
#8338 = CARTESIAN_POINT('',(-1.07,-1.1,4.907560881564));
#8339 = DIRECTION('',(-0.,0.99756405026,6.975647374413E-02));
#8340 = DIRECTION('',(0.,-6.975647374413E-02,0.99756405026));
#8341 = ADVANCED_FACE('',(#8342),#8369,.T.);
#8342 = FACE_BOUND('',#8343,.T.);
#8343 = EDGE_LOOP('',(#8344,#8353,#8361,#8368));
#8344 = ORIENTED_EDGE('',*,*,#8345,.T.);
#8345 = EDGE_CURVE('',#8315,#8346,#8348,.T.);
#8346 = VERTEX_POINT('',#8347);
#8347 = CARTESIAN_POINT('',(-1.47,-0.75553732199,3.683652763151));
#8348 = CIRCLE('',#8349,0.3);
#8349 = AXIS2_PLACEMENT_3D('',#8350,#8351,#8352);
#8350 = CARTESIAN_POINT('',(-1.47,-0.734610379866,3.982921978229));
#8351 = DIRECTION('',(1.,0.,0.));
#8352 = DIRECTION('',(0.,0.,-1.));
#8353 = ORIENTED_EDGE('',*,*,#8354,.F.);
#8354 = EDGE_CURVE('',#8355,#8346,#8357,.T.);
#8355 = VERTEX_POINT('',#8356);
#8356 = CARTESIAN_POINT('',(-1.07,-0.75553732199,3.683652763151));
#8357 = LINE('',#8358,#8359);
#8358 = CARTESIAN_POINT('',(-1.07,-0.75553732199,3.683652763151));
#8359 = VECTOR('',#8360,1.);
#8360 = DIRECTION('',(-1.,-0.,-0.));
#8361 = ORIENTED_EDGE('',*,*,#8362,.F.);
#8362 = EDGE_CURVE('',#8323,#8355,#8363,.T.);
#8363 = CIRCLE('',#8364,0.3);
#8364 = AXIS2_PLACEMENT_3D('',#8365,#8366,#8367);
#8365 = CARTESIAN_POINT('',(-1.07,-0.734610379866,3.982921978229));
#8366 = DIRECTION('',(1.,0.,0.));
#8367 = DIRECTION('',(0.,0.,-1.));
#8368 = ORIENTED_EDGE('',*,*,#8322,.T.);
#8369 = CYLINDRICAL_SURFACE('',#8370,0.3);
#8370 = AXIS2_PLACEMENT_3D('',#8371,#8372,#8373);
#8371 = CARTESIAN_POINT('',(-1.07,-0.734610379866,3.982921978229));
#8372 = DIRECTION('',(-1.,-0.,-0.));
#8373 = DIRECTION('',(-0.,0.,1.));
#8374 = ADVANCED_FACE('',(#8375),#8400,.F.);
#8375 = FACE_BOUND('',#8376,.T.);
#8376 = EDGE_LOOP('',(#8377,#8385,#8393,#8399));
#8377 = ORIENTED_EDGE('',*,*,#8378,.T.);
#8378 = EDGE_CURVE('',#8346,#8379,#8381,.T.);
#8379 = VERTEX_POINT('',#8380);
#8380 = CARTESIAN_POINT('',(-1.47,-0.296512176313,3.651554598112));
#8381 = LINE('',#8382,#8383);
#8382 = CARTESIAN_POINT('',(-1.47,-0.75553732199,3.683652763151));
#8383 = VECTOR('',#8384,1.);
#8384 = DIRECTION('',(0.,0.99756405026,-6.975647374413E-02));
#8385 = ORIENTED_EDGE('',*,*,#8386,.F.);
#8386 = EDGE_CURVE('',#8387,#8379,#8389,.T.);
#8387 = VERTEX_POINT('',#8388);
#8388 = CARTESIAN_POINT('',(-1.07,-0.296512176313,3.651554598112));
#8389 = LINE('',#8390,#8391);
#8390 = CARTESIAN_POINT('',(-1.07,-0.296512176313,3.651554598112));
#8391 = VECTOR('',#8392,1.);
#8392 = DIRECTION('',(-1.,-0.,-0.));
#8393 = ORIENTED_EDGE('',*,*,#8394,.F.);
#8394 = EDGE_CURVE('',#8355,#8387,#8395,.T.);
#8395 = LINE('',#8396,#8397);
#8396 = CARTESIAN_POINT('',(-1.07,-0.75553732199,3.683652763151));
#8397 = VECTOR('',#8398,1.);
#8398 = DIRECTION('',(0.,0.99756405026,-6.975647374413E-02));
#8399 = ORIENTED_EDGE('',*,*,#8354,.T.);
#8400 = PLANE('',#8401);
#8401 = AXIS2_PLACEMENT_3D('',#8402,#8403,#8404);
#8402 = CARTESIAN_POINT('',(-1.07,-0.75553732199,3.683652763151));
#8403 = DIRECTION('',(-0.,6.975647374413E-02,0.99756405026));
#8404 = DIRECTION('',(0.,-0.99756405026,6.975647374413E-02));
#8405 = ADVANCED_FACE('',(#8406),#8433,.F.);
#8406 = FACE_BOUND('',#8407,.F.);
#8407 = EDGE_LOOP('',(#8408,#8409,#8418,#8426));
#8408 = ORIENTED_EDGE('',*,*,#8386,.F.);
#8409 = ORIENTED_EDGE('',*,*,#8410,.T.);
#8410 = EDGE_CURVE('',#8387,#8411,#8413,.T.);
#8411 = VERTEX_POINT('',#8412);
#8412 = CARTESIAN_POINT('',(-1.07,-0.25,3.601676395599));
#8413 = CIRCLE('',#8414,5.E-02);
#8414 = AXIS2_PLACEMENT_3D('',#8415,#8416,#8417);
#8415 = CARTESIAN_POINT('',(-1.07,-0.3,3.601676395599));
#8416 = DIRECTION('',(-1.,-0.,0.));
#8417 = DIRECTION('',(0.,0.,1.));
#8418 = ORIENTED_EDGE('',*,*,#8419,.T.);
#8419 = EDGE_CURVE('',#8411,#8420,#8422,.T.);
#8420 = VERTEX_POINT('',#8421);
#8421 = CARTESIAN_POINT('',(-1.47,-0.25,3.601676395599));
#8422 = LINE('',#8423,#8424);
#8423 = CARTESIAN_POINT('',(-1.07,-0.25,3.601676395599));
#8424 = VECTOR('',#8425,1.);
#8425 = DIRECTION('',(-1.,-0.,-0.));
#8426 = ORIENTED_EDGE('',*,*,#8427,.F.);
#8427 = EDGE_CURVE('',#8379,#8420,#8428,.T.);
#8428 = CIRCLE('',#8429,5.E-02);
#8429 = AXIS2_PLACEMENT_3D('',#8430,#8431,#8432);
#8430 = CARTESIAN_POINT('',(-1.47,-0.3,3.601676395599));
#8431 = DIRECTION('',(-1.,-0.,0.));
#8432 = DIRECTION('',(0.,0.,1.));
#8433 = CYLINDRICAL_SURFACE('',#8434,5.E-02);
#8434 = AXIS2_PLACEMENT_3D('',#8435,#8436,#8437);
#8435 = CARTESIAN_POINT('',(-1.07,-0.3,3.601676395599));
#8436 = DIRECTION('',(-1.,-0.,-0.));
#8437 = DIRECTION('',(-0.,0.,1.));
#8438 = ADVANCED_FACE('',(#8439),#8455,.F.);
#8439 = FACE_BOUND('',#8440,.T.);
#8440 = EDGE_LOOP('',(#8441,#8447,#8448,#8454));
#8441 = ORIENTED_EDGE('',*,*,#8442,.T.);
#8442 = EDGE_CURVE('',#8420,#8085,#8443,.T.);
#8443 = LINE('',#8444,#8445);
#8444 = CARTESIAN_POINT('',(-1.47,-0.25,3.601676395599));
#8445 = VECTOR('',#8446,1.);
#8446 = DIRECTION('',(0.,0.,-1.));
#8447 = ORIENTED_EDGE('',*,*,#8110,.F.);
#8448 = ORIENTED_EDGE('',*,*,#8449,.F.);
#8449 = EDGE_CURVE('',#8411,#8103,#8450,.T.);
#8450 = LINE('',#8451,#8452);
#8451 = CARTESIAN_POINT('',(-1.07,-0.25,3.601676395599));
#8452 = VECTOR('',#8453,1.);
#8453 = DIRECTION('',(0.,0.,-1.));
#8454 = ORIENTED_EDGE('',*,*,#8419,.T.);
#8455 = PLANE('',#8456);
#8456 = AXIS2_PLACEMENT_3D('',#8457,#8458,#8459);
#8457 = CARTESIAN_POINT('',(-1.07,-0.25,3.601676395599));
#8458 = DIRECTION('',(-0.,1.,0.));
#8459 = DIRECTION('',(0.,0.,1.));
#8460 = ADVANCED_FACE('',(#8461),#8475,.T.);
#8461 = FACE_BOUND('',#8462,.T.);
#8462 = EDGE_LOOP('',(#8463,#8464,#8465,#8466,#8467,#8468,#8469,#8470,
    #8471,#8472,#8473,#8474));
#8463 = ORIENTED_EDGE('',*,*,#8102,.T.);
#8464 = ORIENTED_EDGE('',*,*,#8140,.T.);
#8465 = ORIENTED_EDGE('',*,*,#8172,.T.);
#8466 = ORIENTED_EDGE('',*,*,#8204,.T.);
#8467 = ORIENTED_EDGE('',*,*,#8220,.T.);
#8468 = ORIENTED_EDGE('',*,*,#8268,.T.);
#8469 = ORIENTED_EDGE('',*,*,#8299,.T.);
#8470 = ORIENTED_EDGE('',*,*,#8330,.T.);
#8471 = ORIENTED_EDGE('',*,*,#8362,.T.);
#8472 = ORIENTED_EDGE('',*,*,#8394,.T.);
#8473 = ORIENTED_EDGE('',*,*,#8410,.T.);
#8474 = ORIENTED_EDGE('',*,*,#8449,.T.);
#8475 = PLANE('',#8476);
#8476 = AXIS2_PLACEMENT_3D('',#8477,#8478,#8479);
#8477 = CARTESIAN_POINT('',(-1.07,-0.3,3.601676395599));
#8478 = DIRECTION('',(1.,0.,0.));
#8479 = DIRECTION('',(0.,0.,-1.));
#8480 = ADVANCED_FACE('',(#8481),#8495,.F.);
#8481 = FACE_BOUND('',#8482,.T.);
#8482 = EDGE_LOOP('',(#8483,#8484,#8485,#8486,#8487,#8488,#8489,#8490,
    #8491,#8492,#8493,#8494));
#8483 = ORIENTED_EDGE('',*,*,#8084,.F.);
#8484 = ORIENTED_EDGE('',*,*,#8442,.F.);
#8485 = ORIENTED_EDGE('',*,*,#8427,.F.);
#8486 = ORIENTED_EDGE('',*,*,#8378,.F.);
#8487 = ORIENTED_EDGE('',*,*,#8345,.F.);
#8488 = ORIENTED_EDGE('',*,*,#8314,.F.);
#8489 = ORIENTED_EDGE('',*,*,#8283,.F.);
#8490 = ORIENTED_EDGE('',*,*,#8252,.F.);
#8491 = ORIENTED_EDGE('',*,*,#8237,.F.);
#8492 = ORIENTED_EDGE('',*,*,#8188,.F.);
#8493 = ORIENTED_EDGE('',*,*,#8155,.F.);
#8494 = ORIENTED_EDGE('',*,*,#8124,.F.);
#8495 = PLANE('',#8496);
#8496 = AXIS2_PLACEMENT_3D('',#8497,#8498,#8499);
#8497 = CARTESIAN_POINT('',(-1.47,-0.3,3.601676395599));
#8498 = DIRECTION('',(1.,0.,0.));
#8499 = DIRECTION('',(0.,0.,-1.));
#8500 = MANIFOLD_SOLID_BREP('',#8501);
#8501 = CLOSED_SHELL('',(#8502,#8542,#8573,#8606,#8637,#8670,#8701,#8732
    ,#8763,#8796,#8827,#8860,#8882,#8902));
#8502 = ADVANCED_FACE('',(#8503),#8537,.F.);
#8503 = FACE_BOUND('',#8504,.T.);
#8504 = EDGE_LOOP('',(#8505,#8515,#8523,#8531));
#8505 = ORIENTED_EDGE('',*,*,#8506,.F.);
#8506 = EDGE_CURVE('',#8507,#8509,#8511,.T.);
#8507 = VERTEX_POINT('',#8508);
#8508 = CARTESIAN_POINT('',(-1.47,-0.25,-2.982518297014));
#8509 = VERTEX_POINT('',#8510);
#8510 = CARTESIAN_POINT('',(-1.47,0.,-3.));
#8511 = LINE('',#8512,#8513);
#8512 = CARTESIAN_POINT('',(-1.47,-0.25,-2.982518297014));
#8513 = VECTOR('',#8514,1.);
#8514 = DIRECTION('',(0.,0.99756405026,-6.975647374413E-02));
#8515 = ORIENTED_EDGE('',*,*,#8516,.F.);
#8516 = EDGE_CURVE('',#8517,#8507,#8519,.T.);
#8517 = VERTEX_POINT('',#8518);
#8518 = CARTESIAN_POINT('',(-1.07,-0.25,-2.982518297014));
#8519 = LINE('',#8520,#8521);
#8520 = CARTESIAN_POINT('',(-1.07,-0.25,-2.982518297014));
#8521 = VECTOR('',#8522,1.);
#8522 = DIRECTION('',(-1.,-0.,0.));
#8523 = ORIENTED_EDGE('',*,*,#8524,.T.);
#8524 = EDGE_CURVE('',#8517,#8525,#8527,.T.);
#8525 = VERTEX_POINT('',#8526);
#8526 = CARTESIAN_POINT('',(-1.07,0.,-3.));
#8527 = LINE('',#8528,#8529);
#8528 = CARTESIAN_POINT('',(-1.07,-0.25,-2.982518297014));
#8529 = VECTOR('',#8530,1.);
#8530 = DIRECTION('',(0.,0.99756405026,-6.975647374413E-02));
#8531 = ORIENTED_EDGE('',*,*,#8532,.T.);
#8532 = EDGE_CURVE('',#8525,#8509,#8533,.T.);
#8533 = LINE('',#8534,#8535);
#8534 = CARTESIAN_POINT('',(-1.07,0.,-3.));
#8535 = VECTOR('',#8536,1.);
#8536 = DIRECTION('',(-1.,-0.,0.));
#8537 = PLANE('',#8538);
#8538 = AXIS2_PLACEMENT_3D('',#8539,#8540,#8541);
#8539 = CARTESIAN_POINT('',(-1.07,-0.25,-2.982518297014));
#8540 = DIRECTION('',(0.,-6.975647374413E-02,-0.99756405026));
#8541 = DIRECTION('',(0.,-0.99756405026,6.975647374413E-02));
#8542 = ADVANCED_FACE('',(#8543),#8568,.F.);
#8543 = FACE_BOUND('',#8544,.T.);
#8544 = EDGE_LOOP('',(#8545,#8553,#8554,#8562));
#8545 = ORIENTED_EDGE('',*,*,#8546,.F.);
#8546 = EDGE_CURVE('',#8509,#8547,#8549,.T.);
#8547 = VERTEX_POINT('',#8548);
#8548 = CARTESIAN_POINT('',(-1.47,-5.421010862428E-17,-3.601676395599));
#8549 = LINE('',#8550,#8551);
#8550 = CARTESIAN_POINT('',(-1.47,0.,-3.));
#8551 = VECTOR('',#8552,1.);
#8552 = DIRECTION('',(0.,-9.009844664147E-17,-1.));
#8553 = ORIENTED_EDGE('',*,*,#8532,.F.);
#8554 = ORIENTED_EDGE('',*,*,#8555,.T.);
#8555 = EDGE_CURVE('',#8525,#8556,#8558,.T.);
#8556 = VERTEX_POINT('',#8557);
#8557 = CARTESIAN_POINT('',(-1.07,-5.421010862428E-17,-3.601676395599));
#8558 = LINE('',#8559,#8560);
#8559 = CARTESIAN_POINT('',(-1.07,0.,-3.));
#8560 = VECTOR('',#8561,1.);
#8561 = DIRECTION('',(0.,-9.009844664147E-17,-1.));
#8562 = ORIENTED_EDGE('',*,*,#8563,.T.);
#8563 = EDGE_CURVE('',#8556,#8547,#8564,.T.);
#8564 = LINE('',#8565,#8566);
#8565 = CARTESIAN_POINT('',(-1.07,-5.421010862428E-17,-3.601676395599));
#8566 = VECTOR('',#8567,1.);
#8567 = DIRECTION('',(-1.,-0.,0.));
#8568 = PLANE('',#8569);
#8569 = AXIS2_PLACEMENT_3D('',#8570,#8571,#8572);
#8570 = CARTESIAN_POINT('',(-1.07,0.,-3.));
#8571 = DIRECTION('',(0.,-1.,9.009844664147E-17));
#8572 = DIRECTION('',(0.,9.009844664147E-17,1.));
#8573 = ADVANCED_FACE('',(#8574),#8601,.T.);
#8574 = FACE_BOUND('',#8575,.T.);
#8575 = EDGE_LOOP('',(#8576,#8585,#8586,#8595));
#8576 = ORIENTED_EDGE('',*,*,#8577,.F.);
#8577 = EDGE_CURVE('',#8547,#8578,#8580,.T.);
#8578 = VERTEX_POINT('',#8579);
#8579 = CARTESIAN_POINT('',(-1.47,-0.279073057877,-3.900945610677));
#8580 = CIRCLE('',#8581,0.3);
#8581 = AXIS2_PLACEMENT_3D('',#8582,#8583,#8584);
#8582 = CARTESIAN_POINT('',(-1.47,-0.3,-3.601676395599));
#8583 = DIRECTION('',(-1.,0.,-0.));
#8584 = DIRECTION('',(-0.,0.,1.));
#8585 = ORIENTED_EDGE('',*,*,#8563,.F.);
#8586 = ORIENTED_EDGE('',*,*,#8587,.T.);
#8587 = EDGE_CURVE('',#8556,#8588,#8590,.T.);
#8588 = VERTEX_POINT('',#8589);
#8589 = CARTESIAN_POINT('',(-1.07,-0.279073057877,-3.900945610677));
#8590 = CIRCLE('',#8591,0.3);
#8591 = AXIS2_PLACEMENT_3D('',#8592,#8593,#8594);
#8592 = CARTESIAN_POINT('',(-1.07,-0.3,-3.601676395599));
#8593 = DIRECTION('',(-1.,0.,-0.));
#8594 = DIRECTION('',(-0.,0.,1.));
#8595 = ORIENTED_EDGE('',*,*,#8596,.T.);
#8596 = EDGE_CURVE('',#8588,#8578,#8597,.T.);
#8597 = LINE('',#8598,#8599);
#8598 = CARTESIAN_POINT('',(-1.07,-0.279073057877,-3.900945610677));
#8599 = VECTOR('',#8600,1.);
#8600 = DIRECTION('',(-1.,-0.,0.));
#8601 = CYLINDRICAL_SURFACE('',#8602,0.3);
#8602 = AXIS2_PLACEMENT_3D('',#8603,#8604,#8605);
#8603 = CARTESIAN_POINT('',(-1.07,-0.3,-3.601676395599));
#8604 = DIRECTION('',(-1.,-0.,0.));
#8605 = DIRECTION('',(-0.,0.,-1.));
#8606 = ADVANCED_FACE('',(#8607),#8632,.F.);
#8607 = FACE_BOUND('',#8608,.T.);
#8608 = EDGE_LOOP('',(#8609,#8617,#8618,#8626));
#8609 = ORIENTED_EDGE('',*,*,#8610,.F.);
#8610 = EDGE_CURVE('',#8578,#8611,#8613,.T.);
#8611 = VERTEX_POINT('',#8612);
#8612 = CARTESIAN_POINT('',(-1.47,-0.738098203554,-3.933043775716));
#8613 = LINE('',#8614,#8615);
#8614 = CARTESIAN_POINT('',(-1.47,-0.279073057877,-3.900945610677));
#8615 = VECTOR('',#8616,1.);
#8616 = DIRECTION('',(0.,-0.99756405026,-6.975647374412E-02));
#8617 = ORIENTED_EDGE('',*,*,#8596,.F.);
#8618 = ORIENTED_EDGE('',*,*,#8619,.T.);
#8619 = EDGE_CURVE('',#8588,#8620,#8622,.T.);
#8620 = VERTEX_POINT('',#8621);
#8621 = CARTESIAN_POINT('',(-1.07,-0.738098203554,-3.933043775716));
#8622 = LINE('',#8623,#8624);
#8623 = CARTESIAN_POINT('',(-1.07,-0.279073057877,-3.900945610677));
#8624 = VECTOR('',#8625,1.);
#8625 = DIRECTION('',(0.,-0.99756405026,-6.975647374412E-02));
#8626 = ORIENTED_EDGE('',*,*,#8627,.T.);
#8627 = EDGE_CURVE('',#8620,#8611,#8628,.T.);
#8628 = LINE('',#8629,#8630);
#8629 = CARTESIAN_POINT('',(-1.07,-0.738098203554,-3.933043775716));
#8630 = VECTOR('',#8631,1.);
#8631 = DIRECTION('',(-1.,-0.,0.));
#8632 = PLANE('',#8633);
#8633 = AXIS2_PLACEMENT_3D('',#8634,#8635,#8636);
#8634 = CARTESIAN_POINT('',(-1.07,-0.279073057877,-3.900945610677));
#8635 = DIRECTION('',(0.,-6.975647374412E-02,0.99756405026));
#8636 = DIRECTION('',(0.,0.99756405026,6.975647374412E-02));
#8637 = ADVANCED_FACE('',(#8638),#8665,.F.);
#8638 = FACE_BOUND('',#8639,.F.);
#8639 = EDGE_LOOP('',(#8640,#8650,#8657,#8658));
#8640 = ORIENTED_EDGE('',*,*,#8641,.F.);
#8641 = EDGE_CURVE('',#8642,#8644,#8646,.T.);
#8642 = VERTEX_POINT('',#8643);
#8643 = CARTESIAN_POINT('',(-1.07,-0.784488582379,-3.979434154541));
#8644 = VERTEX_POINT('',#8645);
#8645 = CARTESIAN_POINT('',(-1.47,-0.784488582379,-3.979434154541));
#8646 = LINE('',#8647,#8648);
#8647 = CARTESIAN_POINT('',(-1.07,-0.784488582379,-3.979434154541));
#8648 = VECTOR('',#8649,1.);
#8649 = DIRECTION('',(-1.,-0.,0.));
#8650 = ORIENTED_EDGE('',*,*,#8651,.F.);
#8651 = EDGE_CURVE('',#8620,#8642,#8652,.T.);
#8652 = CIRCLE('',#8653,5.E-02);
#8653 = AXIS2_PLACEMENT_3D('',#8654,#8655,#8656);
#8654 = CARTESIAN_POINT('',(-1.07,-0.734610379866,-3.982921978229));
#8655 = DIRECTION('',(1.,-0.,0.));
#8656 = DIRECTION('',(0.,0.,-1.));
#8657 = ORIENTED_EDGE('',*,*,#8627,.T.);
#8658 = ORIENTED_EDGE('',*,*,#8659,.T.);
#8659 = EDGE_CURVE('',#8611,#8644,#8660,.T.);
#8660 = CIRCLE('',#8661,5.E-02);
#8661 = AXIS2_PLACEMENT_3D('',#8662,#8663,#8664);
#8662 = CARTESIAN_POINT('',(-1.47,-0.734610379866,-3.982921978229));
#8663 = DIRECTION('',(1.,-0.,0.));
#8664 = DIRECTION('',(0.,0.,-1.));
#8665 = CYLINDRICAL_SURFACE('',#8666,5.E-02);
#8666 = AXIS2_PLACEMENT_3D('',#8667,#8668,#8669);
#8667 = CARTESIAN_POINT('',(-1.07,-0.734610379866,-3.982921978229));
#8668 = DIRECTION('',(-1.,-0.,0.));
#8669 = DIRECTION('',(-0.,0.,-1.));
#8670 = ADVANCED_FACE('',(#8671),#8696,.F.);
#8671 = FACE_BOUND('',#8672,.T.);
#8672 = EDGE_LOOP('',(#8673,#8681,#8682,#8690));
#8673 = ORIENTED_EDGE('',*,*,#8674,.F.);
#8674 = EDGE_CURVE('',#8644,#8675,#8677,.T.);
#8675 = VERTEX_POINT('',#8676);
#8676 = CARTESIAN_POINT('',(-1.47,-0.850608987435,-4.925));
#8677 = LINE('',#8678,#8679);
#8678 = CARTESIAN_POINT('',(-1.47,-0.784488582379,-3.979434154541));
#8679 = VECTOR('',#8680,1.);
#8680 = DIRECTION('',(0.,-6.975647374412E-02,-0.99756405026));
#8681 = ORIENTED_EDGE('',*,*,#8641,.F.);
#8682 = ORIENTED_EDGE('',*,*,#8683,.T.);
#8683 = EDGE_CURVE('',#8642,#8684,#8686,.T.);
#8684 = VERTEX_POINT('',#8685);
#8685 = CARTESIAN_POINT('',(-1.07,-0.850608987435,-4.925));
#8686 = LINE('',#8687,#8688);
#8687 = CARTESIAN_POINT('',(-1.07,-0.784488582379,-3.979434154541));
#8688 = VECTOR('',#8689,1.);
#8689 = DIRECTION('',(0.,-6.975647374412E-02,-0.99756405026));
#8690 = ORIENTED_EDGE('',*,*,#8691,.T.);
#8691 = EDGE_CURVE('',#8684,#8675,#8692,.T.);
#8692 = LINE('',#8693,#8694);
#8693 = CARTESIAN_POINT('',(-1.07,-0.850608987435,-4.925));
#8694 = VECTOR('',#8695,1.);
#8695 = DIRECTION('',(-1.,-0.,0.));
#8696 = PLANE('',#8697);
#8697 = AXIS2_PLACEMENT_3D('',#8698,#8699,#8700);
#8698 = CARTESIAN_POINT('',(-1.07,-0.784488582379,-3.979434154541));
#8699 = DIRECTION('',(0.,-0.99756405026,6.975647374412E-02));
#8700 = DIRECTION('',(0.,6.975647374412E-02,0.99756405026));
#8701 = ADVANCED_FACE('',(#8702),#8727,.F.);
#8702 = FACE_BOUND('',#8703,.T.);
#8703 = EDGE_LOOP('',(#8704,#8712,#8713,#8721));
#8704 = ORIENTED_EDGE('',*,*,#8705,.F.);
#8705 = EDGE_CURVE('',#8675,#8706,#8708,.T.);
#8706 = VERTEX_POINT('',#8707);
#8707 = CARTESIAN_POINT('',(-1.47,-1.1,-4.907560881564));
#8708 = LINE('',#8709,#8710);
#8709 = CARTESIAN_POINT('',(-1.47,-0.850608987435,-4.925));
#8710 = VECTOR('',#8711,1.);
#8711 = DIRECTION('',(0.,-0.99756405026,6.975647374412E-02));
#8712 = ORIENTED_EDGE('',*,*,#8691,.F.);
#8713 = ORIENTED_EDGE('',*,*,#8714,.T.);
#8714 = EDGE_CURVE('',#8684,#8715,#8717,.T.);
#8715 = VERTEX_POINT('',#8716);
#8716 = CARTESIAN_POINT('',(-1.07,-1.1,-4.907560881564));
#8717 = LINE('',#8718,#8719);
#8718 = CARTESIAN_POINT('',(-1.07,-0.850608987435,-4.925));
#8719 = VECTOR('',#8720,1.);
#8720 = DIRECTION('',(0.,-0.99756405026,6.975647374412E-02));
#8721 = ORIENTED_EDGE('',*,*,#8722,.T.);
#8722 = EDGE_CURVE('',#8715,#8706,#8723,.T.);
#8723 = LINE('',#8724,#8725);
#8724 = CARTESIAN_POINT('',(-1.07,-1.1,-4.907560881564));
#8725 = VECTOR('',#8726,1.);
#8726 = DIRECTION('',(-1.,-0.,0.));
#8727 = PLANE('',#8728);
#8728 = AXIS2_PLACEMENT_3D('',#8729,#8730,#8731);
#8729 = CARTESIAN_POINT('',(-1.07,-0.850608987435,-4.925));
#8730 = DIRECTION('',(0.,6.975647374412E-02,0.99756405026));
#8731 = DIRECTION('',(0.,0.99756405026,-6.975647374412E-02));
#8732 = ADVANCED_FACE('',(#8733),#8758,.F.);
#8733 = FACE_BOUND('',#8734,.T.);
#8734 = EDGE_LOOP('',(#8735,#8743,#8744,#8752));
#8735 = ORIENTED_EDGE('',*,*,#8736,.F.);
#8736 = EDGE_CURVE('',#8706,#8737,#8739,.T.);
#8737 = VERTEX_POINT('',#8738);
#8738 = CARTESIAN_POINT('',(-1.47,-1.033879594944,-3.961995036105));
#8739 = LINE('',#8740,#8741);
#8740 = CARTESIAN_POINT('',(-1.47,-1.1,-4.907560881564));
#8741 = VECTOR('',#8742,1.);
#8742 = DIRECTION('',(0.,6.975647374413E-02,0.99756405026));
#8743 = ORIENTED_EDGE('',*,*,#8722,.F.);
#8744 = ORIENTED_EDGE('',*,*,#8745,.T.);
#8745 = EDGE_CURVE('',#8715,#8746,#8748,.T.);
#8746 = VERTEX_POINT('',#8747);
#8747 = CARTESIAN_POINT('',(-1.07,-1.033879594944,-3.961995036105));
#8748 = LINE('',#8749,#8750);
#8749 = CARTESIAN_POINT('',(-1.07,-1.1,-4.907560881564));
#8750 = VECTOR('',#8751,1.);
#8751 = DIRECTION('',(0.,6.975647374413E-02,0.99756405026));
#8752 = ORIENTED_EDGE('',*,*,#8753,.T.);
#8753 = EDGE_CURVE('',#8746,#8737,#8754,.T.);
#8754 = LINE('',#8755,#8756);
#8755 = CARTESIAN_POINT('',(-1.07,-1.033879594944,-3.961995036105));
#8756 = VECTOR('',#8757,1.);
#8757 = DIRECTION('',(-1.,-0.,0.));
#8758 = PLANE('',#8759);
#8759 = AXIS2_PLACEMENT_3D('',#8760,#8761,#8762);
#8760 = CARTESIAN_POINT('',(-1.07,-1.1,-4.907560881564));
#8761 = DIRECTION('',(0.,0.99756405026,-6.975647374413E-02));
#8762 = DIRECTION('',(0.,-6.975647374413E-02,-0.99756405026));
#8763 = ADVANCED_FACE('',(#8764),#8791,.T.);
#8764 = FACE_BOUND('',#8765,.T.);
#8765 = EDGE_LOOP('',(#8766,#8775,#8776,#8785));
#8766 = ORIENTED_EDGE('',*,*,#8767,.F.);
#8767 = EDGE_CURVE('',#8737,#8768,#8770,.T.);
#8768 = VERTEX_POINT('',#8769);
#8769 = CARTESIAN_POINT('',(-1.47,-0.75553732199,-3.683652763151));
#8770 = CIRCLE('',#8771,0.3);
#8771 = AXIS2_PLACEMENT_3D('',#8772,#8773,#8774);
#8772 = CARTESIAN_POINT('',(-1.47,-0.734610379866,-3.982921978229));
#8773 = DIRECTION('',(-1.,0.,-0.));
#8774 = DIRECTION('',(-0.,0.,1.));
#8775 = ORIENTED_EDGE('',*,*,#8753,.F.);
#8776 = ORIENTED_EDGE('',*,*,#8777,.T.);
#8777 = EDGE_CURVE('',#8746,#8778,#8780,.T.);
#8778 = VERTEX_POINT('',#8779);
#8779 = CARTESIAN_POINT('',(-1.07,-0.75553732199,-3.683652763151));
#8780 = CIRCLE('',#8781,0.3);
#8781 = AXIS2_PLACEMENT_3D('',#8782,#8783,#8784);
#8782 = CARTESIAN_POINT('',(-1.07,-0.734610379866,-3.982921978229));
#8783 = DIRECTION('',(-1.,0.,-0.));
#8784 = DIRECTION('',(-0.,0.,1.));
#8785 = ORIENTED_EDGE('',*,*,#8786,.T.);
#8786 = EDGE_CURVE('',#8778,#8768,#8787,.T.);
#8787 = LINE('',#8788,#8789);
#8788 = CARTESIAN_POINT('',(-1.07,-0.75553732199,-3.683652763151));
#8789 = VECTOR('',#8790,1.);
#8790 = DIRECTION('',(-1.,-0.,0.));
#8791 = CYLINDRICAL_SURFACE('',#8792,0.3);
#8792 = AXIS2_PLACEMENT_3D('',#8793,#8794,#8795);
#8793 = CARTESIAN_POINT('',(-1.07,-0.734610379866,-3.982921978229));
#8794 = DIRECTION('',(-1.,-0.,0.));
#8795 = DIRECTION('',(-0.,0.,-1.));
#8796 = ADVANCED_FACE('',(#8797),#8822,.F.);
#8797 = FACE_BOUND('',#8798,.T.);
#8798 = EDGE_LOOP('',(#8799,#8807,#8808,#8816));
#8799 = ORIENTED_EDGE('',*,*,#8800,.F.);
#8800 = EDGE_CURVE('',#8768,#8801,#8803,.T.);
#8801 = VERTEX_POINT('',#8802);
#8802 = CARTESIAN_POINT('',(-1.47,-0.296512176313,-3.651554598112));
#8803 = LINE('',#8804,#8805);
#8804 = CARTESIAN_POINT('',(-1.47,-0.75553732199,-3.683652763151));
#8805 = VECTOR('',#8806,1.);
#8806 = DIRECTION('',(0.,0.99756405026,6.975647374413E-02));
#8807 = ORIENTED_EDGE('',*,*,#8786,.F.);
#8808 = ORIENTED_EDGE('',*,*,#8809,.T.);
#8809 = EDGE_CURVE('',#8778,#8810,#8812,.T.);
#8810 = VERTEX_POINT('',#8811);
#8811 = CARTESIAN_POINT('',(-1.07,-0.296512176313,-3.651554598112));
#8812 = LINE('',#8813,#8814);
#8813 = CARTESIAN_POINT('',(-1.07,-0.75553732199,-3.683652763151));
#8814 = VECTOR('',#8815,1.);
#8815 = DIRECTION('',(0.,0.99756405026,6.975647374413E-02));
#8816 = ORIENTED_EDGE('',*,*,#8817,.T.);
#8817 = EDGE_CURVE('',#8810,#8801,#8818,.T.);
#8818 = LINE('',#8819,#8820);
#8819 = CARTESIAN_POINT('',(-1.07,-0.296512176313,-3.651554598112));
#8820 = VECTOR('',#8821,1.);
#8821 = DIRECTION('',(-1.,-0.,0.));
#8822 = PLANE('',#8823);
#8823 = AXIS2_PLACEMENT_3D('',#8824,#8825,#8826);
#8824 = CARTESIAN_POINT('',(-1.07,-0.75553732199,-3.683652763151));
#8825 = DIRECTION('',(0.,6.975647374413E-02,-0.99756405026));
#8826 = DIRECTION('',(0.,-0.99756405026,-6.975647374413E-02));
#8827 = ADVANCED_FACE('',(#8828),#8855,.F.);
#8828 = FACE_BOUND('',#8829,.F.);
#8829 = EDGE_LOOP('',(#8830,#8840,#8847,#8848));
#8830 = ORIENTED_EDGE('',*,*,#8831,.F.);
#8831 = EDGE_CURVE('',#8832,#8834,#8836,.T.);
#8832 = VERTEX_POINT('',#8833);
#8833 = CARTESIAN_POINT('',(-1.07,-0.25,-3.601676395599));
#8834 = VERTEX_POINT('',#8835);
#8835 = CARTESIAN_POINT('',(-1.47,-0.25,-3.601676395599));
#8836 = LINE('',#8837,#8838);
#8837 = CARTESIAN_POINT('',(-1.07,-0.25,-3.601676395599));
#8838 = VECTOR('',#8839,1.);
#8839 = DIRECTION('',(-1.,-0.,0.));
#8840 = ORIENTED_EDGE('',*,*,#8841,.F.);
#8841 = EDGE_CURVE('',#8810,#8832,#8842,.T.);
#8842 = CIRCLE('',#8843,5.E-02);
#8843 = AXIS2_PLACEMENT_3D('',#8844,#8845,#8846);
#8844 = CARTESIAN_POINT('',(-1.07,-0.3,-3.601676395599));
#8845 = DIRECTION('',(1.,-0.,0.));
#8846 = DIRECTION('',(0.,0.,-1.));
#8847 = ORIENTED_EDGE('',*,*,#8817,.T.);
#8848 = ORIENTED_EDGE('',*,*,#8849,.T.);
#8849 = EDGE_CURVE('',#8801,#8834,#8850,.T.);
#8850 = CIRCLE('',#8851,5.E-02);
#8851 = AXIS2_PLACEMENT_3D('',#8852,#8853,#8854);
#8852 = CARTESIAN_POINT('',(-1.47,-0.3,-3.601676395599));
#8853 = DIRECTION('',(1.,-0.,0.));
#8854 = DIRECTION('',(0.,0.,-1.));
#8855 = CYLINDRICAL_SURFACE('',#8856,5.E-02);
#8856 = AXIS2_PLACEMENT_3D('',#8857,#8858,#8859);
#8857 = CARTESIAN_POINT('',(-1.07,-0.3,-3.601676395599));
#8858 = DIRECTION('',(-1.,-0.,0.));
#8859 = DIRECTION('',(-0.,0.,-1.));
#8860 = ADVANCED_FACE('',(#8861),#8877,.F.);
#8861 = FACE_BOUND('',#8862,.T.);
#8862 = EDGE_LOOP('',(#8863,#8869,#8870,#8876));
#8863 = ORIENTED_EDGE('',*,*,#8864,.F.);
#8864 = EDGE_CURVE('',#8834,#8507,#8865,.T.);
#8865 = LINE('',#8866,#8867);
#8866 = CARTESIAN_POINT('',(-1.47,-0.25,-3.601676395599));
#8867 = VECTOR('',#8868,1.);
#8868 = DIRECTION('',(0.,0.,1.));
#8869 = ORIENTED_EDGE('',*,*,#8831,.F.);
#8870 = ORIENTED_EDGE('',*,*,#8871,.T.);
#8871 = EDGE_CURVE('',#8832,#8517,#8872,.T.);
#8872 = LINE('',#8873,#8874);
#8873 = CARTESIAN_POINT('',(-1.07,-0.25,-3.601676395599));
#8874 = VECTOR('',#8875,1.);
#8875 = DIRECTION('',(0.,0.,1.));
#8876 = ORIENTED_EDGE('',*,*,#8516,.T.);
#8877 = PLANE('',#8878);
#8878 = AXIS2_PLACEMENT_3D('',#8879,#8880,#8881);
#8879 = CARTESIAN_POINT('',(-1.07,-0.25,-3.601676395599));
#8880 = DIRECTION('',(0.,1.,0.));
#8881 = DIRECTION('',(0.,0.,-1.));
#8882 = ADVANCED_FACE('',(#8883),#8897,.T.);
#8883 = FACE_BOUND('',#8884,.T.);
#8884 = EDGE_LOOP('',(#8885,#8886,#8887,#8888,#8889,#8890,#8891,#8892,
    #8893,#8894,#8895,#8896));
#8885 = ORIENTED_EDGE('',*,*,#8524,.F.);
#8886 = ORIENTED_EDGE('',*,*,#8871,.F.);
#8887 = ORIENTED_EDGE('',*,*,#8841,.F.);
#8888 = ORIENTED_EDGE('',*,*,#8809,.F.);
#8889 = ORIENTED_EDGE('',*,*,#8777,.F.);
#8890 = ORIENTED_EDGE('',*,*,#8745,.F.);
#8891 = ORIENTED_EDGE('',*,*,#8714,.F.);
#8892 = ORIENTED_EDGE('',*,*,#8683,.F.);
#8893 = ORIENTED_EDGE('',*,*,#8651,.F.);
#8894 = ORIENTED_EDGE('',*,*,#8619,.F.);
#8895 = ORIENTED_EDGE('',*,*,#8587,.F.);
#8896 = ORIENTED_EDGE('',*,*,#8555,.F.);
#8897 = PLANE('',#8898);
#8898 = AXIS2_PLACEMENT_3D('',#8899,#8900,#8901);
#8899 = CARTESIAN_POINT('',(-1.07,-0.3,-3.601676395599));
#8900 = DIRECTION('',(1.,0.,-0.));
#8901 = DIRECTION('',(0.,0.,1.));
#8902 = ADVANCED_FACE('',(#8903),#8917,.F.);
#8903 = FACE_BOUND('',#8904,.T.);
#8904 = EDGE_LOOP('',(#8905,#8906,#8907,#8908,#8909,#8910,#8911,#8912,
    #8913,#8914,#8915,#8916));
#8905 = ORIENTED_EDGE('',*,*,#8506,.T.);
#8906 = ORIENTED_EDGE('',*,*,#8546,.T.);
#8907 = ORIENTED_EDGE('',*,*,#8577,.T.);
#8908 = ORIENTED_EDGE('',*,*,#8610,.T.);
#8909 = ORIENTED_EDGE('',*,*,#8659,.T.);
#8910 = ORIENTED_EDGE('',*,*,#8674,.T.);
#8911 = ORIENTED_EDGE('',*,*,#8705,.T.);
#8912 = ORIENTED_EDGE('',*,*,#8736,.T.);
#8913 = ORIENTED_EDGE('',*,*,#8767,.T.);
#8914 = ORIENTED_EDGE('',*,*,#8800,.T.);
#8915 = ORIENTED_EDGE('',*,*,#8849,.T.);
#8916 = ORIENTED_EDGE('',*,*,#8864,.T.);
#8917 = PLANE('',#8918);
#8918 = AXIS2_PLACEMENT_3D('',#8919,#8920,#8921);
#8919 = CARTESIAN_POINT('',(-1.47,-0.3,-3.601676395599));
#8920 = DIRECTION('',(1.,0.,-0.));
#8921 = DIRECTION('',(0.,0.,1.));
#8922 = MANIFOLD_SOLID_BREP('',#8923);
#8923 = CLOSED_SHELL('',(#8924,#8964,#8995,#9028,#9059,#9092,#9123,#9154
    ,#9185,#9218,#9249,#9282,#9304,#9324));
#8924 = ADVANCED_FACE('',(#8925),#8959,.F.);
#8925 = FACE_BOUND('',#8926,.T.);
#8926 = EDGE_LOOP('',(#8927,#8937,#8945,#8953));
#8927 = ORIENTED_EDGE('',*,*,#8928,.F.);
#8928 = EDGE_CURVE('',#8929,#8931,#8933,.T.);
#8929 = VERTEX_POINT('',#8930);
#8930 = CARTESIAN_POINT('',(-0.2,-0.25,-2.982518297014));
#8931 = VERTEX_POINT('',#8932);
#8932 = CARTESIAN_POINT('',(-0.2,0.,-3.));
#8933 = LINE('',#8934,#8935);
#8934 = CARTESIAN_POINT('',(-0.2,-0.25,-2.982518297014));
#8935 = VECTOR('',#8936,1.);
#8936 = DIRECTION('',(0.,0.99756405026,-6.975647374413E-02));
#8937 = ORIENTED_EDGE('',*,*,#8938,.F.);
#8938 = EDGE_CURVE('',#8939,#8929,#8941,.T.);
#8939 = VERTEX_POINT('',#8940);
#8940 = CARTESIAN_POINT('',(0.2,-0.25,-2.982518297014));
#8941 = LINE('',#8942,#8943);
#8942 = CARTESIAN_POINT('',(0.2,-0.25,-2.982518297014));
#8943 = VECTOR('',#8944,1.);
#8944 = DIRECTION('',(-1.,-0.,0.));
#8945 = ORIENTED_EDGE('',*,*,#8946,.T.);
#8946 = EDGE_CURVE('',#8939,#8947,#8949,.T.);
#8947 = VERTEX_POINT('',#8948);
#8948 = CARTESIAN_POINT('',(0.2,0.,-3.));
#8949 = LINE('',#8950,#8951);
#8950 = CARTESIAN_POINT('',(0.2,-0.25,-2.982518297014));
#8951 = VECTOR('',#8952,1.);
#8952 = DIRECTION('',(0.,0.99756405026,-6.975647374413E-02));
#8953 = ORIENTED_EDGE('',*,*,#8954,.T.);
#8954 = EDGE_CURVE('',#8947,#8931,#8955,.T.);
#8955 = LINE('',#8956,#8957);
#8956 = CARTESIAN_POINT('',(0.2,0.,-3.));
#8957 = VECTOR('',#8958,1.);
#8958 = DIRECTION('',(-1.,-0.,0.));
#8959 = PLANE('',#8960);
#8960 = AXIS2_PLACEMENT_3D('',#8961,#8962,#8963);
#8961 = CARTESIAN_POINT('',(0.2,-0.25,-2.982518297014));
#8962 = DIRECTION('',(0.,-6.975647374413E-02,-0.99756405026));
#8963 = DIRECTION('',(0.,-0.99756405026,6.975647374413E-02));
#8964 = ADVANCED_FACE('',(#8965),#8990,.F.);
#8965 = FACE_BOUND('',#8966,.T.);
#8966 = EDGE_LOOP('',(#8967,#8975,#8976,#8984));
#8967 = ORIENTED_EDGE('',*,*,#8968,.F.);
#8968 = EDGE_CURVE('',#8931,#8969,#8971,.T.);
#8969 = VERTEX_POINT('',#8970);
#8970 = CARTESIAN_POINT('',(-0.2,-5.421010862428E-17,-3.601676395599));
#8971 = LINE('',#8972,#8973);
#8972 = CARTESIAN_POINT('',(-0.2,0.,-3.));
#8973 = VECTOR('',#8974,1.);
#8974 = DIRECTION('',(0.,-9.009844664147E-17,-1.));
#8975 = ORIENTED_EDGE('',*,*,#8954,.F.);
#8976 = ORIENTED_EDGE('',*,*,#8977,.T.);
#8977 = EDGE_CURVE('',#8947,#8978,#8980,.T.);
#8978 = VERTEX_POINT('',#8979);
#8979 = CARTESIAN_POINT('',(0.2,-5.421010862428E-17,-3.601676395599));
#8980 = LINE('',#8981,#8982);
#8981 = CARTESIAN_POINT('',(0.2,0.,-3.));
#8982 = VECTOR('',#8983,1.);
#8983 = DIRECTION('',(0.,-9.009844664147E-17,-1.));
#8984 = ORIENTED_EDGE('',*,*,#8985,.T.);
#8985 = EDGE_CURVE('',#8978,#8969,#8986,.T.);
#8986 = LINE('',#8987,#8988);
#8987 = CARTESIAN_POINT('',(0.2,-5.421010862428E-17,-3.601676395599));
#8988 = VECTOR('',#8989,1.);
#8989 = DIRECTION('',(-1.,-0.,0.));
#8990 = PLANE('',#8991);
#8991 = AXIS2_PLACEMENT_3D('',#8992,#8993,#8994);
#8992 = CARTESIAN_POINT('',(0.2,0.,-3.));
#8993 = DIRECTION('',(0.,-1.,9.009844664147E-17));
#8994 = DIRECTION('',(0.,9.009844664147E-17,1.));
#8995 = ADVANCED_FACE('',(#8996),#9023,.T.);
#8996 = FACE_BOUND('',#8997,.T.);
#8997 = EDGE_LOOP('',(#8998,#9007,#9008,#9017));
#8998 = ORIENTED_EDGE('',*,*,#8999,.F.);
#8999 = EDGE_CURVE('',#8969,#9000,#9002,.T.);
#9000 = VERTEX_POINT('',#9001);
#9001 = CARTESIAN_POINT('',(-0.2,-0.279073057877,-3.900945610677));
#9002 = CIRCLE('',#9003,0.3);
#9003 = AXIS2_PLACEMENT_3D('',#9004,#9005,#9006);
#9004 = CARTESIAN_POINT('',(-0.2,-0.3,-3.601676395599));
#9005 = DIRECTION('',(-1.,0.,-0.));
#9006 = DIRECTION('',(-0.,0.,1.));
#9007 = ORIENTED_EDGE('',*,*,#8985,.F.);
#9008 = ORIENTED_EDGE('',*,*,#9009,.T.);
#9009 = EDGE_CURVE('',#8978,#9010,#9012,.T.);
#9010 = VERTEX_POINT('',#9011);
#9011 = CARTESIAN_POINT('',(0.2,-0.279073057877,-3.900945610677));
#9012 = CIRCLE('',#9013,0.3);
#9013 = AXIS2_PLACEMENT_3D('',#9014,#9015,#9016);
#9014 = CARTESIAN_POINT('',(0.2,-0.3,-3.601676395599));
#9015 = DIRECTION('',(-1.,0.,-0.));
#9016 = DIRECTION('',(-0.,0.,1.));
#9017 = ORIENTED_EDGE('',*,*,#9018,.T.);
#9018 = EDGE_CURVE('',#9010,#9000,#9019,.T.);
#9019 = LINE('',#9020,#9021);
#9020 = CARTESIAN_POINT('',(0.2,-0.279073057877,-3.900945610677));
#9021 = VECTOR('',#9022,1.);
#9022 = DIRECTION('',(-1.,-0.,0.));
#9023 = CYLINDRICAL_SURFACE('',#9024,0.3);
#9024 = AXIS2_PLACEMENT_3D('',#9025,#9026,#9027);
#9025 = CARTESIAN_POINT('',(0.2,-0.3,-3.601676395599));
#9026 = DIRECTION('',(-1.,-0.,0.));
#9027 = DIRECTION('',(-0.,0.,-1.));
#9028 = ADVANCED_FACE('',(#9029),#9054,.F.);
#9029 = FACE_BOUND('',#9030,.T.);
#9030 = EDGE_LOOP('',(#9031,#9039,#9040,#9048));
#9031 = ORIENTED_EDGE('',*,*,#9032,.F.);
#9032 = EDGE_CURVE('',#9000,#9033,#9035,.T.);
#9033 = VERTEX_POINT('',#9034);
#9034 = CARTESIAN_POINT('',(-0.2,-0.738098203554,-3.933043775716));
#9035 = LINE('',#9036,#9037);
#9036 = CARTESIAN_POINT('',(-0.2,-0.279073057877,-3.900945610677));
#9037 = VECTOR('',#9038,1.);
#9038 = DIRECTION('',(0.,-0.99756405026,-6.975647374412E-02));
#9039 = ORIENTED_EDGE('',*,*,#9018,.F.);
#9040 = ORIENTED_EDGE('',*,*,#9041,.T.);
#9041 = EDGE_CURVE('',#9010,#9042,#9044,.T.);
#9042 = VERTEX_POINT('',#9043);
#9043 = CARTESIAN_POINT('',(0.2,-0.738098203554,-3.933043775716));
#9044 = LINE('',#9045,#9046);
#9045 = CARTESIAN_POINT('',(0.2,-0.279073057877,-3.900945610677));
#9046 = VECTOR('',#9047,1.);
#9047 = DIRECTION('',(0.,-0.99756405026,-6.975647374412E-02));
#9048 = ORIENTED_EDGE('',*,*,#9049,.T.);
#9049 = EDGE_CURVE('',#9042,#9033,#9050,.T.);
#9050 = LINE('',#9051,#9052);
#9051 = CARTESIAN_POINT('',(0.2,-0.738098203554,-3.933043775716));
#9052 = VECTOR('',#9053,1.);
#9053 = DIRECTION('',(-1.,-0.,0.));
#9054 = PLANE('',#9055);
#9055 = AXIS2_PLACEMENT_3D('',#9056,#9057,#9058);
#9056 = CARTESIAN_POINT('',(0.2,-0.279073057877,-3.900945610677));
#9057 = DIRECTION('',(0.,-6.975647374412E-02,0.99756405026));
#9058 = DIRECTION('',(0.,0.99756405026,6.975647374412E-02));
#9059 = ADVANCED_FACE('',(#9060),#9087,.F.);
#9060 = FACE_BOUND('',#9061,.F.);
#9061 = EDGE_LOOP('',(#9062,#9072,#9079,#9080));
#9062 = ORIENTED_EDGE('',*,*,#9063,.F.);
#9063 = EDGE_CURVE('',#9064,#9066,#9068,.T.);
#9064 = VERTEX_POINT('',#9065);
#9065 = CARTESIAN_POINT('',(0.2,-0.784488582379,-3.979434154541));
#9066 = VERTEX_POINT('',#9067);
#9067 = CARTESIAN_POINT('',(-0.2,-0.784488582379,-3.979434154541));
#9068 = LINE('',#9069,#9070);
#9069 = CARTESIAN_POINT('',(0.2,-0.784488582379,-3.979434154541));
#9070 = VECTOR('',#9071,1.);
#9071 = DIRECTION('',(-1.,-0.,0.));
#9072 = ORIENTED_EDGE('',*,*,#9073,.F.);
#9073 = EDGE_CURVE('',#9042,#9064,#9074,.T.);
#9074 = CIRCLE('',#9075,5.E-02);
#9075 = AXIS2_PLACEMENT_3D('',#9076,#9077,#9078);
#9076 = CARTESIAN_POINT('',(0.2,-0.734610379866,-3.982921978229));
#9077 = DIRECTION('',(1.,-0.,0.));
#9078 = DIRECTION('',(0.,0.,-1.));
#9079 = ORIENTED_EDGE('',*,*,#9049,.T.);
#9080 = ORIENTED_EDGE('',*,*,#9081,.T.);
#9081 = EDGE_CURVE('',#9033,#9066,#9082,.T.);
#9082 = CIRCLE('',#9083,5.E-02);
#9083 = AXIS2_PLACEMENT_3D('',#9084,#9085,#9086);
#9084 = CARTESIAN_POINT('',(-0.2,-0.734610379866,-3.982921978229));
#9085 = DIRECTION('',(1.,-0.,0.));
#9086 = DIRECTION('',(0.,0.,-1.));
#9087 = CYLINDRICAL_SURFACE('',#9088,5.E-02);
#9088 = AXIS2_PLACEMENT_3D('',#9089,#9090,#9091);
#9089 = CARTESIAN_POINT('',(0.2,-0.734610379866,-3.982921978229));
#9090 = DIRECTION('',(-1.,-0.,0.));
#9091 = DIRECTION('',(-0.,0.,-1.));
#9092 = ADVANCED_FACE('',(#9093),#9118,.F.);
#9093 = FACE_BOUND('',#9094,.T.);
#9094 = EDGE_LOOP('',(#9095,#9103,#9104,#9112));
#9095 = ORIENTED_EDGE('',*,*,#9096,.F.);
#9096 = EDGE_CURVE('',#9066,#9097,#9099,.T.);
#9097 = VERTEX_POINT('',#9098);
#9098 = CARTESIAN_POINT('',(-0.2,-0.850608987435,-4.925));
#9099 = LINE('',#9100,#9101);
#9100 = CARTESIAN_POINT('',(-0.2,-0.784488582379,-3.979434154541));
#9101 = VECTOR('',#9102,1.);
#9102 = DIRECTION('',(0.,-6.975647374412E-02,-0.99756405026));
#9103 = ORIENTED_EDGE('',*,*,#9063,.F.);
#9104 = ORIENTED_EDGE('',*,*,#9105,.T.);
#9105 = EDGE_CURVE('',#9064,#9106,#9108,.T.);
#9106 = VERTEX_POINT('',#9107);
#9107 = CARTESIAN_POINT('',(0.2,-0.850608987435,-4.925));
#9108 = LINE('',#9109,#9110);
#9109 = CARTESIAN_POINT('',(0.2,-0.784488582379,-3.979434154541));
#9110 = VECTOR('',#9111,1.);
#9111 = DIRECTION('',(0.,-6.975647374412E-02,-0.99756405026));
#9112 = ORIENTED_EDGE('',*,*,#9113,.T.);
#9113 = EDGE_CURVE('',#9106,#9097,#9114,.T.);
#9114 = LINE('',#9115,#9116);
#9115 = CARTESIAN_POINT('',(0.2,-0.850608987435,-4.925));
#9116 = VECTOR('',#9117,1.);
#9117 = DIRECTION('',(-1.,-0.,0.));
#9118 = PLANE('',#9119);
#9119 = AXIS2_PLACEMENT_3D('',#9120,#9121,#9122);
#9120 = CARTESIAN_POINT('',(0.2,-0.784488582379,-3.979434154541));
#9121 = DIRECTION('',(0.,-0.99756405026,6.975647374412E-02));
#9122 = DIRECTION('',(0.,6.975647374412E-02,0.99756405026));
#9123 = ADVANCED_FACE('',(#9124),#9149,.F.);
#9124 = FACE_BOUND('',#9125,.T.);
#9125 = EDGE_LOOP('',(#9126,#9134,#9135,#9143));
#9126 = ORIENTED_EDGE('',*,*,#9127,.F.);
#9127 = EDGE_CURVE('',#9097,#9128,#9130,.T.);
#9128 = VERTEX_POINT('',#9129);
#9129 = CARTESIAN_POINT('',(-0.2,-1.1,-4.907560881564));
#9130 = LINE('',#9131,#9132);
#9131 = CARTESIAN_POINT('',(-0.2,-0.850608987435,-4.925));
#9132 = VECTOR('',#9133,1.);
#9133 = DIRECTION('',(0.,-0.99756405026,6.975647374412E-02));
#9134 = ORIENTED_EDGE('',*,*,#9113,.F.);
#9135 = ORIENTED_EDGE('',*,*,#9136,.T.);
#9136 = EDGE_CURVE('',#9106,#9137,#9139,.T.);
#9137 = VERTEX_POINT('',#9138);
#9138 = CARTESIAN_POINT('',(0.2,-1.1,-4.907560881564));
#9139 = LINE('',#9140,#9141);
#9140 = CARTESIAN_POINT('',(0.2,-0.850608987435,-4.925));
#9141 = VECTOR('',#9142,1.);
#9142 = DIRECTION('',(0.,-0.99756405026,6.975647374412E-02));
#9143 = ORIENTED_EDGE('',*,*,#9144,.T.);
#9144 = EDGE_CURVE('',#9137,#9128,#9145,.T.);
#9145 = LINE('',#9146,#9147);
#9146 = CARTESIAN_POINT('',(0.2,-1.1,-4.907560881564));
#9147 = VECTOR('',#9148,1.);
#9148 = DIRECTION('',(-1.,-0.,0.));
#9149 = PLANE('',#9150);
#9150 = AXIS2_PLACEMENT_3D('',#9151,#9152,#9153);
#9151 = CARTESIAN_POINT('',(0.2,-0.850608987435,-4.925));
#9152 = DIRECTION('',(0.,6.975647374412E-02,0.99756405026));
#9153 = DIRECTION('',(0.,0.99756405026,-6.975647374412E-02));
#9154 = ADVANCED_FACE('',(#9155),#9180,.F.);
#9155 = FACE_BOUND('',#9156,.T.);
#9156 = EDGE_LOOP('',(#9157,#9165,#9166,#9174));
#9157 = ORIENTED_EDGE('',*,*,#9158,.F.);
#9158 = EDGE_CURVE('',#9128,#9159,#9161,.T.);
#9159 = VERTEX_POINT('',#9160);
#9160 = CARTESIAN_POINT('',(-0.2,-1.033879594944,-3.961995036105));
#9161 = LINE('',#9162,#9163);
#9162 = CARTESIAN_POINT('',(-0.2,-1.1,-4.907560881564));
#9163 = VECTOR('',#9164,1.);
#9164 = DIRECTION('',(0.,6.975647374413E-02,0.99756405026));
#9165 = ORIENTED_EDGE('',*,*,#9144,.F.);
#9166 = ORIENTED_EDGE('',*,*,#9167,.T.);
#9167 = EDGE_CURVE('',#9137,#9168,#9170,.T.);
#9168 = VERTEX_POINT('',#9169);
#9169 = CARTESIAN_POINT('',(0.2,-1.033879594944,-3.961995036105));
#9170 = LINE('',#9171,#9172);
#9171 = CARTESIAN_POINT('',(0.2,-1.1,-4.907560881564));
#9172 = VECTOR('',#9173,1.);
#9173 = DIRECTION('',(0.,6.975647374413E-02,0.99756405026));
#9174 = ORIENTED_EDGE('',*,*,#9175,.T.);
#9175 = EDGE_CURVE('',#9168,#9159,#9176,.T.);
#9176 = LINE('',#9177,#9178);
#9177 = CARTESIAN_POINT('',(0.2,-1.033879594944,-3.961995036105));
#9178 = VECTOR('',#9179,1.);
#9179 = DIRECTION('',(-1.,-0.,0.));
#9180 = PLANE('',#9181);
#9181 = AXIS2_PLACEMENT_3D('',#9182,#9183,#9184);
#9182 = CARTESIAN_POINT('',(0.2,-1.1,-4.907560881564));
#9183 = DIRECTION('',(0.,0.99756405026,-6.975647374413E-02));
#9184 = DIRECTION('',(0.,-6.975647374413E-02,-0.99756405026));
#9185 = ADVANCED_FACE('',(#9186),#9213,.T.);
#9186 = FACE_BOUND('',#9187,.T.);
#9187 = EDGE_LOOP('',(#9188,#9197,#9198,#9207));
#9188 = ORIENTED_EDGE('',*,*,#9189,.F.);
#9189 = EDGE_CURVE('',#9159,#9190,#9192,.T.);
#9190 = VERTEX_POINT('',#9191);
#9191 = CARTESIAN_POINT('',(-0.2,-0.75553732199,-3.683652763151));
#9192 = CIRCLE('',#9193,0.3);
#9193 = AXIS2_PLACEMENT_3D('',#9194,#9195,#9196);
#9194 = CARTESIAN_POINT('',(-0.2,-0.734610379866,-3.982921978229));
#9195 = DIRECTION('',(-1.,0.,-0.));
#9196 = DIRECTION('',(-0.,0.,1.));
#9197 = ORIENTED_EDGE('',*,*,#9175,.F.);
#9198 = ORIENTED_EDGE('',*,*,#9199,.T.);
#9199 = EDGE_CURVE('',#9168,#9200,#9202,.T.);
#9200 = VERTEX_POINT('',#9201);
#9201 = CARTESIAN_POINT('',(0.2,-0.75553732199,-3.683652763151));
#9202 = CIRCLE('',#9203,0.3);
#9203 = AXIS2_PLACEMENT_3D('',#9204,#9205,#9206);
#9204 = CARTESIAN_POINT('',(0.2,-0.734610379866,-3.982921978229));
#9205 = DIRECTION('',(-1.,0.,-0.));
#9206 = DIRECTION('',(-0.,0.,1.));
#9207 = ORIENTED_EDGE('',*,*,#9208,.T.);
#9208 = EDGE_CURVE('',#9200,#9190,#9209,.T.);
#9209 = LINE('',#9210,#9211);
#9210 = CARTESIAN_POINT('',(0.2,-0.75553732199,-3.683652763151));
#9211 = VECTOR('',#9212,1.);
#9212 = DIRECTION('',(-1.,-0.,0.));
#9213 = CYLINDRICAL_SURFACE('',#9214,0.3);
#9214 = AXIS2_PLACEMENT_3D('',#9215,#9216,#9217);
#9215 = CARTESIAN_POINT('',(0.2,-0.734610379866,-3.982921978229));
#9216 = DIRECTION('',(-1.,-0.,0.));
#9217 = DIRECTION('',(-0.,0.,-1.));
#9218 = ADVANCED_FACE('',(#9219),#9244,.F.);
#9219 = FACE_BOUND('',#9220,.T.);
#9220 = EDGE_LOOP('',(#9221,#9229,#9230,#9238));
#9221 = ORIENTED_EDGE('',*,*,#9222,.F.);
#9222 = EDGE_CURVE('',#9190,#9223,#9225,.T.);
#9223 = VERTEX_POINT('',#9224);
#9224 = CARTESIAN_POINT('',(-0.2,-0.296512176313,-3.651554598112));
#9225 = LINE('',#9226,#9227);
#9226 = CARTESIAN_POINT('',(-0.2,-0.75553732199,-3.683652763151));
#9227 = VECTOR('',#9228,1.);
#9228 = DIRECTION('',(0.,0.99756405026,6.975647374413E-02));
#9229 = ORIENTED_EDGE('',*,*,#9208,.F.);
#9230 = ORIENTED_EDGE('',*,*,#9231,.T.);
#9231 = EDGE_CURVE('',#9200,#9232,#9234,.T.);
#9232 = VERTEX_POINT('',#9233);
#9233 = CARTESIAN_POINT('',(0.2,-0.296512176313,-3.651554598112));
#9234 = LINE('',#9235,#9236);
#9235 = CARTESIAN_POINT('',(0.2,-0.75553732199,-3.683652763151));
#9236 = VECTOR('',#9237,1.);
#9237 = DIRECTION('',(0.,0.99756405026,6.975647374413E-02));
#9238 = ORIENTED_EDGE('',*,*,#9239,.T.);
#9239 = EDGE_CURVE('',#9232,#9223,#9240,.T.);
#9240 = LINE('',#9241,#9242);
#9241 = CARTESIAN_POINT('',(0.2,-0.296512176313,-3.651554598112));
#9242 = VECTOR('',#9243,1.);
#9243 = DIRECTION('',(-1.,-0.,0.));
#9244 = PLANE('',#9245);
#9245 = AXIS2_PLACEMENT_3D('',#9246,#9247,#9248);
#9246 = CARTESIAN_POINT('',(0.2,-0.75553732199,-3.683652763151));
#9247 = DIRECTION('',(0.,6.975647374413E-02,-0.99756405026));
#9248 = DIRECTION('',(0.,-0.99756405026,-6.975647374413E-02));
#9249 = ADVANCED_FACE('',(#9250),#9277,.F.);
#9250 = FACE_BOUND('',#9251,.F.);
#9251 = EDGE_LOOP('',(#9252,#9262,#9269,#9270));
#9252 = ORIENTED_EDGE('',*,*,#9253,.F.);
#9253 = EDGE_CURVE('',#9254,#9256,#9258,.T.);
#9254 = VERTEX_POINT('',#9255);
#9255 = CARTESIAN_POINT('',(0.2,-0.25,-3.601676395599));
#9256 = VERTEX_POINT('',#9257);
#9257 = CARTESIAN_POINT('',(-0.2,-0.25,-3.601676395599));
#9258 = LINE('',#9259,#9260);
#9259 = CARTESIAN_POINT('',(0.2,-0.25,-3.601676395599));
#9260 = VECTOR('',#9261,1.);
#9261 = DIRECTION('',(-1.,-0.,0.));
#9262 = ORIENTED_EDGE('',*,*,#9263,.F.);
#9263 = EDGE_CURVE('',#9232,#9254,#9264,.T.);
#9264 = CIRCLE('',#9265,5.E-02);
#9265 = AXIS2_PLACEMENT_3D('',#9266,#9267,#9268);
#9266 = CARTESIAN_POINT('',(0.2,-0.3,-3.601676395599));
#9267 = DIRECTION('',(1.,-0.,0.));
#9268 = DIRECTION('',(0.,0.,-1.));
#9269 = ORIENTED_EDGE('',*,*,#9239,.T.);
#9270 = ORIENTED_EDGE('',*,*,#9271,.T.);
#9271 = EDGE_CURVE('',#9223,#9256,#9272,.T.);
#9272 = CIRCLE('',#9273,5.E-02);
#9273 = AXIS2_PLACEMENT_3D('',#9274,#9275,#9276);
#9274 = CARTESIAN_POINT('',(-0.2,-0.3,-3.601676395599));
#9275 = DIRECTION('',(1.,-0.,0.));
#9276 = DIRECTION('',(0.,0.,-1.));
#9277 = CYLINDRICAL_SURFACE('',#9278,5.E-02);
#9278 = AXIS2_PLACEMENT_3D('',#9279,#9280,#9281);
#9279 = CARTESIAN_POINT('',(0.2,-0.3,-3.601676395599));
#9280 = DIRECTION('',(-1.,-0.,0.));
#9281 = DIRECTION('',(-0.,0.,-1.));
#9282 = ADVANCED_FACE('',(#9283),#9299,.F.);
#9283 = FACE_BOUND('',#9284,.T.);
#9284 = EDGE_LOOP('',(#9285,#9291,#9292,#9298));
#9285 = ORIENTED_EDGE('',*,*,#9286,.F.);
#9286 = EDGE_CURVE('',#9256,#8929,#9287,.T.);
#9287 = LINE('',#9288,#9289);
#9288 = CARTESIAN_POINT('',(-0.2,-0.25,-3.601676395599));
#9289 = VECTOR('',#9290,1.);
#9290 = DIRECTION('',(0.,0.,1.));
#9291 = ORIENTED_EDGE('',*,*,#9253,.F.);
#9292 = ORIENTED_EDGE('',*,*,#9293,.T.);
#9293 = EDGE_CURVE('',#9254,#8939,#9294,.T.);
#9294 = LINE('',#9295,#9296);
#9295 = CARTESIAN_POINT('',(0.2,-0.25,-3.601676395599));
#9296 = VECTOR('',#9297,1.);
#9297 = DIRECTION('',(0.,0.,1.));
#9298 = ORIENTED_EDGE('',*,*,#8938,.T.);
#9299 = PLANE('',#9300);
#9300 = AXIS2_PLACEMENT_3D('',#9301,#9302,#9303);
#9301 = CARTESIAN_POINT('',(0.2,-0.25,-3.601676395599));
#9302 = DIRECTION('',(0.,1.,0.));
#9303 = DIRECTION('',(0.,0.,-1.));
#9304 = ADVANCED_FACE('',(#9305),#9319,.T.);
#9305 = FACE_BOUND('',#9306,.T.);
#9306 = EDGE_LOOP('',(#9307,#9308,#9309,#9310,#9311,#9312,#9313,#9314,
    #9315,#9316,#9317,#9318));
#9307 = ORIENTED_EDGE('',*,*,#8946,.F.);
#9308 = ORIENTED_EDGE('',*,*,#9293,.F.);
#9309 = ORIENTED_EDGE('',*,*,#9263,.F.);
#9310 = ORIENTED_EDGE('',*,*,#9231,.F.);
#9311 = ORIENTED_EDGE('',*,*,#9199,.F.);
#9312 = ORIENTED_EDGE('',*,*,#9167,.F.);
#9313 = ORIENTED_EDGE('',*,*,#9136,.F.);
#9314 = ORIENTED_EDGE('',*,*,#9105,.F.);
#9315 = ORIENTED_EDGE('',*,*,#9073,.F.);
#9316 = ORIENTED_EDGE('',*,*,#9041,.F.);
#9317 = ORIENTED_EDGE('',*,*,#9009,.F.);
#9318 = ORIENTED_EDGE('',*,*,#8977,.F.);
#9319 = PLANE('',#9320);
#9320 = AXIS2_PLACEMENT_3D('',#9321,#9322,#9323);
#9321 = CARTESIAN_POINT('',(0.2,-0.3,-3.601676395599));
#9322 = DIRECTION('',(1.,0.,-0.));
#9323 = DIRECTION('',(0.,0.,1.));
#9324 = ADVANCED_FACE('',(#9325),#9339,.F.);
#9325 = FACE_BOUND('',#9326,.T.);
#9326 = EDGE_LOOP('',(#9327,#9328,#9329,#9330,#9331,#9332,#9333,#9334,
    #9335,#9336,#9337,#9338));
#9327 = ORIENTED_EDGE('',*,*,#8928,.T.);
#9328 = ORIENTED_EDGE('',*,*,#8968,.T.);
#9329 = ORIENTED_EDGE('',*,*,#8999,.T.);
#9330 = ORIENTED_EDGE('',*,*,#9032,.T.);
#9331 = ORIENTED_EDGE('',*,*,#9081,.T.);
#9332 = ORIENTED_EDGE('',*,*,#9096,.T.);
#9333 = ORIENTED_EDGE('',*,*,#9127,.T.);
#9334 = ORIENTED_EDGE('',*,*,#9158,.T.);
#9335 = ORIENTED_EDGE('',*,*,#9189,.T.);
#9336 = ORIENTED_EDGE('',*,*,#9222,.T.);
#9337 = ORIENTED_EDGE('',*,*,#9271,.T.);
#9338 = ORIENTED_EDGE('',*,*,#9286,.T.);
#9339 = PLANE('',#9340);
#9340 = AXIS2_PLACEMENT_3D('',#9341,#9342,#9343);
#9341 = CARTESIAN_POINT('',(-0.2,-0.3,-3.601676395599));
#9342 = DIRECTION('',(1.,0.,-0.));
#9343 = DIRECTION('',(0.,0.,1.));
#9344 = MANIFOLD_SOLID_BREP('',#9345);
#9345 = CLOSED_SHELL('',(#9346,#9386,#9417,#9450,#9481,#9514,#9545,#9576
    ,#9607,#9640,#9671,#9704,#9726,#9746));
#9346 = ADVANCED_FACE('',(#9347),#9381,.F.);
#9347 = FACE_BOUND('',#9348,.T.);
#9348 = EDGE_LOOP('',(#9349,#9359,#9367,#9375));
#9349 = ORIENTED_EDGE('',*,*,#9350,.F.);
#9350 = EDGE_CURVE('',#9351,#9353,#9355,.T.);
#9351 = VERTEX_POINT('',#9352);
#9352 = CARTESIAN_POINT('',(1.07,-0.25,-2.982518297014));
#9353 = VERTEX_POINT('',#9354);
#9354 = CARTESIAN_POINT('',(1.07,0.,-3.));
#9355 = LINE('',#9356,#9357);
#9356 = CARTESIAN_POINT('',(1.07,-0.25,-2.982518297014));
#9357 = VECTOR('',#9358,1.);
#9358 = DIRECTION('',(0.,0.99756405026,-6.975647374413E-02));
#9359 = ORIENTED_EDGE('',*,*,#9360,.F.);
#9360 = EDGE_CURVE('',#9361,#9351,#9363,.T.);
#9361 = VERTEX_POINT('',#9362);
#9362 = CARTESIAN_POINT('',(1.47,-0.25,-2.982518297014));
#9363 = LINE('',#9364,#9365);
#9364 = CARTESIAN_POINT('',(1.47,-0.25,-2.982518297014));
#9365 = VECTOR('',#9366,1.);
#9366 = DIRECTION('',(-1.,-0.,0.));
#9367 = ORIENTED_EDGE('',*,*,#9368,.T.);
#9368 = EDGE_CURVE('',#9361,#9369,#9371,.T.);
#9369 = VERTEX_POINT('',#9370);
#9370 = CARTESIAN_POINT('',(1.47,0.,-3.));
#9371 = LINE('',#9372,#9373);
#9372 = CARTESIAN_POINT('',(1.47,-0.25,-2.982518297014));
#9373 = VECTOR('',#9374,1.);
#9374 = DIRECTION('',(0.,0.99756405026,-6.975647374413E-02));
#9375 = ORIENTED_EDGE('',*,*,#9376,.T.);
#9376 = EDGE_CURVE('',#9369,#9353,#9377,.T.);
#9377 = LINE('',#9378,#9379);
#9378 = CARTESIAN_POINT('',(1.47,0.,-3.));
#9379 = VECTOR('',#9380,1.);
#9380 = DIRECTION('',(-1.,-0.,0.));
#9381 = PLANE('',#9382);
#9382 = AXIS2_PLACEMENT_3D('',#9383,#9384,#9385);
#9383 = CARTESIAN_POINT('',(1.47,-0.25,-2.982518297014));
#9384 = DIRECTION('',(0.,-6.975647374413E-02,-0.99756405026));
#9385 = DIRECTION('',(0.,-0.99756405026,6.975647374413E-02));
#9386 = ADVANCED_FACE('',(#9387),#9412,.F.);
#9387 = FACE_BOUND('',#9388,.T.);
#9388 = EDGE_LOOP('',(#9389,#9397,#9398,#9406));
#9389 = ORIENTED_EDGE('',*,*,#9390,.F.);
#9390 = EDGE_CURVE('',#9353,#9391,#9393,.T.);
#9391 = VERTEX_POINT('',#9392);
#9392 = CARTESIAN_POINT('',(1.07,-5.421010862428E-17,-3.601676395599));
#9393 = LINE('',#9394,#9395);
#9394 = CARTESIAN_POINT('',(1.07,0.,-3.));
#9395 = VECTOR('',#9396,1.);
#9396 = DIRECTION('',(0.,-9.009844664147E-17,-1.));
#9397 = ORIENTED_EDGE('',*,*,#9376,.F.);
#9398 = ORIENTED_EDGE('',*,*,#9399,.T.);
#9399 = EDGE_CURVE('',#9369,#9400,#9402,.T.);
#9400 = VERTEX_POINT('',#9401);
#9401 = CARTESIAN_POINT('',(1.47,-5.421010862428E-17,-3.601676395599));
#9402 = LINE('',#9403,#9404);
#9403 = CARTESIAN_POINT('',(1.47,0.,-3.));
#9404 = VECTOR('',#9405,1.);
#9405 = DIRECTION('',(0.,-9.009844664147E-17,-1.));
#9406 = ORIENTED_EDGE('',*,*,#9407,.T.);
#9407 = EDGE_CURVE('',#9400,#9391,#9408,.T.);
#9408 = LINE('',#9409,#9410);
#9409 = CARTESIAN_POINT('',(1.47,-5.421010862428E-17,-3.601676395599));
#9410 = VECTOR('',#9411,1.);
#9411 = DIRECTION('',(-1.,-0.,0.));
#9412 = PLANE('',#9413);
#9413 = AXIS2_PLACEMENT_3D('',#9414,#9415,#9416);
#9414 = CARTESIAN_POINT('',(1.47,0.,-3.));
#9415 = DIRECTION('',(0.,-1.,9.009844664147E-17));
#9416 = DIRECTION('',(0.,9.009844664147E-17,1.));
#9417 = ADVANCED_FACE('',(#9418),#9445,.T.);
#9418 = FACE_BOUND('',#9419,.T.);
#9419 = EDGE_LOOP('',(#9420,#9429,#9430,#9439));
#9420 = ORIENTED_EDGE('',*,*,#9421,.F.);
#9421 = EDGE_CURVE('',#9391,#9422,#9424,.T.);
#9422 = VERTEX_POINT('',#9423);
#9423 = CARTESIAN_POINT('',(1.07,-0.279073057877,-3.900945610677));
#9424 = CIRCLE('',#9425,0.3);
#9425 = AXIS2_PLACEMENT_3D('',#9426,#9427,#9428);
#9426 = CARTESIAN_POINT('',(1.07,-0.3,-3.601676395599));
#9427 = DIRECTION('',(-1.,0.,-0.));
#9428 = DIRECTION('',(-0.,0.,1.));
#9429 = ORIENTED_EDGE('',*,*,#9407,.F.);
#9430 = ORIENTED_EDGE('',*,*,#9431,.T.);
#9431 = EDGE_CURVE('',#9400,#9432,#9434,.T.);
#9432 = VERTEX_POINT('',#9433);
#9433 = CARTESIAN_POINT('',(1.47,-0.279073057877,-3.900945610677));
#9434 = CIRCLE('',#9435,0.3);
#9435 = AXIS2_PLACEMENT_3D('',#9436,#9437,#9438);
#9436 = CARTESIAN_POINT('',(1.47,-0.3,-3.601676395599));
#9437 = DIRECTION('',(-1.,0.,-0.));
#9438 = DIRECTION('',(-0.,0.,1.));
#9439 = ORIENTED_EDGE('',*,*,#9440,.T.);
#9440 = EDGE_CURVE('',#9432,#9422,#9441,.T.);
#9441 = LINE('',#9442,#9443);
#9442 = CARTESIAN_POINT('',(1.47,-0.279073057877,-3.900945610677));
#9443 = VECTOR('',#9444,1.);
#9444 = DIRECTION('',(-1.,-0.,0.));
#9445 = CYLINDRICAL_SURFACE('',#9446,0.3);
#9446 = AXIS2_PLACEMENT_3D('',#9447,#9448,#9449);
#9447 = CARTESIAN_POINT('',(1.47,-0.3,-3.601676395599));
#9448 = DIRECTION('',(-1.,-0.,0.));
#9449 = DIRECTION('',(-0.,0.,-1.));
#9450 = ADVANCED_FACE('',(#9451),#9476,.F.);
#9451 = FACE_BOUND('',#9452,.T.);
#9452 = EDGE_LOOP('',(#9453,#9461,#9462,#9470));
#9453 = ORIENTED_EDGE('',*,*,#9454,.F.);
#9454 = EDGE_CURVE('',#9422,#9455,#9457,.T.);
#9455 = VERTEX_POINT('',#9456);
#9456 = CARTESIAN_POINT('',(1.07,-0.738098203554,-3.933043775716));
#9457 = LINE('',#9458,#9459);
#9458 = CARTESIAN_POINT('',(1.07,-0.279073057877,-3.900945610677));
#9459 = VECTOR('',#9460,1.);
#9460 = DIRECTION('',(0.,-0.99756405026,-6.975647374412E-02));
#9461 = ORIENTED_EDGE('',*,*,#9440,.F.);
#9462 = ORIENTED_EDGE('',*,*,#9463,.T.);
#9463 = EDGE_CURVE('',#9432,#9464,#9466,.T.);
#9464 = VERTEX_POINT('',#9465);
#9465 = CARTESIAN_POINT('',(1.47,-0.738098203554,-3.933043775716));
#9466 = LINE('',#9467,#9468);
#9467 = CARTESIAN_POINT('',(1.47,-0.279073057877,-3.900945610677));
#9468 = VECTOR('',#9469,1.);
#9469 = DIRECTION('',(0.,-0.99756405026,-6.975647374412E-02));
#9470 = ORIENTED_EDGE('',*,*,#9471,.T.);
#9471 = EDGE_CURVE('',#9464,#9455,#9472,.T.);
#9472 = LINE('',#9473,#9474);
#9473 = CARTESIAN_POINT('',(1.47,-0.738098203554,-3.933043775716));
#9474 = VECTOR('',#9475,1.);
#9475 = DIRECTION('',(-1.,-0.,0.));
#9476 = PLANE('',#9477);
#9477 = AXIS2_PLACEMENT_3D('',#9478,#9479,#9480);
#9478 = CARTESIAN_POINT('',(1.47,-0.279073057877,-3.900945610677));
#9479 = DIRECTION('',(0.,-6.975647374412E-02,0.99756405026));
#9480 = DIRECTION('',(0.,0.99756405026,6.975647374412E-02));
#9481 = ADVANCED_FACE('',(#9482),#9509,.F.);
#9482 = FACE_BOUND('',#9483,.F.);
#9483 = EDGE_LOOP('',(#9484,#9494,#9501,#9502));
#9484 = ORIENTED_EDGE('',*,*,#9485,.F.);
#9485 = EDGE_CURVE('',#9486,#9488,#9490,.T.);
#9486 = VERTEX_POINT('',#9487);
#9487 = CARTESIAN_POINT('',(1.47,-0.784488582379,-3.979434154541));
#9488 = VERTEX_POINT('',#9489);
#9489 = CARTESIAN_POINT('',(1.07,-0.784488582379,-3.979434154541));
#9490 = LINE('',#9491,#9492);
#9491 = CARTESIAN_POINT('',(1.47,-0.784488582379,-3.979434154541));
#9492 = VECTOR('',#9493,1.);
#9493 = DIRECTION('',(-1.,-0.,0.));
#9494 = ORIENTED_EDGE('',*,*,#9495,.F.);
#9495 = EDGE_CURVE('',#9464,#9486,#9496,.T.);
#9496 = CIRCLE('',#9497,5.E-02);
#9497 = AXIS2_PLACEMENT_3D('',#9498,#9499,#9500);
#9498 = CARTESIAN_POINT('',(1.47,-0.734610379866,-3.982921978229));
#9499 = DIRECTION('',(1.,-0.,0.));
#9500 = DIRECTION('',(0.,0.,-1.));
#9501 = ORIENTED_EDGE('',*,*,#9471,.T.);
#9502 = ORIENTED_EDGE('',*,*,#9503,.T.);
#9503 = EDGE_CURVE('',#9455,#9488,#9504,.T.);
#9504 = CIRCLE('',#9505,5.E-02);
#9505 = AXIS2_PLACEMENT_3D('',#9506,#9507,#9508);
#9506 = CARTESIAN_POINT('',(1.07,-0.734610379866,-3.982921978229));
#9507 = DIRECTION('',(1.,-0.,0.));
#9508 = DIRECTION('',(0.,0.,-1.));
#9509 = CYLINDRICAL_SURFACE('',#9510,5.E-02);
#9510 = AXIS2_PLACEMENT_3D('',#9511,#9512,#9513);
#9511 = CARTESIAN_POINT('',(1.47,-0.734610379866,-3.982921978229));
#9512 = DIRECTION('',(-1.,-0.,0.));
#9513 = DIRECTION('',(-0.,0.,-1.));
#9514 = ADVANCED_FACE('',(#9515),#9540,.F.);
#9515 = FACE_BOUND('',#9516,.T.);
#9516 = EDGE_LOOP('',(#9517,#9525,#9526,#9534));
#9517 = ORIENTED_EDGE('',*,*,#9518,.F.);
#9518 = EDGE_CURVE('',#9488,#9519,#9521,.T.);
#9519 = VERTEX_POINT('',#9520);
#9520 = CARTESIAN_POINT('',(1.07,-0.850608987435,-4.925));
#9521 = LINE('',#9522,#9523);
#9522 = CARTESIAN_POINT('',(1.07,-0.784488582379,-3.979434154541));
#9523 = VECTOR('',#9524,1.);
#9524 = DIRECTION('',(0.,-6.975647374412E-02,-0.99756405026));
#9525 = ORIENTED_EDGE('',*,*,#9485,.F.);
#9526 = ORIENTED_EDGE('',*,*,#9527,.T.);
#9527 = EDGE_CURVE('',#9486,#9528,#9530,.T.);
#9528 = VERTEX_POINT('',#9529);
#9529 = CARTESIAN_POINT('',(1.47,-0.850608987435,-4.925));
#9530 = LINE('',#9531,#9532);
#9531 = CARTESIAN_POINT('',(1.47,-0.784488582379,-3.979434154541));
#9532 = VECTOR('',#9533,1.);
#9533 = DIRECTION('',(0.,-6.975647374412E-02,-0.99756405026));
#9534 = ORIENTED_EDGE('',*,*,#9535,.T.);
#9535 = EDGE_CURVE('',#9528,#9519,#9536,.T.);
#9536 = LINE('',#9537,#9538);
#9537 = CARTESIAN_POINT('',(1.47,-0.850608987435,-4.925));
#9538 = VECTOR('',#9539,1.);
#9539 = DIRECTION('',(-1.,-0.,0.));
#9540 = PLANE('',#9541);
#9541 = AXIS2_PLACEMENT_3D('',#9542,#9543,#9544);
#9542 = CARTESIAN_POINT('',(1.47,-0.784488582379,-3.979434154541));
#9543 = DIRECTION('',(0.,-0.99756405026,6.975647374412E-02));
#9544 = DIRECTION('',(0.,6.975647374412E-02,0.99756405026));
#9545 = ADVANCED_FACE('',(#9546),#9571,.F.);
#9546 = FACE_BOUND('',#9547,.T.);
#9547 = EDGE_LOOP('',(#9548,#9556,#9557,#9565));
#9548 = ORIENTED_EDGE('',*,*,#9549,.F.);
#9549 = EDGE_CURVE('',#9519,#9550,#9552,.T.);
#9550 = VERTEX_POINT('',#9551);
#9551 = CARTESIAN_POINT('',(1.07,-1.1,-4.907560881564));
#9552 = LINE('',#9553,#9554);
#9553 = CARTESIAN_POINT('',(1.07,-0.850608987435,-4.925));
#9554 = VECTOR('',#9555,1.);
#9555 = DIRECTION('',(0.,-0.99756405026,6.975647374412E-02));
#9556 = ORIENTED_EDGE('',*,*,#9535,.F.);
#9557 = ORIENTED_EDGE('',*,*,#9558,.T.);
#9558 = EDGE_CURVE('',#9528,#9559,#9561,.T.);
#9559 = VERTEX_POINT('',#9560);
#9560 = CARTESIAN_POINT('',(1.47,-1.1,-4.907560881564));
#9561 = LINE('',#9562,#9563);
#9562 = CARTESIAN_POINT('',(1.47,-0.850608987435,-4.925));
#9563 = VECTOR('',#9564,1.);
#9564 = DIRECTION('',(0.,-0.99756405026,6.975647374412E-02));
#9565 = ORIENTED_EDGE('',*,*,#9566,.T.);
#9566 = EDGE_CURVE('',#9559,#9550,#9567,.T.);
#9567 = LINE('',#9568,#9569);
#9568 = CARTESIAN_POINT('',(1.47,-1.1,-4.907560881564));
#9569 = VECTOR('',#9570,1.);
#9570 = DIRECTION('',(-1.,-0.,0.));
#9571 = PLANE('',#9572);
#9572 = AXIS2_PLACEMENT_3D('',#9573,#9574,#9575);
#9573 = CARTESIAN_POINT('',(1.47,-0.850608987435,-4.925));
#9574 = DIRECTION('',(0.,6.975647374412E-02,0.99756405026));
#9575 = DIRECTION('',(0.,0.99756405026,-6.975647374412E-02));
#9576 = ADVANCED_FACE('',(#9577),#9602,.F.);
#9577 = FACE_BOUND('',#9578,.T.);
#9578 = EDGE_LOOP('',(#9579,#9587,#9588,#9596));
#9579 = ORIENTED_EDGE('',*,*,#9580,.F.);
#9580 = EDGE_CURVE('',#9550,#9581,#9583,.T.);
#9581 = VERTEX_POINT('',#9582);
#9582 = CARTESIAN_POINT('',(1.07,-1.033879594944,-3.961995036105));
#9583 = LINE('',#9584,#9585);
#9584 = CARTESIAN_POINT('',(1.07,-1.1,-4.907560881564));
#9585 = VECTOR('',#9586,1.);
#9586 = DIRECTION('',(0.,6.975647374413E-02,0.99756405026));
#9587 = ORIENTED_EDGE('',*,*,#9566,.F.);
#9588 = ORIENTED_EDGE('',*,*,#9589,.T.);
#9589 = EDGE_CURVE('',#9559,#9590,#9592,.T.);
#9590 = VERTEX_POINT('',#9591);
#9591 = CARTESIAN_POINT('',(1.47,-1.033879594944,-3.961995036105));
#9592 = LINE('',#9593,#9594);
#9593 = CARTESIAN_POINT('',(1.47,-1.1,-4.907560881564));
#9594 = VECTOR('',#9595,1.);
#9595 = DIRECTION('',(0.,6.975647374413E-02,0.99756405026));
#9596 = ORIENTED_EDGE('',*,*,#9597,.T.);
#9597 = EDGE_CURVE('',#9590,#9581,#9598,.T.);
#9598 = LINE('',#9599,#9600);
#9599 = CARTESIAN_POINT('',(1.47,-1.033879594944,-3.961995036105));
#9600 = VECTOR('',#9601,1.);
#9601 = DIRECTION('',(-1.,-0.,0.));
#9602 = PLANE('',#9603);
#9603 = AXIS2_PLACEMENT_3D('',#9604,#9605,#9606);
#9604 = CARTESIAN_POINT('',(1.47,-1.1,-4.907560881564));
#9605 = DIRECTION('',(0.,0.99756405026,-6.975647374413E-02));
#9606 = DIRECTION('',(0.,-6.975647374413E-02,-0.99756405026));
#9607 = ADVANCED_FACE('',(#9608),#9635,.T.);
#9608 = FACE_BOUND('',#9609,.T.);
#9609 = EDGE_LOOP('',(#9610,#9619,#9620,#9629));
#9610 = ORIENTED_EDGE('',*,*,#9611,.F.);
#9611 = EDGE_CURVE('',#9581,#9612,#9614,.T.);
#9612 = VERTEX_POINT('',#9613);
#9613 = CARTESIAN_POINT('',(1.07,-0.75553732199,-3.683652763151));
#9614 = CIRCLE('',#9615,0.3);
#9615 = AXIS2_PLACEMENT_3D('',#9616,#9617,#9618);
#9616 = CARTESIAN_POINT('',(1.07,-0.734610379866,-3.982921978229));
#9617 = DIRECTION('',(-1.,0.,-0.));
#9618 = DIRECTION('',(-0.,0.,1.));
#9619 = ORIENTED_EDGE('',*,*,#9597,.F.);
#9620 = ORIENTED_EDGE('',*,*,#9621,.T.);
#9621 = EDGE_CURVE('',#9590,#9622,#9624,.T.);
#9622 = VERTEX_POINT('',#9623);
#9623 = CARTESIAN_POINT('',(1.47,-0.75553732199,-3.683652763151));
#9624 = CIRCLE('',#9625,0.3);
#9625 = AXIS2_PLACEMENT_3D('',#9626,#9627,#9628);
#9626 = CARTESIAN_POINT('',(1.47,-0.734610379866,-3.982921978229));
#9627 = DIRECTION('',(-1.,0.,-0.));
#9628 = DIRECTION('',(-0.,0.,1.));
#9629 = ORIENTED_EDGE('',*,*,#9630,.T.);
#9630 = EDGE_CURVE('',#9622,#9612,#9631,.T.);
#9631 = LINE('',#9632,#9633);
#9632 = CARTESIAN_POINT('',(1.47,-0.75553732199,-3.683652763151));
#9633 = VECTOR('',#9634,1.);
#9634 = DIRECTION('',(-1.,-0.,0.));
#9635 = CYLINDRICAL_SURFACE('',#9636,0.3);
#9636 = AXIS2_PLACEMENT_3D('',#9637,#9638,#9639);
#9637 = CARTESIAN_POINT('',(1.47,-0.734610379866,-3.982921978229));
#9638 = DIRECTION('',(-1.,-0.,0.));
#9639 = DIRECTION('',(-0.,0.,-1.));
#9640 = ADVANCED_FACE('',(#9641),#9666,.F.);
#9641 = FACE_BOUND('',#9642,.T.);
#9642 = EDGE_LOOP('',(#9643,#9651,#9652,#9660));
#9643 = ORIENTED_EDGE('',*,*,#9644,.F.);
#9644 = EDGE_CURVE('',#9612,#9645,#9647,.T.);
#9645 = VERTEX_POINT('',#9646);
#9646 = CARTESIAN_POINT('',(1.07,-0.296512176313,-3.651554598112));
#9647 = LINE('',#9648,#9649);
#9648 = CARTESIAN_POINT('',(1.07,-0.75553732199,-3.683652763151));
#9649 = VECTOR('',#9650,1.);
#9650 = DIRECTION('',(0.,0.99756405026,6.975647374413E-02));
#9651 = ORIENTED_EDGE('',*,*,#9630,.F.);
#9652 = ORIENTED_EDGE('',*,*,#9653,.T.);
#9653 = EDGE_CURVE('',#9622,#9654,#9656,.T.);
#9654 = VERTEX_POINT('',#9655);
#9655 = CARTESIAN_POINT('',(1.47,-0.296512176313,-3.651554598112));
#9656 = LINE('',#9657,#9658);
#9657 = CARTESIAN_POINT('',(1.47,-0.75553732199,-3.683652763151));
#9658 = VECTOR('',#9659,1.);
#9659 = DIRECTION('',(0.,0.99756405026,6.975647374413E-02));
#9660 = ORIENTED_EDGE('',*,*,#9661,.T.);
#9661 = EDGE_CURVE('',#9654,#9645,#9662,.T.);
#9662 = LINE('',#9663,#9664);
#9663 = CARTESIAN_POINT('',(1.47,-0.296512176313,-3.651554598112));
#9664 = VECTOR('',#9665,1.);
#9665 = DIRECTION('',(-1.,-0.,0.));
#9666 = PLANE('',#9667);
#9667 = AXIS2_PLACEMENT_3D('',#9668,#9669,#9670);
#9668 = CARTESIAN_POINT('',(1.47,-0.75553732199,-3.683652763151));
#9669 = DIRECTION('',(0.,6.975647374413E-02,-0.99756405026));
#9670 = DIRECTION('',(0.,-0.99756405026,-6.975647374413E-02));
#9671 = ADVANCED_FACE('',(#9672),#9699,.F.);
#9672 = FACE_BOUND('',#9673,.F.);
#9673 = EDGE_LOOP('',(#9674,#9684,#9691,#9692));
#9674 = ORIENTED_EDGE('',*,*,#9675,.F.);
#9675 = EDGE_CURVE('',#9676,#9678,#9680,.T.);
#9676 = VERTEX_POINT('',#9677);
#9677 = CARTESIAN_POINT('',(1.47,-0.25,-3.601676395599));
#9678 = VERTEX_POINT('',#9679);
#9679 = CARTESIAN_POINT('',(1.07,-0.25,-3.601676395599));
#9680 = LINE('',#9681,#9682);
#9681 = CARTESIAN_POINT('',(1.47,-0.25,-3.601676395599));
#9682 = VECTOR('',#9683,1.);
#9683 = DIRECTION('',(-1.,-0.,0.));
#9684 = ORIENTED_EDGE('',*,*,#9685,.F.);
#9685 = EDGE_CURVE('',#9654,#9676,#9686,.T.);
#9686 = CIRCLE('',#9687,5.E-02);
#9687 = AXIS2_PLACEMENT_3D('',#9688,#9689,#9690);
#9688 = CARTESIAN_POINT('',(1.47,-0.3,-3.601676395599));
#9689 = DIRECTION('',(1.,-0.,0.));
#9690 = DIRECTION('',(0.,0.,-1.));
#9691 = ORIENTED_EDGE('',*,*,#9661,.T.);
#9692 = ORIENTED_EDGE('',*,*,#9693,.T.);
#9693 = EDGE_CURVE('',#9645,#9678,#9694,.T.);
#9694 = CIRCLE('',#9695,5.E-02);
#9695 = AXIS2_PLACEMENT_3D('',#9696,#9697,#9698);
#9696 = CARTESIAN_POINT('',(1.07,-0.3,-3.601676395599));
#9697 = DIRECTION('',(1.,-0.,0.));
#9698 = DIRECTION('',(0.,0.,-1.));
#9699 = CYLINDRICAL_SURFACE('',#9700,5.E-02);
#9700 = AXIS2_PLACEMENT_3D('',#9701,#9702,#9703);
#9701 = CARTESIAN_POINT('',(1.47,-0.3,-3.601676395599));
#9702 = DIRECTION('',(-1.,-0.,0.));
#9703 = DIRECTION('',(-0.,0.,-1.));
#9704 = ADVANCED_FACE('',(#9705),#9721,.F.);
#9705 = FACE_BOUND('',#9706,.T.);
#9706 = EDGE_LOOP('',(#9707,#9713,#9714,#9720));
#9707 = ORIENTED_EDGE('',*,*,#9708,.F.);
#9708 = EDGE_CURVE('',#9678,#9351,#9709,.T.);
#9709 = LINE('',#9710,#9711);
#9710 = CARTESIAN_POINT('',(1.07,-0.25,-3.601676395599));
#9711 = VECTOR('',#9712,1.);
#9712 = DIRECTION('',(0.,0.,1.));
#9713 = ORIENTED_EDGE('',*,*,#9675,.F.);
#9714 = ORIENTED_EDGE('',*,*,#9715,.T.);
#9715 = EDGE_CURVE('',#9676,#9361,#9716,.T.);
#9716 = LINE('',#9717,#9718);
#9717 = CARTESIAN_POINT('',(1.47,-0.25,-3.601676395599));
#9718 = VECTOR('',#9719,1.);
#9719 = DIRECTION('',(0.,0.,1.));
#9720 = ORIENTED_EDGE('',*,*,#9360,.T.);
#9721 = PLANE('',#9722);
#9722 = AXIS2_PLACEMENT_3D('',#9723,#9724,#9725);
#9723 = CARTESIAN_POINT('',(1.47,-0.25,-3.601676395599));
#9724 = DIRECTION('',(0.,1.,0.));
#9725 = DIRECTION('',(0.,0.,-1.));
#9726 = ADVANCED_FACE('',(#9727),#9741,.T.);
#9727 = FACE_BOUND('',#9728,.T.);
#9728 = EDGE_LOOP('',(#9729,#9730,#9731,#9732,#9733,#9734,#9735,#9736,
    #9737,#9738,#9739,#9740));
#9729 = ORIENTED_EDGE('',*,*,#9368,.F.);
#9730 = ORIENTED_EDGE('',*,*,#9715,.F.);
#9731 = ORIENTED_EDGE('',*,*,#9685,.F.);
#9732 = ORIENTED_EDGE('',*,*,#9653,.F.);
#9733 = ORIENTED_EDGE('',*,*,#9621,.F.);
#9734 = ORIENTED_EDGE('',*,*,#9589,.F.);
#9735 = ORIENTED_EDGE('',*,*,#9558,.F.);
#9736 = ORIENTED_EDGE('',*,*,#9527,.F.);
#9737 = ORIENTED_EDGE('',*,*,#9495,.F.);
#9738 = ORIENTED_EDGE('',*,*,#9463,.F.);
#9739 = ORIENTED_EDGE('',*,*,#9431,.F.);
#9740 = ORIENTED_EDGE('',*,*,#9399,.F.);
#9741 = PLANE('',#9742);
#9742 = AXIS2_PLACEMENT_3D('',#9743,#9744,#9745);
#9743 = CARTESIAN_POINT('',(1.47,-0.3,-3.601676395599));
#9744 = DIRECTION('',(1.,0.,-0.));
#9745 = DIRECTION('',(0.,0.,1.));
#9746 = ADVANCED_FACE('',(#9747),#9761,.F.);
#9747 = FACE_BOUND('',#9748,.T.);
#9748 = EDGE_LOOP('',(#9749,#9750,#9751,#9752,#9753,#9754,#9755,#9756,
    #9757,#9758,#9759,#9760));
#9749 = ORIENTED_EDGE('',*,*,#9350,.T.);
#9750 = ORIENTED_EDGE('',*,*,#9390,.T.);
#9751 = ORIENTED_EDGE('',*,*,#9421,.T.);
#9752 = ORIENTED_EDGE('',*,*,#9454,.T.);
#9753 = ORIENTED_EDGE('',*,*,#9503,.T.);
#9754 = ORIENTED_EDGE('',*,*,#9518,.T.);
#9755 = ORIENTED_EDGE('',*,*,#9549,.T.);
#9756 = ORIENTED_EDGE('',*,*,#9580,.T.);
#9757 = ORIENTED_EDGE('',*,*,#9611,.T.);
#9758 = ORIENTED_EDGE('',*,*,#9644,.T.);
#9759 = ORIENTED_EDGE('',*,*,#9693,.T.);
#9760 = ORIENTED_EDGE('',*,*,#9708,.T.);
#9761 = PLANE('',#9762);
#9762 = AXIS2_PLACEMENT_3D('',#9763,#9764,#9765);
#9763 = CARTESIAN_POINT('',(1.07,-0.3,-3.601676395599));
#9764 = DIRECTION('',(1.,0.,-0.));
#9765 = DIRECTION('',(0.,0.,1.));
#9766 = MANIFOLD_SOLID_BREP('',#9767);
#9767 = CLOSED_SHELL('',(#9768,#9810,#9852,#9894,#9936,#9978,#10020,
    #10062,#10104,#10146,#10188,#10230,#10272,#10304,#10516,#10558,
    #10600,#10631,#10664,#10695,#10728,#10759,#10792,#10814,#10844,
    #10893,#10918,#10942,#10967,#10991,#11016,#11033,#11200,#11224,
    #11242,#11260,#11278,#11296,#11314,#11332,#11344,#11368,#11386,
    #11404,#11422,#11440,#11458,#11476,#11488,#11587,#11605,#11623,
    #11640,#11657,#11674,#11691,#11708,#11725,#11742,#11759,#11771,
    #11803,#11827,#11852,#11869,#11891,#11909,#11927,#11947,#11963,
    #11975,#11993,#12003,#12021,#12031,#12049,#12059,#12077,#12087,
    #12105,#12115,#12133,#12143,#12161,#12171,#12189,#12199,#12217,
    #12227,#12245));
#9768 = ADVANCED_FACE('',(#9769),#9805,.F.);
#9769 = FACE_BOUND('',#9770,.F.);
#9770 = EDGE_LOOP('',(#9771,#9781,#9790,#9798));
#9771 = ORIENTED_EDGE('',*,*,#9772,.T.);
#9772 = EDGE_CURVE('',#9773,#9775,#9777,.T.);
#9773 = VERTEX_POINT('',#9774);
#9774 = CARTESIAN_POINT('',(1.174827221408,-0.9,1.652921966769));
#9775 = VERTEX_POINT('',#9776);
#9776 = CARTESIAN_POINT('',(1.174827221408,-1.,1.652921966769));
#9777 = LINE('',#9778,#9779);
#9778 = CARTESIAN_POINT('',(1.174827221408,-0.9,1.652921966769));
#9779 = VECTOR('',#9780,1.);
#9780 = DIRECTION('',(-0.,-1.,-0.));
#9781 = ORIENTED_EDGE('',*,*,#9782,.F.);
#9782 = EDGE_CURVE('',#9783,#9775,#9785,.T.);
#9783 = VERTEX_POINT('',#9784);
#9784 = CARTESIAN_POINT('',(1.174827221408,-1.,2.272921966769));
#9785 = CIRCLE('',#9786,0.31);
#9786 = AXIS2_PLACEMENT_3D('',#9787,#9788,#9789);
#9787 = CARTESIAN_POINT('',(1.174827221408,-1.,1.962921966769));
#9788 = DIRECTION('',(0.,-1.,0.));
#9789 = DIRECTION('',(0.,0.,-1.));
#9790 = ORIENTED_EDGE('',*,*,#9791,.F.);
#9791 = EDGE_CURVE('',#9792,#9783,#9794,.T.);
#9792 = VERTEX_POINT('',#9793);
#9793 = CARTESIAN_POINT('',(1.174827221408,-0.9,2.272921966769));
#9794 = LINE('',#9795,#9796);
#9795 = CARTESIAN_POINT('',(1.174827221408,-0.9,2.272921966769));
#9796 = VECTOR('',#9797,1.);
#9797 = DIRECTION('',(-0.,-1.,-0.));
#9798 = ORIENTED_EDGE('',*,*,#9799,.T.);
#9799 = EDGE_CURVE('',#9792,#9773,#9800,.T.);
#9800 = CIRCLE('',#9801,0.31);
#9801 = AXIS2_PLACEMENT_3D('',#9802,#9803,#9804);
#9802 = CARTESIAN_POINT('',(1.174827221408,-0.9,1.962921966769));
#9803 = DIRECTION('',(0.,-1.,0.));
#9804 = DIRECTION('',(0.,0.,-1.));
#9805 = CYLINDRICAL_SURFACE('',#9806,0.31);
#9806 = AXIS2_PLACEMENT_3D('',#9807,#9808,#9809);
#9807 = CARTESIAN_POINT('',(1.174827221408,-0.9,1.962921966769));
#9808 = DIRECTION('',(-0.,-1.,-0.));
#9809 = DIRECTION('',(0.,0.,-1.));
#9810 = ADVANCED_FACE('',(#9811),#9847,.F.);
#9811 = FACE_BOUND('',#9812,.F.);
#9812 = EDGE_LOOP('',(#9813,#9823,#9832,#9840));
#9813 = ORIENTED_EDGE('',*,*,#9814,.T.);
#9814 = EDGE_CURVE('',#9815,#9817,#9819,.T.);
#9815 = VERTEX_POINT('',#9816);
#9816 = CARTESIAN_POINT('',(1.80795118406,-0.9,2.08295118406));
#9817 = VERTEX_POINT('',#9818);
#9818 = CARTESIAN_POINT('',(1.80795118406,-1.,2.08295118406));
#9819 = LINE('',#9820,#9821);
#9820 = CARTESIAN_POINT('',(1.80795118406,-0.9,2.08295118406));
#9821 = VECTOR('',#9822,1.);
#9822 = DIRECTION('',(-0.,-1.,-0.));
#9823 = ORIENTED_EDGE('',*,*,#9824,.F.);
#9824 = EDGE_CURVE('',#9825,#9817,#9827,.T.);
#9825 = VERTEX_POINT('',#9826);
#9826 = CARTESIAN_POINT('',(1.80795118406,-1.,2.78295118406));
#9827 = CIRCLE('',#9828,0.35);
#9828 = AXIS2_PLACEMENT_3D('',#9829,#9830,#9831);
#9829 = CARTESIAN_POINT('',(1.80795118406,-1.,2.43295118406));
#9830 = DIRECTION('',(0.,-1.,0.));
#9831 = DIRECTION('',(0.,0.,-1.));
#9832 = ORIENTED_EDGE('',*,*,#9833,.F.);
#9833 = EDGE_CURVE('',#9834,#9825,#9836,.T.);
#9834 = VERTEX_POINT('',#9835);
#9835 = CARTESIAN_POINT('',(1.80795118406,-0.9,2.78295118406));
#9836 = LINE('',#9837,#9838);
#9837 = CARTESIAN_POINT('',(1.80795118406,-0.9,2.78295118406));
#9838 = VECTOR('',#9839,1.);
#9839 = DIRECTION('',(-0.,-1.,-0.));
#9840 = ORIENTED_EDGE('',*,*,#9841,.T.);
#9841 = EDGE_CURVE('',#9834,#9815,#9842,.T.);
#9842 = CIRCLE('',#9843,0.35);
#9843 = AXIS2_PLACEMENT_3D('',#9844,#9845,#9846);
#9844 = CARTESIAN_POINT('',(1.80795118406,-0.9,2.43295118406));
#9845 = DIRECTION('',(0.,-1.,0.));
#9846 = DIRECTION('',(0.,0.,-1.));
#9847 = CYLINDRICAL_SURFACE('',#9848,0.35);
#9848 = AXIS2_PLACEMENT_3D('',#9849,#9850,#9851);
#9849 = CARTESIAN_POINT('',(1.80795118406,-0.9,2.43295118406));
#9850 = DIRECTION('',(-0.,-1.,-0.));
#9851 = DIRECTION('',(0.,0.,-1.));
#9852 = ADVANCED_FACE('',(#9853),#9889,.F.);
#9853 = FACE_BOUND('',#9854,.F.);
#9854 = EDGE_LOOP('',(#9855,#9865,#9874,#9882));
#9855 = ORIENTED_EDGE('',*,*,#9856,.T.);
#9856 = EDGE_CURVE('',#9857,#9859,#9861,.T.);
#9857 = VERTEX_POINT('',#9858);
#9858 = CARTESIAN_POINT('',(-1.174827221408,-0.9,1.652921966769));
#9859 = VERTEX_POINT('',#9860);
#9860 = CARTESIAN_POINT('',(-1.174827221408,-1.,1.652921966769));
#9861 = LINE('',#9862,#9863);
#9862 = CARTESIAN_POINT('',(-1.174827221408,-0.9,1.652921966769));
#9863 = VECTOR('',#9864,1.);
#9864 = DIRECTION('',(-0.,-1.,-0.));
#9865 = ORIENTED_EDGE('',*,*,#9866,.F.);
#9866 = EDGE_CURVE('',#9867,#9859,#9869,.T.);
#9867 = VERTEX_POINT('',#9868);
#9868 = CARTESIAN_POINT('',(-1.174827221408,-1.,2.272921966769));
#9869 = CIRCLE('',#9870,0.31);
#9870 = AXIS2_PLACEMENT_3D('',#9871,#9872,#9873);
#9871 = CARTESIAN_POINT('',(-1.174827221408,-1.,1.962921966769));
#9872 = DIRECTION('',(0.,-1.,0.));
#9873 = DIRECTION('',(0.,0.,1.));
#9874 = ORIENTED_EDGE('',*,*,#9875,.F.);
#9875 = EDGE_CURVE('',#9876,#9867,#9878,.T.);
#9876 = VERTEX_POINT('',#9877);
#9877 = CARTESIAN_POINT('',(-1.174827221408,-0.9,2.272921966769));
#9878 = LINE('',#9879,#9880);
#9879 = CARTESIAN_POINT('',(-1.174827221408,-0.9,2.272921966769));
#9880 = VECTOR('',#9881,1.);
#9881 = DIRECTION('',(-0.,-1.,-0.));
#9882 = ORIENTED_EDGE('',*,*,#9883,.T.);
#9883 = EDGE_CURVE('',#9876,#9857,#9884,.T.);
#9884 = CIRCLE('',#9885,0.31);
#9885 = AXIS2_PLACEMENT_3D('',#9886,#9887,#9888);
#9886 = CARTESIAN_POINT('',(-1.174827221408,-0.9,1.962921966769));
#9887 = DIRECTION('',(0.,-1.,0.));
#9888 = DIRECTION('',(0.,0.,1.));
#9889 = CYLINDRICAL_SURFACE('',#9890,0.31);
#9890 = AXIS2_PLACEMENT_3D('',#9891,#9892,#9893);
#9891 = CARTESIAN_POINT('',(-1.174827221408,-0.9,1.962921966769));
#9892 = DIRECTION('',(-0.,-1.,-0.));
#9893 = DIRECTION('',(0.,0.,-1.));
#9894 = ADVANCED_FACE('',(#9895),#9931,.F.);
#9895 = FACE_BOUND('',#9896,.F.);
#9896 = EDGE_LOOP('',(#9897,#9907,#9916,#9924));
#9897 = ORIENTED_EDGE('',*,*,#9898,.T.);
#9898 = EDGE_CURVE('',#9899,#9901,#9903,.T.);
#9899 = VERTEX_POINT('',#9900);
#9900 = CARTESIAN_POINT('',(-1.80795118406,-0.9,2.08295118406));
#9901 = VERTEX_POINT('',#9902);
#9902 = CARTESIAN_POINT('',(-1.80795118406,-1.,2.08295118406));
#9903 = LINE('',#9904,#9905);
#9904 = CARTESIAN_POINT('',(-1.80795118406,-0.9,2.08295118406));
#9905 = VECTOR('',#9906,1.);
#9906 = DIRECTION('',(-0.,-1.,-0.));
#9907 = ORIENTED_EDGE('',*,*,#9908,.F.);
#9908 = EDGE_CURVE('',#9909,#9901,#9911,.T.);
#9909 = VERTEX_POINT('',#9910);
#9910 = CARTESIAN_POINT('',(-1.80795118406,-1.,2.78295118406));
#9911 = CIRCLE('',#9912,0.35);
#9912 = AXIS2_PLACEMENT_3D('',#9913,#9914,#9915);
#9913 = CARTESIAN_POINT('',(-1.80795118406,-1.,2.43295118406));
#9914 = DIRECTION('',(0.,-1.,0.));
#9915 = DIRECTION('',(0.,0.,1.));
#9916 = ORIENTED_EDGE('',*,*,#9917,.F.);
#9917 = EDGE_CURVE('',#9918,#9909,#9920,.T.);
#9918 = VERTEX_POINT('',#9919);
#9919 = CARTESIAN_POINT('',(-1.80795118406,-0.9,2.78295118406));
#9920 = LINE('',#9921,#9922);
#9921 = CARTESIAN_POINT('',(-1.80795118406,-0.9,2.78295118406));
#9922 = VECTOR('',#9923,1.);
#9923 = DIRECTION('',(-0.,-1.,-0.));
#9924 = ORIENTED_EDGE('',*,*,#9925,.T.);
#9925 = EDGE_CURVE('',#9918,#9899,#9926,.T.);
#9926 = CIRCLE('',#9927,0.35);
#9927 = AXIS2_PLACEMENT_3D('',#9928,#9929,#9930);
#9928 = CARTESIAN_POINT('',(-1.80795118406,-0.9,2.43295118406));
#9929 = DIRECTION('',(0.,-1.,0.));
#9930 = DIRECTION('',(0.,0.,1.));
#9931 = CYLINDRICAL_SURFACE('',#9932,0.35);
#9932 = AXIS2_PLACEMENT_3D('',#9933,#9934,#9935);
#9933 = CARTESIAN_POINT('',(-1.80795118406,-0.9,2.43295118406));
#9934 = DIRECTION('',(-0.,-1.,-0.));
#9935 = DIRECTION('',(0.,0.,-1.));
#9936 = ADVANCED_FACE('',(#9937),#9973,.F.);
#9937 = FACE_BOUND('',#9938,.F.);
#9938 = EDGE_LOOP('',(#9939,#9949,#9958,#9966));
#9939 = ORIENTED_EDGE('',*,*,#9940,.T.);
#9940 = EDGE_CURVE('',#9941,#9943,#9945,.T.);
#9941 = VERTEX_POINT('',#9942);
#9942 = CARTESIAN_POINT('',(1.174827221408,-0.9,-2.272921966769));
#9943 = VERTEX_POINT('',#9944);
#9944 = CARTESIAN_POINT('',(1.174827221408,-1.,-2.272921966769));
#9945 = LINE('',#9946,#9947);
#9946 = CARTESIAN_POINT('',(1.174827221408,-0.9,-2.272921966769));
#9947 = VECTOR('',#9948,1.);
#9948 = DIRECTION('',(-0.,-1.,-0.));
#9949 = ORIENTED_EDGE('',*,*,#9950,.F.);
#9950 = EDGE_CURVE('',#9951,#9943,#9953,.T.);
#9951 = VERTEX_POINT('',#9952);
#9952 = CARTESIAN_POINT('',(1.174827221408,-1.,-1.652921966769));
#9953 = CIRCLE('',#9954,0.31);
#9954 = AXIS2_PLACEMENT_3D('',#9955,#9956,#9957);
#9955 = CARTESIAN_POINT('',(1.174827221408,-1.,-1.962921966769));
#9956 = DIRECTION('',(0.,-1.,0.));
#9957 = DIRECTION('',(0.,0.,1.));
#9958 = ORIENTED_EDGE('',*,*,#9959,.F.);
#9959 = EDGE_CURVE('',#9960,#9951,#9962,.T.);
#9960 = VERTEX_POINT('',#9961);
#9961 = CARTESIAN_POINT('',(1.174827221408,-0.9,-1.652921966769));
#9962 = LINE('',#9963,#9964);
#9963 = CARTESIAN_POINT('',(1.174827221408,-0.9,-1.652921966769));
#9964 = VECTOR('',#9965,1.);
#9965 = DIRECTION('',(-0.,-1.,-0.));
#9966 = ORIENTED_EDGE('',*,*,#9967,.T.);
#9967 = EDGE_CURVE('',#9960,#9941,#9968,.T.);
#9968 = CIRCLE('',#9969,0.31);
#9969 = AXIS2_PLACEMENT_3D('',#9970,#9971,#9972);
#9970 = CARTESIAN_POINT('',(1.174827221408,-0.9,-1.962921966769));
#9971 = DIRECTION('',(0.,-1.,0.));
#9972 = DIRECTION('',(0.,0.,1.));
#9973 = CYLINDRICAL_SURFACE('',#9974,0.31);
#9974 = AXIS2_PLACEMENT_3D('',#9975,#9976,#9977);
#9975 = CARTESIAN_POINT('',(1.174827221408,-0.9,-1.962921966769));
#9976 = DIRECTION('',(-0.,-1.,-0.));
#9977 = DIRECTION('',(0.,0.,-1.));
#9978 = ADVANCED_FACE('',(#9979),#10015,.F.);
#9979 = FACE_BOUND('',#9980,.F.);
#9980 = EDGE_LOOP('',(#9981,#9991,#10000,#10008));
#9981 = ORIENTED_EDGE('',*,*,#9982,.T.);
#9982 = EDGE_CURVE('',#9983,#9985,#9987,.T.);
#9983 = VERTEX_POINT('',#9984);
#9984 = CARTESIAN_POINT('',(1.80795118406,-0.9,-2.78295118406));
#9985 = VERTEX_POINT('',#9986);
#9986 = CARTESIAN_POINT('',(1.80795118406,-1.,-2.78295118406));
#9987 = LINE('',#9988,#9989);
#9988 = CARTESIAN_POINT('',(1.80795118406,-0.9,-2.78295118406));
#9989 = VECTOR('',#9990,1.);
#9990 = DIRECTION('',(-0.,-1.,-0.));
#9991 = ORIENTED_EDGE('',*,*,#9992,.F.);
#9992 = EDGE_CURVE('',#9993,#9985,#9995,.T.);
#9993 = VERTEX_POINT('',#9994);
#9994 = CARTESIAN_POINT('',(1.80795118406,-1.,-2.08295118406));
#9995 = CIRCLE('',#9996,0.35);
#9996 = AXIS2_PLACEMENT_3D('',#9997,#9998,#9999);
#9997 = CARTESIAN_POINT('',(1.80795118406,-1.,-2.43295118406));
#9998 = DIRECTION('',(0.,-1.,0.));
#9999 = DIRECTION('',(0.,0.,1.));
#10000 = ORIENTED_EDGE('',*,*,#10001,.F.);
#10001 = EDGE_CURVE('',#10002,#9993,#10004,.T.);
#10002 = VERTEX_POINT('',#10003);
#10003 = CARTESIAN_POINT('',(1.80795118406,-0.9,-2.08295118406));
#10004 = LINE('',#10005,#10006);
#10005 = CARTESIAN_POINT('',(1.80795118406,-0.9,-2.08295118406));
#10006 = VECTOR('',#10007,1.);
#10007 = DIRECTION('',(-0.,-1.,-0.));
#10008 = ORIENTED_EDGE('',*,*,#10009,.T.);
#10009 = EDGE_CURVE('',#10002,#9983,#10010,.T.);
#10010 = CIRCLE('',#10011,0.35);
#10011 = AXIS2_PLACEMENT_3D('',#10012,#10013,#10014);
#10012 = CARTESIAN_POINT('',(1.80795118406,-0.9,-2.43295118406));
#10013 = DIRECTION('',(0.,-1.,0.));
#10014 = DIRECTION('',(0.,0.,1.));
#10015 = CYLINDRICAL_SURFACE('',#10016,0.35);
#10016 = AXIS2_PLACEMENT_3D('',#10017,#10018,#10019);
#10017 = CARTESIAN_POINT('',(1.80795118406,-0.9,-2.43295118406));
#10018 = DIRECTION('',(-0.,-1.,-0.));
#10019 = DIRECTION('',(0.,0.,-1.));
#10020 = ADVANCED_FACE('',(#10021),#10057,.F.);
#10021 = FACE_BOUND('',#10022,.F.);
#10022 = EDGE_LOOP('',(#10023,#10033,#10042,#10050));
#10023 = ORIENTED_EDGE('',*,*,#10024,.T.);
#10024 = EDGE_CURVE('',#10025,#10027,#10029,.T.);
#10025 = VERTEX_POINT('',#10026);
#10026 = CARTESIAN_POINT('',(5.322705363947E-16,-0.9,-2.32));
#10027 = VERTEX_POINT('',#10028);
#10028 = CARTESIAN_POINT('',(5.322705363947E-16,-1.,-2.32));
#10029 = LINE('',#10030,#10031);
#10030 = CARTESIAN_POINT('',(5.322705363947E-16,-0.9,-2.32));
#10031 = VECTOR('',#10032,1.);
#10032 = DIRECTION('',(-0.,-1.,-0.));
#10033 = ORIENTED_EDGE('',*,*,#10034,.F.);
#10034 = EDGE_CURVE('',#10035,#10027,#10037,.T.);
#10035 = VERTEX_POINT('',#10036);
#10036 = CARTESIAN_POINT('',(5.702345871682E-16,-1.,-1.7));
#10037 = CIRCLE('',#10038,0.31);
#10038 = AXIS2_PLACEMENT_3D('',#10039,#10040,#10041);
#10039 = CARTESIAN_POINT('',(5.322705363947E-16,-1.,-2.01));
#10040 = DIRECTION('',(0.,-1.,0.));
#10041 = DIRECTION('',(0.,0.,1.));
#10042 = ORIENTED_EDGE('',*,*,#10043,.F.);
#10043 = EDGE_CURVE('',#10044,#10035,#10046,.T.);
#10044 = VERTEX_POINT('',#10045);
#10045 = CARTESIAN_POINT('',(5.702345871682E-16,-0.9,-1.7));
#10046 = LINE('',#10047,#10048);
#10047 = CARTESIAN_POINT('',(5.702345871682E-16,-0.9,-1.7));
#10048 = VECTOR('',#10049,1.);
#10049 = DIRECTION('',(-0.,-1.,-0.));
#10050 = ORIENTED_EDGE('',*,*,#10051,.T.);
#10051 = EDGE_CURVE('',#10044,#10025,#10052,.T.);
#10052 = CIRCLE('',#10053,0.31);
#10053 = AXIS2_PLACEMENT_3D('',#10054,#10055,#10056);
#10054 = CARTESIAN_POINT('',(5.322705363947E-16,-0.9,-2.01));
#10055 = DIRECTION('',(0.,-1.,0.));
#10056 = DIRECTION('',(0.,0.,1.));
#10057 = CYLINDRICAL_SURFACE('',#10058,0.31);
#10058 = AXIS2_PLACEMENT_3D('',#10059,#10060,#10061);
#10059 = CARTESIAN_POINT('',(5.322705363947E-16,-0.9,-2.01));
#10060 = DIRECTION('',(-0.,-1.,-0.));
#10061 = DIRECTION('',(0.,0.,-1.));
#10062 = ADVANCED_FACE('',(#10063),#10099,.F.);
#10063 = FACE_BOUND('',#10064,.F.);
#10064 = EDGE_LOOP('',(#10065,#10075,#10084,#10092));
#10065 = ORIENTED_EDGE('',*,*,#10066,.T.);
#10066 = EDGE_CURVE('',#10067,#10069,#10071,.T.);
#10067 = VERTEX_POINT('',#10068);
#10068 = CARTESIAN_POINT('',(-1.174827221408,-0.9,-2.272921966769));
#10069 = VERTEX_POINT('',#10070);
#10070 = CARTESIAN_POINT('',(-1.174827221408,-1.,-2.272921966769));
#10071 = LINE('',#10072,#10073);
#10072 = CARTESIAN_POINT('',(-1.174827221408,-0.9,-2.272921966769));
#10073 = VECTOR('',#10074,1.);
#10074 = DIRECTION('',(-0.,-1.,-0.));
#10075 = ORIENTED_EDGE('',*,*,#10076,.F.);
#10076 = EDGE_CURVE('',#10077,#10069,#10079,.T.);
#10077 = VERTEX_POINT('',#10078);
#10078 = CARTESIAN_POINT('',(-1.174827221408,-1.,-1.652921966769));
#10079 = CIRCLE('',#10080,0.31);
#10080 = AXIS2_PLACEMENT_3D('',#10081,#10082,#10083);
#10081 = CARTESIAN_POINT('',(-1.174827221408,-1.,-1.962921966769));
#10082 = DIRECTION('',(0.,-1.,0.));
#10083 = DIRECTION('',(0.,0.,-1.));
#10084 = ORIENTED_EDGE('',*,*,#10085,.F.);
#10085 = EDGE_CURVE('',#10086,#10077,#10088,.T.);
#10086 = VERTEX_POINT('',#10087);
#10087 = CARTESIAN_POINT('',(-1.174827221408,-0.9,-1.652921966769));
#10088 = LINE('',#10089,#10090);
#10089 = CARTESIAN_POINT('',(-1.174827221408,-0.9,-1.652921966769));
#10090 = VECTOR('',#10091,1.);
#10091 = DIRECTION('',(-0.,-1.,-0.));
#10092 = ORIENTED_EDGE('',*,*,#10093,.T.);
#10093 = EDGE_CURVE('',#10086,#10067,#10094,.T.);
#10094 = CIRCLE('',#10095,0.31);
#10095 = AXIS2_PLACEMENT_3D('',#10096,#10097,#10098);
#10096 = CARTESIAN_POINT('',(-1.174827221408,-0.9,-1.962921966769));
#10097 = DIRECTION('',(0.,-1.,0.));
#10098 = DIRECTION('',(0.,0.,-1.));
#10099 = CYLINDRICAL_SURFACE('',#10100,0.31);
#10100 = AXIS2_PLACEMENT_3D('',#10101,#10102,#10103);
#10101 = CARTESIAN_POINT('',(-1.174827221408,-0.9,-1.962921966769));
#10102 = DIRECTION('',(-0.,-1.,-0.));
#10103 = DIRECTION('',(0.,0.,-1.));
#10104 = ADVANCED_FACE('',(#10105),#10141,.F.);
#10105 = FACE_BOUND('',#10106,.F.);
#10106 = EDGE_LOOP('',(#10107,#10117,#10126,#10134));
#10107 = ORIENTED_EDGE('',*,*,#10108,.T.);
#10108 = EDGE_CURVE('',#10109,#10111,#10113,.T.);
#10109 = VERTEX_POINT('',#10110);
#10110 = CARTESIAN_POINT('',(-1.80795118406,-0.9,-2.78295118406));
#10111 = VERTEX_POINT('',#10112);
#10112 = CARTESIAN_POINT('',(-1.80795118406,-1.,-2.78295118406));
#10113 = LINE('',#10114,#10115);
#10114 = CARTESIAN_POINT('',(-1.80795118406,-0.9,-2.78295118406));
#10115 = VECTOR('',#10116,1.);
#10116 = DIRECTION('',(-0.,-1.,-0.));
#10117 = ORIENTED_EDGE('',*,*,#10118,.F.);
#10118 = EDGE_CURVE('',#10119,#10111,#10121,.T.);
#10119 = VERTEX_POINT('',#10120);
#10120 = CARTESIAN_POINT('',(-1.80795118406,-1.,-2.08295118406));
#10121 = CIRCLE('',#10122,0.35);
#10122 = AXIS2_PLACEMENT_3D('',#10123,#10124,#10125);
#10123 = CARTESIAN_POINT('',(-1.80795118406,-1.,-2.43295118406));
#10124 = DIRECTION('',(0.,-1.,0.));
#10125 = DIRECTION('',(0.,0.,-1.));
#10126 = ORIENTED_EDGE('',*,*,#10127,.F.);
#10127 = EDGE_CURVE('',#10128,#10119,#10130,.T.);
#10128 = VERTEX_POINT('',#10129);
#10129 = CARTESIAN_POINT('',(-1.80795118406,-0.9,-2.08295118406));
#10130 = LINE('',#10131,#10132);
#10131 = CARTESIAN_POINT('',(-1.80795118406,-0.9,-2.08295118406));
#10132 = VECTOR('',#10133,1.);
#10133 = DIRECTION('',(-0.,-1.,-0.));
#10134 = ORIENTED_EDGE('',*,*,#10135,.T.);
#10135 = EDGE_CURVE('',#10128,#10109,#10136,.T.);
#10136 = CIRCLE('',#10137,0.35);
#10137 = AXIS2_PLACEMENT_3D('',#10138,#10139,#10140);
#10138 = CARTESIAN_POINT('',(-1.80795118406,-0.9,-2.43295118406));
#10139 = DIRECTION('',(0.,-1.,0.));
#10140 = DIRECTION('',(0.,0.,-1.));
#10141 = CYLINDRICAL_SURFACE('',#10142,0.35);
#10142 = AXIS2_PLACEMENT_3D('',#10143,#10144,#10145);
#10143 = CARTESIAN_POINT('',(-1.80795118406,-0.9,-2.43295118406));
#10144 = DIRECTION('',(-0.,-1.,-0.));
#10145 = DIRECTION('',(0.,0.,-1.));
#10146 = ADVANCED_FACE('',(#10147),#10183,.F.);
#10147 = FACE_BOUND('',#10148,.F.);
#10148 = EDGE_LOOP('',(#10149,#10159,#10168,#10176));
#10149 = ORIENTED_EDGE('',*,*,#10150,.T.);
#10150 = EDGE_CURVE('',#10151,#10153,#10155,.T.);
#10151 = VERTEX_POINT('',#10152);
#10152 = CARTESIAN_POINT('',(5.322705363947E-16,-0.9,1.7));
#10153 = VERTEX_POINT('',#10154);
#10154 = CARTESIAN_POINT('',(5.322705363947E-16,-1.,1.7));
#10155 = LINE('',#10156,#10157);
#10156 = CARTESIAN_POINT('',(5.322705363947E-16,-0.9,1.7));
#10157 = VECTOR('',#10158,1.);
#10158 = DIRECTION('',(-0.,-1.,-0.));
#10159 = ORIENTED_EDGE('',*,*,#10160,.F.);
#10160 = EDGE_CURVE('',#10161,#10153,#10163,.T.);
#10161 = VERTEX_POINT('',#10162);
#10162 = CARTESIAN_POINT('',(5.702345871682E-16,-1.,2.32));
#10163 = CIRCLE('',#10164,0.31);
#10164 = AXIS2_PLACEMENT_3D('',#10165,#10166,#10167);
#10165 = CARTESIAN_POINT('',(5.322705363947E-16,-1.,2.01));
#10166 = DIRECTION('',(0.,-1.,0.));
#10167 = DIRECTION('',(0.,0.,-1.));
#10168 = ORIENTED_EDGE('',*,*,#10169,.F.);
#10169 = EDGE_CURVE('',#10170,#10161,#10172,.T.);
#10170 = VERTEX_POINT('',#10171);
#10171 = CARTESIAN_POINT('',(5.702345871682E-16,-0.9,2.32));
#10172 = LINE('',#10173,#10174);
#10173 = CARTESIAN_POINT('',(5.702345871682E-16,-0.9,2.32));
#10174 = VECTOR('',#10175,1.);
#10175 = DIRECTION('',(-0.,-1.,-0.));
#10176 = ORIENTED_EDGE('',*,*,#10177,.T.);
#10177 = EDGE_CURVE('',#10170,#10151,#10178,.T.);
#10178 = CIRCLE('',#10179,0.31);
#10179 = AXIS2_PLACEMENT_3D('',#10180,#10181,#10182);
#10180 = CARTESIAN_POINT('',(5.322705363947E-16,-0.9,2.01));
#10181 = DIRECTION('',(0.,-1.,0.));
#10182 = DIRECTION('',(0.,0.,-1.));
#10183 = CYLINDRICAL_SURFACE('',#10184,0.31);
#10184 = AXIS2_PLACEMENT_3D('',#10185,#10186,#10187);
#10185 = CARTESIAN_POINT('',(5.322705363947E-16,-0.9,2.01));
#10186 = DIRECTION('',(-0.,-1.,-0.));
#10187 = DIRECTION('',(0.,0.,-1.));
#10188 = ADVANCED_FACE('',(#10189),#10225,.F.);
#10189 = FACE_BOUND('',#10190,.F.);
#10190 = EDGE_LOOP('',(#10191,#10201,#10210,#10218));
#10191 = ORIENTED_EDGE('',*,*,#10192,.T.);
#10192 = EDGE_CURVE('',#10193,#10195,#10197,.T.);
#10193 = VERTEX_POINT('',#10194);
#10194 = CARTESIAN_POINT('',(0.,-1.,-0.31));
#10195 = VERTEX_POINT('',#10196);
#10196 = CARTESIAN_POINT('',(0.,-7.25,-0.31));
#10197 = LINE('',#10198,#10199);
#10198 = CARTESIAN_POINT('',(0.,-0.123187591329,-0.31));
#10199 = VECTOR('',#10200,1.);
#10200 = DIRECTION('',(-0.,-1.,-0.));
#10201 = ORIENTED_EDGE('',*,*,#10202,.F.);
#10202 = EDGE_CURVE('',#10203,#10195,#10205,.T.);
#10203 = VERTEX_POINT('',#10204);
#10204 = CARTESIAN_POINT('',(3.796405077357E-17,-7.25,0.31));
#10205 = CIRCLE('',#10206,0.31);
#10206 = AXIS2_PLACEMENT_3D('',#10207,#10208,#10209);
#10207 = CARTESIAN_POINT('',(0.,-7.25,0.));
#10208 = DIRECTION('',(0.,-1.,0.));
#10209 = DIRECTION('',(0.,0.,-1.));
#10210 = ORIENTED_EDGE('',*,*,#10211,.F.);
#10211 = EDGE_CURVE('',#10212,#10203,#10214,.T.);
#10212 = VERTEX_POINT('',#10213);
#10213 = CARTESIAN_POINT('',(3.796405077357E-17,-1.,0.31));
#10214 = LINE('',#10215,#10216);
#10215 = CARTESIAN_POINT('',(3.796405077357E-17,-0.123187591329,0.31));
#10216 = VECTOR('',#10217,1.);
#10217 = DIRECTION('',(-0.,-1.,-0.));
#10218 = ORIENTED_EDGE('',*,*,#10219,.T.);
#10219 = EDGE_CURVE('',#10212,#10193,#10220,.T.);
#10220 = CIRCLE('',#10221,0.31);
#10221 = AXIS2_PLACEMENT_3D('',#10222,#10223,#10224);
#10222 = CARTESIAN_POINT('',(0.,-1.,0.));
#10223 = DIRECTION('',(0.,-1.,0.));
#10224 = DIRECTION('',(0.,0.,1.));
#10225 = CYLINDRICAL_SURFACE('',#10226,0.31);
#10226 = AXIS2_PLACEMENT_3D('',#10227,#10228,#10229);
#10227 = CARTESIAN_POINT('',(0.,-0.123187591329,0.));
#10228 = DIRECTION('',(-0.,-1.,-0.));
#10229 = DIRECTION('',(0.,0.,-1.));
#10230 = ADVANCED_FACE('',(#10231),#10267,.T.);
#10231 = FACE_BOUND('',#10232,.T.);
#10232 = EDGE_LOOP('',(#10233,#10244,#10252,#10261));
#10233 = ORIENTED_EDGE('',*,*,#10234,.T.);
#10234 = EDGE_CURVE('',#10235,#10237,#10239,.T.);
#10235 = VERTEX_POINT('',#10236);
#10236 = CARTESIAN_POINT('',(0.,-7.25,0.9));
#10237 = VERTEX_POINT('',#10238);
#10238 = CARTESIAN_POINT('',(1.347111479062E-16,-7.25,-0.9));
#10239 = CIRCLE('',#10240,0.9);
#10240 = AXIS2_PLACEMENT_3D('',#10241,#10242,#10243);
#10241 = CARTESIAN_POINT('',(0.,-7.25,0.));
#10242 = DIRECTION('',(-0.,1.,0.));
#10243 = DIRECTION('',(0.,0.,1.));
#10244 = ORIENTED_EDGE('',*,*,#10245,.T.);
#10245 = EDGE_CURVE('',#10237,#10246,#10248,.T.);
#10246 = VERTEX_POINT('',#10247);
#10247 = CARTESIAN_POINT('',(1.653273178849E-16,-6.557179676972,-1.3));
#10248 = LINE('',#10249,#10250);
#10249 = CARTESIAN_POINT('',(1.102182119233E-16,-7.25,-0.9));
#10250 = VECTOR('',#10251,1.);
#10251 = DIRECTION('',(6.123233995737E-17,0.866025403784,-0.5));
#10252 = ORIENTED_EDGE('',*,*,#10253,.F.);
#10253 = EDGE_CURVE('',#10254,#10246,#10256,.T.);
#10254 = VERTEX_POINT('',#10255);
#10255 = CARTESIAN_POINT('',(0.,-6.557179676972,1.3));
#10256 = CIRCLE('',#10257,1.3);
#10257 = AXIS2_PLACEMENT_3D('',#10258,#10259,#10260);
#10258 = CARTESIAN_POINT('',(0.,-6.557179676972,0.));
#10259 = DIRECTION('',(-0.,1.,0.));
#10260 = DIRECTION('',(0.,0.,1.));
#10261 = ORIENTED_EDGE('',*,*,#10262,.F.);
#10262 = EDGE_CURVE('',#10235,#10254,#10263,.T.);
#10263 = LINE('',#10264,#10265);
#10264 = CARTESIAN_POINT('',(0.,-7.25,0.9));
#10265 = VECTOR('',#10266,1.);
#10266 = DIRECTION('',(0.,0.866025403784,0.5));
#10267 = CONICAL_SURFACE('',#10268,0.9,0.523598775598);
#10268 = AXIS2_PLACEMENT_3D('',#10269,#10270,#10271);
#10269 = CARTESIAN_POINT('',(0.,-7.25,0.));
#10270 = DIRECTION('',(-0.,1.,-0.));
#10271 = DIRECTION('',(0.,0.,1.));
#10272 = ADVANCED_FACE('',(#10273),#10299,.T.);
#10273 = FACE_BOUND('',#10274,.T.);
#10274 = EDGE_LOOP('',(#10275,#10276,#10284,#10293));
#10275 = ORIENTED_EDGE('',*,*,#10253,.T.);
#10276 = ORIENTED_EDGE('',*,*,#10277,.T.);
#10277 = EDGE_CURVE('',#10246,#10278,#10280,.T.);
#10278 = VERTEX_POINT('',#10279);
#10279 = CARTESIAN_POINT('',(1.714505518806E-16,-2.5,-1.4));
#10280 = LINE('',#10281,#10282);
#10281 = CARTESIAN_POINT('',(1.592040838892E-16,-6.557179676972,-1.3));
#10282 = VECTOR('',#10283,1.);
#10283 = DIRECTION('',(3.01755178493E-18,0.999696384668,
    -2.464018023017E-02));
#10284 = ORIENTED_EDGE('',*,*,#10285,.F.);
#10285 = EDGE_CURVE('',#10286,#10278,#10288,.T.);
#10286 = VERTEX_POINT('',#10287);
#10287 = CARTESIAN_POINT('',(0.,-2.5,1.4));
#10288 = CIRCLE('',#10289,1.4);
#10289 = AXIS2_PLACEMENT_3D('',#10290,#10291,#10292);
#10290 = CARTESIAN_POINT('',(0.,-2.5,0.));
#10291 = DIRECTION('',(-0.,1.,0.));
#10292 = DIRECTION('',(0.,0.,1.));
#10293 = ORIENTED_EDGE('',*,*,#10294,.F.);
#10294 = EDGE_CURVE('',#10254,#10286,#10295,.T.);
#10295 = LINE('',#10296,#10297);
#10296 = CARTESIAN_POINT('',(0.,-6.557179676972,1.3));
#10297 = VECTOR('',#10298,1.);
#10298 = DIRECTION('',(0.,0.999696384668,2.464018023017E-02));
#10299 = CONICAL_SURFACE('',#10300,1.3,2.464267424523E-02);
#10300 = AXIS2_PLACEMENT_3D('',#10301,#10302,#10303);
#10301 = CARTESIAN_POINT('',(0.,-6.557179676972,0.));
#10302 = DIRECTION('',(-0.,1.,-0.));
#10303 = DIRECTION('',(0.,0.,1.));
#10304 = ADVANCED_FACE('',(#10305,#10315,#10325,#10335,#10345,#10355,
    #10365,#10375,#10385,#10395,#10405,#10475),#10511,.F.);
#10305 = FACE_BOUND('',#10306,.T.);
#10306 = EDGE_LOOP('',(#10307,#10314));
#10307 = ORIENTED_EDGE('',*,*,#10308,.F.);
#10308 = EDGE_CURVE('',#9775,#9783,#10309,.T.);
#10309 = CIRCLE('',#10310,0.31);
#10310 = AXIS2_PLACEMENT_3D('',#10311,#10312,#10313);
#10311 = CARTESIAN_POINT('',(1.174827221408,-1.,1.962921966769));
#10312 = DIRECTION('',(0.,-1.,0.));
#10313 = DIRECTION('',(0.,0.,-1.));
#10314 = ORIENTED_EDGE('',*,*,#9782,.F.);
#10315 = FACE_BOUND('',#10316,.T.);
#10316 = EDGE_LOOP('',(#10317,#10324));
#10317 = ORIENTED_EDGE('',*,*,#10318,.F.);
#10318 = EDGE_CURVE('',#9817,#9825,#10319,.T.);
#10319 = CIRCLE('',#10320,0.35);
#10320 = AXIS2_PLACEMENT_3D('',#10321,#10322,#10323);
#10321 = CARTESIAN_POINT('',(1.80795118406,-1.,2.43295118406));
#10322 = DIRECTION('',(0.,-1.,0.));
#10323 = DIRECTION('',(0.,0.,-1.));
#10324 = ORIENTED_EDGE('',*,*,#9824,.F.);
#10325 = FACE_BOUND('',#10326,.T.);
#10326 = EDGE_LOOP('',(#10327,#10334));
#10327 = ORIENTED_EDGE('',*,*,#10328,.F.);
#10328 = EDGE_CURVE('',#9859,#9867,#10329,.T.);
#10329 = CIRCLE('',#10330,0.31);
#10330 = AXIS2_PLACEMENT_3D('',#10331,#10332,#10333);
#10331 = CARTESIAN_POINT('',(-1.174827221408,-1.,1.962921966769));
#10332 = DIRECTION('',(0.,-1.,0.));
#10333 = DIRECTION('',(0.,0.,1.));
#10334 = ORIENTED_EDGE('',*,*,#9866,.F.);
#10335 = FACE_BOUND('',#10336,.T.);
#10336 = EDGE_LOOP('',(#10337,#10344));
#10337 = ORIENTED_EDGE('',*,*,#10338,.F.);
#10338 = EDGE_CURVE('',#9901,#9909,#10339,.T.);
#10339 = CIRCLE('',#10340,0.35);
#10340 = AXIS2_PLACEMENT_3D('',#10341,#10342,#10343);
#10341 = CARTESIAN_POINT('',(-1.80795118406,-1.,2.43295118406));
#10342 = DIRECTION('',(0.,-1.,0.));
#10343 = DIRECTION('',(0.,0.,1.));
#10344 = ORIENTED_EDGE('',*,*,#9908,.F.);
#10345 = FACE_BOUND('',#10346,.T.);
#10346 = EDGE_LOOP('',(#10347,#10354));
#10347 = ORIENTED_EDGE('',*,*,#10348,.F.);
#10348 = EDGE_CURVE('',#9943,#9951,#10349,.T.);
#10349 = CIRCLE('',#10350,0.31);
#10350 = AXIS2_PLACEMENT_3D('',#10351,#10352,#10353);
#10351 = CARTESIAN_POINT('',(1.174827221408,-1.,-1.962921966769));
#10352 = DIRECTION('',(0.,-1.,0.));
#10353 = DIRECTION('',(0.,0.,1.));
#10354 = ORIENTED_EDGE('',*,*,#9950,.F.);
#10355 = FACE_BOUND('',#10356,.T.);
#10356 = EDGE_LOOP('',(#10357,#10364));
#10357 = ORIENTED_EDGE('',*,*,#10358,.F.);
#10358 = EDGE_CURVE('',#9985,#9993,#10359,.T.);
#10359 = CIRCLE('',#10360,0.35);
#10360 = AXIS2_PLACEMENT_3D('',#10361,#10362,#10363);
#10361 = CARTESIAN_POINT('',(1.80795118406,-1.,-2.43295118406));
#10362 = DIRECTION('',(0.,-1.,0.));
#10363 = DIRECTION('',(0.,0.,1.));
#10364 = ORIENTED_EDGE('',*,*,#9992,.F.);
#10365 = FACE_BOUND('',#10366,.T.);
#10366 = EDGE_LOOP('',(#10367,#10374));
#10367 = ORIENTED_EDGE('',*,*,#10368,.F.);
#10368 = EDGE_CURVE('',#10027,#10035,#10369,.T.);
#10369 = CIRCLE('',#10370,0.31);
#10370 = AXIS2_PLACEMENT_3D('',#10371,#10372,#10373);
#10371 = CARTESIAN_POINT('',(5.322705363947E-16,-1.,-2.01));
#10372 = DIRECTION('',(0.,-1.,0.));
#10373 = DIRECTION('',(0.,0.,1.));
#10374 = ORIENTED_EDGE('',*,*,#10034,.F.);
#10375 = FACE_BOUND('',#10376,.T.);
#10376 = EDGE_LOOP('',(#10377,#10384));
#10377 = ORIENTED_EDGE('',*,*,#10378,.F.);
#10378 = EDGE_CURVE('',#10069,#10077,#10379,.T.);
#10379 = CIRCLE('',#10380,0.31);
#10380 = AXIS2_PLACEMENT_3D('',#10381,#10382,#10383);
#10381 = CARTESIAN_POINT('',(-1.174827221408,-1.,-1.962921966769));
#10382 = DIRECTION('',(0.,-1.,0.));
#10383 = DIRECTION('',(0.,0.,-1.));
#10384 = ORIENTED_EDGE('',*,*,#10076,.F.);
#10385 = FACE_BOUND('',#10386,.T.);
#10386 = EDGE_LOOP('',(#10387,#10394));
#10387 = ORIENTED_EDGE('',*,*,#10388,.F.);
#10388 = EDGE_CURVE('',#10111,#10119,#10389,.T.);
#10389 = CIRCLE('',#10390,0.35);
#10390 = AXIS2_PLACEMENT_3D('',#10391,#10392,#10393);
#10391 = CARTESIAN_POINT('',(-1.80795118406,-1.,-2.43295118406));
#10392 = DIRECTION('',(0.,-1.,0.));
#10393 = DIRECTION('',(0.,0.,-1.));
#10394 = ORIENTED_EDGE('',*,*,#10118,.F.);
#10395 = FACE_BOUND('',#10396,.T.);
#10396 = EDGE_LOOP('',(#10397,#10404));
#10397 = ORIENTED_EDGE('',*,*,#10398,.F.);
#10398 = EDGE_CURVE('',#10153,#10161,#10399,.T.);
#10399 = CIRCLE('',#10400,0.31);
#10400 = AXIS2_PLACEMENT_3D('',#10401,#10402,#10403);
#10401 = CARTESIAN_POINT('',(5.322705363947E-16,-1.,2.01));
#10402 = DIRECTION('',(0.,-1.,0.));
#10403 = DIRECTION('',(0.,0.,-1.));
#10404 = ORIENTED_EDGE('',*,*,#10160,.F.);
#10405 = FACE_BOUND('',#10406,.T.);
#10406 = EDGE_LOOP('',(#10407,#10418,#10426,#10435,#10443,#10452,#10460,
    #10469));
#10407 = ORIENTED_EDGE('',*,*,#10408,.T.);
#10408 = EDGE_CURVE('',#10409,#10411,#10413,.T.);
#10409 = VERTEX_POINT('',#10410);
#10410 = CARTESIAN_POINT('',(1.875,-1.,-2.836821679443));
#10411 = VERTEX_POINT('',#10412);
#10412 = CARTESIAN_POINT('',(2.211821679443,-1.,-2.5));
#10413 = CIRCLE('',#10414,0.336821679443);
#10414 = AXIS2_PLACEMENT_3D('',#10415,#10416,#10417);
#10415 = CARTESIAN_POINT('',(1.875,-1.,-2.5));
#10416 = DIRECTION('',(-0.,-1.,0.));
#10417 = DIRECTION('',(1.931352235306E-15,-0.,1.));
#10418 = ORIENTED_EDGE('',*,*,#10419,.T.);
#10419 = EDGE_CURVE('',#10411,#10420,#10422,.T.);
#10420 = VERTEX_POINT('',#10421);
#10421 = CARTESIAN_POINT('',(2.211821679443,-1.,2.5));
#10422 = LINE('',#10423,#10424);
#10423 = CARTESIAN_POINT('',(2.211821679443,-1.,2.5));
#10424 = VECTOR('',#10425,1.);
#10425 = DIRECTION('',(-0.,-0.,1.));
#10426 = ORIENTED_EDGE('',*,*,#10427,.T.);
#10427 = EDGE_CURVE('',#10420,#10428,#10430,.T.);
#10428 = VERTEX_POINT('',#10429);
#10429 = CARTESIAN_POINT('',(1.875,-1.,2.836821679443));
#10430 = CIRCLE('',#10431,0.336821679443);
#10431 = AXIS2_PLACEMENT_3D('',#10432,#10433,#10434);
#10432 = CARTESIAN_POINT('',(1.875,-1.,2.5));
#10433 = DIRECTION('',(-0.,-1.,0.));
#10434 = DIRECTION('',(3.283298800021E-14,-0.,1.));
#10435 = ORIENTED_EDGE('',*,*,#10436,.T.);
#10436 = EDGE_CURVE('',#10428,#10437,#10439,.T.);
#10437 = VERTEX_POINT('',#10438);
#10438 = CARTESIAN_POINT('',(-1.875,-1.,2.836821679443));
#10439 = LINE('',#10440,#10441);
#10440 = CARTESIAN_POINT('',(-1.875,-1.,2.836821679443));
#10441 = VECTOR('',#10442,1.);
#10442 = DIRECTION('',(-1.,-0.,1.156482317318E-16));
#10443 = ORIENTED_EDGE('',*,*,#10444,.T.);
#10444 = EDGE_CURVE('',#10437,#10445,#10447,.T.);
#10445 = VERTEX_POINT('',#10446);
#10446 = CARTESIAN_POINT('',(-2.211821679443,-1.,2.5));
#10447 = CIRCLE('',#10448,0.336821679443);
#10448 = AXIS2_PLACEMENT_3D('',#10449,#10450,#10451);
#10449 = CARTESIAN_POINT('',(-1.875,-1.,2.5));
#10450 = DIRECTION('',(0.,-1.,0.));
#10451 = DIRECTION('',(0.,0.,1.));
#10452 = ORIENTED_EDGE('',*,*,#10453,.T.);
#10453 = EDGE_CURVE('',#10445,#10454,#10456,.T.);
#10454 = VERTEX_POINT('',#10455);
#10455 = CARTESIAN_POINT('',(-2.211821679443,-1.,-2.5));
#10456 = LINE('',#10457,#10458);
#10457 = CARTESIAN_POINT('',(-2.211821679443,-1.,-2.5));
#10458 = VECTOR('',#10459,1.);
#10459 = DIRECTION('',(0.,-0.,-1.));
#10460 = ORIENTED_EDGE('',*,*,#10461,.T.);
#10461 = EDGE_CURVE('',#10454,#10462,#10464,.T.);
#10462 = VERTEX_POINT('',#10463);
#10463 = CARTESIAN_POINT('',(-1.875,-1.,-2.836821679443));
#10464 = CIRCLE('',#10465,0.336821679443);
#10465 = AXIS2_PLACEMENT_3D('',#10466,#10467,#10468);
#10466 = CARTESIAN_POINT('',(-1.875,-1.,-2.5));
#10467 = DIRECTION('',(0.,-1.,0.));
#10468 = DIRECTION('',(0.,0.,1.));
#10469 = ORIENTED_EDGE('',*,*,#10470,.T.);
#10470 = EDGE_CURVE('',#10462,#10409,#10471,.T.);
#10471 = LINE('',#10472,#10473);
#10472 = CARTESIAN_POINT('',(1.875,-1.,-2.836821679443));
#10473 = VECTOR('',#10474,1.);
#10474 = DIRECTION('',(1.,-0.,-2.312964634636E-16));
#10475 = FACE_BOUND('',#10476,.T.);
#10476 = EDGE_LOOP('',(#10477,#10488,#10496,#10505));
#10477 = ORIENTED_EDGE('',*,*,#10478,.F.);
#10478 = EDGE_CURVE('',#10479,#10481,#10483,.T.);
#10479 = VERTEX_POINT('',#10480);
#10480 = CARTESIAN_POINT('',(-1.024695076596,-1.,1.6));
#10481 = VERTEX_POINT('',#10482);
#10482 = CARTESIAN_POINT('',(-1.024695076596,-1.,-1.6));
#10483 = CIRCLE('',#10484,1.9);
#10484 = AXIS2_PLACEMENT_3D('',#10485,#10486,#10487);
#10485 = CARTESIAN_POINT('',(0.,-1.,0.));
#10486 = DIRECTION('',(0.,-1.,0.));
#10487 = DIRECTION('',(0.,0.,-1.));
#10488 = ORIENTED_EDGE('',*,*,#10489,.F.);
#10489 = EDGE_CURVE('',#10490,#10479,#10492,.T.);
#10490 = VERTEX_POINT('',#10491);
#10491 = CARTESIAN_POINT('',(1.024695076596,-1.,1.6));
#10492 = LINE('',#10493,#10494);
#10493 = CARTESIAN_POINT('',(-1.024695076596,-1.,1.6));
#10494 = VECTOR('',#10495,1.);
#10495 = DIRECTION('',(-1.,-0.,-0.));
#10496 = ORIENTED_EDGE('',*,*,#10497,.F.);
#10497 = EDGE_CURVE('',#10498,#10490,#10500,.T.);
#10498 = VERTEX_POINT('',#10499);
#10499 = CARTESIAN_POINT('',(1.024695076596,-1.,-1.6));
#10500 = CIRCLE('',#10501,1.9);
#10501 = AXIS2_PLACEMENT_3D('',#10502,#10503,#10504);
#10502 = CARTESIAN_POINT('',(0.,-1.,0.));
#10503 = DIRECTION('',(0.,-1.,0.));
#10504 = DIRECTION('',(0.,0.,-1.));
#10505 = ORIENTED_EDGE('',*,*,#10506,.F.);
#10506 = EDGE_CURVE('',#10481,#10498,#10507,.T.);
#10507 = LINE('',#10508,#10509);
#10508 = CARTESIAN_POINT('',(-1.024695076596,-1.,-1.6));
#10509 = VECTOR('',#10510,1.);
#10510 = DIRECTION('',(1.,0.,0.));
#10511 = PLANE('',#10512);
#10512 = AXIS2_PLACEMENT_3D('',#10513,#10514,#10515);
#10513 = CARTESIAN_POINT('',(1.875,-1.,2.5));
#10514 = DIRECTION('',(0.,1.,0.));
#10515 = DIRECTION('',(0.,-0.,1.));
#10516 = ADVANCED_FACE('',(#10517),#10553,.T.);
#10517 = FACE_BOUND('',#10518,.T.);
#10518 = EDGE_LOOP('',(#10519,#10530,#10538,#10547));
#10519 = ORIENTED_EDGE('',*,*,#10520,.F.);
#10520 = EDGE_CURVE('',#10521,#10523,#10525,.T.);
#10521 = VERTEX_POINT('',#10522);
#10522 = CARTESIAN_POINT('',(2.211821679443,1.,0.5));
#10523 = VERTEX_POINT('',#10524);
#10524 = CARTESIAN_POINT('',(2.311578084469,0.906975647374,0.5));
#10525 = CIRCLE('',#10526,1.E-01);
#10526 = AXIS2_PLACEMENT_3D('',#10527,#10528,#10529);
#10527 = CARTESIAN_POINT('',(2.211821679443,0.9,0.5));
#10528 = DIRECTION('',(0.,0.,-1.));
#10529 = DIRECTION('',(1.,4.336808689942E-15,0.));
#10530 = ORIENTED_EDGE('',*,*,#10531,.F.);
#10531 = EDGE_CURVE('',#10532,#10521,#10534,.T.);
#10532 = VERTEX_POINT('',#10533);
#10533 = CARTESIAN_POINT('',(2.211821679443,1.,2.5));
#10534 = LINE('',#10535,#10536);
#10535 = CARTESIAN_POINT('',(2.211821679443,1.,-2.5));
#10536 = VECTOR('',#10537,1.);
#10537 = DIRECTION('',(0.,-0.,-1.));
#10538 = ORIENTED_EDGE('',*,*,#10539,.F.);
#10539 = EDGE_CURVE('',#10540,#10532,#10542,.T.);
#10540 = VERTEX_POINT('',#10541);
#10541 = CARTESIAN_POINT('',(2.311578084469,0.906975647374,2.5));
#10542 = CIRCLE('',#10543,1.E-01);
#10543 = AXIS2_PLACEMENT_3D('',#10544,#10545,#10546);
#10544 = CARTESIAN_POINT('',(2.211821679443,0.9,2.5));
#10545 = DIRECTION('',(0.,0.,1.));
#10546 = DIRECTION('',(1.,0.,-0.));
#10547 = ORIENTED_EDGE('',*,*,#10548,.F.);
#10548 = EDGE_CURVE('',#10523,#10540,#10549,.T.);
#10549 = LINE('',#10550,#10551);
#10550 = CARTESIAN_POINT('',(2.311578084469,0.906975647374,2.5));
#10551 = VECTOR('',#10552,1.);
#10552 = DIRECTION('',(-0.,-0.,1.));
#10553 = CYLINDRICAL_SURFACE('',#10554,1.E-01);
#10554 = AXIS2_PLACEMENT_3D('',#10555,#10556,#10557);
#10555 = CARTESIAN_POINT('',(2.211821679443,0.9,2.5));
#10556 = DIRECTION('',(0.,0.,-1.));
#10557 = DIRECTION('',(-1.,0.,0.));
#10558 = ADVANCED_FACE('',(#10559),#10595,.T.);
#10559 = FACE_BOUND('',#10560,.T.);
#10560 = EDGE_LOOP('',(#10561,#10571,#10580,#10588));
#10561 = ORIENTED_EDGE('',*,*,#10562,.F.);
#10562 = EDGE_CURVE('',#10563,#10565,#10567,.T.);
#10563 = VERTEX_POINT('',#10564);
#10564 = CARTESIAN_POINT('',(1.875,-0.906975647374,2.936578084469));
#10565 = VERTEX_POINT('',#10566);
#10566 = CARTESIAN_POINT('',(1.875,0.,3.));
#10567 = LINE('',#10568,#10569);
#10568 = CARTESIAN_POINT('',(1.875,0.,3.));
#10569 = VECTOR('',#10570,1.);
#10570 = DIRECTION('',(8.067212840353E-18,0.99756405026,
    6.975647374413E-02));
#10571 = ORIENTED_EDGE('',*,*,#10572,.T.);
#10572 = EDGE_CURVE('',#10563,#10573,#10575,.T.);
#10573 = VERTEX_POINT('',#10574);
#10574 = CARTESIAN_POINT('',(2.311578084469,-0.906975647374,2.5));
#10575 = CIRCLE('',#10576,0.436578084469);
#10576 = AXIS2_PLACEMENT_3D('',#10577,#10578,#10579);
#10577 = CARTESIAN_POINT('',(1.875,-0.906975647374,2.5));
#10578 = DIRECTION('',(0.,1.,0.));
#10579 = DIRECTION('',(0.,-0.,1.));
#10580 = ORIENTED_EDGE('',*,*,#10581,.T.);
#10581 = EDGE_CURVE('',#10573,#10582,#10584,.T.);
#10582 = VERTEX_POINT('',#10583);
#10583 = CARTESIAN_POINT('',(2.375,0.,2.5));
#10584 = LINE('',#10585,#10586);
#10585 = CARTESIAN_POINT('',(2.375,0.,2.5));
#10586 = VECTOR('',#10587,1.);
#10587 = DIRECTION('',(6.975647374413E-02,0.99756405026,
    -4.840327704212E-16));
#10588 = ORIENTED_EDGE('',*,*,#10589,.F.);
#10589 = EDGE_CURVE('',#10565,#10582,#10590,.T.);
#10590 = CIRCLE('',#10591,0.5);
#10591 = AXIS2_PLACEMENT_3D('',#10592,#10593,#10594);
#10592 = CARTESIAN_POINT('',(1.875,0.,2.5));
#10593 = DIRECTION('',(0.,1.,0.));
#10594 = DIRECTION('',(0.,-0.,1.));
#10595 = CONICAL_SURFACE('',#10596,0.5,6.981317007977E-02);
#10596 = AXIS2_PLACEMENT_3D('',#10597,#10598,#10599);
#10597 = CARTESIAN_POINT('',(1.875,0.,2.5));
#10598 = DIRECTION('',(0.,1.,0.));
#10599 = DIRECTION('',(0.,-0.,1.));
#10600 = ADVANCED_FACE('',(#10601),#10626,.T.);
#10601 = FACE_BOUND('',#10602,.T.);
#10602 = EDGE_LOOP('',(#10603,#10613,#10619,#10620));
#10603 = ORIENTED_EDGE('',*,*,#10604,.F.);
#10604 = EDGE_CURVE('',#10605,#10607,#10609,.T.);
#10605 = VERTEX_POINT('',#10606);
#10606 = CARTESIAN_POINT('',(-1.875,-0.906975647374,2.936578084469));
#10607 = VERTEX_POINT('',#10608);
#10608 = CARTESIAN_POINT('',(-1.875,0.,3.));
#10609 = LINE('',#10610,#10611);
#10610 = CARTESIAN_POINT('',(-1.875,0.,3.));
#10611 = VECTOR('',#10612,1.);
#10612 = DIRECTION('',(4.537807222699E-16,0.99756405026,
    6.975647374413E-02));
#10613 = ORIENTED_EDGE('',*,*,#10614,.T.);
#10614 = EDGE_CURVE('',#10605,#10563,#10615,.T.);
#10615 = LINE('',#10616,#10617);
#10616 = CARTESIAN_POINT('',(1.875,-0.906975647374,2.936578084469));
#10617 = VECTOR('',#10618,1.);
#10618 = DIRECTION('',(1.,0.,-1.156482317318E-16));
#10619 = ORIENTED_EDGE('',*,*,#10562,.T.);
#10620 = ORIENTED_EDGE('',*,*,#10621,.F.);
#10621 = EDGE_CURVE('',#10607,#10565,#10622,.T.);
#10622 = LINE('',#10623,#10624);
#10623 = CARTESIAN_POINT('',(1.875,0.,3.));
#10624 = VECTOR('',#10625,1.);
#10625 = DIRECTION('',(1.,-0.,-1.156482317318E-16));
#10626 = PLANE('',#10627);
#10627 = AXIS2_PLACEMENT_3D('',#10628,#10629,#10630);
#10628 = CARTESIAN_POINT('',(1.875,0.,3.));
#10629 = DIRECTION('',(1.153665184517E-16,-6.975647374413E-02,
    0.99756405026));
#10630 = DIRECTION('',(0.,-0.99756405026,-6.975647374413E-02));
#10631 = ADVANCED_FACE('',(#10632),#10659,.T.);
#10632 = FACE_BOUND('',#10633,.T.);
#10633 = EDGE_LOOP('',(#10634,#10644,#10651,#10652));
#10634 = ORIENTED_EDGE('',*,*,#10635,.F.);
#10635 = EDGE_CURVE('',#10636,#10638,#10640,.T.);
#10636 = VERTEX_POINT('',#10637);
#10637 = CARTESIAN_POINT('',(-2.311578084469,-0.906975647374,2.5));
#10638 = VERTEX_POINT('',#10639);
#10639 = CARTESIAN_POINT('',(-2.375,0.,2.5));
#10640 = LINE('',#10641,#10642);
#10641 = CARTESIAN_POINT('',(-2.375,0.,2.5));
#10642 = VECTOR('',#10643,1.);
#10643 = DIRECTION('',(-6.975647374413E-02,0.99756405026,-0.));
#10644 = ORIENTED_EDGE('',*,*,#10645,.T.);
#10645 = EDGE_CURVE('',#10636,#10605,#10646,.T.);
#10646 = CIRCLE('',#10647,0.436578084469);
#10647 = AXIS2_PLACEMENT_3D('',#10648,#10649,#10650);
#10648 = CARTESIAN_POINT('',(-1.875,-0.906975647374,2.5));
#10649 = DIRECTION('',(0.,1.,0.));
#10650 = DIRECTION('',(0.,-0.,1.));
#10651 = ORIENTED_EDGE('',*,*,#10604,.T.);
#10652 = ORIENTED_EDGE('',*,*,#10653,.F.);
#10653 = EDGE_CURVE('',#10638,#10607,#10654,.T.);
#10654 = CIRCLE('',#10655,0.5);
#10655 = AXIS2_PLACEMENT_3D('',#10656,#10657,#10658);
#10656 = CARTESIAN_POINT('',(-1.875,0.,2.5));
#10657 = DIRECTION('',(0.,1.,0.));
#10658 = DIRECTION('',(0.,-0.,-1.));
#10659 = CONICAL_SURFACE('',#10660,0.5,6.981317007977E-02);
#10660 = AXIS2_PLACEMENT_3D('',#10661,#10662,#10663);
#10661 = CARTESIAN_POINT('',(-1.875,0.,2.5));
#10662 = DIRECTION('',(0.,1.,0.));
#10663 = DIRECTION('',(0.,0.,-1.));
#10664 = ADVANCED_FACE('',(#10665),#10690,.T.);
#10665 = FACE_BOUND('',#10666,.T.);
#10666 = EDGE_LOOP('',(#10667,#10677,#10683,#10684));
#10667 = ORIENTED_EDGE('',*,*,#10668,.F.);
#10668 = EDGE_CURVE('',#10669,#10671,#10673,.T.);
#10669 = VERTEX_POINT('',#10670);
#10670 = CARTESIAN_POINT('',(-2.311578084469,-0.906975647374,-2.5));
#10671 = VERTEX_POINT('',#10672);
#10672 = CARTESIAN_POINT('',(-2.375,0.,-2.5));
#10673 = LINE('',#10674,#10675);
#10674 = CARTESIAN_POINT('',(-2.375,0.,-2.5));
#10675 = VECTOR('',#10676,1.);
#10676 = DIRECTION('',(-6.975647374413E-02,0.99756405026,
    4.840327704212E-16));
#10677 = ORIENTED_EDGE('',*,*,#10678,.T.);
#10678 = EDGE_CURVE('',#10669,#10636,#10679,.T.);
#10679 = LINE('',#10680,#10681);
#10680 = CARTESIAN_POINT('',(-2.311578084469,-0.906975647374,2.5));
#10681 = VECTOR('',#10682,1.);
#10682 = DIRECTION('',(0.,0.,1.));
#10683 = ORIENTED_EDGE('',*,*,#10635,.T.);
#10684 = ORIENTED_EDGE('',*,*,#10685,.F.);
#10685 = EDGE_CURVE('',#10671,#10638,#10686,.T.);
#10686 = LINE('',#10687,#10688);
#10687 = CARTESIAN_POINT('',(-2.375,0.,2.5));
#10688 = VECTOR('',#10689,1.);
#10689 = DIRECTION('',(-0.,-0.,1.));
#10690 = PLANE('',#10691);
#10691 = AXIS2_PLACEMENT_3D('',#10692,#10693,#10694);
#10692 = CARTESIAN_POINT('',(-2.375,0.,2.5));
#10693 = DIRECTION('',(-0.99756405026,-6.975647374413E-02,0.));
#10694 = DIRECTION('',(6.975647374413E-02,-0.99756405026,0.));
#10695 = ADVANCED_FACE('',(#10696),#10723,.T.);
#10696 = FACE_BOUND('',#10697,.T.);
#10697 = EDGE_LOOP('',(#10698,#10708,#10715,#10716));
#10698 = ORIENTED_EDGE('',*,*,#10699,.F.);
#10699 = EDGE_CURVE('',#10700,#10702,#10704,.T.);
#10700 = VERTEX_POINT('',#10701);
#10701 = CARTESIAN_POINT('',(-1.875,-0.906975647374,-2.936578084469));
#10702 = VERTEX_POINT('',#10703);
#10703 = CARTESIAN_POINT('',(-1.875,0.,-3.));
#10704 = LINE('',#10705,#10706);
#10705 = CARTESIAN_POINT('',(-1.875,2.407412430484E-32,-3.));
#10706 = VECTOR('',#10707,1.);
#10707 = DIRECTION('',(-1.613442568071E-17,0.99756405026,
    -6.975647374413E-02));
#10708 = ORIENTED_EDGE('',*,*,#10709,.T.);
#10709 = EDGE_CURVE('',#10700,#10669,#10710,.T.);
#10710 = CIRCLE('',#10711,0.436578084469);
#10711 = AXIS2_PLACEMENT_3D('',#10712,#10713,#10714);
#10712 = CARTESIAN_POINT('',(-1.875,-0.906975647374,-2.5));
#10713 = DIRECTION('',(0.,1.,0.));
#10714 = DIRECTION('',(0.,-0.,1.));
#10715 = ORIENTED_EDGE('',*,*,#10668,.T.);
#10716 = ORIENTED_EDGE('',*,*,#10717,.F.);
#10717 = EDGE_CURVE('',#10702,#10671,#10718,.T.);
#10718 = CIRCLE('',#10719,0.5);
#10719 = AXIS2_PLACEMENT_3D('',#10720,#10721,#10722);
#10720 = CARTESIAN_POINT('',(-1.875,0.,-2.5));
#10721 = DIRECTION('',(0.,1.,0.));
#10722 = DIRECTION('',(0.,-0.,1.));
#10723 = CONICAL_SURFACE('',#10724,0.5,6.981317007977E-02);
#10724 = AXIS2_PLACEMENT_3D('',#10725,#10726,#10727);
#10725 = CARTESIAN_POINT('',(-1.875,0.,-2.5));
#10726 = DIRECTION('',(0.,1.,0.));
#10727 = DIRECTION('',(0.,-0.,1.));
#10728 = ADVANCED_FACE('',(#10729),#10754,.T.);
#10729 = FACE_BOUND('',#10730,.T.);
#10730 = EDGE_LOOP('',(#10731,#10741,#10747,#10748));
#10731 = ORIENTED_EDGE('',*,*,#10732,.F.);
#10732 = EDGE_CURVE('',#10733,#10735,#10737,.T.);
#10733 = VERTEX_POINT('',#10734);
#10734 = CARTESIAN_POINT('',(1.875,-0.906975647374,-2.936578084469));
#10735 = VERTEX_POINT('',#10736);
#10736 = CARTESIAN_POINT('',(1.875,0.,-3.));
#10737 = LINE('',#10738,#10739);
#10738 = CARTESIAN_POINT('',(1.875,0.,-3.));
#10739 = VECTOR('',#10740,1.);
#10740 = DIRECTION('',(-4.537807222699E-16,0.99756405026,
    -6.975647374413E-02));
#10741 = ORIENTED_EDGE('',*,*,#10742,.T.);
#10742 = EDGE_CURVE('',#10733,#10700,#10743,.T.);
#10743 = LINE('',#10744,#10745);
#10744 = CARTESIAN_POINT('',(-1.875,-0.906975647374,-2.936578084469));
#10745 = VECTOR('',#10746,1.);
#10746 = DIRECTION('',(-1.,0.,2.312964634636E-16));
#10747 = ORIENTED_EDGE('',*,*,#10699,.T.);
#10748 = ORIENTED_EDGE('',*,*,#10749,.F.);
#10749 = EDGE_CURVE('',#10735,#10702,#10750,.T.);
#10750 = LINE('',#10751,#10752);
#10751 = CARTESIAN_POINT('',(1.875,0.,-3.));
#10752 = VECTOR('',#10753,1.);
#10753 = DIRECTION('',(-1.,0.,2.312964634636E-16));
#10754 = PLANE('',#10755);
#10755 = AXIS2_PLACEMENT_3D('',#10756,#10757,#10758);
#10756 = CARTESIAN_POINT('',(1.875,0.,-3.));
#10757 = DIRECTION('',(-2.307330369035E-16,-6.975647374413E-02,
    -0.99756405026));
#10758 = DIRECTION('',(0.,0.99756405026,-6.975647374413E-02));
#10759 = ADVANCED_FACE('',(#10760),#10787,.T.);
#10760 = FACE_BOUND('',#10761,.T.);
#10761 = EDGE_LOOP('',(#10762,#10772,#10779,#10780));
#10762 = ORIENTED_EDGE('',*,*,#10763,.F.);
#10763 = EDGE_CURVE('',#10764,#10766,#10768,.T.);
#10764 = VERTEX_POINT('',#10765);
#10765 = CARTESIAN_POINT('',(2.311578084469,-0.906975647374,-2.5));
#10766 = VERTEX_POINT('',#10767);
#10767 = CARTESIAN_POINT('',(2.375,0.,-2.5));
#10768 = LINE('',#10769,#10770);
#10769 = CARTESIAN_POINT('',(2.375,0.,-2.5));
#10770 = VECTOR('',#10771,1.);
#10771 = DIRECTION('',(6.975647374413E-02,0.99756405026,0.));
#10772 = ORIENTED_EDGE('',*,*,#10773,.T.);
#10773 = EDGE_CURVE('',#10764,#10733,#10774,.T.);
#10774 = CIRCLE('',#10775,0.436578084469);
#10775 = AXIS2_PLACEMENT_3D('',#10776,#10777,#10778);
#10776 = CARTESIAN_POINT('',(1.875,-0.906975647374,-2.5));
#10777 = DIRECTION('',(0.,1.,0.));
#10778 = DIRECTION('',(0.,-0.,1.));
#10779 = ORIENTED_EDGE('',*,*,#10732,.T.);
#10780 = ORIENTED_EDGE('',*,*,#10781,.F.);
#10781 = EDGE_CURVE('',#10766,#10735,#10782,.T.);
#10782 = CIRCLE('',#10783,0.5);
#10783 = AXIS2_PLACEMENT_3D('',#10784,#10785,#10786);
#10784 = CARTESIAN_POINT('',(1.875,0.,-2.5));
#10785 = DIRECTION('',(0.,1.,0.));
#10786 = DIRECTION('',(0.,-0.,1.));
#10787 = CONICAL_SURFACE('',#10788,0.5,6.981317007977E-02);
#10788 = AXIS2_PLACEMENT_3D('',#10789,#10790,#10791);
#10789 = CARTESIAN_POINT('',(1.875,0.,-2.5));
#10790 = DIRECTION('',(0.,1.,0.));
#10791 = DIRECTION('',(0.,-0.,1.));
#10792 = ADVANCED_FACE('',(#10793),#10809,.T.);
#10793 = FACE_BOUND('',#10794,.T.);
#10794 = EDGE_LOOP('',(#10795,#10796,#10802,#10803));
#10795 = ORIENTED_EDGE('',*,*,#10581,.F.);
#10796 = ORIENTED_EDGE('',*,*,#10797,.T.);
#10797 = EDGE_CURVE('',#10573,#10764,#10798,.T.);
#10798 = LINE('',#10799,#10800);
#10799 = CARTESIAN_POINT('',(2.311578084469,-0.906975647374,-2.5));
#10800 = VECTOR('',#10801,1.);
#10801 = DIRECTION('',(0.,0.,-1.));
#10802 = ORIENTED_EDGE('',*,*,#10763,.T.);
#10803 = ORIENTED_EDGE('',*,*,#10804,.F.);
#10804 = EDGE_CURVE('',#10582,#10766,#10805,.T.);
#10805 = LINE('',#10806,#10807);
#10806 = CARTESIAN_POINT('',(2.375,0.,2.5));
#10807 = VECTOR('',#10808,1.);
#10808 = DIRECTION('',(0.,0.,-1.));
#10809 = PLANE('',#10810);
#10810 = AXIS2_PLACEMENT_3D('',#10811,#10812,#10813);
#10811 = CARTESIAN_POINT('',(2.375,0.,2.5));
#10812 = DIRECTION('',(0.99756405026,-6.975647374413E-02,0.));
#10813 = DIRECTION('',(6.975647374413E-02,0.99756405026,0.));
#10814 = ADVANCED_FACE('',(#10815),#10839,.T.);
#10815 = FACE_BOUND('',#10816,.T.);
#10816 = EDGE_LOOP('',(#10817,#10823,#10832,#10838));
#10817 = ORIENTED_EDGE('',*,*,#10818,.F.);
#10818 = EDGE_CURVE('',#10540,#10582,#10819,.T.);
#10819 = LINE('',#10820,#10821);
#10820 = CARTESIAN_POINT('',(2.375,0.,2.5));
#10821 = VECTOR('',#10822,1.);
#10822 = DIRECTION('',(6.975647374413E-02,-0.99756405026,-0.));
#10823 = ORIENTED_EDGE('',*,*,#10824,.T.);
#10824 = EDGE_CURVE('',#10540,#10825,#10827,.T.);
#10825 = VERTEX_POINT('',#10826);
#10826 = CARTESIAN_POINT('',(1.875,0.906975647374,2.936578084469));
#10827 = CIRCLE('',#10828,0.436578084469);
#10828 = AXIS2_PLACEMENT_3D('',#10829,#10830,#10831);
#10829 = CARTESIAN_POINT('',(1.875,0.906975647374,2.5));
#10830 = DIRECTION('',(0.,-1.,-0.));
#10831 = DIRECTION('',(0.,0.,-1.));
#10832 = ORIENTED_EDGE('',*,*,#10833,.T.);
#10833 = EDGE_CURVE('',#10825,#10565,#10834,.T.);
#10834 = LINE('',#10835,#10836);
#10835 = CARTESIAN_POINT('',(1.875,0.,3.));
#10836 = VECTOR('',#10837,1.);
#10837 = DIRECTION('',(-4.840327704212E-16,-0.99756405026,
    6.975647374413E-02));
#10838 = ORIENTED_EDGE('',*,*,#10589,.T.);
#10839 = CONICAL_SURFACE('',#10840,0.5,6.981317007977E-02);
#10840 = AXIS2_PLACEMENT_3D('',#10841,#10842,#10843);
#10841 = CARTESIAN_POINT('',(1.875,0.,2.5));
#10842 = DIRECTION('',(-0.,-1.,-0.));
#10843 = DIRECTION('',(0.,0.,1.));
#10844 = ADVANCED_FACE('',(#10845),#10888,.T.);
#10845 = FACE_BOUND('',#10846,.T.);
#10846 = EDGE_LOOP('',(#10847,#10857,#10863,#10864,#10865,#10866,#10874,
    #10882));
#10847 = ORIENTED_EDGE('',*,*,#10848,.F.);
#10848 = EDGE_CURVE('',#10849,#10851,#10853,.T.);
#10849 = VERTEX_POINT('',#10850);
#10850 = CARTESIAN_POINT('',(2.340036594028,0.5,0.5));
#10851 = VERTEX_POINT('',#10852);
#10852 = CARTESIAN_POINT('',(2.340036594028,0.5,-0.5));
#10853 = LINE('',#10854,#10855);
#10854 = CARTESIAN_POINT('',(2.340036594028,0.5,2.5));
#10855 = VECTOR('',#10856,1.);
#10856 = DIRECTION('',(-0.,-0.,-1.));
#10857 = ORIENTED_EDGE('',*,*,#10858,.T.);
#10858 = EDGE_CURVE('',#10849,#10523,#10859,.T.);
#10859 = LINE('',#10860,#10861);
#10860 = CARTESIAN_POINT('',(2.375,0.,0.5));
#10861 = VECTOR('',#10862,1.);
#10862 = DIRECTION('',(-6.975647374413E-02,0.99756405026,-0.));
#10863 = ORIENTED_EDGE('',*,*,#10548,.T.);
#10864 = ORIENTED_EDGE('',*,*,#10818,.T.);
#10865 = ORIENTED_EDGE('',*,*,#10804,.T.);
#10866 = ORIENTED_EDGE('',*,*,#10867,.F.);
#10867 = EDGE_CURVE('',#10868,#10766,#10870,.T.);
#10868 = VERTEX_POINT('',#10869);
#10869 = CARTESIAN_POINT('',(2.311578084469,0.906975647374,-2.5));
#10870 = LINE('',#10871,#10872);
#10871 = CARTESIAN_POINT('',(2.375,0.,-2.5));
#10872 = VECTOR('',#10873,1.);
#10873 = DIRECTION('',(6.975647374413E-02,-0.99756405026,
    4.840327704212E-16));
#10874 = ORIENTED_EDGE('',*,*,#10875,.T.);
#10875 = EDGE_CURVE('',#10868,#10876,#10878,.T.);
#10876 = VERTEX_POINT('',#10877);
#10877 = CARTESIAN_POINT('',(2.311578084469,0.906975647374,-0.5));
#10878 = LINE('',#10879,#10880);
#10879 = CARTESIAN_POINT('',(2.311578084469,0.906975647374,2.5));
#10880 = VECTOR('',#10881,1.);
#10881 = DIRECTION('',(-0.,-0.,1.));
#10882 = ORIENTED_EDGE('',*,*,#10883,.T.);
#10883 = EDGE_CURVE('',#10876,#10851,#10884,.T.);
#10884 = LINE('',#10885,#10886);
#10885 = CARTESIAN_POINT('',(2.375,0.,-0.5));
#10886 = VECTOR('',#10887,1.);
#10887 = DIRECTION('',(6.975647374413E-02,-0.99756405026,-0.));
#10888 = PLANE('',#10889);
#10889 = AXIS2_PLACEMENT_3D('',#10890,#10891,#10892);
#10890 = CARTESIAN_POINT('',(2.375,0.,2.5));
#10891 = DIRECTION('',(0.99756405026,6.975647374413E-02,0.));
#10892 = DIRECTION('',(-6.975647374413E-02,0.99756405026,0.));
#10893 = ADVANCED_FACE('',(#10894),#10913,.T.);
#10894 = FACE_BOUND('',#10895,.T.);
#10895 = EDGE_LOOP('',(#10896,#10904,#10911,#10912));
#10896 = ORIENTED_EDGE('',*,*,#10897,.F.);
#10897 = EDGE_CURVE('',#10898,#10735,#10900,.T.);
#10898 = VERTEX_POINT('',#10899);
#10899 = CARTESIAN_POINT('',(1.875,0.906975647374,-2.936578084469));
#10900 = LINE('',#10901,#10902);
#10901 = CARTESIAN_POINT('',(1.875,0.,-3.));
#10902 = VECTOR('',#10903,1.);
#10903 = DIRECTION('',(-1.613442568071E-17,-0.99756405026,
    -6.975647374413E-02));
#10904 = ORIENTED_EDGE('',*,*,#10905,.T.);
#10905 = EDGE_CURVE('',#10898,#10868,#10906,.T.);
#10906 = CIRCLE('',#10907,0.436578084469);
#10907 = AXIS2_PLACEMENT_3D('',#10908,#10909,#10910);
#10908 = CARTESIAN_POINT('',(1.875,0.906975647374,-2.5));
#10909 = DIRECTION('',(0.,-1.,-0.));
#10910 = DIRECTION('',(0.,0.,-1.));
#10911 = ORIENTED_EDGE('',*,*,#10867,.T.);
#10912 = ORIENTED_EDGE('',*,*,#10781,.T.);
#10913 = CONICAL_SURFACE('',#10914,0.5,6.981317007977E-02);
#10914 = AXIS2_PLACEMENT_3D('',#10915,#10916,#10917);
#10915 = CARTESIAN_POINT('',(1.875,0.,-2.5));
#10916 = DIRECTION('',(-0.,-1.,-0.));
#10917 = DIRECTION('',(0.,0.,1.));
#10918 = ADVANCED_FACE('',(#10919),#10937,.T.);
#10919 = FACE_BOUND('',#10920,.T.);
#10920 = EDGE_LOOP('',(#10921,#10929,#10935,#10936));
#10921 = ORIENTED_EDGE('',*,*,#10922,.F.);
#10922 = EDGE_CURVE('',#10923,#10702,#10925,.T.);
#10923 = VERTEX_POINT('',#10924);
#10924 = CARTESIAN_POINT('',(-1.875,0.906975647374,-2.936578084469));
#10925 = LINE('',#10926,#10927);
#10926 = CARTESIAN_POINT('',(-1.875,0.,-3.));
#10927 = VECTOR('',#10928,1.);
#10928 = DIRECTION('',(4.537807222699E-16,-0.99756405026,
    -6.975647374413E-02));
#10929 = ORIENTED_EDGE('',*,*,#10930,.T.);
#10930 = EDGE_CURVE('',#10923,#10898,#10931,.T.);
#10931 = LINE('',#10932,#10933);
#10932 = CARTESIAN_POINT('',(1.875,0.906975647374,-2.936578084469));
#10933 = VECTOR('',#10934,1.);
#10934 = DIRECTION('',(1.,-0.,-2.312964634636E-16));
#10935 = ORIENTED_EDGE('',*,*,#10897,.T.);
#10936 = ORIENTED_EDGE('',*,*,#10749,.T.);
#10937 = PLANE('',#10938);
#10938 = AXIS2_PLACEMENT_3D('',#10939,#10940,#10941);
#10939 = CARTESIAN_POINT('',(1.875,0.,-3.));
#10940 = DIRECTION('',(-2.307330369035E-16,6.975647374413E-02,
    -0.99756405026));
#10941 = DIRECTION('',(0.,0.99756405026,6.975647374413E-02));
#10942 = ADVANCED_FACE('',(#10943),#10962,.T.);
#10943 = FACE_BOUND('',#10944,.T.);
#10944 = EDGE_LOOP('',(#10945,#10953,#10960,#10961));
#10945 = ORIENTED_EDGE('',*,*,#10946,.F.);
#10946 = EDGE_CURVE('',#10947,#10671,#10949,.T.);
#10947 = VERTEX_POINT('',#10948);
#10948 = CARTESIAN_POINT('',(-2.311578084469,0.906975647374,-2.5));
#10949 = LINE('',#10950,#10951);
#10950 = CARTESIAN_POINT('',(-2.375,0.,-2.5));
#10951 = VECTOR('',#10952,1.);
#10952 = DIRECTION('',(-6.975647374413E-02,-0.99756405026,-0.));
#10953 = ORIENTED_EDGE('',*,*,#10954,.T.);
#10954 = EDGE_CURVE('',#10947,#10923,#10955,.T.);
#10955 = CIRCLE('',#10956,0.436578084469);
#10956 = AXIS2_PLACEMENT_3D('',#10957,#10958,#10959);
#10957 = CARTESIAN_POINT('',(-1.875,0.906975647374,-2.5));
#10958 = DIRECTION('',(0.,-1.,-0.));
#10959 = DIRECTION('',(0.,0.,-1.));
#10960 = ORIENTED_EDGE('',*,*,#10922,.T.);
#10961 = ORIENTED_EDGE('',*,*,#10717,.T.);
#10962 = CONICAL_SURFACE('',#10963,0.5,6.981317007977E-02);
#10963 = AXIS2_PLACEMENT_3D('',#10964,#10965,#10966);
#10964 = CARTESIAN_POINT('',(-1.875,0.,-2.5));
#10965 = DIRECTION('',(-0.,-1.,-0.));
#10966 = DIRECTION('',(0.,0.,1.));
#10967 = ADVANCED_FACE('',(#10968),#10986,.T.);
#10968 = FACE_BOUND('',#10969,.T.);
#10969 = EDGE_LOOP('',(#10970,#10978,#10984,#10985));
#10970 = ORIENTED_EDGE('',*,*,#10971,.F.);
#10971 = EDGE_CURVE('',#10972,#10638,#10974,.T.);
#10972 = VERTEX_POINT('',#10973);
#10973 = CARTESIAN_POINT('',(-2.311578084469,0.906975647374,2.5));
#10974 = LINE('',#10975,#10976);
#10975 = CARTESIAN_POINT('',(-2.375,0.,2.5));
#10976 = VECTOR('',#10977,1.);
#10977 = DIRECTION('',(-6.975647374413E-02,-0.99756405026,
    -4.840327704212E-16));
#10978 = ORIENTED_EDGE('',*,*,#10979,.T.);
#10979 = EDGE_CURVE('',#10972,#10947,#10980,.T.);
#10980 = LINE('',#10981,#10982);
#10981 = CARTESIAN_POINT('',(-2.311578084469,0.906975647374,-2.5));
#10982 = VECTOR('',#10983,1.);
#10983 = DIRECTION('',(-0.,0.,-1.));
#10984 = ORIENTED_EDGE('',*,*,#10946,.T.);
#10985 = ORIENTED_EDGE('',*,*,#10685,.T.);
#10986 = PLANE('',#10987);
#10987 = AXIS2_PLACEMENT_3D('',#10988,#10989,#10990);
#10988 = CARTESIAN_POINT('',(-2.375,0.,2.5));
#10989 = DIRECTION('',(-0.99756405026,6.975647374413E-02,0.));
#10990 = DIRECTION('',(-6.975647374413E-02,-0.99756405026,0.));
#10991 = ADVANCED_FACE('',(#10992),#11011,.T.);
#10992 = FACE_BOUND('',#10993,.T.);
#10993 = EDGE_LOOP('',(#10994,#11002,#11009,#11010));
#10994 = ORIENTED_EDGE('',*,*,#10995,.F.);
#10995 = EDGE_CURVE('',#10996,#10607,#10998,.T.);
#10996 = VERTEX_POINT('',#10997);
#10997 = CARTESIAN_POINT('',(-1.875,0.906975647374,2.936578084469));
#10998 = LINE('',#10999,#11000);
#10999 = CARTESIAN_POINT('',(-1.875,1.203706215242E-32,3.));
#11000 = VECTOR('',#11001,1.);
#11001 = DIRECTION('',(8.067212840353E-18,-0.99756405026,
    6.975647374413E-02));
#11002 = ORIENTED_EDGE('',*,*,#11003,.T.);
#11003 = EDGE_CURVE('',#10996,#10972,#11004,.T.);
#11004 = CIRCLE('',#11005,0.436578084469);
#11005 = AXIS2_PLACEMENT_3D('',#11006,#11007,#11008);
#11006 = CARTESIAN_POINT('',(-1.875,0.906975647374,2.5));
#11007 = DIRECTION('',(0.,-1.,-0.));
#11008 = DIRECTION('',(0.,0.,-1.));
#11009 = ORIENTED_EDGE('',*,*,#10971,.T.);
#11010 = ORIENTED_EDGE('',*,*,#10653,.T.);
#11011 = CONICAL_SURFACE('',#11012,0.5,6.981317007977E-02);
#11012 = AXIS2_PLACEMENT_3D('',#11013,#11014,#11015);
#11013 = CARTESIAN_POINT('',(-1.875,0.,2.5));
#11014 = DIRECTION('',(-0.,-1.,-0.));
#11015 = DIRECTION('',(0.,0.,-1.));
#11016 = ADVANCED_FACE('',(#11017),#11028,.T.);
#11017 = FACE_BOUND('',#11018,.T.);
#11018 = EDGE_LOOP('',(#11019,#11020,#11026,#11027));
#11019 = ORIENTED_EDGE('',*,*,#10833,.F.);
#11020 = ORIENTED_EDGE('',*,*,#11021,.T.);
#11021 = EDGE_CURVE('',#10825,#10996,#11022,.T.);
#11022 = LINE('',#11023,#11024);
#11023 = CARTESIAN_POINT('',(-1.875,0.906975647374,2.936578084469));
#11024 = VECTOR('',#11025,1.);
#11025 = DIRECTION('',(-1.,-0.,1.156482317318E-16));
#11026 = ORIENTED_EDGE('',*,*,#10995,.T.);
#11027 = ORIENTED_EDGE('',*,*,#10621,.T.);
#11028 = PLANE('',#11029);
#11029 = AXIS2_PLACEMENT_3D('',#11030,#11031,#11032);
#11030 = CARTESIAN_POINT('',(1.875,0.,3.));
#11031 = DIRECTION('',(1.153665184517E-16,6.975647374413E-02,
    0.99756405026));
#11032 = DIRECTION('',(0.,-0.99756405026,6.975647374413E-02));
#11033 = ADVANCED_FACE('',(#11034),#11195,.T.);
#11034 = FACE_BOUND('',#11035,.T.);
#11035 = EDGE_LOOP('',(#11036,#11044,#11052,#11061,#11069,#11078,#11086,
    #11095,#11103,#11112,#11120,#11128,#11136,#11145,#11153,#11162,
    #11170,#11179,#11187,#11194));
#11036 = ORIENTED_EDGE('',*,*,#11037,.F.);
#11037 = EDGE_CURVE('',#11038,#10521,#11040,.T.);
#11038 = VERTEX_POINT('',#11039);
#11039 = CARTESIAN_POINT('',(2.05,1.,0.5));
#11040 = LINE('',#11041,#11042);
#11041 = CARTESIAN_POINT('',(2.05,1.,0.5));
#11042 = VECTOR('',#11043,1.);
#11043 = DIRECTION('',(1.,0.,0.));
#11044 = ORIENTED_EDGE('',*,*,#11045,.F.);
#11045 = EDGE_CURVE('',#11046,#11038,#11048,.T.);
#11046 = VERTEX_POINT('',#11047);
#11047 = CARTESIAN_POINT('',(2.05,1.,2.2));
#11048 = LINE('',#11049,#11050);
#11049 = CARTESIAN_POINT('',(2.05,1.,2.2));
#11050 = VECTOR('',#11051,1.);
#11051 = DIRECTION('',(0.,0.,-1.));
#11052 = ORIENTED_EDGE('',*,*,#11053,.F.);
#11053 = EDGE_CURVE('',#11054,#11046,#11056,.T.);
#11054 = VERTEX_POINT('',#11055);
#11055 = CARTESIAN_POINT('',(1.5,1.,2.75));
#11056 = CIRCLE('',#11057,0.55);
#11057 = AXIS2_PLACEMENT_3D('',#11058,#11059,#11060);
#11058 = CARTESIAN_POINT('',(1.5,1.,2.2));
#11059 = DIRECTION('',(0.,1.,0.));
#11060 = DIRECTION('',(0.,-0.,1.));
#11061 = ORIENTED_EDGE('',*,*,#11062,.F.);
#11062 = EDGE_CURVE('',#11063,#11054,#11065,.T.);
#11063 = VERTEX_POINT('',#11064);
#11064 = CARTESIAN_POINT('',(-1.5,1.,2.75));
#11065 = LINE('',#11066,#11067);
#11066 = CARTESIAN_POINT('',(-1.5,1.,2.75));
#11067 = VECTOR('',#11068,1.);
#11068 = DIRECTION('',(1.,0.,0.));
#11069 = ORIENTED_EDGE('',*,*,#11070,.F.);
#11070 = EDGE_CURVE('',#11071,#11063,#11073,.T.);
#11071 = VERTEX_POINT('',#11072);
#11072 = CARTESIAN_POINT('',(-2.05,1.,2.2));
#11073 = CIRCLE('',#11074,0.55);
#11074 = AXIS2_PLACEMENT_3D('',#11075,#11076,#11077);
#11075 = CARTESIAN_POINT('',(-1.5,1.,2.2));
#11076 = DIRECTION('',(0.,1.,0.));
#11077 = DIRECTION('',(0.,-0.,1.));
#11078 = ORIENTED_EDGE('',*,*,#11079,.F.);
#11079 = EDGE_CURVE('',#11080,#11071,#11082,.T.);
#11080 = VERTEX_POINT('',#11081);
#11081 = CARTESIAN_POINT('',(-2.05,1.,-2.2));
#11082 = LINE('',#11083,#11084);
#11083 = CARTESIAN_POINT('',(-2.05,1.,-2.2));
#11084 = VECTOR('',#11085,1.);
#11085 = DIRECTION('',(0.,0.,1.));
#11086 = ORIENTED_EDGE('',*,*,#11087,.F.);
#11087 = EDGE_CURVE('',#11088,#11080,#11090,.T.);
#11088 = VERTEX_POINT('',#11089);
#11089 = CARTESIAN_POINT('',(-1.5,1.,-2.75));
#11090 = CIRCLE('',#11091,0.55);
#11091 = AXIS2_PLACEMENT_3D('',#11092,#11093,#11094);
#11092 = CARTESIAN_POINT('',(-1.5,1.,-2.2));
#11093 = DIRECTION('',(0.,1.,0.));
#11094 = DIRECTION('',(0.,-0.,1.));
#11095 = ORIENTED_EDGE('',*,*,#11096,.F.);
#11096 = EDGE_CURVE('',#11097,#11088,#11099,.T.);
#11097 = VERTEX_POINT('',#11098);
#11098 = CARTESIAN_POINT('',(1.5,1.,-2.75));
#11099 = LINE('',#11100,#11101);
#11100 = CARTESIAN_POINT('',(1.5,1.,-2.75));
#11101 = VECTOR('',#11102,1.);
#11102 = DIRECTION('',(-1.,0.,0.));
#11103 = ORIENTED_EDGE('',*,*,#11104,.F.);
#11104 = EDGE_CURVE('',#11105,#11097,#11107,.T.);
#11105 = VERTEX_POINT('',#11106);
#11106 = CARTESIAN_POINT('',(2.05,1.,-2.2));
#11107 = CIRCLE('',#11108,0.55);
#11108 = AXIS2_PLACEMENT_3D('',#11109,#11110,#11111);
#11109 = CARTESIAN_POINT('',(1.5,1.,-2.2));
#11110 = DIRECTION('',(0.,1.,0.));
#11111 = DIRECTION('',(0.,-0.,1.));
#11112 = ORIENTED_EDGE('',*,*,#11113,.F.);
#11113 = EDGE_CURVE('',#11114,#11105,#11116,.T.);
#11114 = VERTEX_POINT('',#11115);
#11115 = CARTESIAN_POINT('',(2.05,1.,-0.5));
#11116 = LINE('',#11117,#11118);
#11117 = CARTESIAN_POINT('',(2.05,1.,-0.5));
#11118 = VECTOR('',#11119,1.);
#11119 = DIRECTION('',(0.,0.,-1.));
#11120 = ORIENTED_EDGE('',*,*,#11121,.F.);
#11121 = EDGE_CURVE('',#11122,#11114,#11124,.T.);
#11122 = VERTEX_POINT('',#11123);
#11123 = CARTESIAN_POINT('',(2.211821679443,1.,-0.5));
#11124 = LINE('',#11125,#11126);
#11125 = CARTESIAN_POINT('',(2.05,1.,-0.5));
#11126 = VECTOR('',#11127,1.);
#11127 = DIRECTION('',(-1.,-0.,-0.));
#11128 = ORIENTED_EDGE('',*,*,#11129,.T.);
#11129 = EDGE_CURVE('',#11122,#11130,#11132,.T.);
#11130 = VERTEX_POINT('',#11131);
#11131 = CARTESIAN_POINT('',(2.211821679443,1.,-2.5));
#11132 = LINE('',#11133,#11134);
#11133 = CARTESIAN_POINT('',(2.211821679443,1.,-2.5));
#11134 = VECTOR('',#11135,1.);
#11135 = DIRECTION('',(0.,-0.,-1.));
#11136 = ORIENTED_EDGE('',*,*,#11137,.T.);
#11137 = EDGE_CURVE('',#11130,#11138,#11140,.T.);
#11138 = VERTEX_POINT('',#11139);
#11139 = CARTESIAN_POINT('',(1.875,1.,-2.836821679443));
#11140 = CIRCLE('',#11141,0.336821679443);
#11141 = AXIS2_PLACEMENT_3D('',#11142,#11143,#11144);
#11142 = CARTESIAN_POINT('',(1.875,1.,-2.5));
#11143 = DIRECTION('',(0.,1.,0.));
#11144 = DIRECTION('',(0.,-0.,1.));
#11145 = ORIENTED_EDGE('',*,*,#11146,.T.);
#11146 = EDGE_CURVE('',#11138,#11147,#11149,.T.);
#11147 = VERTEX_POINT('',#11148);
#11148 = CARTESIAN_POINT('',(-1.875,1.,-2.836821679443));
#11149 = LINE('',#11150,#11151);
#11150 = CARTESIAN_POINT('',(-1.875,1.,-2.836821679443));
#11151 = VECTOR('',#11152,1.);
#11152 = DIRECTION('',(-1.,-0.,2.312964634636E-16));
#11153 = ORIENTED_EDGE('',*,*,#11154,.T.);
#11154 = EDGE_CURVE('',#11147,#11155,#11157,.T.);
#11155 = VERTEX_POINT('',#11156);
#11156 = CARTESIAN_POINT('',(-2.211821679443,1.,-2.5));
#11157 = CIRCLE('',#11158,0.336821679443);
#11158 = AXIS2_PLACEMENT_3D('',#11159,#11160,#11161);
#11159 = CARTESIAN_POINT('',(-1.875,1.,-2.5));
#11160 = DIRECTION('',(0.,1.,0.));
#11161 = DIRECTION('',(0.,-0.,1.));
#11162 = ORIENTED_EDGE('',*,*,#11163,.T.);
#11163 = EDGE_CURVE('',#11155,#11164,#11166,.T.);
#11164 = VERTEX_POINT('',#11165);
#11165 = CARTESIAN_POINT('',(-2.211821679443,1.,2.5));
#11166 = LINE('',#11167,#11168);
#11167 = CARTESIAN_POINT('',(-2.211821679443,1.,2.5));
#11168 = VECTOR('',#11169,1.);
#11169 = DIRECTION('',(-0.,-0.,1.));
#11170 = ORIENTED_EDGE('',*,*,#11171,.T.);
#11171 = EDGE_CURVE('',#11164,#11172,#11174,.T.);
#11172 = VERTEX_POINT('',#11173);
#11173 = CARTESIAN_POINT('',(-1.875,1.,2.836821679443));
#11174 = CIRCLE('',#11175,0.336821679443);
#11175 = AXIS2_PLACEMENT_3D('',#11176,#11177,#11178);
#11176 = CARTESIAN_POINT('',(-1.875,1.,2.5));
#11177 = DIRECTION('',(0.,1.,0.));
#11178 = DIRECTION('',(0.,-0.,1.));
#11179 = ORIENTED_EDGE('',*,*,#11180,.T.);
#11180 = EDGE_CURVE('',#11172,#11181,#11183,.T.);
#11181 = VERTEX_POINT('',#11182);
#11182 = CARTESIAN_POINT('',(1.875,1.,2.836821679443));
#11183 = LINE('',#11184,#11185);
#11184 = CARTESIAN_POINT('',(1.875,1.,2.836821679443));
#11185 = VECTOR('',#11186,1.);
#11186 = DIRECTION('',(1.,-0.,-1.156482317318E-16));
#11187 = ORIENTED_EDGE('',*,*,#11188,.T.);
#11188 = EDGE_CURVE('',#11181,#10532,#11189,.T.);
#11189 = CIRCLE('',#11190,0.336821679443);
#11190 = AXIS2_PLACEMENT_3D('',#11191,#11192,#11193);
#11191 = CARTESIAN_POINT('',(1.875,1.,2.5));
#11192 = DIRECTION('',(0.,1.,0.));
#11193 = DIRECTION('',(0.,-0.,1.));
#11194 = ORIENTED_EDGE('',*,*,#10531,.T.);
#11195 = PLANE('',#11196);
#11196 = AXIS2_PLACEMENT_3D('',#11197,#11198,#11199);
#11197 = CARTESIAN_POINT('',(1.875,1.,2.5));
#11198 = DIRECTION('',(0.,1.,0.));
#11199 = DIRECTION('',(0.,-0.,1.));
#11200 = ADVANCED_FACE('',(#11201),#11219,.T.);
#11201 = FACE_BOUND('',#11202,.T.);
#11202 = EDGE_LOOP('',(#11203,#11210,#11211,#11218));
#11203 = ORIENTED_EDGE('',*,*,#11204,.F.);
#11204 = EDGE_CURVE('',#10454,#10669,#11205,.T.);
#11205 = CIRCLE('',#11206,1.E-01);
#11206 = AXIS2_PLACEMENT_3D('',#11207,#11208,#11209);
#11207 = CARTESIAN_POINT('',(-2.211821679443,-0.9,-2.5));
#11208 = DIRECTION('',(-8.694797469521E-15,0.,-1.));
#11209 = DIRECTION('',(-1.,0.,8.694797469521E-15));
#11210 = ORIENTED_EDGE('',*,*,#10453,.F.);
#11211 = ORIENTED_EDGE('',*,*,#11212,.F.);
#11212 = EDGE_CURVE('',#10636,#10445,#11213,.T.);
#11213 = CIRCLE('',#11214,1.E-01);
#11214 = AXIS2_PLACEMENT_3D('',#11215,#11216,#11217);
#11215 = CARTESIAN_POINT('',(-2.211821679443,-0.9,2.5));
#11216 = DIRECTION('',(0.,0.,1.));
#11217 = DIRECTION('',(1.,0.,-0.));
#11218 = ORIENTED_EDGE('',*,*,#10678,.F.);
#11219 = CYLINDRICAL_SURFACE('',#11220,1.E-01);
#11220 = AXIS2_PLACEMENT_3D('',#11221,#11222,#11223);
#11221 = CARTESIAN_POINT('',(-2.211821679443,-0.9,2.5));
#11222 = DIRECTION('',(0.,0.,-1.));
#11223 = DIRECTION('',(-1.,0.,0.));
#11224 = ADVANCED_FACE('',(#11225),#11237,.T.);
#11225 = FACE_BOUND('',#11226,.T.);
#11226 = EDGE_LOOP('',(#11227,#11228,#11229,#11236));
#11227 = ORIENTED_EDGE('',*,*,#11212,.T.);
#11228 = ORIENTED_EDGE('',*,*,#10444,.F.);
#11229 = ORIENTED_EDGE('',*,*,#11230,.F.);
#11230 = EDGE_CURVE('',#10605,#10437,#11231,.T.);
#11231 = CIRCLE('',#11232,1.E-01);
#11232 = AXIS2_PLACEMENT_3D('',#11233,#11234,#11235);
#11233 = CARTESIAN_POINT('',(-1.875,-0.9,2.836821679443));
#11234 = DIRECTION('',(1.,2.828075491733E-29,-6.521098102141E-15));
#11235 = DIRECTION('',(-6.521098102141E-15,-4.492416931082E-46,-1.));
#11236 = ORIENTED_EDGE('',*,*,#10645,.F.);
#11237 = TOROIDAL_SURFACE('',#11238,0.336821679443,0.1);
#11238 = AXIS2_PLACEMENT_3D('',#11239,#11240,#11241);
#11239 = CARTESIAN_POINT('',(-1.875,-0.9,2.5));
#11240 = DIRECTION('',(0.,1.,0.));
#11241 = DIRECTION('',(0.,-0.,1.));
#11242 = ADVANCED_FACE('',(#11243),#11255,.T.);
#11243 = FACE_BOUND('',#11244,.T.);
#11244 = EDGE_LOOP('',(#11245,#11246,#11247,#11254));
#11245 = ORIENTED_EDGE('',*,*,#11204,.T.);
#11246 = ORIENTED_EDGE('',*,*,#10709,.F.);
#11247 = ORIENTED_EDGE('',*,*,#11248,.F.);
#11248 = EDGE_CURVE('',#10462,#10700,#11249,.T.);
#11249 = CIRCLE('',#11250,1.E-01);
#11250 = AXIS2_PLACEMENT_3D('',#11251,#11252,#11253);
#11251 = CARTESIAN_POINT('',(-1.875,-0.9,-2.836821679443));
#11252 = DIRECTION('',(1.,0.,0.));
#11253 = DIRECTION('',(0.,0.,-1.));
#11254 = ORIENTED_EDGE('',*,*,#10461,.F.);
#11255 = TOROIDAL_SURFACE('',#11256,0.336821679443,0.1);
#11256 = AXIS2_PLACEMENT_3D('',#11257,#11258,#11259);
#11257 = CARTESIAN_POINT('',(-1.875,-0.9,-2.5));
#11258 = DIRECTION('',(0.,1.,0.));
#11259 = DIRECTION('',(0.,-0.,1.));
#11260 = ADVANCED_FACE('',(#11261),#11273,.T.);
#11261 = FACE_BOUND('',#11262,.T.);
#11262 = EDGE_LOOP('',(#11263,#11264,#11265,#11272));
#11263 = ORIENTED_EDGE('',*,*,#11230,.T.);
#11264 = ORIENTED_EDGE('',*,*,#10436,.F.);
#11265 = ORIENTED_EDGE('',*,*,#11266,.F.);
#11266 = EDGE_CURVE('',#10563,#10428,#11267,.T.);
#11267 = CIRCLE('',#11268,1.E-01);
#11268 = AXIS2_PLACEMENT_3D('',#11269,#11270,#11271);
#11269 = CARTESIAN_POINT('',(1.875,-0.9,2.836821679443));
#11270 = DIRECTION('',(1.,0.,0.));
#11271 = DIRECTION('',(0.,0.,-1.));
#11272 = ORIENTED_EDGE('',*,*,#10614,.F.);
#11273 = CYLINDRICAL_SURFACE('',#11274,1.E-01);
#11274 = AXIS2_PLACEMENT_3D('',#11275,#11276,#11277);
#11275 = CARTESIAN_POINT('',(1.875,-0.9,2.836821679443));
#11276 = DIRECTION('',(-1.,0.,1.156482317318E-16));
#11277 = DIRECTION('',(1.156482317318E-16,0.,1.));
#11278 = ADVANCED_FACE('',(#11279),#11291,.T.);
#11279 = FACE_BOUND('',#11280,.T.);
#11280 = EDGE_LOOP('',(#11281,#11282,#11283,#11290));
#11281 = ORIENTED_EDGE('',*,*,#11248,.T.);
#11282 = ORIENTED_EDGE('',*,*,#10742,.F.);
#11283 = ORIENTED_EDGE('',*,*,#11284,.F.);
#11284 = EDGE_CURVE('',#10409,#10733,#11285,.T.);
#11285 = CIRCLE('',#11286,1.E-01);
#11286 = AXIS2_PLACEMENT_3D('',#11287,#11288,#11289);
#11287 = CARTESIAN_POINT('',(1.875,-0.9,-2.836821679443));
#11288 = DIRECTION('',(1.,0.,-6.521098102141E-15));
#11289 = DIRECTION('',(-6.521098102141E-15,0.,-1.));
#11290 = ORIENTED_EDGE('',*,*,#10470,.F.);
#11291 = CYLINDRICAL_SURFACE('',#11292,1.E-01);
#11292 = AXIS2_PLACEMENT_3D('',#11293,#11294,#11295);
#11293 = CARTESIAN_POINT('',(1.875,-0.9,-2.836821679443));
#11294 = DIRECTION('',(1.,0.,-2.312964634636E-16));
#11295 = DIRECTION('',(-2.312964634636E-16,-0.,-1.));
#11296 = ADVANCED_FACE('',(#11297),#11309,.T.);
#11297 = FACE_BOUND('',#11298,.T.);
#11298 = EDGE_LOOP('',(#11299,#11300,#11301,#11308));
#11299 = ORIENTED_EDGE('',*,*,#11266,.T.);
#11300 = ORIENTED_EDGE('',*,*,#10427,.F.);
#11301 = ORIENTED_EDGE('',*,*,#11302,.F.);
#11302 = EDGE_CURVE('',#10573,#10420,#11303,.T.);
#11303 = CIRCLE('',#11304,0.1);
#11304 = AXIS2_PLACEMENT_3D('',#11305,#11306,#11307);
#11305 = CARTESIAN_POINT('',(2.211821679443,-0.9,2.5));
#11306 = DIRECTION('',(-8.088279058128E-15,8.673617379884E-15,-1.));
#11307 = DIRECTION('',(2.914700805796E-43,1.,8.673617379884E-15));
#11308 = ORIENTED_EDGE('',*,*,#10572,.F.);
#11309 = TOROIDAL_SURFACE('',#11310,0.336821679443,0.1);
#11310 = AXIS2_PLACEMENT_3D('',#11311,#11312,#11313);
#11311 = CARTESIAN_POINT('',(1.875,-0.9,2.5));
#11312 = DIRECTION('',(0.,1.,0.));
#11313 = DIRECTION('',(0.,-0.,1.));
#11314 = ADVANCED_FACE('',(#11315),#11327,.T.);
#11315 = FACE_BOUND('',#11316,.T.);
#11316 = EDGE_LOOP('',(#11317,#11318,#11319,#11326));
#11317 = ORIENTED_EDGE('',*,*,#11284,.T.);
#11318 = ORIENTED_EDGE('',*,*,#10773,.F.);
#11319 = ORIENTED_EDGE('',*,*,#11320,.F.);
#11320 = EDGE_CURVE('',#10411,#10764,#11321,.T.);
#11321 = CIRCLE('',#11322,1.E-01);
#11322 = AXIS2_PLACEMENT_3D('',#11323,#11324,#11325);
#11323 = CARTESIAN_POINT('',(2.211821679443,-0.9,-2.5));
#11324 = DIRECTION('',(0.,0.,1.));
#11325 = DIRECTION('',(1.,0.,-0.));
#11326 = ORIENTED_EDGE('',*,*,#10408,.F.);
#11327 = TOROIDAL_SURFACE('',#11328,0.336821679443,0.1);
#11328 = AXIS2_PLACEMENT_3D('',#11329,#11330,#11331);
#11329 = CARTESIAN_POINT('',(1.875,-0.9,-2.5));
#11330 = DIRECTION('',(0.,1.,0.));
#11331 = DIRECTION('',(0.,-0.,1.));
#11332 = ADVANCED_FACE('',(#11333),#11339,.T.);
#11333 = FACE_BOUND('',#11334,.T.);
#11334 = EDGE_LOOP('',(#11335,#11336,#11337,#11338));
#11335 = ORIENTED_EDGE('',*,*,#11302,.T.);
#11336 = ORIENTED_EDGE('',*,*,#10419,.F.);
#11337 = ORIENTED_EDGE('',*,*,#11320,.T.);
#11338 = ORIENTED_EDGE('',*,*,#10797,.F.);
#11339 = CYLINDRICAL_SURFACE('',#11340,1.E-01);
#11340 = AXIS2_PLACEMENT_3D('',#11341,#11342,#11343);
#11341 = CARTESIAN_POINT('',(2.211821679443,-0.9,2.5));
#11342 = DIRECTION('',(-0.,0.,1.));
#11343 = DIRECTION('',(1.,0.,0.));
#11344 = ADVANCED_FACE('',(#11345),#11363,.T.);
#11345 = FACE_BOUND('',#11346,.T.);
#11346 = EDGE_LOOP('',(#11347,#11354,#11355,#11362));
#11347 = ORIENTED_EDGE('',*,*,#11348,.F.);
#11348 = EDGE_CURVE('',#10898,#11138,#11349,.T.);
#11349 = CIRCLE('',#11350,1.E-01);
#11350 = AXIS2_PLACEMENT_3D('',#11351,#11352,#11353);
#11351 = CARTESIAN_POINT('',(1.875,0.9,-2.836821679443));
#11352 = DIRECTION('',(1.,0.,0.));
#11353 = DIRECTION('',(0.,0.,-1.));
#11354 = ORIENTED_EDGE('',*,*,#10930,.F.);
#11355 = ORIENTED_EDGE('',*,*,#11356,.F.);
#11356 = EDGE_CURVE('',#11147,#10923,#11357,.T.);
#11357 = CIRCLE('',#11358,1.E-01);
#11358 = AXIS2_PLACEMENT_3D('',#11359,#11360,#11361);
#11359 = CARTESIAN_POINT('',(-1.875,0.9,-2.836821679443));
#11360 = DIRECTION('',(-1.,0.,-6.521098102141E-15));
#11361 = DIRECTION('',(-6.521098102141E-15,0.,1.));
#11362 = ORIENTED_EDGE('',*,*,#11146,.F.);
#11363 = CYLINDRICAL_SURFACE('',#11364,1.E-01);
#11364 = AXIS2_PLACEMENT_3D('',#11365,#11366,#11367);
#11365 = CARTESIAN_POINT('',(1.875,0.9,-2.836821679443));
#11366 = DIRECTION('',(-1.,0.,2.312964634636E-16));
#11367 = DIRECTION('',(2.312964634636E-16,0.,1.));
#11368 = ADVANCED_FACE('',(#11369),#11381,.T.);
#11369 = FACE_BOUND('',#11370,.T.);
#11370 = EDGE_LOOP('',(#11371,#11372,#11373,#11380));
#11371 = ORIENTED_EDGE('',*,*,#11356,.T.);
#11372 = ORIENTED_EDGE('',*,*,#10954,.F.);
#11373 = ORIENTED_EDGE('',*,*,#11374,.F.);
#11374 = EDGE_CURVE('',#11155,#10947,#11375,.T.);
#11375 = CIRCLE('',#11376,1.E-01);
#11376 = AXIS2_PLACEMENT_3D('',#11377,#11378,#11379);
#11377 = CARTESIAN_POINT('',(-2.211821679443,0.9,-2.5));
#11378 = DIRECTION('',(0.,-0.,1.));
#11379 = DIRECTION('',(1.,0.,0.));
#11380 = ORIENTED_EDGE('',*,*,#11154,.F.);
#11381 = TOROIDAL_SURFACE('',#11382,0.336821679443,0.1);
#11382 = AXIS2_PLACEMENT_3D('',#11383,#11384,#11385);
#11383 = CARTESIAN_POINT('',(-1.875,0.9,-2.5));
#11384 = DIRECTION('',(0.,1.,0.));
#11385 = DIRECTION('',(0.,-0.,1.));
#11386 = ADVANCED_FACE('',(#11387),#11399,.T.);
#11387 = FACE_BOUND('',#11388,.T.);
#11388 = EDGE_LOOP('',(#11389,#11390,#11391,#11398));
#11389 = ORIENTED_EDGE('',*,*,#11348,.T.);
#11390 = ORIENTED_EDGE('',*,*,#11137,.F.);
#11391 = ORIENTED_EDGE('',*,*,#11392,.F.);
#11392 = EDGE_CURVE('',#10868,#11130,#11393,.T.);
#11393 = CIRCLE('',#11394,1.E-01);
#11394 = AXIS2_PLACEMENT_3D('',#11395,#11396,#11397);
#11395 = CARTESIAN_POINT('',(2.211821679443,0.9,-2.5));
#11396 = DIRECTION('',(-8.694797469521E-15,-3.77076732231E-29,1.));
#11397 = DIRECTION('',(1.,-7.986518988588E-46,8.694797469521E-15));
#11398 = ORIENTED_EDGE('',*,*,#10905,.F.);
#11399 = TOROIDAL_SURFACE('',#11400,0.336821679443,0.1);
#11400 = AXIS2_PLACEMENT_3D('',#11401,#11402,#11403);
#11401 = CARTESIAN_POINT('',(1.875,0.9,-2.5));
#11402 = DIRECTION('',(0.,1.,0.));
#11403 = DIRECTION('',(0.,-0.,1.));
#11404 = ADVANCED_FACE('',(#11405),#11417,.T.);
#11405 = FACE_BOUND('',#11406,.T.);
#11406 = EDGE_LOOP('',(#11407,#11408,#11409,#11416));
#11407 = ORIENTED_EDGE('',*,*,#11374,.T.);
#11408 = ORIENTED_EDGE('',*,*,#10979,.F.);
#11409 = ORIENTED_EDGE('',*,*,#11410,.F.);
#11410 = EDGE_CURVE('',#11164,#10972,#11411,.T.);
#11411 = CIRCLE('',#11412,1.E-01);
#11412 = AXIS2_PLACEMENT_3D('',#11413,#11414,#11415);
#11413 = CARTESIAN_POINT('',(-2.211821679443,0.9,2.5));
#11414 = DIRECTION('',(-8.694797469521E-15,0.,1.));
#11415 = DIRECTION('',(1.,0.,8.694797469521E-15));
#11416 = ORIENTED_EDGE('',*,*,#11163,.F.);
#11417 = CYLINDRICAL_SURFACE('',#11418,1.E-01);
#11418 = AXIS2_PLACEMENT_3D('',#11419,#11420,#11421);
#11419 = CARTESIAN_POINT('',(-2.211821679443,0.9,2.5));
#11420 = DIRECTION('',(0.,-0.,1.));
#11421 = DIRECTION('',(1.,0.,0.));
#11422 = ADVANCED_FACE('',(#11423),#11435,.T.);
#11423 = FACE_BOUND('',#11424,.T.);
#11424 = EDGE_LOOP('',(#11425,#11432,#11433,#11434));
#11425 = ORIENTED_EDGE('',*,*,#11426,.F.);
#11426 = EDGE_CURVE('',#10876,#11122,#11427,.T.);
#11427 = CIRCLE('',#11428,1.E-01);
#11428 = AXIS2_PLACEMENT_3D('',#11429,#11430,#11431);
#11429 = CARTESIAN_POINT('',(2.211821679443,0.9,-0.5));
#11430 = DIRECTION('',(0.,-0.,1.));
#11431 = DIRECTION('',(-1.,0.,0.));
#11432 = ORIENTED_EDGE('',*,*,#10875,.F.);
#11433 = ORIENTED_EDGE('',*,*,#11392,.T.);
#11434 = ORIENTED_EDGE('',*,*,#11129,.F.);
#11435 = CYLINDRICAL_SURFACE('',#11436,1.E-01);
#11436 = AXIS2_PLACEMENT_3D('',#11437,#11438,#11439);
#11437 = CARTESIAN_POINT('',(2.211821679443,0.9,2.5));
#11438 = DIRECTION('',(0.,0.,-1.));
#11439 = DIRECTION('',(-1.,0.,0.));
#11440 = ADVANCED_FACE('',(#11441),#11453,.T.);
#11441 = FACE_BOUND('',#11442,.T.);
#11442 = EDGE_LOOP('',(#11443,#11444,#11445,#11452));
#11443 = ORIENTED_EDGE('',*,*,#11410,.T.);
#11444 = ORIENTED_EDGE('',*,*,#11003,.F.);
#11445 = ORIENTED_EDGE('',*,*,#11446,.F.);
#11446 = EDGE_CURVE('',#11172,#10996,#11447,.T.);
#11447 = CIRCLE('',#11448,1.E-01);
#11448 = AXIS2_PLACEMENT_3D('',#11449,#11450,#11451);
#11449 = CARTESIAN_POINT('',(-1.875,0.9,2.836821679443));
#11450 = DIRECTION('',(1.,0.,0.));
#11451 = DIRECTION('',(0.,0.,-1.));
#11452 = ORIENTED_EDGE('',*,*,#11171,.F.);
#11453 = TOROIDAL_SURFACE('',#11454,0.336821679443,0.1);
#11454 = AXIS2_PLACEMENT_3D('',#11455,#11456,#11457);
#11455 = CARTESIAN_POINT('',(-1.875,0.9,2.5));
#11456 = DIRECTION('',(0.,1.,0.));
#11457 = DIRECTION('',(0.,-0.,1.));
#11458 = ADVANCED_FACE('',(#11459),#11471,.T.);
#11459 = FACE_BOUND('',#11460,.T.);
#11460 = EDGE_LOOP('',(#11461,#11462,#11463,#11470));
#11461 = ORIENTED_EDGE('',*,*,#10539,.T.);
#11462 = ORIENTED_EDGE('',*,*,#11188,.F.);
#11463 = ORIENTED_EDGE('',*,*,#11464,.F.);
#11464 = EDGE_CURVE('',#10825,#11181,#11465,.T.);
#11465 = CIRCLE('',#11466,0.1);
#11466 = AXIS2_PLACEMENT_3D('',#11467,#11468,#11469);
#11467 = CARTESIAN_POINT('',(1.875,0.9,2.836821679443));
#11468 = DIRECTION('',(-1.,-6.505213034913E-15,-6.066209293596E-15));
#11469 = DIRECTION('',(6.505213034913E-15,-1.,1.625506218617E-43));
#11470 = ORIENTED_EDGE('',*,*,#10824,.F.);
#11471 = TOROIDAL_SURFACE('',#11472,0.336821679443,0.1);
#11472 = AXIS2_PLACEMENT_3D('',#11473,#11474,#11475);
#11473 = CARTESIAN_POINT('',(1.875,0.9,2.5));
#11474 = DIRECTION('',(0.,1.,0.));
#11475 = DIRECTION('',(0.,-0.,1.));
#11476 = ADVANCED_FACE('',(#11477),#11483,.T.);
#11477 = FACE_BOUND('',#11478,.T.);
#11478 = EDGE_LOOP('',(#11479,#11480,#11481,#11482));
#11479 = ORIENTED_EDGE('',*,*,#11446,.T.);
#11480 = ORIENTED_EDGE('',*,*,#11021,.F.);
#11481 = ORIENTED_EDGE('',*,*,#11464,.T.);
#11482 = ORIENTED_EDGE('',*,*,#11180,.F.);
#11483 = CYLINDRICAL_SURFACE('',#11484,1.E-01);
#11484 = AXIS2_PLACEMENT_3D('',#11485,#11486,#11487);
#11485 = CARTESIAN_POINT('',(1.875,0.9,2.836821679443));
#11486 = DIRECTION('',(1.,0.,-1.156482317318E-16));
#11487 = DIRECTION('',(-1.156482317318E-16,-0.,-1.));
#11488 = ADVANCED_FACE('',(#11489),#11582,.T.);
#11489 = FACE_BOUND('',#11490,.T.);
#11490 = EDGE_LOOP('',(#11491,#11492,#11500,#11508,#11517,#11525,#11534,
    #11542,#11551,#11559,#11568,#11576));
#11491 = ORIENTED_EDGE('',*,*,#10848,.T.);
#11492 = ORIENTED_EDGE('',*,*,#11493,.T.);
#11493 = EDGE_CURVE('',#10851,#11494,#11496,.T.);
#11494 = VERTEX_POINT('',#11495);
#11495 = CARTESIAN_POINT('',(2.05,0.5,-0.5));
#11496 = LINE('',#11497,#11498);
#11497 = CARTESIAN_POINT('',(2.05,0.5,-0.5));
#11498 = VECTOR('',#11499,1.);
#11499 = DIRECTION('',(-1.,-0.,-0.));
#11500 = ORIENTED_EDGE('',*,*,#11501,.T.);
#11501 = EDGE_CURVE('',#11494,#11502,#11504,.T.);
#11502 = VERTEX_POINT('',#11503);
#11503 = CARTESIAN_POINT('',(2.05,0.5,-2.2));
#11504 = LINE('',#11505,#11506);
#11505 = CARTESIAN_POINT('',(2.05,0.5,-0.5));
#11506 = VECTOR('',#11507,1.);
#11507 = DIRECTION('',(0.,0.,-1.));
#11508 = ORIENTED_EDGE('',*,*,#11509,.T.);
#11509 = EDGE_CURVE('',#11502,#11510,#11512,.T.);
#11510 = VERTEX_POINT('',#11511);
#11511 = CARTESIAN_POINT('',(1.5,0.5,-2.75));
#11512 = CIRCLE('',#11513,0.55);
#11513 = AXIS2_PLACEMENT_3D('',#11514,#11515,#11516);
#11514 = CARTESIAN_POINT('',(1.5,0.5,-2.2));
#11515 = DIRECTION('',(0.,1.,0.));
#11516 = DIRECTION('',(0.,-0.,1.));
#11517 = ORIENTED_EDGE('',*,*,#11518,.T.);
#11518 = EDGE_CURVE('',#11510,#11519,#11521,.T.);
#11519 = VERTEX_POINT('',#11520);
#11520 = CARTESIAN_POINT('',(-1.5,0.5,-2.75));
#11521 = LINE('',#11522,#11523);
#11522 = CARTESIAN_POINT('',(1.5,0.5,-2.75));
#11523 = VECTOR('',#11524,1.);
#11524 = DIRECTION('',(-1.,0.,0.));
#11525 = ORIENTED_EDGE('',*,*,#11526,.T.);
#11526 = EDGE_CURVE('',#11519,#11527,#11529,.T.);
#11527 = VERTEX_POINT('',#11528);
#11528 = CARTESIAN_POINT('',(-2.05,0.5,-2.2));
#11529 = CIRCLE('',#11530,0.55);
#11530 = AXIS2_PLACEMENT_3D('',#11531,#11532,#11533);
#11531 = CARTESIAN_POINT('',(-1.5,0.5,-2.2));
#11532 = DIRECTION('',(0.,1.,0.));
#11533 = DIRECTION('',(0.,-0.,1.));
#11534 = ORIENTED_EDGE('',*,*,#11535,.T.);
#11535 = EDGE_CURVE('',#11527,#11536,#11538,.T.);
#11536 = VERTEX_POINT('',#11537);
#11537 = CARTESIAN_POINT('',(-2.05,0.5,2.2));
#11538 = LINE('',#11539,#11540);
#11539 = CARTESIAN_POINT('',(-2.05,0.5,-2.2));
#11540 = VECTOR('',#11541,1.);
#11541 = DIRECTION('',(0.,0.,1.));
#11542 = ORIENTED_EDGE('',*,*,#11543,.T.);
#11543 = EDGE_CURVE('',#11536,#11544,#11546,.T.);
#11544 = VERTEX_POINT('',#11545);
#11545 = CARTESIAN_POINT('',(-1.5,0.5,2.75));
#11546 = CIRCLE('',#11547,0.55);
#11547 = AXIS2_PLACEMENT_3D('',#11548,#11549,#11550);
#11548 = CARTESIAN_POINT('',(-1.5,0.5,2.2));
#11549 = DIRECTION('',(0.,1.,0.));
#11550 = DIRECTION('',(0.,-0.,1.));
#11551 = ORIENTED_EDGE('',*,*,#11552,.T.);
#11552 = EDGE_CURVE('',#11544,#11553,#11555,.T.);
#11553 = VERTEX_POINT('',#11554);
#11554 = CARTESIAN_POINT('',(1.5,0.5,2.75));
#11555 = LINE('',#11556,#11557);
#11556 = CARTESIAN_POINT('',(-1.5,0.5,2.75));
#11557 = VECTOR('',#11558,1.);
#11558 = DIRECTION('',(1.,0.,0.));
#11559 = ORIENTED_EDGE('',*,*,#11560,.T.);
#11560 = EDGE_CURVE('',#11553,#11561,#11563,.T.);
#11561 = VERTEX_POINT('',#11562);
#11562 = CARTESIAN_POINT('',(2.05,0.5,2.2));
#11563 = CIRCLE('',#11564,0.55);
#11564 = AXIS2_PLACEMENT_3D('',#11565,#11566,#11567);
#11565 = CARTESIAN_POINT('',(1.5,0.5,2.2));
#11566 = DIRECTION('',(0.,1.,0.));
#11567 = DIRECTION('',(0.,-0.,1.));
#11568 = ORIENTED_EDGE('',*,*,#11569,.T.);
#11569 = EDGE_CURVE('',#11561,#11570,#11572,.T.);
#11570 = VERTEX_POINT('',#11571);
#11571 = CARTESIAN_POINT('',(2.05,0.5,0.5));
#11572 = LINE('',#11573,#11574);
#11573 = CARTESIAN_POINT('',(2.05,0.5,2.2));
#11574 = VECTOR('',#11575,1.);
#11575 = DIRECTION('',(0.,0.,-1.));
#11576 = ORIENTED_EDGE('',*,*,#11577,.T.);
#11577 = EDGE_CURVE('',#11570,#10849,#11578,.T.);
#11578 = LINE('',#11579,#11580);
#11579 = CARTESIAN_POINT('',(2.05,0.5,0.5));
#11580 = VECTOR('',#11581,1.);
#11581 = DIRECTION('',(1.,0.,0.));
#11582 = PLANE('',#11583);
#11583 = AXIS2_PLACEMENT_3D('',#11584,#11585,#11586);
#11584 = CARTESIAN_POINT('',(1.5,0.5,-2.2));
#11585 = DIRECTION('',(0.,1.,0.));
#11586 = DIRECTION('',(0.,-0.,1.));
#11587 = ADVANCED_FACE('',(#11588),#11600,.F.);
#11588 = FACE_BOUND('',#11589,.T.);
#11589 = EDGE_LOOP('',(#11590,#11591,#11597,#11598,#11599));
#11590 = ORIENTED_EDGE('',*,*,#11577,.F.);
#11591 = ORIENTED_EDGE('',*,*,#11592,.T.);
#11592 = EDGE_CURVE('',#11570,#11038,#11593,.T.);
#11593 = LINE('',#11594,#11595);
#11594 = CARTESIAN_POINT('',(2.05,0.5,0.5));
#11595 = VECTOR('',#11596,1.);
#11596 = DIRECTION('',(-0.,1.,-0.));
#11597 = ORIENTED_EDGE('',*,*,#11037,.T.);
#11598 = ORIENTED_EDGE('',*,*,#10520,.T.);
#11599 = ORIENTED_EDGE('',*,*,#10858,.F.);
#11600 = PLANE('',#11601);
#11601 = AXIS2_PLACEMENT_3D('',#11602,#11603,#11604);
#11602 = CARTESIAN_POINT('',(2.05,0.5,0.5));
#11603 = DIRECTION('',(-0.,0.,1.));
#11604 = DIRECTION('',(1.,0.,0.));
#11605 = ADVANCED_FACE('',(#11606),#11618,.F.);
#11606 = FACE_BOUND('',#11607,.T.);
#11607 = EDGE_LOOP('',(#11608,#11609,#11610,#11616,#11617));
#11608 = ORIENTED_EDGE('',*,*,#11426,.T.);
#11609 = ORIENTED_EDGE('',*,*,#11121,.T.);
#11610 = ORIENTED_EDGE('',*,*,#11611,.F.);
#11611 = EDGE_CURVE('',#11494,#11114,#11612,.T.);
#11612 = LINE('',#11613,#11614);
#11613 = CARTESIAN_POINT('',(2.05,0.5,-0.5));
#11614 = VECTOR('',#11615,1.);
#11615 = DIRECTION('',(-0.,1.,-0.));
#11616 = ORIENTED_EDGE('',*,*,#11493,.F.);
#11617 = ORIENTED_EDGE('',*,*,#10883,.F.);
#11618 = PLANE('',#11619);
#11619 = AXIS2_PLACEMENT_3D('',#11620,#11621,#11622);
#11620 = CARTESIAN_POINT('',(2.05,0.5,-0.5));
#11621 = DIRECTION('',(0.,0.,-1.));
#11622 = DIRECTION('',(-1.,0.,-0.));
#11623 = ADVANCED_FACE('',(#11624),#11635,.F.);
#11624 = FACE_BOUND('',#11625,.T.);
#11625 = EDGE_LOOP('',(#11626,#11627,#11628,#11629));
#11626 = ORIENTED_EDGE('',*,*,#11045,.T.);
#11627 = ORIENTED_EDGE('',*,*,#11592,.F.);
#11628 = ORIENTED_EDGE('',*,*,#11569,.F.);
#11629 = ORIENTED_EDGE('',*,*,#11630,.T.);
#11630 = EDGE_CURVE('',#11561,#11046,#11631,.T.);
#11631 = LINE('',#11632,#11633);
#11632 = CARTESIAN_POINT('',(2.05,0.5,2.2));
#11633 = VECTOR('',#11634,1.);
#11634 = DIRECTION('',(-0.,1.,-0.));
#11635 = PLANE('',#11636);
#11636 = AXIS2_PLACEMENT_3D('',#11637,#11638,#11639);
#11637 = CARTESIAN_POINT('',(2.05,0.5,2.2));
#11638 = DIRECTION('',(1.,0.,0.));
#11639 = DIRECTION('',(0.,0.,-1.));
#11640 = ADVANCED_FACE('',(#11641),#11652,.F.);
#11641 = FACE_BOUND('',#11642,.F.);
#11642 = EDGE_LOOP('',(#11643,#11649,#11650,#11651));
#11643 = ORIENTED_EDGE('',*,*,#11644,.F.);
#11644 = EDGE_CURVE('',#11553,#11054,#11645,.T.);
#11645 = LINE('',#11646,#11647);
#11646 = CARTESIAN_POINT('',(1.5,0.5,2.75));
#11647 = VECTOR('',#11648,1.);
#11648 = DIRECTION('',(-0.,1.,-0.));
#11649 = ORIENTED_EDGE('',*,*,#11560,.T.);
#11650 = ORIENTED_EDGE('',*,*,#11630,.T.);
#11651 = ORIENTED_EDGE('',*,*,#11053,.F.);
#11652 = CYLINDRICAL_SURFACE('',#11653,0.55);
#11653 = AXIS2_PLACEMENT_3D('',#11654,#11655,#11656);
#11654 = CARTESIAN_POINT('',(1.5,0.5,2.2));
#11655 = DIRECTION('',(-0.,1.,-0.));
#11656 = DIRECTION('',(0.,0.,1.));
#11657 = ADVANCED_FACE('',(#11658),#11669,.F.);
#11658 = FACE_BOUND('',#11659,.T.);
#11659 = EDGE_LOOP('',(#11660,#11661,#11662,#11663));
#11660 = ORIENTED_EDGE('',*,*,#11062,.T.);
#11661 = ORIENTED_EDGE('',*,*,#11644,.F.);
#11662 = ORIENTED_EDGE('',*,*,#11552,.F.);
#11663 = ORIENTED_EDGE('',*,*,#11664,.T.);
#11664 = EDGE_CURVE('',#11544,#11063,#11665,.T.);
#11665 = LINE('',#11666,#11667);
#11666 = CARTESIAN_POINT('',(-1.5,0.5,2.75));
#11667 = VECTOR('',#11668,1.);
#11668 = DIRECTION('',(-0.,1.,-0.));
#11669 = PLANE('',#11670);
#11670 = AXIS2_PLACEMENT_3D('',#11671,#11672,#11673);
#11671 = CARTESIAN_POINT('',(-1.5,0.5,2.75));
#11672 = DIRECTION('',(-0.,0.,1.));
#11673 = DIRECTION('',(1.,0.,0.));
#11674 = ADVANCED_FACE('',(#11675),#11686,.F.);
#11675 = FACE_BOUND('',#11676,.F.);
#11676 = EDGE_LOOP('',(#11677,#11683,#11684,#11685));
#11677 = ORIENTED_EDGE('',*,*,#11678,.F.);
#11678 = EDGE_CURVE('',#11536,#11071,#11679,.T.);
#11679 = LINE('',#11680,#11681);
#11680 = CARTESIAN_POINT('',(-2.05,0.5,2.2));
#11681 = VECTOR('',#11682,1.);
#11682 = DIRECTION('',(-0.,1.,-0.));
#11683 = ORIENTED_EDGE('',*,*,#11543,.T.);
#11684 = ORIENTED_EDGE('',*,*,#11664,.T.);
#11685 = ORIENTED_EDGE('',*,*,#11070,.F.);
#11686 = CYLINDRICAL_SURFACE('',#11687,0.55);
#11687 = AXIS2_PLACEMENT_3D('',#11688,#11689,#11690);
#11688 = CARTESIAN_POINT('',(-1.5,0.5,2.2));
#11689 = DIRECTION('',(-0.,1.,-0.));
#11690 = DIRECTION('',(0.,0.,1.));
#11691 = ADVANCED_FACE('',(#11692),#11703,.F.);
#11692 = FACE_BOUND('',#11693,.T.);
#11693 = EDGE_LOOP('',(#11694,#11695,#11696,#11697));
#11694 = ORIENTED_EDGE('',*,*,#11079,.T.);
#11695 = ORIENTED_EDGE('',*,*,#11678,.F.);
#11696 = ORIENTED_EDGE('',*,*,#11535,.F.);
#11697 = ORIENTED_EDGE('',*,*,#11698,.T.);
#11698 = EDGE_CURVE('',#11527,#11080,#11699,.T.);
#11699 = LINE('',#11700,#11701);
#11700 = CARTESIAN_POINT('',(-2.05,0.5,-2.2));
#11701 = VECTOR('',#11702,1.);
#11702 = DIRECTION('',(-0.,1.,-0.));
#11703 = PLANE('',#11704);
#11704 = AXIS2_PLACEMENT_3D('',#11705,#11706,#11707);
#11705 = CARTESIAN_POINT('',(-2.05,0.5,-2.2));
#11706 = DIRECTION('',(-1.,0.,0.));
#11707 = DIRECTION('',(0.,0.,1.));
#11708 = ADVANCED_FACE('',(#11709),#11720,.F.);
#11709 = FACE_BOUND('',#11710,.F.);
#11710 = EDGE_LOOP('',(#11711,#11717,#11718,#11719));
#11711 = ORIENTED_EDGE('',*,*,#11712,.F.);
#11712 = EDGE_CURVE('',#11519,#11088,#11713,.T.);
#11713 = LINE('',#11714,#11715);
#11714 = CARTESIAN_POINT('',(-1.5,0.5,-2.75));
#11715 = VECTOR('',#11716,1.);
#11716 = DIRECTION('',(-0.,1.,-0.));
#11717 = ORIENTED_EDGE('',*,*,#11526,.T.);
#11718 = ORIENTED_EDGE('',*,*,#11698,.T.);
#11719 = ORIENTED_EDGE('',*,*,#11087,.F.);
#11720 = CYLINDRICAL_SURFACE('',#11721,0.55);
#11721 = AXIS2_PLACEMENT_3D('',#11722,#11723,#11724);
#11722 = CARTESIAN_POINT('',(-1.5,0.5,-2.2));
#11723 = DIRECTION('',(-0.,1.,-0.));
#11724 = DIRECTION('',(0.,0.,1.));
#11725 = ADVANCED_FACE('',(#11726),#11737,.F.);
#11726 = FACE_BOUND('',#11727,.T.);
#11727 = EDGE_LOOP('',(#11728,#11729,#11730,#11731));
#11728 = ORIENTED_EDGE('',*,*,#11096,.T.);
#11729 = ORIENTED_EDGE('',*,*,#11712,.F.);
#11730 = ORIENTED_EDGE('',*,*,#11518,.F.);
#11731 = ORIENTED_EDGE('',*,*,#11732,.T.);
#11732 = EDGE_CURVE('',#11510,#11097,#11733,.T.);
#11733 = LINE('',#11734,#11735);
#11734 = CARTESIAN_POINT('',(1.5,0.5,-2.75));
#11735 = VECTOR('',#11736,1.);
#11736 = DIRECTION('',(-0.,1.,-0.));
#11737 = PLANE('',#11738);
#11738 = AXIS2_PLACEMENT_3D('',#11739,#11740,#11741);
#11739 = CARTESIAN_POINT('',(1.5,0.5,-2.75));
#11740 = DIRECTION('',(-0.,0.,-1.));
#11741 = DIRECTION('',(-1.,0.,0.));
#11742 = ADVANCED_FACE('',(#11743),#11754,.F.);
#11743 = FACE_BOUND('',#11744,.F.);
#11744 = EDGE_LOOP('',(#11745,#11751,#11752,#11753));
#11745 = ORIENTED_EDGE('',*,*,#11746,.F.);
#11746 = EDGE_CURVE('',#11502,#11105,#11747,.T.);
#11747 = LINE('',#11748,#11749);
#11748 = CARTESIAN_POINT('',(2.05,0.5,-2.2));
#11749 = VECTOR('',#11750,1.);
#11750 = DIRECTION('',(-0.,1.,-0.));
#11751 = ORIENTED_EDGE('',*,*,#11509,.T.);
#11752 = ORIENTED_EDGE('',*,*,#11732,.T.);
#11753 = ORIENTED_EDGE('',*,*,#11104,.F.);
#11754 = CYLINDRICAL_SURFACE('',#11755,0.55);
#11755 = AXIS2_PLACEMENT_3D('',#11756,#11757,#11758);
#11756 = CARTESIAN_POINT('',(1.5,0.5,-2.2));
#11757 = DIRECTION('',(-0.,1.,-0.));
#11758 = DIRECTION('',(0.,0.,1.));
#11759 = ADVANCED_FACE('',(#11760),#11766,.F.);
#11760 = FACE_BOUND('',#11761,.T.);
#11761 = EDGE_LOOP('',(#11762,#11763,#11764,#11765));
#11762 = ORIENTED_EDGE('',*,*,#11113,.T.);
#11763 = ORIENTED_EDGE('',*,*,#11746,.F.);
#11764 = ORIENTED_EDGE('',*,*,#11501,.F.);
#11765 = ORIENTED_EDGE('',*,*,#11611,.T.);
#11766 = PLANE('',#11767);
#11767 = AXIS2_PLACEMENT_3D('',#11768,#11769,#11770);
#11768 = CARTESIAN_POINT('',(2.05,0.5,-0.5));
#11769 = DIRECTION('',(1.,0.,0.));
#11770 = DIRECTION('',(0.,0.,-1.));
#11771 = ADVANCED_FACE('',(#11772),#11798,.T.);
#11772 = FACE_BOUND('',#11773,.T.);
#11773 = EDGE_LOOP('',(#11774,#11775,#11783,#11792));
#11774 = ORIENTED_EDGE('',*,*,#10478,.T.);
#11775 = ORIENTED_EDGE('',*,*,#11776,.F.);
#11776 = EDGE_CURVE('',#11777,#10481,#11779,.T.);
#11777 = VERTEX_POINT('',#11778);
#11778 = CARTESIAN_POINT('',(-1.024695076596,-2.5,-1.6));
#11779 = LINE('',#11780,#11781);
#11780 = CARTESIAN_POINT('',(-1.024695076596,-2.5,-1.6));
#11781 = VECTOR('',#11782,1.);
#11782 = DIRECTION('',(-0.,1.,-0.));
#11783 = ORIENTED_EDGE('',*,*,#11784,.F.);
#11784 = EDGE_CURVE('',#11785,#11777,#11787,.T.);
#11785 = VERTEX_POINT('',#11786);
#11786 = CARTESIAN_POINT('',(-1.024695076596,-2.5,1.6));
#11787 = CIRCLE('',#11788,1.9);
#11788 = AXIS2_PLACEMENT_3D('',#11789,#11790,#11791);
#11789 = CARTESIAN_POINT('',(0.,-2.5,0.));
#11790 = DIRECTION('',(0.,-1.,0.));
#11791 = DIRECTION('',(0.,0.,-1.));
#11792 = ORIENTED_EDGE('',*,*,#11793,.T.);
#11793 = EDGE_CURVE('',#11785,#10479,#11794,.T.);
#11794 = LINE('',#11795,#11796);
#11795 = CARTESIAN_POINT('',(-1.024695076596,-2.5,1.6));
#11796 = VECTOR('',#11797,1.);
#11797 = DIRECTION('',(-0.,1.,-0.));
#11798 = CYLINDRICAL_SURFACE('',#11799,1.9);
#11799 = AXIS2_PLACEMENT_3D('',#11800,#11801,#11802);
#11800 = CARTESIAN_POINT('',(0.,-2.5,0.));
#11801 = DIRECTION('',(-0.,1.,-0.));
#11802 = DIRECTION('',(0.,0.,1.));
#11803 = ADVANCED_FACE('',(#11804),#11822,.F.);
#11804 = FACE_BOUND('',#11805,.T.);
#11805 = EDGE_LOOP('',(#11806,#11807,#11815,#11821));
#11806 = ORIENTED_EDGE('',*,*,#10506,.T.);
#11807 = ORIENTED_EDGE('',*,*,#11808,.F.);
#11808 = EDGE_CURVE('',#11809,#10498,#11811,.T.);
#11809 = VERTEX_POINT('',#11810);
#11810 = CARTESIAN_POINT('',(1.024695076596,-2.5,-1.6));
#11811 = LINE('',#11812,#11813);
#11812 = CARTESIAN_POINT('',(1.024695076596,-2.5,-1.6));
#11813 = VECTOR('',#11814,1.);
#11814 = DIRECTION('',(-0.,1.,-0.));
#11815 = ORIENTED_EDGE('',*,*,#11816,.F.);
#11816 = EDGE_CURVE('',#11777,#11809,#11817,.T.);
#11817 = LINE('',#11818,#11819);
#11818 = CARTESIAN_POINT('',(-1.024695076596,-2.5,-1.6));
#11819 = VECTOR('',#11820,1.);
#11820 = DIRECTION('',(1.,0.,0.));
#11821 = ORIENTED_EDGE('',*,*,#11776,.T.);
#11822 = PLANE('',#11823);
#11823 = AXIS2_PLACEMENT_3D('',#11824,#11825,#11826);
#11824 = CARTESIAN_POINT('',(-1.024695076596,-2.5,-1.6));
#11825 = DIRECTION('',(-0.,0.,1.));
#11826 = DIRECTION('',(1.,0.,0.));
#11827 = ADVANCED_FACE('',(#11828),#11847,.T.);
#11828 = FACE_BOUND('',#11829,.T.);
#11829 = EDGE_LOOP('',(#11830,#11831,#11839,#11846));
#11830 = ORIENTED_EDGE('',*,*,#10497,.T.);
#11831 = ORIENTED_EDGE('',*,*,#11832,.F.);
#11832 = EDGE_CURVE('',#11833,#10490,#11835,.T.);
#11833 = VERTEX_POINT('',#11834);
#11834 = CARTESIAN_POINT('',(1.024695076596,-2.5,1.6));
#11835 = LINE('',#11836,#11837);
#11836 = CARTESIAN_POINT('',(1.024695076596,-2.5,1.6));
#11837 = VECTOR('',#11838,1.);
#11838 = DIRECTION('',(-0.,1.,-0.));
#11839 = ORIENTED_EDGE('',*,*,#11840,.F.);
#11840 = EDGE_CURVE('',#11809,#11833,#11841,.T.);
#11841 = CIRCLE('',#11842,1.9);
#11842 = AXIS2_PLACEMENT_3D('',#11843,#11844,#11845);
#11843 = CARTESIAN_POINT('',(0.,-2.5,0.));
#11844 = DIRECTION('',(0.,-1.,0.));
#11845 = DIRECTION('',(0.,0.,-1.));
#11846 = ORIENTED_EDGE('',*,*,#11808,.T.);
#11847 = CYLINDRICAL_SURFACE('',#11848,1.9);
#11848 = AXIS2_PLACEMENT_3D('',#11849,#11850,#11851);
#11849 = CARTESIAN_POINT('',(0.,-2.5,0.));
#11850 = DIRECTION('',(-0.,1.,-0.));
#11851 = DIRECTION('',(0.,0.,1.));
#11852 = ADVANCED_FACE('',(#11853),#11864,.F.);
#11853 = FACE_BOUND('',#11854,.T.);
#11854 = EDGE_LOOP('',(#11855,#11856,#11857,#11863));
#11855 = ORIENTED_EDGE('',*,*,#10489,.T.);
#11856 = ORIENTED_EDGE('',*,*,#11793,.F.);
#11857 = ORIENTED_EDGE('',*,*,#11858,.F.);
#11858 = EDGE_CURVE('',#11833,#11785,#11859,.T.);
#11859 = LINE('',#11860,#11861);
#11860 = CARTESIAN_POINT('',(-1.024695076596,-2.5,1.6));
#11861 = VECTOR('',#11862,1.);
#11862 = DIRECTION('',(-1.,-0.,-0.));
#11863 = ORIENTED_EDGE('',*,*,#11832,.T.);
#11864 = PLANE('',#11865);
#11865 = AXIS2_PLACEMENT_3D('',#11866,#11867,#11868);
#11866 = CARTESIAN_POINT('',(-1.024695076596,-2.5,1.6));
#11867 = DIRECTION('',(0.,0.,-1.));
#11868 = DIRECTION('',(-1.,0.,-0.));
#11869 = ADVANCED_FACE('',(#11870,#11880),#11886,.T.);
#11870 = FACE_BOUND('',#11871,.T.);
#11871 = EDGE_LOOP('',(#11872,#11873));
#11872 = ORIENTED_EDGE('',*,*,#10285,.T.);
#11873 = ORIENTED_EDGE('',*,*,#11874,.T.);
#11874 = EDGE_CURVE('',#10278,#10286,#11875,.T.);
#11875 = CIRCLE('',#11876,1.4);
#11876 = AXIS2_PLACEMENT_3D('',#11877,#11878,#11879);
#11877 = CARTESIAN_POINT('',(0.,-2.5,0.));
#11878 = DIRECTION('',(-0.,1.,0.));
#11879 = DIRECTION('',(0.,0.,1.));
#11880 = FACE_BOUND('',#11881,.T.);
#11881 = EDGE_LOOP('',(#11882,#11883,#11884,#11885));
#11882 = ORIENTED_EDGE('',*,*,#11784,.T.);
#11883 = ORIENTED_EDGE('',*,*,#11816,.T.);
#11884 = ORIENTED_EDGE('',*,*,#11840,.T.);
#11885 = ORIENTED_EDGE('',*,*,#11858,.T.);
#11886 = PLANE('',#11887);
#11887 = AXIS2_PLACEMENT_3D('',#11888,#11889,#11890);
#11888 = CARTESIAN_POINT('',(0.,-2.5,0.));
#11889 = DIRECTION('',(0.,-1.,0.));
#11890 = DIRECTION('',(0.,-0.,-1.));
#11891 = ADVANCED_FACE('',(#11892),#11904,.T.);
#11892 = FACE_BOUND('',#11893,.T.);
#11893 = EDGE_LOOP('',(#11894,#11895,#11902,#11903));
#11894 = ORIENTED_EDGE('',*,*,#10277,.F.);
#11895 = ORIENTED_EDGE('',*,*,#11896,.T.);
#11896 = EDGE_CURVE('',#10246,#10254,#11897,.T.);
#11897 = CIRCLE('',#11898,1.3);
#11898 = AXIS2_PLACEMENT_3D('',#11899,#11900,#11901);
#11899 = CARTESIAN_POINT('',(0.,-6.557179676972,0.));
#11900 = DIRECTION('',(-0.,1.,0.));
#11901 = DIRECTION('',(0.,0.,1.));
#11902 = ORIENTED_EDGE('',*,*,#10294,.T.);
#11903 = ORIENTED_EDGE('',*,*,#11874,.F.);
#11904 = CONICAL_SURFACE('',#11905,1.3,2.464267424523E-02);
#11905 = AXIS2_PLACEMENT_3D('',#11906,#11907,#11908);
#11906 = CARTESIAN_POINT('',(0.,-6.557179676972,0.));
#11907 = DIRECTION('',(-0.,1.,-0.));
#11908 = DIRECTION('',(0.,0.,1.));
#11909 = ADVANCED_FACE('',(#11910),#11922,.T.);
#11910 = FACE_BOUND('',#11911,.T.);
#11911 = EDGE_LOOP('',(#11912,#11913,#11920,#11921));
#11912 = ORIENTED_EDGE('',*,*,#10245,.F.);
#11913 = ORIENTED_EDGE('',*,*,#11914,.T.);
#11914 = EDGE_CURVE('',#10237,#10235,#11915,.T.);
#11915 = CIRCLE('',#11916,0.9);
#11916 = AXIS2_PLACEMENT_3D('',#11917,#11918,#11919);
#11917 = CARTESIAN_POINT('',(0.,-7.25,0.));
#11918 = DIRECTION('',(-0.,1.,0.));
#11919 = DIRECTION('',(0.,0.,1.));
#11920 = ORIENTED_EDGE('',*,*,#10262,.T.);
#11921 = ORIENTED_EDGE('',*,*,#11896,.F.);
#11922 = CONICAL_SURFACE('',#11923,0.9,0.523598775598);
#11923 = AXIS2_PLACEMENT_3D('',#11924,#11925,#11926);
#11924 = CARTESIAN_POINT('',(0.,-7.25,0.));
#11925 = DIRECTION('',(-0.,1.,-0.));
#11926 = DIRECTION('',(0.,0.,1.));
#11927 = ADVANCED_FACE('',(#11928,#11938),#11942,.F.);
#11928 = FACE_BOUND('',#11929,.T.);
#11929 = EDGE_LOOP('',(#11930,#11937));
#11930 = ORIENTED_EDGE('',*,*,#11931,.F.);
#11931 = EDGE_CURVE('',#10195,#10203,#11932,.T.);
#11932 = CIRCLE('',#11933,0.31);
#11933 = AXIS2_PLACEMENT_3D('',#11934,#11935,#11936);
#11934 = CARTESIAN_POINT('',(0.,-7.25,0.));
#11935 = DIRECTION('',(0.,-1.,0.));
#11936 = DIRECTION('',(0.,0.,-1.));
#11937 = ORIENTED_EDGE('',*,*,#10202,.F.);
#11938 = FACE_BOUND('',#11939,.T.);
#11939 = EDGE_LOOP('',(#11940,#11941));
#11940 = ORIENTED_EDGE('',*,*,#10234,.F.);
#11941 = ORIENTED_EDGE('',*,*,#11914,.F.);
#11942 = PLANE('',#11943);
#11943 = AXIS2_PLACEMENT_3D('',#11944,#11945,#11946);
#11944 = CARTESIAN_POINT('',(0.,-7.25,-0.9));
#11945 = DIRECTION('',(-0.,1.,0.));
#11946 = DIRECTION('',(0.,0.,1.));
#11947 = ADVANCED_FACE('',(#11948),#11958,.F.);
#11948 = FACE_BOUND('',#11949,.T.);
#11949 = EDGE_LOOP('',(#11950,#11957));
#11950 = ORIENTED_EDGE('',*,*,#11951,.T.);
#11951 = EDGE_CURVE('',#10193,#10212,#11952,.T.);
#11952 = CIRCLE('',#11953,0.31);
#11953 = AXIS2_PLACEMENT_3D('',#11954,#11955,#11956);
#11954 = CARTESIAN_POINT('',(0.,-1.,0.));
#11955 = DIRECTION('',(0.,-1.,0.));
#11956 = DIRECTION('',(0.,0.,1.));
#11957 = ORIENTED_EDGE('',*,*,#10219,.T.);
#11958 = PLANE('',#11959);
#11959 = AXIS2_PLACEMENT_3D('',#11960,#11961,#11962);
#11960 = CARTESIAN_POINT('',(1.875,-1.,2.5));
#11961 = DIRECTION('',(0.,1.,0.));
#11962 = DIRECTION('',(0.,-0.,1.));
#11963 = ADVANCED_FACE('',(#11964),#11970,.F.);
#11964 = FACE_BOUND('',#11965,.F.);
#11965 = EDGE_LOOP('',(#11966,#11967,#11968,#11969));
#11966 = ORIENTED_EDGE('',*,*,#11931,.F.);
#11967 = ORIENTED_EDGE('',*,*,#10192,.F.);
#11968 = ORIENTED_EDGE('',*,*,#11951,.T.);
#11969 = ORIENTED_EDGE('',*,*,#10211,.T.);
#11970 = CYLINDRICAL_SURFACE('',#11971,0.31);
#11971 = AXIS2_PLACEMENT_3D('',#11972,#11973,#11974);
#11972 = CARTESIAN_POINT('',(0.,-0.123187591329,0.));
#11973 = DIRECTION('',(-0.,-1.,-0.));
#11974 = DIRECTION('',(0.,0.,-1.));
#11975 = ADVANCED_FACE('',(#11976),#11988,.F.);
#11976 = FACE_BOUND('',#11977,.F.);
#11977 = EDGE_LOOP('',(#11978,#11979,#11980,#11987));
#11978 = ORIENTED_EDGE('',*,*,#10398,.F.);
#11979 = ORIENTED_EDGE('',*,*,#10150,.F.);
#11980 = ORIENTED_EDGE('',*,*,#11981,.T.);
#11981 = EDGE_CURVE('',#10151,#10170,#11982,.T.);
#11982 = CIRCLE('',#11983,0.31);
#11983 = AXIS2_PLACEMENT_3D('',#11984,#11985,#11986);
#11984 = CARTESIAN_POINT('',(5.322705363947E-16,-0.9,2.01));
#11985 = DIRECTION('',(0.,-1.,0.));
#11986 = DIRECTION('',(0.,0.,-1.));
#11987 = ORIENTED_EDGE('',*,*,#10169,.T.);
#11988 = CYLINDRICAL_SURFACE('',#11989,0.31);
#11989 = AXIS2_PLACEMENT_3D('',#11990,#11991,#11992);
#11990 = CARTESIAN_POINT('',(5.322705363947E-16,-0.9,2.01));
#11991 = DIRECTION('',(-0.,-1.,-0.));
#11992 = DIRECTION('',(0.,0.,-1.));
#11993 = ADVANCED_FACE('',(#11994),#11998,.T.);
#11994 = FACE_BOUND('',#11995,.T.);
#11995 = EDGE_LOOP('',(#11996,#11997));
#11996 = ORIENTED_EDGE('',*,*,#11981,.T.);
#11997 = ORIENTED_EDGE('',*,*,#10177,.T.);
#11998 = PLANE('',#11999);
#11999 = AXIS2_PLACEMENT_3D('',#12000,#12001,#12002);
#12000 = CARTESIAN_POINT('',(5.322705363947E-16,-0.9,2.01));
#12001 = DIRECTION('',(0.,-1.,0.));
#12002 = DIRECTION('',(0.,-0.,-1.));
#12003 = ADVANCED_FACE('',(#12004),#12016,.F.);
#12004 = FACE_BOUND('',#12005,.F.);
#12005 = EDGE_LOOP('',(#12006,#12007,#12008,#12015));
#12006 = ORIENTED_EDGE('',*,*,#10388,.F.);
#12007 = ORIENTED_EDGE('',*,*,#10108,.F.);
#12008 = ORIENTED_EDGE('',*,*,#12009,.T.);
#12009 = EDGE_CURVE('',#10109,#10128,#12010,.T.);
#12010 = CIRCLE('',#12011,0.35);
#12011 = AXIS2_PLACEMENT_3D('',#12012,#12013,#12014);
#12012 = CARTESIAN_POINT('',(-1.80795118406,-0.9,-2.43295118406));
#12013 = DIRECTION('',(0.,-1.,0.));
#12014 = DIRECTION('',(0.,0.,-1.));
#12015 = ORIENTED_EDGE('',*,*,#10127,.T.);
#12016 = CYLINDRICAL_SURFACE('',#12017,0.35);
#12017 = AXIS2_PLACEMENT_3D('',#12018,#12019,#12020);
#12018 = CARTESIAN_POINT('',(-1.80795118406,-0.9,-2.43295118406));
#12019 = DIRECTION('',(-0.,-1.,-0.));
#12020 = DIRECTION('',(0.,0.,-1.));
#12021 = ADVANCED_FACE('',(#12022),#12026,.T.);
#12022 = FACE_BOUND('',#12023,.T.);
#12023 = EDGE_LOOP('',(#12024,#12025));
#12024 = ORIENTED_EDGE('',*,*,#12009,.T.);
#12025 = ORIENTED_EDGE('',*,*,#10135,.T.);
#12026 = PLANE('',#12027);
#12027 = AXIS2_PLACEMENT_3D('',#12028,#12029,#12030);
#12028 = CARTESIAN_POINT('',(-1.80795118406,-0.9,-2.43295118406));
#12029 = DIRECTION('',(0.,-1.,0.));
#12030 = DIRECTION('',(0.,-0.,-1.));
#12031 = ADVANCED_FACE('',(#12032),#12044,.F.);
#12032 = FACE_BOUND('',#12033,.F.);
#12033 = EDGE_LOOP('',(#12034,#12035,#12036,#12043));
#12034 = ORIENTED_EDGE('',*,*,#10378,.F.);
#12035 = ORIENTED_EDGE('',*,*,#10066,.F.);
#12036 = ORIENTED_EDGE('',*,*,#12037,.T.);
#12037 = EDGE_CURVE('',#10067,#10086,#12038,.T.);
#12038 = CIRCLE('',#12039,0.31);
#12039 = AXIS2_PLACEMENT_3D('',#12040,#12041,#12042);
#12040 = CARTESIAN_POINT('',(-1.174827221408,-0.9,-1.962921966769));
#12041 = DIRECTION('',(0.,-1.,0.));
#12042 = DIRECTION('',(0.,0.,-1.));
#12043 = ORIENTED_EDGE('',*,*,#10085,.T.);
#12044 = CYLINDRICAL_SURFACE('',#12045,0.31);
#12045 = AXIS2_PLACEMENT_3D('',#12046,#12047,#12048);
#12046 = CARTESIAN_POINT('',(-1.174827221408,-0.9,-1.962921966769));
#12047 = DIRECTION('',(-0.,-1.,-0.));
#12048 = DIRECTION('',(0.,0.,-1.));
#12049 = ADVANCED_FACE('',(#12050),#12054,.T.);
#12050 = FACE_BOUND('',#12051,.T.);
#12051 = EDGE_LOOP('',(#12052,#12053));
#12052 = ORIENTED_EDGE('',*,*,#12037,.T.);
#12053 = ORIENTED_EDGE('',*,*,#10093,.T.);
#12054 = PLANE('',#12055);
#12055 = AXIS2_PLACEMENT_3D('',#12056,#12057,#12058);
#12056 = CARTESIAN_POINT('',(-1.174827221408,-0.9,-1.962921966769));
#12057 = DIRECTION('',(0.,-1.,0.));
#12058 = DIRECTION('',(0.,-0.,-1.));
#12059 = ADVANCED_FACE('',(#12060),#12072,.F.);
#12060 = FACE_BOUND('',#12061,.F.);
#12061 = EDGE_LOOP('',(#12062,#12063,#12064,#12071));
#12062 = ORIENTED_EDGE('',*,*,#10368,.F.);
#12063 = ORIENTED_EDGE('',*,*,#10024,.F.);
#12064 = ORIENTED_EDGE('',*,*,#12065,.T.);
#12065 = EDGE_CURVE('',#10025,#10044,#12066,.T.);
#12066 = CIRCLE('',#12067,0.31);
#12067 = AXIS2_PLACEMENT_3D('',#12068,#12069,#12070);
#12068 = CARTESIAN_POINT('',(5.322705363947E-16,-0.9,-2.01));
#12069 = DIRECTION('',(0.,-1.,0.));
#12070 = DIRECTION('',(0.,0.,1.));
#12071 = ORIENTED_EDGE('',*,*,#10043,.T.);
#12072 = CYLINDRICAL_SURFACE('',#12073,0.31);
#12073 = AXIS2_PLACEMENT_3D('',#12074,#12075,#12076);
#12074 = CARTESIAN_POINT('',(5.322705363947E-16,-0.9,-2.01));
#12075 = DIRECTION('',(-0.,-1.,-0.));
#12076 = DIRECTION('',(0.,0.,-1.));
#12077 = ADVANCED_FACE('',(#12078),#12082,.F.);
#12078 = FACE_BOUND('',#12079,.T.);
#12079 = EDGE_LOOP('',(#12080,#12081));
#12080 = ORIENTED_EDGE('',*,*,#12065,.T.);
#12081 = ORIENTED_EDGE('',*,*,#10051,.T.);
#12082 = PLANE('',#12083);
#12083 = AXIS2_PLACEMENT_3D('',#12084,#12085,#12086);
#12084 = CARTESIAN_POINT('',(5.322705363947E-16,-0.9,-2.01));
#12085 = DIRECTION('',(-0.,1.,0.));
#12086 = DIRECTION('',(0.,0.,1.));
#12087 = ADVANCED_FACE('',(#12088),#12100,.F.);
#12088 = FACE_BOUND('',#12089,.F.);
#12089 = EDGE_LOOP('',(#12090,#12091,#12092,#12099));
#12090 = ORIENTED_EDGE('',*,*,#10358,.F.);
#12091 = ORIENTED_EDGE('',*,*,#9982,.F.);
#12092 = ORIENTED_EDGE('',*,*,#12093,.T.);
#12093 = EDGE_CURVE('',#9983,#10002,#12094,.T.);
#12094 = CIRCLE('',#12095,0.35);
#12095 = AXIS2_PLACEMENT_3D('',#12096,#12097,#12098);
#12096 = CARTESIAN_POINT('',(1.80795118406,-0.9,-2.43295118406));
#12097 = DIRECTION('',(0.,-1.,0.));
#12098 = DIRECTION('',(0.,0.,1.));
#12099 = ORIENTED_EDGE('',*,*,#10001,.T.);
#12100 = CYLINDRICAL_SURFACE('',#12101,0.35);
#12101 = AXIS2_PLACEMENT_3D('',#12102,#12103,#12104);
#12102 = CARTESIAN_POINT('',(1.80795118406,-0.9,-2.43295118406));
#12103 = DIRECTION('',(-0.,-1.,-0.));
#12104 = DIRECTION('',(0.,0.,-1.));
#12105 = ADVANCED_FACE('',(#12106),#12110,.F.);
#12106 = FACE_BOUND('',#12107,.T.);
#12107 = EDGE_LOOP('',(#12108,#12109));
#12108 = ORIENTED_EDGE('',*,*,#12093,.T.);
#12109 = ORIENTED_EDGE('',*,*,#10009,.T.);
#12110 = PLANE('',#12111);
#12111 = AXIS2_PLACEMENT_3D('',#12112,#12113,#12114);
#12112 = CARTESIAN_POINT('',(1.80795118406,-0.9,-2.43295118406));
#12113 = DIRECTION('',(-0.,1.,0.));
#12114 = DIRECTION('',(0.,0.,1.));
#12115 = ADVANCED_FACE('',(#12116),#12128,.F.);
#12116 = FACE_BOUND('',#12117,.F.);
#12117 = EDGE_LOOP('',(#12118,#12119,#12120,#12127));
#12118 = ORIENTED_EDGE('',*,*,#10348,.F.);
#12119 = ORIENTED_EDGE('',*,*,#9940,.F.);
#12120 = ORIENTED_EDGE('',*,*,#12121,.T.);
#12121 = EDGE_CURVE('',#9941,#9960,#12122,.T.);
#12122 = CIRCLE('',#12123,0.31);
#12123 = AXIS2_PLACEMENT_3D('',#12124,#12125,#12126);
#12124 = CARTESIAN_POINT('',(1.174827221408,-0.9,-1.962921966769));
#12125 = DIRECTION('',(0.,-1.,0.));
#12126 = DIRECTION('',(0.,0.,1.));
#12127 = ORIENTED_EDGE('',*,*,#9959,.T.);
#12128 = CYLINDRICAL_SURFACE('',#12129,0.31);
#12129 = AXIS2_PLACEMENT_3D('',#12130,#12131,#12132);
#12130 = CARTESIAN_POINT('',(1.174827221408,-0.9,-1.962921966769));
#12131 = DIRECTION('',(-0.,-1.,-0.));
#12132 = DIRECTION('',(0.,0.,-1.));
#12133 = ADVANCED_FACE('',(#12134),#12138,.F.);
#12134 = FACE_BOUND('',#12135,.T.);
#12135 = EDGE_LOOP('',(#12136,#12137));
#12136 = ORIENTED_EDGE('',*,*,#12121,.T.);
#12137 = ORIENTED_EDGE('',*,*,#9967,.T.);
#12138 = PLANE('',#12139);
#12139 = AXIS2_PLACEMENT_3D('',#12140,#12141,#12142);
#12140 = CARTESIAN_POINT('',(1.174827221408,-0.9,-1.962921966769));
#12141 = DIRECTION('',(-0.,1.,0.));
#12142 = DIRECTION('',(0.,0.,1.));
#12143 = ADVANCED_FACE('',(#12144),#12156,.F.);
#12144 = FACE_BOUND('',#12145,.F.);
#12145 = EDGE_LOOP('',(#12146,#12147,#12148,#12155));
#12146 = ORIENTED_EDGE('',*,*,#10338,.F.);
#12147 = ORIENTED_EDGE('',*,*,#9898,.F.);
#12148 = ORIENTED_EDGE('',*,*,#12149,.T.);
#12149 = EDGE_CURVE('',#9899,#9918,#12150,.T.);
#12150 = CIRCLE('',#12151,0.35);
#12151 = AXIS2_PLACEMENT_3D('',#12152,#12153,#12154);
#12152 = CARTESIAN_POINT('',(-1.80795118406,-0.9,2.43295118406));
#12153 = DIRECTION('',(0.,-1.,0.));
#12154 = DIRECTION('',(0.,0.,1.));
#12155 = ORIENTED_EDGE('',*,*,#9917,.T.);
#12156 = CYLINDRICAL_SURFACE('',#12157,0.35);
#12157 = AXIS2_PLACEMENT_3D('',#12158,#12159,#12160);
#12158 = CARTESIAN_POINT('',(-1.80795118406,-0.9,2.43295118406));
#12159 = DIRECTION('',(-0.,-1.,-0.));
#12160 = DIRECTION('',(0.,0.,-1.));
#12161 = ADVANCED_FACE('',(#12162),#12166,.F.);
#12162 = FACE_BOUND('',#12163,.T.);
#12163 = EDGE_LOOP('',(#12164,#12165));
#12164 = ORIENTED_EDGE('',*,*,#12149,.T.);
#12165 = ORIENTED_EDGE('',*,*,#9925,.T.);
#12166 = PLANE('',#12167);
#12167 = AXIS2_PLACEMENT_3D('',#12168,#12169,#12170);
#12168 = CARTESIAN_POINT('',(-1.80795118406,-0.9,2.43295118406));
#12169 = DIRECTION('',(-0.,1.,0.));
#12170 = DIRECTION('',(0.,0.,1.));
#12171 = ADVANCED_FACE('',(#12172),#12184,.F.);
#12172 = FACE_BOUND('',#12173,.F.);
#12173 = EDGE_LOOP('',(#12174,#12175,#12176,#12183));
#12174 = ORIENTED_EDGE('',*,*,#10328,.F.);
#12175 = ORIENTED_EDGE('',*,*,#9856,.F.);
#12176 = ORIENTED_EDGE('',*,*,#12177,.T.);
#12177 = EDGE_CURVE('',#9857,#9876,#12178,.T.);
#12178 = CIRCLE('',#12179,0.31);
#12179 = AXIS2_PLACEMENT_3D('',#12180,#12181,#12182);
#12180 = CARTESIAN_POINT('',(-1.174827221408,-0.9,1.962921966769));
#12181 = DIRECTION('',(0.,-1.,0.));
#12182 = DIRECTION('',(0.,0.,1.));
#12183 = ORIENTED_EDGE('',*,*,#9875,.T.);
#12184 = CYLINDRICAL_SURFACE('',#12185,0.31);
#12185 = AXIS2_PLACEMENT_3D('',#12186,#12187,#12188);
#12186 = CARTESIAN_POINT('',(-1.174827221408,-0.9,1.962921966769));
#12187 = DIRECTION('',(-0.,-1.,-0.));
#12188 = DIRECTION('',(0.,0.,-1.));
#12189 = ADVANCED_FACE('',(#12190),#12194,.F.);
#12190 = FACE_BOUND('',#12191,.T.);
#12191 = EDGE_LOOP('',(#12192,#12193));
#12192 = ORIENTED_EDGE('',*,*,#12177,.T.);
#12193 = ORIENTED_EDGE('',*,*,#9883,.T.);
#12194 = PLANE('',#12195);
#12195 = AXIS2_PLACEMENT_3D('',#12196,#12197,#12198);
#12196 = CARTESIAN_POINT('',(-1.174827221408,-0.9,1.962921966769));
#12197 = DIRECTION('',(-0.,1.,0.));
#12198 = DIRECTION('',(0.,0.,1.));
#12199 = ADVANCED_FACE('',(#12200),#12212,.F.);
#12200 = FACE_BOUND('',#12201,.F.);
#12201 = EDGE_LOOP('',(#12202,#12203,#12204,#12211));
#12202 = ORIENTED_EDGE('',*,*,#10318,.F.);
#12203 = ORIENTED_EDGE('',*,*,#9814,.F.);
#12204 = ORIENTED_EDGE('',*,*,#12205,.T.);
#12205 = EDGE_CURVE('',#9815,#9834,#12206,.T.);
#12206 = CIRCLE('',#12207,0.35);
#12207 = AXIS2_PLACEMENT_3D('',#12208,#12209,#12210);
#12208 = CARTESIAN_POINT('',(1.80795118406,-0.9,2.43295118406));
#12209 = DIRECTION('',(0.,-1.,0.));
#12210 = DIRECTION('',(0.,0.,-1.));
#12211 = ORIENTED_EDGE('',*,*,#9833,.T.);
#12212 = CYLINDRICAL_SURFACE('',#12213,0.35);
#12213 = AXIS2_PLACEMENT_3D('',#12214,#12215,#12216);
#12214 = CARTESIAN_POINT('',(1.80795118406,-0.9,2.43295118406));
#12215 = DIRECTION('',(-0.,-1.,-0.));
#12216 = DIRECTION('',(0.,0.,-1.));
#12217 = ADVANCED_FACE('',(#12218),#12222,.T.);
#12218 = FACE_BOUND('',#12219,.T.);
#12219 = EDGE_LOOP('',(#12220,#12221));
#12220 = ORIENTED_EDGE('',*,*,#12205,.T.);
#12221 = ORIENTED_EDGE('',*,*,#9841,.T.);
#12222 = PLANE('',#12223);
#12223 = AXIS2_PLACEMENT_3D('',#12224,#12225,#12226);
#12224 = CARTESIAN_POINT('',(1.80795118406,-0.9,2.43295118406));
#12225 = DIRECTION('',(0.,-1.,0.));
#12226 = DIRECTION('',(0.,-0.,-1.));
#12227 = ADVANCED_FACE('',(#12228),#12240,.F.);
#12228 = FACE_BOUND('',#12229,.F.);
#12229 = EDGE_LOOP('',(#12230,#12231,#12232,#12239));
#12230 = ORIENTED_EDGE('',*,*,#10308,.F.);
#12231 = ORIENTED_EDGE('',*,*,#9772,.F.);
#12232 = ORIENTED_EDGE('',*,*,#12233,.T.);
#12233 = EDGE_CURVE('',#9773,#9792,#12234,.T.);
#12234 = CIRCLE('',#12235,0.31);
#12235 = AXIS2_PLACEMENT_3D('',#12236,#12237,#12238);
#12236 = CARTESIAN_POINT('',(1.174827221408,-0.9,1.962921966769));
#12237 = DIRECTION('',(0.,-1.,0.));
#12238 = DIRECTION('',(0.,0.,-1.));
#12239 = ORIENTED_EDGE('',*,*,#9791,.T.);
#12240 = CYLINDRICAL_SURFACE('',#12241,0.31);
#12241 = AXIS2_PLACEMENT_3D('',#12242,#12243,#12244);
#12242 = CARTESIAN_POINT('',(1.174827221408,-0.9,1.962921966769));
#12243 = DIRECTION('',(-0.,-1.,-0.));
#12244 = DIRECTION('',(0.,0.,-1.));
#12245 = ADVANCED_FACE('',(#12246),#12250,.T.);
#12246 = FACE_BOUND('',#12247,.T.);
#12247 = EDGE_LOOP('',(#12248,#12249));
#12248 = ORIENTED_EDGE('',*,*,#12233,.T.);
#12249 = ORIENTED_EDGE('',*,*,#9799,.T.);
#12250 = PLANE('',#12251);
#12251 = AXIS2_PLACEMENT_3D('',#12252,#12253,#12254);
#12252 = CARTESIAN_POINT('',(1.174827221408,-0.9,1.962921966769));
#12253 = DIRECTION('',(0.,-1.,0.));
#12254 = DIRECTION('',(0.,-0.,-1.));
#12255 = ( GEOMETRIC_REPRESENTATION_CONTEXT(3) 
GLOBAL_UNCERTAINTY_ASSIGNED_CONTEXT((#12259)) 
GLOBAL_UNIT_ASSIGNED_CONTEXT((#12256,#12257,#12258)) 
REPRESENTATION_CONTEXT('Context #1',
  '3D Context with UNIT and UNCERTAINTY') );
#12256 = ( LENGTH_UNIT() NAMED_UNIT(*) SI_UNIT(.MILLI.,.METRE.) );
#12257 = ( NAMED_UNIT(*) PLANE_ANGLE_UNIT() SI_UNIT($,.RADIAN.) );
#12258 = ( NAMED_UNIT(*) SI_UNIT($,.STERADIAN.) SOLID_ANGLE_UNIT() );
#12259 = UNCERTAINTY_MEASURE_WITH_UNIT(LENGTH_MEASURE(1.E-07),#12256,
  'distance_accuracy_value','confusion accuracy');
#12260 = CONTEXT_DEPENDENT_SHAPE_REPRESENTATION(#12261,#12263);
#12261 = ( REPRESENTATION_RELATIONSHIP('','',#6943,#10) 
REPRESENTATION_RELATIONSHIP_WITH_TRANSFORMATION(#12262) 
SHAPE_REPRESENTATION_RELATIONSHIP() );
#12262 = ITEM_DEFINED_TRANSFORMATION('','',#11,#43);
#12263 = PRODUCT_DEFINITION_SHAPE('Placement','Placement of an item',
  #12264);
#12264 = NEXT_ASSEMBLY_USAGE_OCCURRENCE('8','U1','',#5,#6938,$);
#12265 = PRODUCT_RELATED_PRODUCT_CATEGORY('part',$,(#6940));
#12266 = SHAPE_DEFINITION_REPRESENTATION(#12267,#12273);
#12267 = PRODUCT_DEFINITION_SHAPE('','',#12268);
#12268 = PRODUCT_DEFINITION('design','',#12269,#12272);
#12269 = PRODUCT_DEFINITION_FORMATION('','',#12270);
#12270 = PRODUCT('C_0805_2012Metric','C_0805_2012Metric','',(#12271));
#12271 = PRODUCT_CONTEXT('',#2,'mechanical');
#12272 = PRODUCT_DEFINITION_CONTEXT('part definition',#2,'design');
#12273 = ADVANCED_BREP_SHAPE_REPRESENTATION('',(#11,#12274),#13128);
#12274 = MANIFOLD_SOLID_BREP('',#12275);
#12275 = CLOSED_SHELL('',(#12276,#12352,#12383,#12408,#12433,#12457,
    #12481,#12506,#12531,#12548,#12634,#12666,#12690,#12715,#12739,
    #12764,#12788,#12813,#12830,#12916,#12947,#12972,#12997,#13021,
    #13045,#13070,#13095,#13112));
#12276 = ADVANCED_FACE('',(#12277),#12347,.F.);
#12277 = FACE_BOUND('',#12278,.F.);
#12278 = EDGE_LOOP('',(#12279,#12289,#12298,#12306,#12315,#12323,#12332,
    #12340));
#12279 = ORIENTED_EDGE('',*,*,#12280,.F.);
#12280 = EDGE_CURVE('',#12281,#12283,#12285,.T.);
#12281 = VERTEX_POINT('',#12282);
#12282 = CARTESIAN_POINT('',(-1.,-0.625,4.E-02));
#12283 = VERTEX_POINT('',#12284);
#12284 = CARTESIAN_POINT('',(-1.,-0.625,1.21));
#12285 = LINE('',#12286,#12287);
#12286 = CARTESIAN_POINT('',(-1.,-0.625,0.));
#12287 = VECTOR('',#12288,1.);
#12288 = DIRECTION('',(0.,0.,1.));
#12289 = ORIENTED_EDGE('',*,*,#12290,.T.);
#12290 = EDGE_CURVE('',#12281,#12291,#12293,.T.);
#12291 = VERTEX_POINT('',#12292);
#12292 = CARTESIAN_POINT('',(-1.,-0.585,0.));
#12293 = CIRCLE('',#12294,4.E-02);
#12294 = AXIS2_PLACEMENT_3D('',#12295,#12296,#12297);
#12295 = CARTESIAN_POINT('',(-1.,-0.585,4.E-02));
#12296 = DIRECTION('',(1.,0.,-0.));
#12297 = DIRECTION('',(0.,0.,1.));
#12298 = ORIENTED_EDGE('',*,*,#12299,.T.);
#12299 = EDGE_CURVE('',#12291,#12300,#12302,.T.);
#12300 = VERTEX_POINT('',#12301);
#12301 = CARTESIAN_POINT('',(-1.,0.585,0.));
#12302 = LINE('',#12303,#12304);
#12303 = CARTESIAN_POINT('',(-1.,-0.625,0.));
#12304 = VECTOR('',#12305,1.);
#12305 = DIRECTION('',(0.,1.,0.));
#12306 = ORIENTED_EDGE('',*,*,#12307,.F.);
#12307 = EDGE_CURVE('',#12308,#12300,#12310,.T.);
#12308 = VERTEX_POINT('',#12309);
#12309 = CARTESIAN_POINT('',(-1.,0.625,4.E-02));
#12310 = CIRCLE('',#12311,4.E-02);
#12311 = AXIS2_PLACEMENT_3D('',#12312,#12313,#12314);
#12312 = CARTESIAN_POINT('',(-1.,0.585,4.E-02));
#12313 = DIRECTION('',(-1.,0.,0.));
#12314 = DIRECTION('',(0.,0.,1.));
#12315 = ORIENTED_EDGE('',*,*,#12316,.T.);
#12316 = EDGE_CURVE('',#12308,#12317,#12319,.T.);
#12317 = VERTEX_POINT('',#12318);
#12318 = CARTESIAN_POINT('',(-1.,0.625,1.21));
#12319 = LINE('',#12320,#12321);
#12320 = CARTESIAN_POINT('',(-1.,0.625,0.));
#12321 = VECTOR('',#12322,1.);
#12322 = DIRECTION('',(0.,0.,1.));
#12323 = ORIENTED_EDGE('',*,*,#12324,.T.);
#12324 = EDGE_CURVE('',#12317,#12325,#12327,.T.);
#12325 = VERTEX_POINT('',#12326);
#12326 = CARTESIAN_POINT('',(-1.,0.585,1.25));
#12327 = CIRCLE('',#12328,4.E-02);
#12328 = AXIS2_PLACEMENT_3D('',#12329,#12330,#12331);
#12329 = CARTESIAN_POINT('',(-1.,0.585,1.21));
#12330 = DIRECTION('',(1.,0.,-0.));
#12331 = DIRECTION('',(0.,0.,1.));
#12332 = ORIENTED_EDGE('',*,*,#12333,.F.);
#12333 = EDGE_CURVE('',#12334,#12325,#12336,.T.);
#12334 = VERTEX_POINT('',#12335);
#12335 = CARTESIAN_POINT('',(-1.,-0.585,1.25));
#12336 = LINE('',#12337,#12338);
#12337 = CARTESIAN_POINT('',(-1.,-0.625,1.25));
#12338 = VECTOR('',#12339,1.);
#12339 = DIRECTION('',(0.,1.,0.));
#12340 = ORIENTED_EDGE('',*,*,#12341,.F.);
#12341 = EDGE_CURVE('',#12283,#12334,#12342,.T.);
#12342 = CIRCLE('',#12343,4.E-02);
#12343 = AXIS2_PLACEMENT_3D('',#12344,#12345,#12346);
#12344 = CARTESIAN_POINT('',(-1.,-0.585,1.21));
#12345 = DIRECTION('',(-1.,0.,0.));
#12346 = DIRECTION('',(0.,0.,1.));
#12347 = PLANE('',#12348);
#12348 = AXIS2_PLACEMENT_3D('',#12349,#12350,#12351);
#12349 = CARTESIAN_POINT('',(-1.,-0.625,0.));
#12350 = DIRECTION('',(1.,0.,0.));
#12351 = DIRECTION('',(0.,0.,1.));
#12352 = ADVANCED_FACE('',(#12353),#12378,.F.);
#12353 = FACE_BOUND('',#12354,.F.);
#12354 = EDGE_LOOP('',(#12355,#12365,#12371,#12372));
#12355 = ORIENTED_EDGE('',*,*,#12356,.F.);
#12356 = EDGE_CURVE('',#12357,#12359,#12361,.T.);
#12357 = VERTEX_POINT('',#12358);
#12358 = CARTESIAN_POINT('',(-0.6,-0.625,4.E-02));
#12359 = VERTEX_POINT('',#12360);
#12360 = CARTESIAN_POINT('',(-0.6,-0.625,1.21));
#12361 = LINE('',#12362,#12363);
#12362 = CARTESIAN_POINT('',(-0.6,-0.625,0.));
#12363 = VECTOR('',#12364,1.);
#12364 = DIRECTION('',(0.,0.,1.));
#12365 = ORIENTED_EDGE('',*,*,#12366,.F.);
#12366 = EDGE_CURVE('',#12281,#12357,#12367,.T.);
#12367 = LINE('',#12368,#12369);
#12368 = CARTESIAN_POINT('',(-1.,-0.625,4.E-02));
#12369 = VECTOR('',#12370,1.);
#12370 = DIRECTION('',(1.,0.,0.));
#12371 = ORIENTED_EDGE('',*,*,#12280,.T.);
#12372 = ORIENTED_EDGE('',*,*,#12373,.T.);
#12373 = EDGE_CURVE('',#12283,#12359,#12374,.T.);
#12374 = LINE('',#12375,#12376);
#12375 = CARTESIAN_POINT('',(-1.,-0.625,1.21));
#12376 = VECTOR('',#12377,1.);
#12377 = DIRECTION('',(1.,0.,0.));
#12378 = PLANE('',#12379);
#12379 = AXIS2_PLACEMENT_3D('',#12380,#12381,#12382);
#12380 = CARTESIAN_POINT('',(-1.,-0.625,0.));
#12381 = DIRECTION('',(0.,1.,0.));
#12382 = DIRECTION('',(0.,-0.,1.));
#12383 = ADVANCED_FACE('',(#12384),#12403,.T.);
#12384 = FACE_BOUND('',#12385,.T.);
#12385 = EDGE_LOOP('',(#12386,#12387,#12395,#12402));
#12386 = ORIENTED_EDGE('',*,*,#12290,.T.);
#12387 = ORIENTED_EDGE('',*,*,#12388,.T.);
#12388 = EDGE_CURVE('',#12291,#12389,#12391,.T.);
#12389 = VERTEX_POINT('',#12390);
#12390 = CARTESIAN_POINT('',(-0.6,-0.585,0.));
#12391 = LINE('',#12392,#12393);
#12392 = CARTESIAN_POINT('',(-1.,-0.585,0.));
#12393 = VECTOR('',#12394,1.);
#12394 = DIRECTION('',(1.,0.,0.));
#12395 = ORIENTED_EDGE('',*,*,#12396,.F.);
#12396 = EDGE_CURVE('',#12357,#12389,#12397,.T.);
#12397 = CIRCLE('',#12398,4.E-02);
#12398 = AXIS2_PLACEMENT_3D('',#12399,#12400,#12401);
#12399 = CARTESIAN_POINT('',(-0.6,-0.585,4.E-02));
#12400 = DIRECTION('',(1.,0.,-0.));
#12401 = DIRECTION('',(0.,0.,1.));
#12402 = ORIENTED_EDGE('',*,*,#12366,.F.);
#12403 = CYLINDRICAL_SURFACE('',#12404,4.E-02);
#12404 = AXIS2_PLACEMENT_3D('',#12405,#12406,#12407);
#12405 = CARTESIAN_POINT('',(-1.,-0.585,4.E-02));
#12406 = DIRECTION('',(1.,0.,0.));
#12407 = DIRECTION('',(0.,-1.,0.));
#12408 = ADVANCED_FACE('',(#12409),#12428,.T.);
#12409 = FACE_BOUND('',#12410,.T.);
#12410 = EDGE_LOOP('',(#12411,#12412,#12421,#12427));
#12411 = ORIENTED_EDGE('',*,*,#12373,.T.);
#12412 = ORIENTED_EDGE('',*,*,#12413,.T.);
#12413 = EDGE_CURVE('',#12359,#12414,#12416,.T.);
#12414 = VERTEX_POINT('',#12415);
#12415 = CARTESIAN_POINT('',(-0.6,-0.585,1.25));
#12416 = CIRCLE('',#12417,4.E-02);
#12417 = AXIS2_PLACEMENT_3D('',#12418,#12419,#12420);
#12418 = CARTESIAN_POINT('',(-0.6,-0.585,1.21));
#12419 = DIRECTION('',(-1.,0.,0.));
#12420 = DIRECTION('',(0.,0.,1.));
#12421 = ORIENTED_EDGE('',*,*,#12422,.F.);
#12422 = EDGE_CURVE('',#12334,#12414,#12423,.T.);
#12423 = LINE('',#12424,#12425);
#12424 = CARTESIAN_POINT('',(-1.,-0.585,1.25));
#12425 = VECTOR('',#12426,1.);
#12426 = DIRECTION('',(1.,0.,0.));
#12427 = ORIENTED_EDGE('',*,*,#12341,.F.);
#12428 = CYLINDRICAL_SURFACE('',#12429,4.E-02);
#12429 = AXIS2_PLACEMENT_3D('',#12430,#12431,#12432);
#12430 = CARTESIAN_POINT('',(-1.,-0.585,1.21));
#12431 = DIRECTION('',(1.,0.,0.));
#12432 = DIRECTION('',(0.,-1.,0.));
#12433 = ADVANCED_FACE('',(#12434),#12452,.F.);
#12434 = FACE_BOUND('',#12435,.F.);
#12435 = EDGE_LOOP('',(#12436,#12437,#12438,#12446));
#12436 = ORIENTED_EDGE('',*,*,#12299,.F.);
#12437 = ORIENTED_EDGE('',*,*,#12388,.T.);
#12438 = ORIENTED_EDGE('',*,*,#12439,.T.);
#12439 = EDGE_CURVE('',#12389,#12440,#12442,.T.);
#12440 = VERTEX_POINT('',#12441);
#12441 = CARTESIAN_POINT('',(-0.6,0.585,0.));
#12442 = LINE('',#12443,#12444);
#12443 = CARTESIAN_POINT('',(-0.6,-0.625,0.));
#12444 = VECTOR('',#12445,1.);
#12445 = DIRECTION('',(0.,1.,0.));
#12446 = ORIENTED_EDGE('',*,*,#12447,.F.);
#12447 = EDGE_CURVE('',#12300,#12440,#12448,.T.);
#12448 = LINE('',#12449,#12450);
#12449 = CARTESIAN_POINT('',(-1.,0.585,0.));
#12450 = VECTOR('',#12451,1.);
#12451 = DIRECTION('',(1.,0.,0.));
#12452 = PLANE('',#12453);
#12453 = AXIS2_PLACEMENT_3D('',#12454,#12455,#12456);
#12454 = CARTESIAN_POINT('',(-1.,-0.625,0.));
#12455 = DIRECTION('',(0.,0.,1.));
#12456 = DIRECTION('',(1.,0.,-0.));
#12457 = ADVANCED_FACE('',(#12458),#12476,.T.);
#12458 = FACE_BOUND('',#12459,.T.);
#12459 = EDGE_LOOP('',(#12460,#12461,#12462,#12470));
#12460 = ORIENTED_EDGE('',*,*,#12333,.F.);
#12461 = ORIENTED_EDGE('',*,*,#12422,.T.);
#12462 = ORIENTED_EDGE('',*,*,#12463,.T.);
#12463 = EDGE_CURVE('',#12414,#12464,#12466,.T.);
#12464 = VERTEX_POINT('',#12465);
#12465 = CARTESIAN_POINT('',(-0.6,0.585,1.25));
#12466 = LINE('',#12467,#12468);
#12467 = CARTESIAN_POINT('',(-0.6,-0.625,1.25));
#12468 = VECTOR('',#12469,1.);
#12469 = DIRECTION('',(0.,1.,0.));
#12470 = ORIENTED_EDGE('',*,*,#12471,.F.);
#12471 = EDGE_CURVE('',#12325,#12464,#12472,.T.);
#12472 = LINE('',#12473,#12474);
#12473 = CARTESIAN_POINT('',(-1.,0.585,1.25));
#12474 = VECTOR('',#12475,1.);
#12475 = DIRECTION('',(1.,0.,0.));
#12476 = PLANE('',#12477);
#12477 = AXIS2_PLACEMENT_3D('',#12478,#12479,#12480);
#12478 = CARTESIAN_POINT('',(-1.,-0.625,1.25));
#12479 = DIRECTION('',(0.,0.,1.));
#12480 = DIRECTION('',(1.,0.,-0.));
#12481 = ADVANCED_FACE('',(#12482),#12501,.T.);
#12482 = FACE_BOUND('',#12483,.T.);
#12483 = EDGE_LOOP('',(#12484,#12492,#12499,#12500));
#12484 = ORIENTED_EDGE('',*,*,#12485,.T.);
#12485 = EDGE_CURVE('',#12308,#12486,#12488,.T.);
#12486 = VERTEX_POINT('',#12487);
#12487 = CARTESIAN_POINT('',(-0.6,0.625,4.E-02));
#12488 = LINE('',#12489,#12490);
#12489 = CARTESIAN_POINT('',(-1.,0.625,4.E-02));
#12490 = VECTOR('',#12491,1.);
#12491 = DIRECTION('',(1.,0.,0.));
#12492 = ORIENTED_EDGE('',*,*,#12493,.T.);
#12493 = EDGE_CURVE('',#12486,#12440,#12494,.T.);
#12494 = CIRCLE('',#12495,4.E-02);
#12495 = AXIS2_PLACEMENT_3D('',#12496,#12497,#12498);
#12496 = CARTESIAN_POINT('',(-0.6,0.585,4.E-02));
#12497 = DIRECTION('',(-1.,0.,0.));
#12498 = DIRECTION('',(0.,0.,1.));
#12499 = ORIENTED_EDGE('',*,*,#12447,.F.);
#12500 = ORIENTED_EDGE('',*,*,#12307,.F.);
#12501 = CYLINDRICAL_SURFACE('',#12502,4.E-02);
#12502 = AXIS2_PLACEMENT_3D('',#12503,#12504,#12505);
#12503 = CARTESIAN_POINT('',(-1.,0.585,4.E-02));
#12504 = DIRECTION('',(1.,0.,0.));
#12505 = DIRECTION('',(-0.,1.,0.));
#12506 = ADVANCED_FACE('',(#12507),#12526,.T.);
#12507 = FACE_BOUND('',#12508,.T.);
#12508 = EDGE_LOOP('',(#12509,#12510,#12511,#12520));
#12509 = ORIENTED_EDGE('',*,*,#12324,.T.);
#12510 = ORIENTED_EDGE('',*,*,#12471,.T.);
#12511 = ORIENTED_EDGE('',*,*,#12512,.F.);
#12512 = EDGE_CURVE('',#12513,#12464,#12515,.T.);
#12513 = VERTEX_POINT('',#12514);
#12514 = CARTESIAN_POINT('',(-0.6,0.625,1.21));
#12515 = CIRCLE('',#12516,4.E-02);
#12516 = AXIS2_PLACEMENT_3D('',#12517,#12518,#12519);
#12517 = CARTESIAN_POINT('',(-0.6,0.585,1.21));
#12518 = DIRECTION('',(1.,0.,-0.));
#12519 = DIRECTION('',(0.,0.,1.));
#12520 = ORIENTED_EDGE('',*,*,#12521,.F.);
#12521 = EDGE_CURVE('',#12317,#12513,#12522,.T.);
#12522 = LINE('',#12523,#12524);
#12523 = CARTESIAN_POINT('',(-1.,0.625,1.21));
#12524 = VECTOR('',#12525,1.);
#12525 = DIRECTION('',(1.,0.,0.));
#12526 = CYLINDRICAL_SURFACE('',#12527,4.E-02);
#12527 = AXIS2_PLACEMENT_3D('',#12528,#12529,#12530);
#12528 = CARTESIAN_POINT('',(-1.,0.585,1.21));
#12529 = DIRECTION('',(1.,0.,0.));
#12530 = DIRECTION('',(-0.,1.,0.));
#12531 = ADVANCED_FACE('',(#12532),#12543,.T.);
#12532 = FACE_BOUND('',#12533,.T.);
#12533 = EDGE_LOOP('',(#12534,#12540,#12541,#12542));
#12534 = ORIENTED_EDGE('',*,*,#12535,.F.);
#12535 = EDGE_CURVE('',#12486,#12513,#12536,.T.);
#12536 = LINE('',#12537,#12538);
#12537 = CARTESIAN_POINT('',(-0.6,0.625,0.));
#12538 = VECTOR('',#12539,1.);
#12539 = DIRECTION('',(0.,0.,1.));
#12540 = ORIENTED_EDGE('',*,*,#12485,.F.);
#12541 = ORIENTED_EDGE('',*,*,#12316,.T.);
#12542 = ORIENTED_EDGE('',*,*,#12521,.T.);
#12543 = PLANE('',#12544);
#12544 = AXIS2_PLACEMENT_3D('',#12545,#12546,#12547);
#12545 = CARTESIAN_POINT('',(-1.,0.625,0.));
#12546 = DIRECTION('',(0.,1.,0.));
#12547 = DIRECTION('',(0.,-0.,1.));
#12548 = ADVANCED_FACE('',(#12549,#12559),#12629,.T.);
#12549 = FACE_BOUND('',#12550,.T.);
#12550 = EDGE_LOOP('',(#12551,#12552,#12553,#12554,#12555,#12556,#12557,
    #12558));
#12551 = ORIENTED_EDGE('',*,*,#12356,.F.);
#12552 = ORIENTED_EDGE('',*,*,#12396,.T.);
#12553 = ORIENTED_EDGE('',*,*,#12439,.T.);
#12554 = ORIENTED_EDGE('',*,*,#12493,.F.);
#12555 = ORIENTED_EDGE('',*,*,#12535,.T.);
#12556 = ORIENTED_EDGE('',*,*,#12512,.T.);
#12557 = ORIENTED_EDGE('',*,*,#12463,.F.);
#12558 = ORIENTED_EDGE('',*,*,#12413,.F.);
#12559 = FACE_BOUND('',#12560,.T.);
#12560 = EDGE_LOOP('',(#12561,#12572,#12580,#12589,#12597,#12606,#12614,
    #12623));
#12561 = ORIENTED_EDGE('',*,*,#12562,.F.);
#12562 = EDGE_CURVE('',#12563,#12565,#12567,.T.);
#12563 = VERTEX_POINT('',#12564);
#12564 = CARTESIAN_POINT('',(-0.6,-0.585,8.E-02));
#12565 = VERTEX_POINT('',#12566);
#12566 = CARTESIAN_POINT('',(-0.6,-0.545,4.E-02));
#12567 = CIRCLE('',#12568,4.E-02);
#12568 = AXIS2_PLACEMENT_3D('',#12569,#12570,#12571);
#12569 = CARTESIAN_POINT('',(-0.6,-0.545,8.E-02));
#12570 = DIRECTION('',(1.,0.,-0.));
#12571 = DIRECTION('',(0.,0.,1.));
#12572 = ORIENTED_EDGE('',*,*,#12573,.T.);
#12573 = EDGE_CURVE('',#12563,#12574,#12576,.T.);
#12574 = VERTEX_POINT('',#12575);
#12575 = CARTESIAN_POINT('',(-0.6,-0.585,1.17));
#12576 = LINE('',#12577,#12578);
#12577 = CARTESIAN_POINT('',(-0.6,-0.585,4.E-02));
#12578 = VECTOR('',#12579,1.);
#12579 = DIRECTION('',(0.,0.,1.));
#12580 = ORIENTED_EDGE('',*,*,#12581,.T.);
#12581 = EDGE_CURVE('',#12574,#12582,#12584,.T.);
#12582 = VERTEX_POINT('',#12583);
#12583 = CARTESIAN_POINT('',(-0.6,-0.545,1.21));
#12584 = CIRCLE('',#12585,4.E-02);
#12585 = AXIS2_PLACEMENT_3D('',#12586,#12587,#12588);
#12586 = CARTESIAN_POINT('',(-0.6,-0.545,1.17));
#12587 = DIRECTION('',(-1.,0.,0.));
#12588 = DIRECTION('',(0.,0.,1.));
#12589 = ORIENTED_EDGE('',*,*,#12590,.T.);
#12590 = EDGE_CURVE('',#12582,#12591,#12593,.T.);
#12591 = VERTEX_POINT('',#12592);
#12592 = CARTESIAN_POINT('',(-0.6,0.545,1.21));
#12593 = LINE('',#12594,#12595);
#12594 = CARTESIAN_POINT('',(-0.6,-0.585,1.21));
#12595 = VECTOR('',#12596,1.);
#12596 = DIRECTION('',(0.,1.,0.));
#12597 = ORIENTED_EDGE('',*,*,#12598,.F.);
#12598 = EDGE_CURVE('',#12599,#12591,#12601,.T.);
#12599 = VERTEX_POINT('',#12600);
#12600 = CARTESIAN_POINT('',(-0.6,0.585,1.17));
#12601 = CIRCLE('',#12602,4.E-02);
#12602 = AXIS2_PLACEMENT_3D('',#12603,#12604,#12605);
#12603 = CARTESIAN_POINT('',(-0.6,0.545,1.17));
#12604 = DIRECTION('',(1.,0.,-0.));
#12605 = DIRECTION('',(0.,0.,1.));
#12606 = ORIENTED_EDGE('',*,*,#12607,.F.);
#12607 = EDGE_CURVE('',#12608,#12599,#12610,.T.);
#12608 = VERTEX_POINT('',#12609);
#12609 = CARTESIAN_POINT('',(-0.6,0.585,8.E-02));
#12610 = LINE('',#12611,#12612);
#12611 = CARTESIAN_POINT('',(-0.6,0.585,4.E-02));
#12612 = VECTOR('',#12613,1.);
#12613 = DIRECTION('',(0.,0.,1.));
#12614 = ORIENTED_EDGE('',*,*,#12615,.T.);
#12615 = EDGE_CURVE('',#12608,#12616,#12618,.T.);
#12616 = VERTEX_POINT('',#12617);
#12617 = CARTESIAN_POINT('',(-0.6,0.545,4.E-02));
#12618 = CIRCLE('',#12619,4.E-02);
#12619 = AXIS2_PLACEMENT_3D('',#12620,#12621,#12622);
#12620 = CARTESIAN_POINT('',(-0.6,0.545,8.E-02));
#12621 = DIRECTION('',(-1.,0.,0.));
#12622 = DIRECTION('',(0.,0.,1.));
#12623 = ORIENTED_EDGE('',*,*,#12624,.F.);
#12624 = EDGE_CURVE('',#12565,#12616,#12625,.T.);
#12625 = LINE('',#12626,#12627);
#12626 = CARTESIAN_POINT('',(-0.6,-0.585,4.E-02));
#12627 = VECTOR('',#12628,1.);
#12628 = DIRECTION('',(0.,1.,0.));
#12629 = PLANE('',#12630);
#12630 = AXIS2_PLACEMENT_3D('',#12631,#12632,#12633);
#12631 = CARTESIAN_POINT('',(-0.6,-0.625,0.));
#12632 = DIRECTION('',(1.,0.,0.));
#12633 = DIRECTION('',(0.,0.,1.));
#12634 = ADVANCED_FACE('',(#12635),#12661,.T.);
#12635 = FACE_BOUND('',#12636,.T.);
#12636 = EDGE_LOOP('',(#12637,#12638,#12646,#12655));
#12637 = ORIENTED_EDGE('',*,*,#12562,.T.);
#12638 = ORIENTED_EDGE('',*,*,#12639,.T.);
#12639 = EDGE_CURVE('',#12565,#12640,#12642,.T.);
#12640 = VERTEX_POINT('',#12641);
#12641 = CARTESIAN_POINT('',(0.6,-0.545,4.E-02));
#12642 = LINE('',#12643,#12644);
#12643 = CARTESIAN_POINT('',(-0.6,-0.545,4.E-02));
#12644 = VECTOR('',#12645,1.);
#12645 = DIRECTION('',(1.,0.,0.));
#12646 = ORIENTED_EDGE('',*,*,#12647,.F.);
#12647 = EDGE_CURVE('',#12648,#12640,#12650,.T.);
#12648 = VERTEX_POINT('',#12649);
#12649 = CARTESIAN_POINT('',(0.6,-0.585,8.E-02));
#12650 = CIRCLE('',#12651,4.E-02);
#12651 = AXIS2_PLACEMENT_3D('',#12652,#12653,#12654);
#12652 = CARTESIAN_POINT('',(0.6,-0.545,8.E-02));
#12653 = DIRECTION('',(1.,0.,-0.));
#12654 = DIRECTION('',(0.,0.,1.));
#12655 = ORIENTED_EDGE('',*,*,#12656,.F.);
#12656 = EDGE_CURVE('',#12563,#12648,#12657,.T.);
#12657 = LINE('',#12658,#12659);
#12658 = CARTESIAN_POINT('',(-0.6,-0.585,8.E-02));
#12659 = VECTOR('',#12660,1.);
#12660 = DIRECTION('',(1.,0.,0.));
#12661 = CYLINDRICAL_SURFACE('',#12662,4.E-02);
#12662 = AXIS2_PLACEMENT_3D('',#12663,#12664,#12665);
#12663 = CARTESIAN_POINT('',(-0.6,-0.545,8.E-02));
#12664 = DIRECTION('',(1.,0.,0.));
#12665 = DIRECTION('',(0.,-1.,0.));
#12666 = ADVANCED_FACE('',(#12667),#12685,.F.);
#12667 = FACE_BOUND('',#12668,.F.);
#12668 = EDGE_LOOP('',(#12669,#12670,#12671,#12679));
#12669 = ORIENTED_EDGE('',*,*,#12624,.F.);
#12670 = ORIENTED_EDGE('',*,*,#12639,.T.);
#12671 = ORIENTED_EDGE('',*,*,#12672,.T.);
#12672 = EDGE_CURVE('',#12640,#12673,#12675,.T.);
#12673 = VERTEX_POINT('',#12674);
#12674 = CARTESIAN_POINT('',(0.6,0.545,4.E-02));
#12675 = LINE('',#12676,#12677);
#12676 = CARTESIAN_POINT('',(0.6,-0.585,4.E-02));
#12677 = VECTOR('',#12678,1.);
#12678 = DIRECTION('',(0.,1.,0.));
#12679 = ORIENTED_EDGE('',*,*,#12680,.F.);
#12680 = EDGE_CURVE('',#12616,#12673,#12681,.T.);
#12681 = LINE('',#12682,#12683);
#12682 = CARTESIAN_POINT('',(-0.6,0.545,4.E-02));
#12683 = VECTOR('',#12684,1.);
#12684 = DIRECTION('',(1.,0.,0.));
#12685 = PLANE('',#12686);
#12686 = AXIS2_PLACEMENT_3D('',#12687,#12688,#12689);
#12687 = CARTESIAN_POINT('',(-0.6,-0.585,4.E-02));
#12688 = DIRECTION('',(0.,0.,1.));
#12689 = DIRECTION('',(1.,0.,-0.));
#12690 = ADVANCED_FACE('',(#12691),#12710,.T.);
#12691 = FACE_BOUND('',#12692,.T.);
#12692 = EDGE_LOOP('',(#12693,#12701,#12708,#12709));
#12693 = ORIENTED_EDGE('',*,*,#12694,.T.);
#12694 = EDGE_CURVE('',#12608,#12695,#12697,.T.);
#12695 = VERTEX_POINT('',#12696);
#12696 = CARTESIAN_POINT('',(0.6,0.585,8.E-02));
#12697 = LINE('',#12698,#12699);
#12698 = CARTESIAN_POINT('',(-0.6,0.585,8.E-02));
#12699 = VECTOR('',#12700,1.);
#12700 = DIRECTION('',(1.,0.,0.));
#12701 = ORIENTED_EDGE('',*,*,#12702,.T.);
#12702 = EDGE_CURVE('',#12695,#12673,#12703,.T.);
#12703 = CIRCLE('',#12704,4.E-02);
#12704 = AXIS2_PLACEMENT_3D('',#12705,#12706,#12707);
#12705 = CARTESIAN_POINT('',(0.6,0.545,8.E-02));
#12706 = DIRECTION('',(-1.,0.,0.));
#12707 = DIRECTION('',(0.,0.,1.));
#12708 = ORIENTED_EDGE('',*,*,#12680,.F.);
#12709 = ORIENTED_EDGE('',*,*,#12615,.F.);
#12710 = CYLINDRICAL_SURFACE('',#12711,4.E-02);
#12711 = AXIS2_PLACEMENT_3D('',#12712,#12713,#12714);
#12712 = CARTESIAN_POINT('',(-0.6,0.545,8.E-02));
#12713 = DIRECTION('',(1.,0.,0.));
#12714 = DIRECTION('',(-0.,1.,0.));
#12715 = ADVANCED_FACE('',(#12716),#12734,.T.);
#12716 = FACE_BOUND('',#12717,.T.);
#12717 = EDGE_LOOP('',(#12718,#12726,#12727,#12728));
#12718 = ORIENTED_EDGE('',*,*,#12719,.F.);
#12719 = EDGE_CURVE('',#12695,#12720,#12722,.T.);
#12720 = VERTEX_POINT('',#12721);
#12721 = CARTESIAN_POINT('',(0.6,0.585,1.17));
#12722 = LINE('',#12723,#12724);
#12723 = CARTESIAN_POINT('',(0.6,0.585,4.E-02));
#12724 = VECTOR('',#12725,1.);
#12725 = DIRECTION('',(0.,0.,1.));
#12726 = ORIENTED_EDGE('',*,*,#12694,.F.);
#12727 = ORIENTED_EDGE('',*,*,#12607,.T.);
#12728 = ORIENTED_EDGE('',*,*,#12729,.T.);
#12729 = EDGE_CURVE('',#12599,#12720,#12730,.T.);
#12730 = LINE('',#12731,#12732);
#12731 = CARTESIAN_POINT('',(-0.6,0.585,1.17));
#12732 = VECTOR('',#12733,1.);
#12733 = DIRECTION('',(1.,0.,0.));
#12734 = PLANE('',#12735);
#12735 = AXIS2_PLACEMENT_3D('',#12736,#12737,#12738);
#12736 = CARTESIAN_POINT('',(-0.6,0.585,4.E-02));
#12737 = DIRECTION('',(0.,1.,0.));
#12738 = DIRECTION('',(0.,-0.,1.));
#12739 = ADVANCED_FACE('',(#12740),#12759,.T.);
#12740 = FACE_BOUND('',#12741,.T.);
#12741 = EDGE_LOOP('',(#12742,#12743,#12751,#12758));
#12742 = ORIENTED_EDGE('',*,*,#12598,.T.);
#12743 = ORIENTED_EDGE('',*,*,#12744,.T.);
#12744 = EDGE_CURVE('',#12591,#12745,#12747,.T.);
#12745 = VERTEX_POINT('',#12746);
#12746 = CARTESIAN_POINT('',(0.6,0.545,1.21));
#12747 = LINE('',#12748,#12749);
#12748 = CARTESIAN_POINT('',(-0.6,0.545,1.21));
#12749 = VECTOR('',#12750,1.);
#12750 = DIRECTION('',(1.,0.,0.));
#12751 = ORIENTED_EDGE('',*,*,#12752,.F.);
#12752 = EDGE_CURVE('',#12720,#12745,#12753,.T.);
#12753 = CIRCLE('',#12754,4.E-02);
#12754 = AXIS2_PLACEMENT_3D('',#12755,#12756,#12757);
#12755 = CARTESIAN_POINT('',(0.6,0.545,1.17));
#12756 = DIRECTION('',(1.,0.,-0.));
#12757 = DIRECTION('',(0.,0.,1.));
#12758 = ORIENTED_EDGE('',*,*,#12729,.F.);
#12759 = CYLINDRICAL_SURFACE('',#12760,4.E-02);
#12760 = AXIS2_PLACEMENT_3D('',#12761,#12762,#12763);
#12761 = CARTESIAN_POINT('',(-0.6,0.545,1.17));
#12762 = DIRECTION('',(1.,0.,0.));
#12763 = DIRECTION('',(-0.,1.,0.));
#12764 = ADVANCED_FACE('',(#12765),#12783,.T.);
#12765 = FACE_BOUND('',#12766,.T.);
#12766 = EDGE_LOOP('',(#12767,#12768,#12776,#12782));
#12767 = ORIENTED_EDGE('',*,*,#12590,.F.);
#12768 = ORIENTED_EDGE('',*,*,#12769,.T.);
#12769 = EDGE_CURVE('',#12582,#12770,#12772,.T.);
#12770 = VERTEX_POINT('',#12771);
#12771 = CARTESIAN_POINT('',(0.6,-0.545,1.21));
#12772 = LINE('',#12773,#12774);
#12773 = CARTESIAN_POINT('',(-0.6,-0.545,1.21));
#12774 = VECTOR('',#12775,1.);
#12775 = DIRECTION('',(1.,0.,0.));
#12776 = ORIENTED_EDGE('',*,*,#12777,.T.);
#12777 = EDGE_CURVE('',#12770,#12745,#12778,.T.);
#12778 = LINE('',#12779,#12780);
#12779 = CARTESIAN_POINT('',(0.6,-0.585,1.21));
#12780 = VECTOR('',#12781,1.);
#12781 = DIRECTION('',(0.,1.,0.));
#12782 = ORIENTED_EDGE('',*,*,#12744,.F.);
#12783 = PLANE('',#12784);
#12784 = AXIS2_PLACEMENT_3D('',#12785,#12786,#12787);
#12785 = CARTESIAN_POINT('',(-0.6,-0.585,1.21));
#12786 = DIRECTION('',(0.,0.,1.));
#12787 = DIRECTION('',(1.,0.,-0.));
#12788 = ADVANCED_FACE('',(#12789),#12808,.T.);
#12789 = FACE_BOUND('',#12790,.T.);
#12790 = EDGE_LOOP('',(#12791,#12799,#12806,#12807));
#12791 = ORIENTED_EDGE('',*,*,#12792,.T.);
#12792 = EDGE_CURVE('',#12574,#12793,#12795,.T.);
#12793 = VERTEX_POINT('',#12794);
#12794 = CARTESIAN_POINT('',(0.6,-0.585,1.17));
#12795 = LINE('',#12796,#12797);
#12796 = CARTESIAN_POINT('',(-0.6,-0.585,1.17));
#12797 = VECTOR('',#12798,1.);
#12798 = DIRECTION('',(1.,0.,0.));
#12799 = ORIENTED_EDGE('',*,*,#12800,.T.);
#12800 = EDGE_CURVE('',#12793,#12770,#12801,.T.);
#12801 = CIRCLE('',#12802,4.E-02);
#12802 = AXIS2_PLACEMENT_3D('',#12803,#12804,#12805);
#12803 = CARTESIAN_POINT('',(0.6,-0.545,1.17));
#12804 = DIRECTION('',(-1.,0.,0.));
#12805 = DIRECTION('',(0.,0.,1.));
#12806 = ORIENTED_EDGE('',*,*,#12769,.F.);
#12807 = ORIENTED_EDGE('',*,*,#12581,.F.);
#12808 = CYLINDRICAL_SURFACE('',#12809,4.E-02);
#12809 = AXIS2_PLACEMENT_3D('',#12810,#12811,#12812);
#12810 = CARTESIAN_POINT('',(-0.6,-0.545,1.17));
#12811 = DIRECTION('',(1.,0.,0.));
#12812 = DIRECTION('',(0.,-1.,0.));
#12813 = ADVANCED_FACE('',(#12814),#12825,.F.);
#12814 = FACE_BOUND('',#12815,.F.);
#12815 = EDGE_LOOP('',(#12816,#12822,#12823,#12824));
#12816 = ORIENTED_EDGE('',*,*,#12817,.F.);
#12817 = EDGE_CURVE('',#12648,#12793,#12818,.T.);
#12818 = LINE('',#12819,#12820);
#12819 = CARTESIAN_POINT('',(0.6,-0.585,4.E-02));
#12820 = VECTOR('',#12821,1.);
#12821 = DIRECTION('',(0.,0.,1.));
#12822 = ORIENTED_EDGE('',*,*,#12656,.F.);
#12823 = ORIENTED_EDGE('',*,*,#12573,.T.);
#12824 = ORIENTED_EDGE('',*,*,#12792,.T.);
#12825 = PLANE('',#12826);
#12826 = AXIS2_PLACEMENT_3D('',#12827,#12828,#12829);
#12827 = CARTESIAN_POINT('',(-0.6,-0.585,4.E-02));
#12828 = DIRECTION('',(0.,1.,0.));
#12829 = DIRECTION('',(0.,-0.,1.));
#12830 = ADVANCED_FACE('',(#12831,#12901),#12911,.F.);
#12831 = FACE_BOUND('',#12832,.F.);
#12832 = EDGE_LOOP('',(#12833,#12843,#12852,#12860,#12869,#12877,#12886,
    #12894));
#12833 = ORIENTED_EDGE('',*,*,#12834,.F.);
#12834 = EDGE_CURVE('',#12835,#12837,#12839,.T.);
#12835 = VERTEX_POINT('',#12836);
#12836 = CARTESIAN_POINT('',(0.6,-0.625,4.E-02));
#12837 = VERTEX_POINT('',#12838);
#12838 = CARTESIAN_POINT('',(0.6,-0.625,1.21));
#12839 = LINE('',#12840,#12841);
#12840 = CARTESIAN_POINT('',(0.6,-0.625,0.));
#12841 = VECTOR('',#12842,1.);
#12842 = DIRECTION('',(0.,0.,1.));
#12843 = ORIENTED_EDGE('',*,*,#12844,.T.);
#12844 = EDGE_CURVE('',#12835,#12845,#12847,.T.);
#12845 = VERTEX_POINT('',#12846);
#12846 = CARTESIAN_POINT('',(0.6,-0.585,0.));
#12847 = CIRCLE('',#12848,4.E-02);
#12848 = AXIS2_PLACEMENT_3D('',#12849,#12850,#12851);
#12849 = CARTESIAN_POINT('',(0.6,-0.585,4.E-02));
#12850 = DIRECTION('',(1.,0.,-0.));
#12851 = DIRECTION('',(0.,0.,1.));
#12852 = ORIENTED_EDGE('',*,*,#12853,.T.);
#12853 = EDGE_CURVE('',#12845,#12854,#12856,.T.);
#12854 = VERTEX_POINT('',#12855);
#12855 = CARTESIAN_POINT('',(0.6,0.585,0.));
#12856 = LINE('',#12857,#12858);
#12857 = CARTESIAN_POINT('',(0.6,-0.625,0.));
#12858 = VECTOR('',#12859,1.);
#12859 = DIRECTION('',(0.,1.,0.));
#12860 = ORIENTED_EDGE('',*,*,#12861,.F.);
#12861 = EDGE_CURVE('',#12862,#12854,#12864,.T.);
#12862 = VERTEX_POINT('',#12863);
#12863 = CARTESIAN_POINT('',(0.6,0.625,4.E-02));
#12864 = CIRCLE('',#12865,4.E-02);
#12865 = AXIS2_PLACEMENT_3D('',#12866,#12867,#12868);
#12866 = CARTESIAN_POINT('',(0.6,0.585,4.E-02));
#12867 = DIRECTION('',(-1.,0.,0.));
#12868 = DIRECTION('',(0.,0.,1.));
#12869 = ORIENTED_EDGE('',*,*,#12870,.T.);
#12870 = EDGE_CURVE('',#12862,#12871,#12873,.T.);
#12871 = VERTEX_POINT('',#12872);
#12872 = CARTESIAN_POINT('',(0.6,0.625,1.21));
#12873 = LINE('',#12874,#12875);
#12874 = CARTESIAN_POINT('',(0.6,0.625,0.));
#12875 = VECTOR('',#12876,1.);
#12876 = DIRECTION('',(0.,0.,1.));
#12877 = ORIENTED_EDGE('',*,*,#12878,.T.);
#12878 = EDGE_CURVE('',#12871,#12879,#12881,.T.);
#12879 = VERTEX_POINT('',#12880);
#12880 = CARTESIAN_POINT('',(0.6,0.585,1.25));
#12881 = CIRCLE('',#12882,4.E-02);
#12882 = AXIS2_PLACEMENT_3D('',#12883,#12884,#12885);
#12883 = CARTESIAN_POINT('',(0.6,0.585,1.21));
#12884 = DIRECTION('',(1.,0.,-0.));
#12885 = DIRECTION('',(0.,0.,1.));
#12886 = ORIENTED_EDGE('',*,*,#12887,.F.);
#12887 = EDGE_CURVE('',#12888,#12879,#12890,.T.);
#12888 = VERTEX_POINT('',#12889);
#12889 = CARTESIAN_POINT('',(0.6,-0.585,1.25));
#12890 = LINE('',#12891,#12892);
#12891 = CARTESIAN_POINT('',(0.6,-0.625,1.25));
#12892 = VECTOR('',#12893,1.);
#12893 = DIRECTION('',(0.,1.,0.));
#12894 = ORIENTED_EDGE('',*,*,#12895,.F.);
#12895 = EDGE_CURVE('',#12837,#12888,#12896,.T.);
#12896 = CIRCLE('',#12897,4.E-02);
#12897 = AXIS2_PLACEMENT_3D('',#12898,#12899,#12900);
#12898 = CARTESIAN_POINT('',(0.6,-0.585,1.21));
#12899 = DIRECTION('',(-1.,0.,0.));
#12900 = DIRECTION('',(0.,0.,1.));
#12901 = FACE_BOUND('',#12902,.F.);
#12902 = EDGE_LOOP('',(#12903,#12904,#12905,#12906,#12907,#12908,#12909,
    #12910));
#12903 = ORIENTED_EDGE('',*,*,#12647,.F.);
#12904 = ORIENTED_EDGE('',*,*,#12817,.T.);
#12905 = ORIENTED_EDGE('',*,*,#12800,.T.);
#12906 = ORIENTED_EDGE('',*,*,#12777,.T.);
#12907 = ORIENTED_EDGE('',*,*,#12752,.F.);
#12908 = ORIENTED_EDGE('',*,*,#12719,.F.);
#12909 = ORIENTED_EDGE('',*,*,#12702,.T.);
#12910 = ORIENTED_EDGE('',*,*,#12672,.F.);
#12911 = PLANE('',#12912);
#12912 = AXIS2_PLACEMENT_3D('',#12913,#12914,#12915);
#12913 = CARTESIAN_POINT('',(0.6,-0.625,0.));
#12914 = DIRECTION('',(1.,0.,0.));
#12915 = DIRECTION('',(0.,0.,1.));
#12916 = ADVANCED_FACE('',(#12917),#12942,.F.);
#12917 = FACE_BOUND('',#12918,.F.);
#12918 = EDGE_LOOP('',(#12919,#12929,#12935,#12936));
#12919 = ORIENTED_EDGE('',*,*,#12920,.F.);
#12920 = EDGE_CURVE('',#12921,#12923,#12925,.T.);
#12921 = VERTEX_POINT('',#12922);
#12922 = CARTESIAN_POINT('',(1.,-0.625,4.E-02));
#12923 = VERTEX_POINT('',#12924);
#12924 = CARTESIAN_POINT('',(1.,-0.625,1.21));
#12925 = LINE('',#12926,#12927);
#12926 = CARTESIAN_POINT('',(1.,-0.625,0.));
#12927 = VECTOR('',#12928,1.);
#12928 = DIRECTION('',(0.,0.,1.));
#12929 = ORIENTED_EDGE('',*,*,#12930,.F.);
#12930 = EDGE_CURVE('',#12835,#12921,#12931,.T.);
#12931 = LINE('',#12932,#12933);
#12932 = CARTESIAN_POINT('',(0.6,-0.625,4.E-02));
#12933 = VECTOR('',#12934,1.);
#12934 = DIRECTION('',(1.,0.,0.));
#12935 = ORIENTED_EDGE('',*,*,#12834,.T.);
#12936 = ORIENTED_EDGE('',*,*,#12937,.T.);
#12937 = EDGE_CURVE('',#12837,#12923,#12938,.T.);
#12938 = LINE('',#12939,#12940);
#12939 = CARTESIAN_POINT('',(0.6,-0.625,1.21));
#12940 = VECTOR('',#12941,1.);
#12941 = DIRECTION('',(1.,0.,0.));
#12942 = PLANE('',#12943);
#12943 = AXIS2_PLACEMENT_3D('',#12944,#12945,#12946);
#12944 = CARTESIAN_POINT('',(0.6,-0.625,0.));
#12945 = DIRECTION('',(0.,1.,0.));
#12946 = DIRECTION('',(0.,-0.,1.));
#12947 = ADVANCED_FACE('',(#12948),#12967,.T.);
#12948 = FACE_BOUND('',#12949,.T.);
#12949 = EDGE_LOOP('',(#12950,#12951,#12959,#12966));
#12950 = ORIENTED_EDGE('',*,*,#12844,.T.);
#12951 = ORIENTED_EDGE('',*,*,#12952,.T.);
#12952 = EDGE_CURVE('',#12845,#12953,#12955,.T.);
#12953 = VERTEX_POINT('',#12954);
#12954 = CARTESIAN_POINT('',(1.,-0.585,0.));
#12955 = LINE('',#12956,#12957);
#12956 = CARTESIAN_POINT('',(0.6,-0.585,0.));
#12957 = VECTOR('',#12958,1.);
#12958 = DIRECTION('',(1.,0.,0.));
#12959 = ORIENTED_EDGE('',*,*,#12960,.F.);
#12960 = EDGE_CURVE('',#12921,#12953,#12961,.T.);
#12961 = CIRCLE('',#12962,4.E-02);
#12962 = AXIS2_PLACEMENT_3D('',#12963,#12964,#12965);
#12963 = CARTESIAN_POINT('',(1.,-0.585,4.E-02));
#12964 = DIRECTION('',(1.,0.,-0.));
#12965 = DIRECTION('',(0.,0.,1.));
#12966 = ORIENTED_EDGE('',*,*,#12930,.F.);
#12967 = CYLINDRICAL_SURFACE('',#12968,4.E-02);
#12968 = AXIS2_PLACEMENT_3D('',#12969,#12970,#12971);
#12969 = CARTESIAN_POINT('',(0.6,-0.585,4.E-02));
#12970 = DIRECTION('',(1.,0.,0.));
#12971 = DIRECTION('',(0.,-1.,0.));
#12972 = ADVANCED_FACE('',(#12973),#12992,.T.);
#12973 = FACE_BOUND('',#12974,.T.);
#12974 = EDGE_LOOP('',(#12975,#12976,#12985,#12991));
#12975 = ORIENTED_EDGE('',*,*,#12937,.T.);
#12976 = ORIENTED_EDGE('',*,*,#12977,.T.);
#12977 = EDGE_CURVE('',#12923,#12978,#12980,.T.);
#12978 = VERTEX_POINT('',#12979);
#12979 = CARTESIAN_POINT('',(1.,-0.585,1.25));
#12980 = CIRCLE('',#12981,4.E-02);
#12981 = AXIS2_PLACEMENT_3D('',#12982,#12983,#12984);
#12982 = CARTESIAN_POINT('',(1.,-0.585,1.21));
#12983 = DIRECTION('',(-1.,0.,0.));
#12984 = DIRECTION('',(0.,0.,1.));
#12985 = ORIENTED_EDGE('',*,*,#12986,.F.);
#12986 = EDGE_CURVE('',#12888,#12978,#12987,.T.);
#12987 = LINE('',#12988,#12989);
#12988 = CARTESIAN_POINT('',(0.6,-0.585,1.25));
#12989 = VECTOR('',#12990,1.);
#12990 = DIRECTION('',(1.,0.,0.));
#12991 = ORIENTED_EDGE('',*,*,#12895,.F.);
#12992 = CYLINDRICAL_SURFACE('',#12993,4.E-02);
#12993 = AXIS2_PLACEMENT_3D('',#12994,#12995,#12996);
#12994 = CARTESIAN_POINT('',(0.6,-0.585,1.21));
#12995 = DIRECTION('',(1.,0.,0.));
#12996 = DIRECTION('',(0.,-1.,0.));
#12997 = ADVANCED_FACE('',(#12998),#13016,.F.);
#12998 = FACE_BOUND('',#12999,.F.);
#12999 = EDGE_LOOP('',(#13000,#13001,#13002,#13010));
#13000 = ORIENTED_EDGE('',*,*,#12853,.F.);
#13001 = ORIENTED_EDGE('',*,*,#12952,.T.);
#13002 = ORIENTED_EDGE('',*,*,#13003,.T.);
#13003 = EDGE_CURVE('',#12953,#13004,#13006,.T.);
#13004 = VERTEX_POINT('',#13005);
#13005 = CARTESIAN_POINT('',(1.,0.585,0.));
#13006 = LINE('',#13007,#13008);
#13007 = CARTESIAN_POINT('',(1.,-0.625,0.));
#13008 = VECTOR('',#13009,1.);
#13009 = DIRECTION('',(0.,1.,0.));
#13010 = ORIENTED_EDGE('',*,*,#13011,.F.);
#13011 = EDGE_CURVE('',#12854,#13004,#13012,.T.);
#13012 = LINE('',#13013,#13014);
#13013 = CARTESIAN_POINT('',(0.6,0.585,0.));
#13014 = VECTOR('',#13015,1.);
#13015 = DIRECTION('',(1.,0.,0.));
#13016 = PLANE('',#13017);
#13017 = AXIS2_PLACEMENT_3D('',#13018,#13019,#13020);
#13018 = CARTESIAN_POINT('',(0.6,-0.625,0.));
#13019 = DIRECTION('',(0.,0.,1.));
#13020 = DIRECTION('',(1.,0.,-0.));
#13021 = ADVANCED_FACE('',(#13022),#13040,.T.);
#13022 = FACE_BOUND('',#13023,.T.);
#13023 = EDGE_LOOP('',(#13024,#13025,#13026,#13034));
#13024 = ORIENTED_EDGE('',*,*,#12887,.F.);
#13025 = ORIENTED_EDGE('',*,*,#12986,.T.);
#13026 = ORIENTED_EDGE('',*,*,#13027,.T.);
#13027 = EDGE_CURVE('',#12978,#13028,#13030,.T.);
#13028 = VERTEX_POINT('',#13029);
#13029 = CARTESIAN_POINT('',(1.,0.585,1.25));
#13030 = LINE('',#13031,#13032);
#13031 = CARTESIAN_POINT('',(1.,-0.625,1.25));
#13032 = VECTOR('',#13033,1.);
#13033 = DIRECTION('',(0.,1.,0.));
#13034 = ORIENTED_EDGE('',*,*,#13035,.F.);
#13035 = EDGE_CURVE('',#12879,#13028,#13036,.T.);
#13036 = LINE('',#13037,#13038);
#13037 = CARTESIAN_POINT('',(0.6,0.585,1.25));
#13038 = VECTOR('',#13039,1.);
#13039 = DIRECTION('',(1.,0.,0.));
#13040 = PLANE('',#13041);
#13041 = AXIS2_PLACEMENT_3D('',#13042,#13043,#13044);
#13042 = CARTESIAN_POINT('',(0.6,-0.625,1.25));
#13043 = DIRECTION('',(0.,0.,1.));
#13044 = DIRECTION('',(1.,0.,-0.));
#13045 = ADVANCED_FACE('',(#13046),#13065,.T.);
#13046 = FACE_BOUND('',#13047,.T.);
#13047 = EDGE_LOOP('',(#13048,#13056,#13063,#13064));
#13048 = ORIENTED_EDGE('',*,*,#13049,.T.);
#13049 = EDGE_CURVE('',#12862,#13050,#13052,.T.);
#13050 = VERTEX_POINT('',#13051);
#13051 = CARTESIAN_POINT('',(1.,0.625,4.E-02));
#13052 = LINE('',#13053,#13054);
#13053 = CARTESIAN_POINT('',(0.6,0.625,4.E-02));
#13054 = VECTOR('',#13055,1.);
#13055 = DIRECTION('',(1.,0.,0.));
#13056 = ORIENTED_EDGE('',*,*,#13057,.T.);
#13057 = EDGE_CURVE('',#13050,#13004,#13058,.T.);
#13058 = CIRCLE('',#13059,4.E-02);
#13059 = AXIS2_PLACEMENT_3D('',#13060,#13061,#13062);
#13060 = CARTESIAN_POINT('',(1.,0.585,4.E-02));
#13061 = DIRECTION('',(-1.,0.,0.));
#13062 = DIRECTION('',(0.,0.,1.));
#13063 = ORIENTED_EDGE('',*,*,#13011,.F.);
#13064 = ORIENTED_EDGE('',*,*,#12861,.F.);
#13065 = CYLINDRICAL_SURFACE('',#13066,4.E-02);
#13066 = AXIS2_PLACEMENT_3D('',#13067,#13068,#13069);
#13067 = CARTESIAN_POINT('',(0.6,0.585,4.E-02));
#13068 = DIRECTION('',(1.,0.,0.));
#13069 = DIRECTION('',(-0.,1.,0.));
#13070 = ADVANCED_FACE('',(#13071),#13090,.T.);
#13071 = FACE_BOUND('',#13072,.T.);
#13072 = EDGE_LOOP('',(#13073,#13074,#13075,#13084));
#13073 = ORIENTED_EDGE('',*,*,#12878,.T.);
#13074 = ORIENTED_EDGE('',*,*,#13035,.T.);
#13075 = ORIENTED_EDGE('',*,*,#13076,.F.);
#13076 = EDGE_CURVE('',#13077,#13028,#13079,.T.);
#13077 = VERTEX_POINT('',#13078);
#13078 = CARTESIAN_POINT('',(1.,0.625,1.21));
#13079 = CIRCLE('',#13080,4.E-02);
#13080 = AXIS2_PLACEMENT_3D('',#13081,#13082,#13083);
#13081 = CARTESIAN_POINT('',(1.,0.585,1.21));
#13082 = DIRECTION('',(1.,0.,-0.));
#13083 = DIRECTION('',(0.,0.,1.));
#13084 = ORIENTED_EDGE('',*,*,#13085,.F.);
#13085 = EDGE_CURVE('',#12871,#13077,#13086,.T.);
#13086 = LINE('',#13087,#13088);
#13087 = CARTESIAN_POINT('',(0.6,0.625,1.21));
#13088 = VECTOR('',#13089,1.);
#13089 = DIRECTION('',(1.,0.,0.));
#13090 = CYLINDRICAL_SURFACE('',#13091,4.E-02);
#13091 = AXIS2_PLACEMENT_3D('',#13092,#13093,#13094);
#13092 = CARTESIAN_POINT('',(0.6,0.585,1.21));
#13093 = DIRECTION('',(1.,0.,0.));
#13094 = DIRECTION('',(-0.,1.,0.));
#13095 = ADVANCED_FACE('',(#13096),#13107,.T.);
#13096 = FACE_BOUND('',#13097,.T.);
#13097 = EDGE_LOOP('',(#13098,#13104,#13105,#13106));
#13098 = ORIENTED_EDGE('',*,*,#13099,.F.);
#13099 = EDGE_CURVE('',#13050,#13077,#13100,.T.);
#13100 = LINE('',#13101,#13102);
#13101 = CARTESIAN_POINT('',(1.,0.625,0.));
#13102 = VECTOR('',#13103,1.);
#13103 = DIRECTION('',(0.,0.,1.));
#13104 = ORIENTED_EDGE('',*,*,#13049,.F.);
#13105 = ORIENTED_EDGE('',*,*,#12870,.T.);
#13106 = ORIENTED_EDGE('',*,*,#13085,.T.);
#13107 = PLANE('',#13108);
#13108 = AXIS2_PLACEMENT_3D('',#13109,#13110,#13111);
#13109 = CARTESIAN_POINT('',(0.6,0.625,0.));
#13110 = DIRECTION('',(0.,1.,0.));
#13111 = DIRECTION('',(0.,-0.,1.));
#13112 = ADVANCED_FACE('',(#13113),#13123,.T.);
#13113 = FACE_BOUND('',#13114,.T.);
#13114 = EDGE_LOOP('',(#13115,#13116,#13117,#13118,#13119,#13120,#13121,
    #13122));
#13115 = ORIENTED_EDGE('',*,*,#12920,.F.);
#13116 = ORIENTED_EDGE('',*,*,#12960,.T.);
#13117 = ORIENTED_EDGE('',*,*,#13003,.T.);
#13118 = ORIENTED_EDGE('',*,*,#13057,.F.);
#13119 = ORIENTED_EDGE('',*,*,#13099,.T.);
#13120 = ORIENTED_EDGE('',*,*,#13076,.T.);
#13121 = ORIENTED_EDGE('',*,*,#13027,.F.);
#13122 = ORIENTED_EDGE('',*,*,#12977,.F.);
#13123 = PLANE('',#13124);
#13124 = AXIS2_PLACEMENT_3D('',#13125,#13126,#13127);
#13125 = CARTESIAN_POINT('',(1.,-0.625,0.));
#13126 = DIRECTION('',(1.,0.,0.));
#13127 = DIRECTION('',(0.,0.,1.));
#13128 = ( GEOMETRIC_REPRESENTATION_CONTEXT(3) 
GLOBAL_UNCERTAINTY_ASSIGNED_CONTEXT((#13132)) 
GLOBAL_UNIT_ASSIGNED_CONTEXT((#13129,#13130,#13131)) 
REPRESENTATION_CONTEXT('Context #1',
  '3D Context with UNIT and UNCERTAINTY') );
#13129 = ( LENGTH_UNIT() NAMED_UNIT(*) SI_UNIT(.MILLI.,.METRE.) );
#13130 = ( NAMED_UNIT(*) PLANE_ANGLE_UNIT() SI_UNIT($,.RADIAN.) );
#13131 = ( NAMED_UNIT(*) SI_UNIT($,.STERADIAN.) SOLID_ANGLE_UNIT() );
#13132 = UNCERTAINTY_MEASURE_WITH_UNIT(LENGTH_MEASURE(1.E-07),#13129,
  'distance_accuracy_value','confusion accuracy');
#13133 = CONTEXT_DEPENDENT_SHAPE_REPRESENTATION(#13134,#13136);
#13134 = ( REPRESENTATION_RELATIONSHIP('','',#12273,#10) 
REPRESENTATION_RELATIONSHIP_WITH_TRANSFORMATION(#13135) 
SHAPE_REPRESENTATION_RELATIONSHIP() );
#13135 = ITEM_DEFINED_TRANSFORMATION('','',#11,#47);
#13136 = PRODUCT_DEFINITION_SHAPE('Placement','Placement of an item',
  #13137);
#13137 = NEXT_ASSEMBLY_USAGE_OCCURRENCE('9','C3','',#5,#12268,$);
#13138 = PRODUCT_RELATED_PRODUCT_CATEGORY('part',$,(#12270));
#13139 = CONTEXT_DEPENDENT_SHAPE_REPRESENTATION(#13140,#13142);
#13140 = ( REPRESENTATION_RELATIONSHIP('','',#1783,#10) 
REPRESENTATION_RELATIONSHIP_WITH_TRANSFORMATION(#13141) 
SHAPE_REPRESENTATION_RELATIONSHIP() );
#13141 = ITEM_DEFINED_TRANSFORMATION('','',#11,#51);
#13142 = PRODUCT_DEFINITION_SHAPE('Placement','Placement of an item',
  #13143);
#13143 = NEXT_ASSEMBLY_USAGE_OCCURRENCE('10','TP1','',#5,#1778,$);
#13144 = SHAPE_DEFINITION_REPRESENTATION(#13145,#13151);
#13145 = PRODUCT_DEFINITION_SHAPE('','',#13146);
#13146 = PRODUCT_DEFINITION('design','',#13147,#13150);
#13147 = PRODUCT_DEFINITION_FORMATION('','',#13148);
#13148 = PRODUCT('FanPinHeader_1x03_P2.54mm_Vertical',
  'FanPinHeader_1x03_P2.54mm_Vertical','',(#13149));
#13149 = PRODUCT_CONTEXT('',#2,'mechanical');
#13150 = PRODUCT_DEFINITION_CONTEXT('part definition',#2,'design');
#13151 = ADVANCED_BREP_SHAPE_REPRESENTATION('',(#11,#13152),#15056);
#13152 = MANIFOLD_SOLID_BREP('',#13153);
#13153 = CLOSED_SHELL('',(#13154,#13194,#13242,#13290,#13409,#13528,
    #13561,#13585,#13611,#13628,#13659,#13683,#13707,#13724,#13755,
    #13779,#13803,#13820,#13851,#13875,#13899,#13916,#13947,#13971,
    #13995,#14012,#14043,#14067,#14091,#14108,#14139,#14163,#14187,
    #14204,#14235,#14267,#14291,#14316,#14347,#14371,#14395,#14412,
    #14443,#14467,#14491,#14508,#14539,#14563,#14587,#14604,#14635,
    #14659,#14683,#14700,#14731,#14755,#14779,#14796,#14827,#14851,
    #14875,#14892,#14923,#14940,#14956,#14972,#14984,#14996,#15008,
    #15020,#15032,#15044));
#13154 = ADVANCED_FACE('',(#13155),#13189,.F.);
#13155 = FACE_BOUND('',#13156,.F.);
#13156 = EDGE_LOOP('',(#13157,#13167,#13175,#13183));
#13157 = ORIENTED_EDGE('',*,*,#13158,.T.);
#13158 = EDGE_CURVE('',#13159,#13161,#13163,.T.);
#13159 = VERTEX_POINT('',#13160);
#13160 = CARTESIAN_POINT('',(6.37,2.54,0.));
#13161 = VERTEX_POINT('',#13162);
#13162 = CARTESIAN_POINT('',(6.37,2.54,2.5));
#13163 = LINE('',#13164,#13165);
#13164 = CARTESIAN_POINT('',(6.37,2.54,0.));
#13165 = VECTOR('',#13166,1.);
#13166 = DIRECTION('',(0.,0.,1.));
#13167 = ORIENTED_EDGE('',*,*,#13168,.T.);
#13168 = EDGE_CURVE('',#13161,#13169,#13171,.T.);
#13169 = VERTEX_POINT('',#13170);
#13170 = CARTESIAN_POINT('',(-1.29,2.54,2.5));
#13171 = LINE('',#13172,#13173);
#13172 = CARTESIAN_POINT('',(6.37,2.54,2.5));
#13173 = VECTOR('',#13174,1.);
#13174 = DIRECTION('',(-1.,1.224646799147E-16,0.));
#13175 = ORIENTED_EDGE('',*,*,#13176,.F.);
#13176 = EDGE_CURVE('',#13177,#13169,#13179,.T.);
#13177 = VERTEX_POINT('',#13178);
#13178 = CARTESIAN_POINT('',(-1.29,2.54,0.));
#13179 = LINE('',#13180,#13181);
#13180 = CARTESIAN_POINT('',(-1.29,2.54,0.));
#13181 = VECTOR('',#13182,1.);
#13182 = DIRECTION('',(0.,0.,1.));
#13183 = ORIENTED_EDGE('',*,*,#13184,.F.);
#13184 = EDGE_CURVE('',#13159,#13177,#13185,.T.);
#13185 = LINE('',#13186,#13187);
#13186 = CARTESIAN_POINT('',(6.37,2.54,0.));
#13187 = VECTOR('',#13188,1.);
#13188 = DIRECTION('',(-1.,1.224646799147E-16,0.));
#13189 = PLANE('',#13190);
#13190 = AXIS2_PLACEMENT_3D('',#13191,#13192,#13193);
#13191 = CARTESIAN_POINT('',(6.37,2.54,0.));
#13192 = DIRECTION('',(-1.224646799147E-16,-1.,0.));
#13193 = DIRECTION('',(-1.,1.224646799147E-16,0.));
#13194 = ADVANCED_FACE('',(#13195),#13237,.F.);
#13195 = FACE_BOUND('',#13196,.F.);
#13196 = EDGE_LOOP('',(#13197,#13205,#13213,#13221,#13230,#13236));
#13197 = ORIENTED_EDGE('',*,*,#13198,.F.);
#13198 = EDGE_CURVE('',#13199,#13159,#13201,.T.);
#13199 = VERTEX_POINT('',#13200);
#13200 = CARTESIAN_POINT('',(6.37,-3.3,0.));
#13201 = LINE('',#13202,#13203);
#13202 = CARTESIAN_POINT('',(6.37,-3.3,0.));
#13203 = VECTOR('',#13204,1.);
#13204 = DIRECTION('',(1.224646799147E-16,1.,0.));
#13205 = ORIENTED_EDGE('',*,*,#13206,.T.);
#13206 = EDGE_CURVE('',#13199,#13207,#13209,.T.);
#13207 = VERTEX_POINT('',#13208);
#13208 = CARTESIAN_POINT('',(6.37,-3.3,2.5));
#13209 = LINE('',#13210,#13211);
#13210 = CARTESIAN_POINT('',(6.37,-3.3,0.));
#13211 = VECTOR('',#13212,1.);
#13212 = DIRECTION('',(0.,0.,1.));
#13213 = ORIENTED_EDGE('',*,*,#13214,.T.);
#13214 = EDGE_CURVE('',#13207,#13215,#13217,.T.);
#13215 = VERTEX_POINT('',#13216);
#13216 = CARTESIAN_POINT('',(6.37,-2.3,2.5));
#13217 = LINE('',#13218,#13219);
#13218 = CARTESIAN_POINT('',(6.37,-3.3,2.5));
#13219 = VECTOR('',#13220,1.);
#13220 = DIRECTION('',(1.224646799147E-16,1.,0.));
#13221 = ORIENTED_EDGE('',*,*,#13222,.F.);
#13222 = EDGE_CURVE('',#13223,#13215,#13225,.T.);
#13223 = VERTEX_POINT('',#13224);
#13224 = CARTESIAN_POINT('',(6.37,-1.3,2.5));
#13225 = CIRCLE('',#13226,0.5);
#13226 = AXIS2_PLACEMENT_3D('',#13227,#13228,#13229);
#13227 = CARTESIAN_POINT('',(6.37,-1.8,2.5));
#13228 = DIRECTION('',(-1.,2.22044604925E-16,1.110223024625E-16));
#13229 = DIRECTION('',(-2.22044604925E-16,-1.,-1.110223024625E-16));
#13230 = ORIENTED_EDGE('',*,*,#13231,.T.);
#13231 = EDGE_CURVE('',#13223,#13161,#13232,.T.);
#13232 = LINE('',#13233,#13234);
#13233 = CARTESIAN_POINT('',(6.37,-3.3,2.5));
#13234 = VECTOR('',#13235,1.);
#13235 = DIRECTION('',(1.224646799147E-16,1.,0.));
#13236 = ORIENTED_EDGE('',*,*,#13158,.F.);
#13237 = PLANE('',#13238);
#13238 = AXIS2_PLACEMENT_3D('',#13239,#13240,#13241);
#13239 = CARTESIAN_POINT('',(6.37,-3.3,0.));
#13240 = DIRECTION('',(-1.,1.224646799147E-16,0.));
#13241 = DIRECTION('',(1.224646799147E-16,1.,0.));
#13242 = ADVANCED_FACE('',(#13243),#13285,.F.);
#13243 = FACE_BOUND('',#13244,.F.);
#13244 = EDGE_LOOP('',(#13245,#13253,#13254,#13262,#13271,#13279));
#13245 = ORIENTED_EDGE('',*,*,#13246,.F.);
#13246 = EDGE_CURVE('',#13177,#13247,#13249,.T.);
#13247 = VERTEX_POINT('',#13248);
#13248 = CARTESIAN_POINT('',(-1.29,-3.3,0.));
#13249 = LINE('',#13250,#13251);
#13250 = CARTESIAN_POINT('',(-1.29,2.54,0.));
#13251 = VECTOR('',#13252,1.);
#13252 = DIRECTION('',(-1.224646799147E-16,-1.,0.));
#13253 = ORIENTED_EDGE('',*,*,#13176,.T.);
#13254 = ORIENTED_EDGE('',*,*,#13255,.T.);
#13255 = EDGE_CURVE('',#13169,#13256,#13258,.T.);
#13256 = VERTEX_POINT('',#13257);
#13257 = CARTESIAN_POINT('',(-1.29,-1.3,2.5));
#13258 = LINE('',#13259,#13260);
#13259 = CARTESIAN_POINT('',(-1.29,2.54,2.5));
#13260 = VECTOR('',#13261,1.);
#13261 = DIRECTION('',(-1.224646799147E-16,-1.,0.));
#13262 = ORIENTED_EDGE('',*,*,#13263,.T.);
#13263 = EDGE_CURVE('',#13256,#13264,#13266,.T.);
#13264 = VERTEX_POINT('',#13265);
#13265 = CARTESIAN_POINT('',(-1.29,-2.3,2.5));
#13266 = CIRCLE('',#13267,0.5);
#13267 = AXIS2_PLACEMENT_3D('',#13268,#13269,#13270);
#13268 = CARTESIAN_POINT('',(-1.29,-1.8,2.5));
#13269 = DIRECTION('',(-1.,2.22044604925E-16,1.110223024625E-16));
#13270 = DIRECTION('',(-2.22044604925E-16,-1.,-1.110223024625E-16));
#13271 = ORIENTED_EDGE('',*,*,#13272,.T.);
#13272 = EDGE_CURVE('',#13264,#13273,#13275,.T.);
#13273 = VERTEX_POINT('',#13274);
#13274 = CARTESIAN_POINT('',(-1.29,-3.3,2.5));
#13275 = LINE('',#13276,#13277);
#13276 = CARTESIAN_POINT('',(-1.29,2.54,2.5));
#13277 = VECTOR('',#13278,1.);
#13278 = DIRECTION('',(-1.224646799147E-16,-1.,0.));
#13279 = ORIENTED_EDGE('',*,*,#13280,.F.);
#13280 = EDGE_CURVE('',#13247,#13273,#13281,.T.);
#13281 = LINE('',#13282,#13283);
#13282 = CARTESIAN_POINT('',(-1.29,-3.3,0.));
#13283 = VECTOR('',#13284,1.);
#13284 = DIRECTION('',(0.,0.,1.));
#13285 = PLANE('',#13286);
#13286 = AXIS2_PLACEMENT_3D('',#13287,#13288,#13289);
#13287 = CARTESIAN_POINT('',(-1.29,2.54,0.));
#13288 = DIRECTION('',(1.,-1.224646799147E-16,0.));
#13289 = DIRECTION('',(-1.224646799147E-16,-1.,0.));
#13290 = ADVANCED_FACE('',(#13291,#13302,#13336,#13370),#13404,.T.);
#13291 = FACE_BOUND('',#13292,.T.);
#13292 = EDGE_LOOP('',(#13293,#13294,#13295,#13301));
#13293 = ORIENTED_EDGE('',*,*,#13184,.F.);
#13294 = ORIENTED_EDGE('',*,*,#13198,.F.);
#13295 = ORIENTED_EDGE('',*,*,#13296,.F.);
#13296 = EDGE_CURVE('',#13247,#13199,#13297,.T.);
#13297 = LINE('',#13298,#13299);
#13298 = CARTESIAN_POINT('',(-1.29,-3.3,0.));
#13299 = VECTOR('',#13300,1.);
#13300 = DIRECTION('',(1.,-1.224646799147E-16,0.));
#13301 = ORIENTED_EDGE('',*,*,#13246,.F.);
#13302 = FACE_BOUND('',#13303,.T.);
#13303 = EDGE_LOOP('',(#13304,#13314,#13322,#13330));
#13304 = ORIENTED_EDGE('',*,*,#13305,.F.);
#13305 = EDGE_CURVE('',#13306,#13308,#13310,.T.);
#13306 = VERTEX_POINT('',#13307);
#13307 = CARTESIAN_POINT('',(4.76,-0.32,0.));
#13308 = VERTEX_POINT('',#13309);
#13309 = CARTESIAN_POINT('',(4.76,0.32,0.));
#13310 = LINE('',#13311,#13312);
#13311 = CARTESIAN_POINT('',(4.76,1.11,0.));
#13312 = VECTOR('',#13313,1.);
#13313 = DIRECTION('',(1.224646799147E-16,1.,0.));
#13314 = ORIENTED_EDGE('',*,*,#13315,.F.);
#13315 = EDGE_CURVE('',#13316,#13306,#13318,.T.);
#13316 = VERTEX_POINT('',#13317);
#13317 = CARTESIAN_POINT('',(5.4,-0.32,0.));
#13318 = LINE('',#13319,#13320);
#13319 = CARTESIAN_POINT('',(5.885,-0.32,0.));
#13320 = VECTOR('',#13321,1.);
#13321 = DIRECTION('',(-1.,1.224646799147E-16,0.));
#13322 = ORIENTED_EDGE('',*,*,#13323,.F.);
#13323 = EDGE_CURVE('',#13324,#13316,#13326,.T.);
#13324 = VERTEX_POINT('',#13325);
#13325 = CARTESIAN_POINT('',(5.4,0.32,0.));
#13326 = LINE('',#13327,#13328);
#13327 = CARTESIAN_POINT('',(5.4,1.43,0.));
#13328 = VECTOR('',#13329,1.);
#13329 = DIRECTION('',(-1.224646799147E-16,-1.,-0.));
#13330 = ORIENTED_EDGE('',*,*,#13331,.F.);
#13331 = EDGE_CURVE('',#13308,#13324,#13332,.T.);
#13332 = LINE('',#13333,#13334);
#13333 = CARTESIAN_POINT('',(5.565,0.32,0.));
#13334 = VECTOR('',#13335,1.);
#13335 = DIRECTION('',(1.,-1.224646799147E-16,0.));
#13336 = FACE_BOUND('',#13337,.T.);
#13337 = EDGE_LOOP('',(#13338,#13348,#13356,#13364));
#13338 = ORIENTED_EDGE('',*,*,#13339,.F.);
#13339 = EDGE_CURVE('',#13340,#13342,#13344,.T.);
#13340 = VERTEX_POINT('',#13341);
#13341 = CARTESIAN_POINT('',(0.32,0.32,0.));
#13342 = VERTEX_POINT('',#13343);
#13343 = CARTESIAN_POINT('',(0.32,-0.32,0.));
#13344 = LINE('',#13345,#13346);
#13345 = CARTESIAN_POINT('',(0.32,1.43,0.));
#13346 = VECTOR('',#13347,1.);
#13347 = DIRECTION('',(-1.224646799147E-16,-1.,-0.));
#13348 = ORIENTED_EDGE('',*,*,#13349,.F.);
#13349 = EDGE_CURVE('',#13350,#13340,#13352,.T.);
#13350 = VERTEX_POINT('',#13351);
#13351 = CARTESIAN_POINT('',(-0.32,0.32,0.));
#13352 = LINE('',#13353,#13354);
#13353 = CARTESIAN_POINT('',(3.025,0.32,0.));
#13354 = VECTOR('',#13355,1.);
#13355 = DIRECTION('',(1.,-1.224646799147E-16,0.));
#13356 = ORIENTED_EDGE('',*,*,#13357,.F.);
#13357 = EDGE_CURVE('',#13358,#13350,#13360,.T.);
#13358 = VERTEX_POINT('',#13359);
#13359 = CARTESIAN_POINT('',(-0.32,-0.32,0.));
#13360 = LINE('',#13361,#13362);
#13361 = CARTESIAN_POINT('',(-0.32,1.11,0.));
#13362 = VECTOR('',#13363,1.);
#13363 = DIRECTION('',(1.224646799147E-16,1.,0.));
#13364 = ORIENTED_EDGE('',*,*,#13365,.F.);
#13365 = EDGE_CURVE('',#13342,#13358,#13366,.T.);
#13366 = LINE('',#13367,#13368);
#13367 = CARTESIAN_POINT('',(3.345,-0.32,0.));
#13368 = VECTOR('',#13369,1.);
#13369 = DIRECTION('',(-1.,1.224646799147E-16,0.));
#13370 = FACE_BOUND('',#13371,.T.);
#13371 = EDGE_LOOP('',(#13372,#13382,#13390,#13398));
#13372 = ORIENTED_EDGE('',*,*,#13373,.F.);
#13373 = EDGE_CURVE('',#13374,#13376,#13378,.T.);
#13374 = VERTEX_POINT('',#13375);
#13375 = CARTESIAN_POINT('',(2.86,0.32,0.));
#13376 = VERTEX_POINT('',#13377);
#13377 = CARTESIAN_POINT('',(2.86,-0.32,0.));
#13378 = LINE('',#13379,#13380);
#13379 = CARTESIAN_POINT('',(2.86,1.43,0.));
#13380 = VECTOR('',#13381,1.);
#13381 = DIRECTION('',(-1.224646799147E-16,-1.,-0.));
#13382 = ORIENTED_EDGE('',*,*,#13383,.F.);
#13383 = EDGE_CURVE('',#13384,#13374,#13386,.T.);
#13384 = VERTEX_POINT('',#13385);
#13385 = CARTESIAN_POINT('',(2.22,0.32,0.));
#13386 = LINE('',#13387,#13388);
#13387 = CARTESIAN_POINT('',(4.295,0.32,0.));
#13388 = VECTOR('',#13389,1.);
#13389 = DIRECTION('',(1.,-1.224646799147E-16,0.));
#13390 = ORIENTED_EDGE('',*,*,#13391,.F.);
#13391 = EDGE_CURVE('',#13392,#13384,#13394,.T.);
#13392 = VERTEX_POINT('',#13393);
#13393 = CARTESIAN_POINT('',(2.22,-0.32,0.));
#13394 = LINE('',#13395,#13396);
#13395 = CARTESIAN_POINT('',(2.22,1.11,0.));
#13396 = VECTOR('',#13397,1.);
#13397 = DIRECTION('',(1.224646799147E-16,1.,0.));
#13398 = ORIENTED_EDGE('',*,*,#13399,.F.);
#13399 = EDGE_CURVE('',#13376,#13392,#13400,.T.);
#13400 = LINE('',#13401,#13402);
#13401 = CARTESIAN_POINT('',(4.615,-0.32,0.));
#13402 = VECTOR('',#13403,1.);
#13403 = DIRECTION('',(-1.,1.224646799147E-16,0.));
#13404 = PLANE('',#13405);
#13405 = AXIS2_PLACEMENT_3D('',#13406,#13407,#13408);
#13406 = CARTESIAN_POINT('',(6.37,2.54,0.));
#13407 = DIRECTION('',(0.,0.,-1.));
#13408 = DIRECTION('',(-1.,0.,0.));
#13409 = ADVANCED_FACE('',(#13410,#13421,#13455,#13489),#13523,.F.);
#13410 = FACE_BOUND('',#13411,.F.);
#13411 = EDGE_LOOP('',(#13412,#13413,#13414,#13420));
#13412 = ORIENTED_EDGE('',*,*,#13168,.F.);
#13413 = ORIENTED_EDGE('',*,*,#13231,.F.);
#13414 = ORIENTED_EDGE('',*,*,#13415,.F.);
#13415 = EDGE_CURVE('',#13256,#13223,#13416,.T.);
#13416 = LINE('',#13417,#13418);
#13417 = CARTESIAN_POINT('',(-1.29,-1.3,2.5));
#13418 = VECTOR('',#13419,1.);
#13419 = DIRECTION('',(1.,-1.110223024625E-16,-1.110223024625E-16));
#13420 = ORIENTED_EDGE('',*,*,#13255,.F.);
#13421 = FACE_BOUND('',#13422,.F.);
#13422 = EDGE_LOOP('',(#13423,#13433,#13441,#13449));
#13423 = ORIENTED_EDGE('',*,*,#13424,.F.);
#13424 = EDGE_CURVE('',#13425,#13427,#13429,.T.);
#13425 = VERTEX_POINT('',#13426);
#13426 = CARTESIAN_POINT('',(4.76,-0.32,2.5));
#13427 = VERTEX_POINT('',#13428);
#13428 = CARTESIAN_POINT('',(4.76,0.32,2.5));
#13429 = LINE('',#13430,#13431);
#13430 = CARTESIAN_POINT('',(4.76,1.11,2.5));
#13431 = VECTOR('',#13432,1.);
#13432 = DIRECTION('',(1.224646799147E-16,1.,0.));
#13433 = ORIENTED_EDGE('',*,*,#13434,.F.);
#13434 = EDGE_CURVE('',#13435,#13425,#13437,.T.);
#13435 = VERTEX_POINT('',#13436);
#13436 = CARTESIAN_POINT('',(5.4,-0.32,2.5));
#13437 = LINE('',#13438,#13439);
#13438 = CARTESIAN_POINT('',(5.885,-0.32,2.5));
#13439 = VECTOR('',#13440,1.);
#13440 = DIRECTION('',(-1.,1.224646799147E-16,0.));
#13441 = ORIENTED_EDGE('',*,*,#13442,.F.);
#13442 = EDGE_CURVE('',#13443,#13435,#13445,.T.);
#13443 = VERTEX_POINT('',#13444);
#13444 = CARTESIAN_POINT('',(5.4,0.32,2.5));
#13445 = LINE('',#13446,#13447);
#13446 = CARTESIAN_POINT('',(5.4,1.43,2.5));
#13447 = VECTOR('',#13448,1.);
#13448 = DIRECTION('',(-1.224646799147E-16,-1.,-0.));
#13449 = ORIENTED_EDGE('',*,*,#13450,.F.);
#13450 = EDGE_CURVE('',#13427,#13443,#13451,.T.);
#13451 = LINE('',#13452,#13453);
#13452 = CARTESIAN_POINT('',(5.565,0.32,2.5));
#13453 = VECTOR('',#13454,1.);
#13454 = DIRECTION('',(1.,-1.224646799147E-16,0.));
#13455 = FACE_BOUND('',#13456,.F.);
#13456 = EDGE_LOOP('',(#13457,#13467,#13475,#13483));
#13457 = ORIENTED_EDGE('',*,*,#13458,.F.);
#13458 = EDGE_CURVE('',#13459,#13461,#13463,.T.);
#13459 = VERTEX_POINT('',#13460);
#13460 = CARTESIAN_POINT('',(0.32,0.32,2.5));
#13461 = VERTEX_POINT('',#13462);
#13462 = CARTESIAN_POINT('',(0.32,-0.32,2.5));
#13463 = LINE('',#13464,#13465);
#13464 = CARTESIAN_POINT('',(0.32,1.43,2.5));
#13465 = VECTOR('',#13466,1.);
#13466 = DIRECTION('',(-1.224646799147E-16,-1.,-0.));
#13467 = ORIENTED_EDGE('',*,*,#13468,.F.);
#13468 = EDGE_CURVE('',#13469,#13459,#13471,.T.);
#13469 = VERTEX_POINT('',#13470);
#13470 = CARTESIAN_POINT('',(-0.32,0.32,2.5));
#13471 = LINE('',#13472,#13473);
#13472 = CARTESIAN_POINT('',(3.025,0.32,2.5));
#13473 = VECTOR('',#13474,1.);
#13474 = DIRECTION('',(1.,-1.224646799147E-16,0.));
#13475 = ORIENTED_EDGE('',*,*,#13476,.F.);
#13476 = EDGE_CURVE('',#13477,#13469,#13479,.T.);
#13477 = VERTEX_POINT('',#13478);
#13478 = CARTESIAN_POINT('',(-0.32,-0.32,2.5));
#13479 = LINE('',#13480,#13481);
#13480 = CARTESIAN_POINT('',(-0.32,1.11,2.5));
#13481 = VECTOR('',#13482,1.);
#13482 = DIRECTION('',(1.224646799147E-16,1.,0.));
#13483 = ORIENTED_EDGE('',*,*,#13484,.F.);
#13484 = EDGE_CURVE('',#13461,#13477,#13485,.T.);
#13485 = LINE('',#13486,#13487);
#13486 = CARTESIAN_POINT('',(3.345,-0.32,2.5));
#13487 = VECTOR('',#13488,1.);
#13488 = DIRECTION('',(-1.,1.224646799147E-16,0.));
#13489 = FACE_BOUND('',#13490,.F.);
#13490 = EDGE_LOOP('',(#13491,#13501,#13509,#13517));
#13491 = ORIENTED_EDGE('',*,*,#13492,.F.);
#13492 = EDGE_CURVE('',#13493,#13495,#13497,.T.);
#13493 = VERTEX_POINT('',#13494);
#13494 = CARTESIAN_POINT('',(2.86,0.32,2.5));
#13495 = VERTEX_POINT('',#13496);
#13496 = CARTESIAN_POINT('',(2.86,-0.32,2.5));
#13497 = LINE('',#13498,#13499);
#13498 = CARTESIAN_POINT('',(2.86,1.43,2.5));
#13499 = VECTOR('',#13500,1.);
#13500 = DIRECTION('',(-1.224646799147E-16,-1.,-0.));
#13501 = ORIENTED_EDGE('',*,*,#13502,.F.);
#13502 = EDGE_CURVE('',#13503,#13493,#13505,.T.);
#13503 = VERTEX_POINT('',#13504);
#13504 = CARTESIAN_POINT('',(2.22,0.32,2.5));
#13505 = LINE('',#13506,#13507);
#13506 = CARTESIAN_POINT('',(4.295,0.32,2.5));
#13507 = VECTOR('',#13508,1.);
#13508 = DIRECTION('',(1.,-1.224646799147E-16,0.));
#13509 = ORIENTED_EDGE('',*,*,#13510,.F.);
#13510 = EDGE_CURVE('',#13511,#13503,#13513,.T.);
#13511 = VERTEX_POINT('',#13512);
#13512 = CARTESIAN_POINT('',(2.22,-0.32,2.5));
#13513 = LINE('',#13514,#13515);
#13514 = CARTESIAN_POINT('',(2.22,1.11,2.5));
#13515 = VECTOR('',#13516,1.);
#13516 = DIRECTION('',(1.224646799147E-16,1.,0.));
#13517 = ORIENTED_EDGE('',*,*,#13518,.F.);
#13518 = EDGE_CURVE('',#13495,#13511,#13519,.T.);
#13519 = LINE('',#13520,#13521);
#13520 = CARTESIAN_POINT('',(4.615,-0.32,2.5));
#13521 = VECTOR('',#13522,1.);
#13522 = DIRECTION('',(-1.,1.224646799147E-16,0.));
#13523 = PLANE('',#13524);
#13524 = AXIS2_PLACEMENT_3D('',#13525,#13526,#13527);
#13525 = CARTESIAN_POINT('',(6.37,2.54,2.5));
#13526 = DIRECTION('',(0.,0.,-1.));
#13527 = DIRECTION('',(-1.,0.,0.));
#13528 = ADVANCED_FACE('',(#13529),#13556,.F.);
#13529 = FACE_BOUND('',#13530,.F.);
#13530 = EDGE_LOOP('',(#13531,#13532,#13533,#13534,#13542,#13550));
#13531 = ORIENTED_EDGE('',*,*,#13263,.F.);
#13532 = ORIENTED_EDGE('',*,*,#13415,.T.);
#13533 = ORIENTED_EDGE('',*,*,#13222,.T.);
#13534 = ORIENTED_EDGE('',*,*,#13535,.F.);
#13535 = EDGE_CURVE('',#13536,#13215,#13538,.T.);
#13536 = VERTEX_POINT('',#13537);
#13537 = CARTESIAN_POINT('',(5.08,-2.3,2.5));
#13538 = LINE('',#13539,#13540);
#13539 = CARTESIAN_POINT('',(-1.29,-2.3,2.5));
#13540 = VECTOR('',#13541,1.);
#13541 = DIRECTION('',(1.,-1.110223024625E-16,-1.110223024625E-16));
#13542 = ORIENTED_EDGE('',*,*,#13543,.F.);
#13543 = EDGE_CURVE('',#13544,#13536,#13546,.T.);
#13544 = VERTEX_POINT('',#13545);
#13545 = CARTESIAN_POINT('',(-2.816687638039E-16,-2.3,2.5));
#13546 = LINE('',#13547,#13548);
#13547 = CARTESIAN_POINT('',(-1.29,-2.3,2.5));
#13548 = VECTOR('',#13549,1.);
#13549 = DIRECTION('',(1.,-1.110223024625E-16,-1.110223024625E-16));
#13550 = ORIENTED_EDGE('',*,*,#13551,.F.);
#13551 = EDGE_CURVE('',#13264,#13544,#13552,.T.);
#13552 = LINE('',#13553,#13554);
#13553 = CARTESIAN_POINT('',(-1.29,-2.3,2.5));
#13554 = VECTOR('',#13555,1.);
#13555 = DIRECTION('',(1.,-1.110223024625E-16,-1.110223024625E-16));
#13556 = CYLINDRICAL_SURFACE('',#13557,0.5);
#13557 = AXIS2_PLACEMENT_3D('',#13558,#13559,#13560);
#13558 = CARTESIAN_POINT('',(-1.29,-1.8,2.5));
#13559 = DIRECTION('',(-1.,2.22044604925E-16,1.110223024625E-16));
#13560 = DIRECTION('',(-2.22044604925E-16,-1.,-1.110223024625E-16));
#13561 = ADVANCED_FACE('',(#13562),#13580,.F.);
#13562 = FACE_BOUND('',#13563,.F.);
#13563 = EDGE_LOOP('',(#13564,#13565,#13566,#13574));
#13564 = ORIENTED_EDGE('',*,*,#13535,.T.);
#13565 = ORIENTED_EDGE('',*,*,#13214,.F.);
#13566 = ORIENTED_EDGE('',*,*,#13567,.F.);
#13567 = EDGE_CURVE('',#13568,#13207,#13570,.T.);
#13568 = VERTEX_POINT('',#13569);
#13569 = CARTESIAN_POINT('',(5.08,-3.3,2.5));
#13570 = LINE('',#13571,#13572);
#13571 = CARTESIAN_POINT('',(-1.29,-3.3,2.5));
#13572 = VECTOR('',#13573,1.);
#13573 = DIRECTION('',(1.,-1.224646799147E-16,0.));
#13574 = ORIENTED_EDGE('',*,*,#13575,.T.);
#13575 = EDGE_CURVE('',#13568,#13536,#13576,.T.);
#13576 = LINE('',#13577,#13578);
#13577 = CARTESIAN_POINT('',(5.08,-3.3,2.5));
#13578 = VECTOR('',#13579,1.);
#13579 = DIRECTION('',(1.224646799147E-16,1.,0.));
#13580 = PLANE('',#13581);
#13581 = AXIS2_PLACEMENT_3D('',#13582,#13583,#13584);
#13582 = CARTESIAN_POINT('',(6.37,2.54,2.5));
#13583 = DIRECTION('',(0.,0.,-1.));
#13584 = DIRECTION('',(-1.,0.,0.));
#13585 = ADVANCED_FACE('',(#13586),#13606,.F.);
#13586 = FACE_BOUND('',#13587,.F.);
#13587 = EDGE_LOOP('',(#13588,#13589,#13597,#13603,#13604,#13605));
#13588 = ORIENTED_EDGE('',*,*,#13280,.T.);
#13589 = ORIENTED_EDGE('',*,*,#13590,.T.);
#13590 = EDGE_CURVE('',#13273,#13591,#13593,.T.);
#13591 = VERTEX_POINT('',#13592);
#13592 = CARTESIAN_POINT('',(-4.041334437186E-16,-3.3,2.5));
#13593 = LINE('',#13594,#13595);
#13594 = CARTESIAN_POINT('',(-1.29,-3.3,2.5));
#13595 = VECTOR('',#13596,1.);
#13596 = DIRECTION('',(1.,-1.224646799147E-16,0.));
#13597 = ORIENTED_EDGE('',*,*,#13598,.T.);
#13598 = EDGE_CURVE('',#13591,#13568,#13599,.T.);
#13599 = LINE('',#13600,#13601);
#13600 = CARTESIAN_POINT('',(-4.041334437186E-16,-3.3,2.5));
#13601 = VECTOR('',#13602,1.);
#13602 = DIRECTION('',(1.,-1.224646799147E-16,0.));
#13603 = ORIENTED_EDGE('',*,*,#13567,.T.);
#13604 = ORIENTED_EDGE('',*,*,#13206,.F.);
#13605 = ORIENTED_EDGE('',*,*,#13296,.F.);
#13606 = PLANE('',#13607);
#13607 = AXIS2_PLACEMENT_3D('',#13608,#13609,#13610);
#13608 = CARTESIAN_POINT('',(-1.29,-3.3,0.));
#13609 = DIRECTION('',(1.224646799147E-16,1.,0.));
#13610 = DIRECTION('',(1.,-1.224646799147E-16,0.));
#13611 = ADVANCED_FACE('',(#13612),#13623,.F.);
#13612 = FACE_BOUND('',#13613,.F.);
#13613 = EDGE_LOOP('',(#13614,#13615,#13616,#13622));
#13614 = ORIENTED_EDGE('',*,*,#13272,.F.);
#13615 = ORIENTED_EDGE('',*,*,#13551,.T.);
#13616 = ORIENTED_EDGE('',*,*,#13617,.T.);
#13617 = EDGE_CURVE('',#13544,#13591,#13618,.T.);
#13618 = LINE('',#13619,#13620);
#13619 = CARTESIAN_POINT('',(-2.816687638039E-16,-2.3,2.5));
#13620 = VECTOR('',#13621,1.);
#13621 = DIRECTION('',(-1.224646799147E-16,-1.,0.));
#13622 = ORIENTED_EDGE('',*,*,#13590,.F.);
#13623 = PLANE('',#13624);
#13624 = AXIS2_PLACEMENT_3D('',#13625,#13626,#13627);
#13625 = CARTESIAN_POINT('',(6.37,2.54,2.5));
#13626 = DIRECTION('',(0.,0.,-1.));
#13627 = DIRECTION('',(-1.,0.,0.));
#13628 = ADVANCED_FACE('',(#13629),#13654,.T.);
#13629 = FACE_BOUND('',#13630,.T.);
#13630 = EDGE_LOOP('',(#13631,#13641,#13647,#13648));
#13631 = ORIENTED_EDGE('',*,*,#13632,.F.);
#13632 = EDGE_CURVE('',#13633,#13635,#13637,.T.);
#13633 = VERTEX_POINT('',#13634);
#13634 = CARTESIAN_POINT('',(4.76,-0.32,-3.35));
#13635 = VERTEX_POINT('',#13636);
#13636 = CARTESIAN_POINT('',(4.76,0.32,-3.35));
#13637 = LINE('',#13638,#13639);
#13638 = CARTESIAN_POINT('',(4.76,-0.32,-3.35));
#13639 = VECTOR('',#13640,1.);
#13640 = DIRECTION('',(1.224646799147E-16,1.,0.));
#13641 = ORIENTED_EDGE('',*,*,#13642,.T.);
#13642 = EDGE_CURVE('',#13633,#13306,#13643,.T.);
#13643 = LINE('',#13644,#13645);
#13644 = CARTESIAN_POINT('',(4.76,-0.32,-3.5));
#13645 = VECTOR('',#13646,1.);
#13646 = DIRECTION('',(0.,0.,1.));
#13647 = ORIENTED_EDGE('',*,*,#13305,.T.);
#13648 = ORIENTED_EDGE('',*,*,#13649,.F.);
#13649 = EDGE_CURVE('',#13635,#13308,#13650,.T.);
#13650 = LINE('',#13651,#13652);
#13651 = CARTESIAN_POINT('',(4.76,0.32,-3.5));
#13652 = VECTOR('',#13653,1.);
#13653 = DIRECTION('',(0.,0.,1.));
#13654 = PLANE('',#13655);
#13655 = AXIS2_PLACEMENT_3D('',#13656,#13657,#13658);
#13656 = CARTESIAN_POINT('',(4.76,-0.32,-3.5));
#13657 = DIRECTION('',(-1.,1.224646799147E-16,0.));
#13658 = DIRECTION('',(1.224646799147E-16,1.,0.));
#13659 = ADVANCED_FACE('',(#13660),#13678,.T.);
#13660 = FACE_BOUND('',#13661,.T.);
#13661 = EDGE_LOOP('',(#13662,#13670,#13671,#13672));
#13662 = ORIENTED_EDGE('',*,*,#13663,.F.);
#13663 = EDGE_CURVE('',#13635,#13664,#13666,.T.);
#13664 = VERTEX_POINT('',#13665);
#13665 = CARTESIAN_POINT('',(5.4,0.32,-3.35));
#13666 = LINE('',#13667,#13668);
#13667 = CARTESIAN_POINT('',(4.76,0.32,-3.35));
#13668 = VECTOR('',#13669,1.);
#13669 = DIRECTION('',(1.,-1.224646799147E-16,0.));
#13670 = ORIENTED_EDGE('',*,*,#13649,.T.);
#13671 = ORIENTED_EDGE('',*,*,#13331,.T.);
#13672 = ORIENTED_EDGE('',*,*,#13673,.F.);
#13673 = EDGE_CURVE('',#13664,#13324,#13674,.T.);
#13674 = LINE('',#13675,#13676);
#13675 = CARTESIAN_POINT('',(5.4,0.32,-3.5));
#13676 = VECTOR('',#13677,1.);
#13677 = DIRECTION('',(0.,0.,1.));
#13678 = PLANE('',#13679);
#13679 = AXIS2_PLACEMENT_3D('',#13680,#13681,#13682);
#13680 = CARTESIAN_POINT('',(4.76,0.32,-3.5));
#13681 = DIRECTION('',(1.224646799147E-16,1.,0.));
#13682 = DIRECTION('',(1.,-1.224646799147E-16,0.));
#13683 = ADVANCED_FACE('',(#13684),#13702,.T.);
#13684 = FACE_BOUND('',#13685,.T.);
#13685 = EDGE_LOOP('',(#13686,#13694,#13695,#13696));
#13686 = ORIENTED_EDGE('',*,*,#13687,.F.);
#13687 = EDGE_CURVE('',#13664,#13688,#13690,.T.);
#13688 = VERTEX_POINT('',#13689);
#13689 = CARTESIAN_POINT('',(5.4,-0.32,-3.35));
#13690 = LINE('',#13691,#13692);
#13691 = CARTESIAN_POINT('',(5.4,0.32,-3.35));
#13692 = VECTOR('',#13693,1.);
#13693 = DIRECTION('',(-1.224646799147E-16,-1.,0.));
#13694 = ORIENTED_EDGE('',*,*,#13673,.T.);
#13695 = ORIENTED_EDGE('',*,*,#13323,.T.);
#13696 = ORIENTED_EDGE('',*,*,#13697,.F.);
#13697 = EDGE_CURVE('',#13688,#13316,#13698,.T.);
#13698 = LINE('',#13699,#13700);
#13699 = CARTESIAN_POINT('',(5.4,-0.32,-3.5));
#13700 = VECTOR('',#13701,1.);
#13701 = DIRECTION('',(0.,0.,1.));
#13702 = PLANE('',#13703);
#13703 = AXIS2_PLACEMENT_3D('',#13704,#13705,#13706);
#13704 = CARTESIAN_POINT('',(5.4,0.32,-3.5));
#13705 = DIRECTION('',(1.,-1.224646799147E-16,0.));
#13706 = DIRECTION('',(-1.224646799147E-16,-1.,0.));
#13707 = ADVANCED_FACE('',(#13708),#13719,.T.);
#13708 = FACE_BOUND('',#13709,.T.);
#13709 = EDGE_LOOP('',(#13710,#13716,#13717,#13718));
#13710 = ORIENTED_EDGE('',*,*,#13711,.F.);
#13711 = EDGE_CURVE('',#13688,#13633,#13712,.T.);
#13712 = LINE('',#13713,#13714);
#13713 = CARTESIAN_POINT('',(5.4,-0.32,-3.35));
#13714 = VECTOR('',#13715,1.);
#13715 = DIRECTION('',(-1.,1.224646799147E-16,0.));
#13716 = ORIENTED_EDGE('',*,*,#13697,.T.);
#13717 = ORIENTED_EDGE('',*,*,#13315,.T.);
#13718 = ORIENTED_EDGE('',*,*,#13642,.F.);
#13719 = PLANE('',#13720);
#13720 = AXIS2_PLACEMENT_3D('',#13721,#13722,#13723);
#13721 = CARTESIAN_POINT('',(5.4,-0.32,-3.5));
#13722 = DIRECTION('',(-1.224646799147E-16,-1.,0.));
#13723 = DIRECTION('',(-1.,1.224646799147E-16,0.));
#13724 = ADVANCED_FACE('',(#13725),#13750,.T.);
#13725 = FACE_BOUND('',#13726,.T.);
#13726 = EDGE_LOOP('',(#13727,#13737,#13743,#13744));
#13727 = ORIENTED_EDGE('',*,*,#13728,.F.);
#13728 = EDGE_CURVE('',#13729,#13731,#13733,.T.);
#13729 = VERTEX_POINT('',#13730);
#13730 = CARTESIAN_POINT('',(0.32,0.32,-3.35));
#13731 = VERTEX_POINT('',#13732);
#13732 = CARTESIAN_POINT('',(0.32,-0.32,-3.35));
#13733 = LINE('',#13734,#13735);
#13734 = CARTESIAN_POINT('',(0.32,0.32,-3.35));
#13735 = VECTOR('',#13736,1.);
#13736 = DIRECTION('',(-1.224646799147E-16,-1.,0.));
#13737 = ORIENTED_EDGE('',*,*,#13738,.T.);
#13738 = EDGE_CURVE('',#13729,#13340,#13739,.T.);
#13739 = LINE('',#13740,#13741);
#13740 = CARTESIAN_POINT('',(0.32,0.32,-3.5));
#13741 = VECTOR('',#13742,1.);
#13742 = DIRECTION('',(0.,0.,1.));
#13743 = ORIENTED_EDGE('',*,*,#13339,.T.);
#13744 = ORIENTED_EDGE('',*,*,#13745,.F.);
#13745 = EDGE_CURVE('',#13731,#13342,#13746,.T.);
#13746 = LINE('',#13747,#13748);
#13747 = CARTESIAN_POINT('',(0.32,-0.32,-3.5));
#13748 = VECTOR('',#13749,1.);
#13749 = DIRECTION('',(0.,0.,1.));
#13750 = PLANE('',#13751);
#13751 = AXIS2_PLACEMENT_3D('',#13752,#13753,#13754);
#13752 = CARTESIAN_POINT('',(0.32,0.32,-3.5));
#13753 = DIRECTION('',(1.,-1.224646799147E-16,0.));
#13754 = DIRECTION('',(-1.224646799147E-16,-1.,0.));
#13755 = ADVANCED_FACE('',(#13756),#13774,.T.);
#13756 = FACE_BOUND('',#13757,.T.);
#13757 = EDGE_LOOP('',(#13758,#13766,#13772,#13773));
#13758 = ORIENTED_EDGE('',*,*,#13759,.F.);
#13759 = EDGE_CURVE('',#13760,#13729,#13762,.T.);
#13760 = VERTEX_POINT('',#13761);
#13761 = CARTESIAN_POINT('',(-0.32,0.32,-3.35));
#13762 = LINE('',#13763,#13764);
#13763 = CARTESIAN_POINT('',(-0.32,0.32,-3.35));
#13764 = VECTOR('',#13765,1.);
#13765 = DIRECTION('',(1.,-1.224646799147E-16,0.));
#13766 = ORIENTED_EDGE('',*,*,#13767,.T.);
#13767 = EDGE_CURVE('',#13760,#13350,#13768,.T.);
#13768 = LINE('',#13769,#13770);
#13769 = CARTESIAN_POINT('',(-0.32,0.32,-3.5));
#13770 = VECTOR('',#13771,1.);
#13771 = DIRECTION('',(0.,0.,1.));
#13772 = ORIENTED_EDGE('',*,*,#13349,.T.);
#13773 = ORIENTED_EDGE('',*,*,#13738,.F.);
#13774 = PLANE('',#13775);
#13775 = AXIS2_PLACEMENT_3D('',#13776,#13777,#13778);
#13776 = CARTESIAN_POINT('',(-0.32,0.32,-3.5));
#13777 = DIRECTION('',(1.224646799147E-16,1.,0.));
#13778 = DIRECTION('',(1.,-1.224646799147E-16,0.));
#13779 = ADVANCED_FACE('',(#13780),#13798,.T.);
#13780 = FACE_BOUND('',#13781,.T.);
#13781 = EDGE_LOOP('',(#13782,#13790,#13791,#13792));
#13782 = ORIENTED_EDGE('',*,*,#13783,.F.);
#13783 = EDGE_CURVE('',#13731,#13784,#13786,.T.);
#13784 = VERTEX_POINT('',#13785);
#13785 = CARTESIAN_POINT('',(-0.32,-0.32,-3.35));
#13786 = LINE('',#13787,#13788);
#13787 = CARTESIAN_POINT('',(0.32,-0.32,-3.35));
#13788 = VECTOR('',#13789,1.);
#13789 = DIRECTION('',(-1.,1.224646799147E-16,0.));
#13790 = ORIENTED_EDGE('',*,*,#13745,.T.);
#13791 = ORIENTED_EDGE('',*,*,#13365,.T.);
#13792 = ORIENTED_EDGE('',*,*,#13793,.F.);
#13793 = EDGE_CURVE('',#13784,#13358,#13794,.T.);
#13794 = LINE('',#13795,#13796);
#13795 = CARTESIAN_POINT('',(-0.32,-0.32,-3.5));
#13796 = VECTOR('',#13797,1.);
#13797 = DIRECTION('',(0.,0.,1.));
#13798 = PLANE('',#13799);
#13799 = AXIS2_PLACEMENT_3D('',#13800,#13801,#13802);
#13800 = CARTESIAN_POINT('',(0.32,-0.32,-3.5));
#13801 = DIRECTION('',(-1.224646799147E-16,-1.,0.));
#13802 = DIRECTION('',(-1.,1.224646799147E-16,0.));
#13803 = ADVANCED_FACE('',(#13804),#13815,.T.);
#13804 = FACE_BOUND('',#13805,.T.);
#13805 = EDGE_LOOP('',(#13806,#13812,#13813,#13814));
#13806 = ORIENTED_EDGE('',*,*,#13807,.F.);
#13807 = EDGE_CURVE('',#13784,#13760,#13808,.T.);
#13808 = LINE('',#13809,#13810);
#13809 = CARTESIAN_POINT('',(-0.32,-0.32,-3.35));
#13810 = VECTOR('',#13811,1.);
#13811 = DIRECTION('',(1.224646799147E-16,1.,0.));
#13812 = ORIENTED_EDGE('',*,*,#13793,.T.);
#13813 = ORIENTED_EDGE('',*,*,#13357,.T.);
#13814 = ORIENTED_EDGE('',*,*,#13767,.F.);
#13815 = PLANE('',#13816);
#13816 = AXIS2_PLACEMENT_3D('',#13817,#13818,#13819);
#13817 = CARTESIAN_POINT('',(-0.32,-0.32,-3.5));
#13818 = DIRECTION('',(-1.,1.224646799147E-16,0.));
#13819 = DIRECTION('',(1.224646799147E-16,1.,0.));
#13820 = ADVANCED_FACE('',(#13821),#13846,.T.);
#13821 = FACE_BOUND('',#13822,.T.);
#13822 = EDGE_LOOP('',(#13823,#13833,#13839,#13840));
#13823 = ORIENTED_EDGE('',*,*,#13824,.F.);
#13824 = EDGE_CURVE('',#13825,#13827,#13829,.T.);
#13825 = VERTEX_POINT('',#13826);
#13826 = CARTESIAN_POINT('',(2.86,0.32,-3.35));
#13827 = VERTEX_POINT('',#13828);
#13828 = CARTESIAN_POINT('',(2.86,-0.32,-3.35));
#13829 = LINE('',#13830,#13831);
#13830 = CARTESIAN_POINT('',(2.86,0.32,-3.35));
#13831 = VECTOR('',#13832,1.);
#13832 = DIRECTION('',(-1.224646799147E-16,-1.,0.));
#13833 = ORIENTED_EDGE('',*,*,#13834,.T.);
#13834 = EDGE_CURVE('',#13825,#13374,#13835,.T.);
#13835 = LINE('',#13836,#13837);
#13836 = CARTESIAN_POINT('',(2.86,0.32,-3.5));
#13837 = VECTOR('',#13838,1.);
#13838 = DIRECTION('',(0.,0.,1.));
#13839 = ORIENTED_EDGE('',*,*,#13373,.T.);
#13840 = ORIENTED_EDGE('',*,*,#13841,.F.);
#13841 = EDGE_CURVE('',#13827,#13376,#13842,.T.);
#13842 = LINE('',#13843,#13844);
#13843 = CARTESIAN_POINT('',(2.86,-0.32,-3.5));
#13844 = VECTOR('',#13845,1.);
#13845 = DIRECTION('',(0.,0.,1.));
#13846 = PLANE('',#13847);
#13847 = AXIS2_PLACEMENT_3D('',#13848,#13849,#13850);
#13848 = CARTESIAN_POINT('',(2.86,0.32,-3.5));
#13849 = DIRECTION('',(1.,-1.224646799147E-16,0.));
#13850 = DIRECTION('',(-1.224646799147E-16,-1.,0.));
#13851 = ADVANCED_FACE('',(#13852),#13870,.T.);
#13852 = FACE_BOUND('',#13853,.T.);
#13853 = EDGE_LOOP('',(#13854,#13862,#13868,#13869));
#13854 = ORIENTED_EDGE('',*,*,#13855,.F.);
#13855 = EDGE_CURVE('',#13856,#13825,#13858,.T.);
#13856 = VERTEX_POINT('',#13857);
#13857 = CARTESIAN_POINT('',(2.22,0.32,-3.35));
#13858 = LINE('',#13859,#13860);
#13859 = CARTESIAN_POINT('',(2.22,0.32,-3.35));
#13860 = VECTOR('',#13861,1.);
#13861 = DIRECTION('',(1.,-1.224646799147E-16,0.));
#13862 = ORIENTED_EDGE('',*,*,#13863,.T.);
#13863 = EDGE_CURVE('',#13856,#13384,#13864,.T.);
#13864 = LINE('',#13865,#13866);
#13865 = CARTESIAN_POINT('',(2.22,0.32,-3.5));
#13866 = VECTOR('',#13867,1.);
#13867 = DIRECTION('',(0.,0.,1.));
#13868 = ORIENTED_EDGE('',*,*,#13383,.T.);
#13869 = ORIENTED_EDGE('',*,*,#13834,.F.);
#13870 = PLANE('',#13871);
#13871 = AXIS2_PLACEMENT_3D('',#13872,#13873,#13874);
#13872 = CARTESIAN_POINT('',(2.22,0.32,-3.5));
#13873 = DIRECTION('',(1.224646799147E-16,1.,0.));
#13874 = DIRECTION('',(1.,-1.224646799147E-16,0.));
#13875 = ADVANCED_FACE('',(#13876),#13894,.T.);
#13876 = FACE_BOUND('',#13877,.T.);
#13877 = EDGE_LOOP('',(#13878,#13886,#13887,#13888));
#13878 = ORIENTED_EDGE('',*,*,#13879,.F.);
#13879 = EDGE_CURVE('',#13827,#13880,#13882,.T.);
#13880 = VERTEX_POINT('',#13881);
#13881 = CARTESIAN_POINT('',(2.22,-0.32,-3.35));
#13882 = LINE('',#13883,#13884);
#13883 = CARTESIAN_POINT('',(2.86,-0.32,-3.35));
#13884 = VECTOR('',#13885,1.);
#13885 = DIRECTION('',(-1.,1.224646799147E-16,0.));
#13886 = ORIENTED_EDGE('',*,*,#13841,.T.);
#13887 = ORIENTED_EDGE('',*,*,#13399,.T.);
#13888 = ORIENTED_EDGE('',*,*,#13889,.F.);
#13889 = EDGE_CURVE('',#13880,#13392,#13890,.T.);
#13890 = LINE('',#13891,#13892);
#13891 = CARTESIAN_POINT('',(2.22,-0.32,-3.5));
#13892 = VECTOR('',#13893,1.);
#13893 = DIRECTION('',(0.,0.,1.));
#13894 = PLANE('',#13895);
#13895 = AXIS2_PLACEMENT_3D('',#13896,#13897,#13898);
#13896 = CARTESIAN_POINT('',(2.86,-0.32,-3.5));
#13897 = DIRECTION('',(-1.224646799147E-16,-1.,0.));
#13898 = DIRECTION('',(-1.,1.224646799147E-16,0.));
#13899 = ADVANCED_FACE('',(#13900),#13911,.T.);
#13900 = FACE_BOUND('',#13901,.T.);
#13901 = EDGE_LOOP('',(#13902,#13908,#13909,#13910));
#13902 = ORIENTED_EDGE('',*,*,#13903,.F.);
#13903 = EDGE_CURVE('',#13880,#13856,#13904,.T.);
#13904 = LINE('',#13905,#13906);
#13905 = CARTESIAN_POINT('',(2.22,-0.32,-3.35));
#13906 = VECTOR('',#13907,1.);
#13907 = DIRECTION('',(1.224646799147E-16,1.,0.));
#13908 = ORIENTED_EDGE('',*,*,#13889,.T.);
#13909 = ORIENTED_EDGE('',*,*,#13391,.T.);
#13910 = ORIENTED_EDGE('',*,*,#13863,.F.);
#13911 = PLANE('',#13912);
#13912 = AXIS2_PLACEMENT_3D('',#13913,#13914,#13915);
#13913 = CARTESIAN_POINT('',(2.22,-0.32,-3.5));
#13914 = DIRECTION('',(-1.,1.224646799147E-16,0.));
#13915 = DIRECTION('',(1.224646799147E-16,1.,0.));
#13916 = ADVANCED_FACE('',(#13917),#13942,.T.);
#13917 = FACE_BOUND('',#13918,.T.);
#13918 = EDGE_LOOP('',(#13919,#13920,#13928,#13936));
#13919 = ORIENTED_EDGE('',*,*,#13424,.F.);
#13920 = ORIENTED_EDGE('',*,*,#13921,.T.);
#13921 = EDGE_CURVE('',#13425,#13922,#13924,.T.);
#13922 = VERTEX_POINT('',#13923);
#13923 = CARTESIAN_POINT('',(4.76,-0.32,9.85));
#13924 = LINE('',#13925,#13926);
#13925 = CARTESIAN_POINT('',(4.76,-0.32,-3.5));
#13926 = VECTOR('',#13927,1.);
#13927 = DIRECTION('',(0.,0.,1.));
#13928 = ORIENTED_EDGE('',*,*,#13929,.T.);
#13929 = EDGE_CURVE('',#13922,#13930,#13932,.T.);
#13930 = VERTEX_POINT('',#13931);
#13931 = CARTESIAN_POINT('',(4.76,0.32,9.85));
#13932 = LINE('',#13933,#13934);
#13933 = CARTESIAN_POINT('',(4.76,-0.32,9.85));
#13934 = VECTOR('',#13935,1.);
#13935 = DIRECTION('',(1.224646799147E-16,1.,0.));
#13936 = ORIENTED_EDGE('',*,*,#13937,.F.);
#13937 = EDGE_CURVE('',#13427,#13930,#13938,.T.);
#13938 = LINE('',#13939,#13940);
#13939 = CARTESIAN_POINT('',(4.76,0.32,-3.5));
#13940 = VECTOR('',#13941,1.);
#13941 = DIRECTION('',(0.,0.,1.));
#13942 = PLANE('',#13943);
#13943 = AXIS2_PLACEMENT_3D('',#13944,#13945,#13946);
#13944 = CARTESIAN_POINT('',(4.76,-0.32,-3.5));
#13945 = DIRECTION('',(-1.,1.224646799147E-16,0.));
#13946 = DIRECTION('',(1.224646799147E-16,1.,0.));
#13947 = ADVANCED_FACE('',(#13948),#13966,.T.);
#13948 = FACE_BOUND('',#13949,.T.);
#13949 = EDGE_LOOP('',(#13950,#13951,#13952,#13960));
#13950 = ORIENTED_EDGE('',*,*,#13450,.F.);
#13951 = ORIENTED_EDGE('',*,*,#13937,.T.);
#13952 = ORIENTED_EDGE('',*,*,#13953,.T.);
#13953 = EDGE_CURVE('',#13930,#13954,#13956,.T.);
#13954 = VERTEX_POINT('',#13955);
#13955 = CARTESIAN_POINT('',(5.4,0.32,9.85));
#13956 = LINE('',#13957,#13958);
#13957 = CARTESIAN_POINT('',(4.76,0.32,9.85));
#13958 = VECTOR('',#13959,1.);
#13959 = DIRECTION('',(1.,-1.224646799147E-16,0.));
#13960 = ORIENTED_EDGE('',*,*,#13961,.F.);
#13961 = EDGE_CURVE('',#13443,#13954,#13962,.T.);
#13962 = LINE('',#13963,#13964);
#13963 = CARTESIAN_POINT('',(5.4,0.32,-3.5));
#13964 = VECTOR('',#13965,1.);
#13965 = DIRECTION('',(0.,0.,1.));
#13966 = PLANE('',#13967);
#13967 = AXIS2_PLACEMENT_3D('',#13968,#13969,#13970);
#13968 = CARTESIAN_POINT('',(4.76,0.32,-3.5));
#13969 = DIRECTION('',(1.224646799147E-16,1.,0.));
#13970 = DIRECTION('',(1.,-1.224646799147E-16,0.));
#13971 = ADVANCED_FACE('',(#13972),#13990,.T.);
#13972 = FACE_BOUND('',#13973,.T.);
#13973 = EDGE_LOOP('',(#13974,#13975,#13976,#13984));
#13974 = ORIENTED_EDGE('',*,*,#13442,.F.);
#13975 = ORIENTED_EDGE('',*,*,#13961,.T.);
#13976 = ORIENTED_EDGE('',*,*,#13977,.T.);
#13977 = EDGE_CURVE('',#13954,#13978,#13980,.T.);
#13978 = VERTEX_POINT('',#13979);
#13979 = CARTESIAN_POINT('',(5.4,-0.32,9.85));
#13980 = LINE('',#13981,#13982);
#13981 = CARTESIAN_POINT('',(5.4,0.32,9.85));
#13982 = VECTOR('',#13983,1.);
#13983 = DIRECTION('',(-1.224646799147E-16,-1.,0.));
#13984 = ORIENTED_EDGE('',*,*,#13985,.F.);
#13985 = EDGE_CURVE('',#13435,#13978,#13986,.T.);
#13986 = LINE('',#13987,#13988);
#13987 = CARTESIAN_POINT('',(5.4,-0.32,-3.5));
#13988 = VECTOR('',#13989,1.);
#13989 = DIRECTION('',(0.,0.,1.));
#13990 = PLANE('',#13991);
#13991 = AXIS2_PLACEMENT_3D('',#13992,#13993,#13994);
#13992 = CARTESIAN_POINT('',(5.4,0.32,-3.5));
#13993 = DIRECTION('',(1.,-1.224646799147E-16,0.));
#13994 = DIRECTION('',(-1.224646799147E-16,-1.,0.));
#13995 = ADVANCED_FACE('',(#13996),#14007,.T.);
#13996 = FACE_BOUND('',#13997,.T.);
#13997 = EDGE_LOOP('',(#13998,#13999,#14000,#14006));
#13998 = ORIENTED_EDGE('',*,*,#13434,.F.);
#13999 = ORIENTED_EDGE('',*,*,#13985,.T.);
#14000 = ORIENTED_EDGE('',*,*,#14001,.T.);
#14001 = EDGE_CURVE('',#13978,#13922,#14002,.T.);
#14002 = LINE('',#14003,#14004);
#14003 = CARTESIAN_POINT('',(5.4,-0.32,9.85));
#14004 = VECTOR('',#14005,1.);
#14005 = DIRECTION('',(-1.,1.224646799147E-16,0.));
#14006 = ORIENTED_EDGE('',*,*,#13921,.F.);
#14007 = PLANE('',#14008);
#14008 = AXIS2_PLACEMENT_3D('',#14009,#14010,#14011);
#14009 = CARTESIAN_POINT('',(5.4,-0.32,-3.5));
#14010 = DIRECTION('',(-1.224646799147E-16,-1.,0.));
#14011 = DIRECTION('',(-1.,1.224646799147E-16,0.));
#14012 = ADVANCED_FACE('',(#14013),#14038,.T.);
#14013 = FACE_BOUND('',#14014,.T.);
#14014 = EDGE_LOOP('',(#14015,#14016,#14024,#14032));
#14015 = ORIENTED_EDGE('',*,*,#13458,.F.);
#14016 = ORIENTED_EDGE('',*,*,#14017,.T.);
#14017 = EDGE_CURVE('',#13459,#14018,#14020,.T.);
#14018 = VERTEX_POINT('',#14019);
#14019 = CARTESIAN_POINT('',(0.32,0.32,9.85));
#14020 = LINE('',#14021,#14022);
#14021 = CARTESIAN_POINT('',(0.32,0.32,-3.5));
#14022 = VECTOR('',#14023,1.);
#14023 = DIRECTION('',(0.,0.,1.));
#14024 = ORIENTED_EDGE('',*,*,#14025,.T.);
#14025 = EDGE_CURVE('',#14018,#14026,#14028,.T.);
#14026 = VERTEX_POINT('',#14027);
#14027 = CARTESIAN_POINT('',(0.32,-0.32,9.85));
#14028 = LINE('',#14029,#14030);
#14029 = CARTESIAN_POINT('',(0.32,0.32,9.85));
#14030 = VECTOR('',#14031,1.);
#14031 = DIRECTION('',(-1.224646799147E-16,-1.,0.));
#14032 = ORIENTED_EDGE('',*,*,#14033,.F.);
#14033 = EDGE_CURVE('',#13461,#14026,#14034,.T.);
#14034 = LINE('',#14035,#14036);
#14035 = CARTESIAN_POINT('',(0.32,-0.32,-3.5));
#14036 = VECTOR('',#14037,1.);
#14037 = DIRECTION('',(0.,0.,1.));
#14038 = PLANE('',#14039);
#14039 = AXIS2_PLACEMENT_3D('',#14040,#14041,#14042);
#14040 = CARTESIAN_POINT('',(0.32,0.32,-3.5));
#14041 = DIRECTION('',(1.,-1.224646799147E-16,0.));
#14042 = DIRECTION('',(-1.224646799147E-16,-1.,0.));
#14043 = ADVANCED_FACE('',(#14044),#14062,.T.);
#14044 = FACE_BOUND('',#14045,.T.);
#14045 = EDGE_LOOP('',(#14046,#14047,#14055,#14061));
#14046 = ORIENTED_EDGE('',*,*,#13468,.F.);
#14047 = ORIENTED_EDGE('',*,*,#14048,.T.);
#14048 = EDGE_CURVE('',#13469,#14049,#14051,.T.);
#14049 = VERTEX_POINT('',#14050);
#14050 = CARTESIAN_POINT('',(-0.32,0.32,9.85));
#14051 = LINE('',#14052,#14053);
#14052 = CARTESIAN_POINT('',(-0.32,0.32,-3.5));
#14053 = VECTOR('',#14054,1.);
#14054 = DIRECTION('',(0.,0.,1.));
#14055 = ORIENTED_EDGE('',*,*,#14056,.T.);
#14056 = EDGE_CURVE('',#14049,#14018,#14057,.T.);
#14057 = LINE('',#14058,#14059);
#14058 = CARTESIAN_POINT('',(-0.32,0.32,9.85));
#14059 = VECTOR('',#14060,1.);
#14060 = DIRECTION('',(1.,-1.224646799147E-16,0.));
#14061 = ORIENTED_EDGE('',*,*,#14017,.F.);
#14062 = PLANE('',#14063);
#14063 = AXIS2_PLACEMENT_3D('',#14064,#14065,#14066);
#14064 = CARTESIAN_POINT('',(-0.32,0.32,-3.5));
#14065 = DIRECTION('',(1.224646799147E-16,1.,0.));
#14066 = DIRECTION('',(1.,-1.224646799147E-16,0.));
#14067 = ADVANCED_FACE('',(#14068),#14086,.T.);
#14068 = FACE_BOUND('',#14069,.T.);
#14069 = EDGE_LOOP('',(#14070,#14071,#14072,#14080));
#14070 = ORIENTED_EDGE('',*,*,#13484,.F.);
#14071 = ORIENTED_EDGE('',*,*,#14033,.T.);
#14072 = ORIENTED_EDGE('',*,*,#14073,.T.);
#14073 = EDGE_CURVE('',#14026,#14074,#14076,.T.);
#14074 = VERTEX_POINT('',#14075);
#14075 = CARTESIAN_POINT('',(-0.32,-0.32,9.85));
#14076 = LINE('',#14077,#14078);
#14077 = CARTESIAN_POINT('',(0.32,-0.32,9.85));
#14078 = VECTOR('',#14079,1.);
#14079 = DIRECTION('',(-1.,1.224646799147E-16,0.));
#14080 = ORIENTED_EDGE('',*,*,#14081,.F.);
#14081 = EDGE_CURVE('',#13477,#14074,#14082,.T.);
#14082 = LINE('',#14083,#14084);
#14083 = CARTESIAN_POINT('',(-0.32,-0.32,-3.5));
#14084 = VECTOR('',#14085,1.);
#14085 = DIRECTION('',(0.,0.,1.));
#14086 = PLANE('',#14087);
#14087 = AXIS2_PLACEMENT_3D('',#14088,#14089,#14090);
#14088 = CARTESIAN_POINT('',(0.32,-0.32,-3.5));
#14089 = DIRECTION('',(-1.224646799147E-16,-1.,0.));
#14090 = DIRECTION('',(-1.,1.224646799147E-16,0.));
#14091 = ADVANCED_FACE('',(#14092),#14103,.T.);
#14092 = FACE_BOUND('',#14093,.T.);
#14093 = EDGE_LOOP('',(#14094,#14095,#14096,#14102));
#14094 = ORIENTED_EDGE('',*,*,#13476,.F.);
#14095 = ORIENTED_EDGE('',*,*,#14081,.T.);
#14096 = ORIENTED_EDGE('',*,*,#14097,.T.);
#14097 = EDGE_CURVE('',#14074,#14049,#14098,.T.);
#14098 = LINE('',#14099,#14100);
#14099 = CARTESIAN_POINT('',(-0.32,-0.32,9.85));
#14100 = VECTOR('',#14101,1.);
#14101 = DIRECTION('',(1.224646799147E-16,1.,0.));
#14102 = ORIENTED_EDGE('',*,*,#14048,.F.);
#14103 = PLANE('',#14104);
#14104 = AXIS2_PLACEMENT_3D('',#14105,#14106,#14107);
#14105 = CARTESIAN_POINT('',(-0.32,-0.32,-3.5));
#14106 = DIRECTION('',(-1.,1.224646799147E-16,0.));
#14107 = DIRECTION('',(1.224646799147E-16,1.,0.));
#14108 = ADVANCED_FACE('',(#14109),#14134,.T.);
#14109 = FACE_BOUND('',#14110,.T.);
#14110 = EDGE_LOOP('',(#14111,#14112,#14120,#14128));
#14111 = ORIENTED_EDGE('',*,*,#13492,.F.);
#14112 = ORIENTED_EDGE('',*,*,#14113,.T.);
#14113 = EDGE_CURVE('',#13493,#14114,#14116,.T.);
#14114 = VERTEX_POINT('',#14115);
#14115 = CARTESIAN_POINT('',(2.86,0.32,9.85));
#14116 = LINE('',#14117,#14118);
#14117 = CARTESIAN_POINT('',(2.86,0.32,-3.5));
#14118 = VECTOR('',#14119,1.);
#14119 = DIRECTION('',(0.,0.,1.));
#14120 = ORIENTED_EDGE('',*,*,#14121,.T.);
#14121 = EDGE_CURVE('',#14114,#14122,#14124,.T.);
#14122 = VERTEX_POINT('',#14123);
#14123 = CARTESIAN_POINT('',(2.86,-0.32,9.85));
#14124 = LINE('',#14125,#14126);
#14125 = CARTESIAN_POINT('',(2.86,0.32,9.85));
#14126 = VECTOR('',#14127,1.);
#14127 = DIRECTION('',(-1.224646799147E-16,-1.,0.));
#14128 = ORIENTED_EDGE('',*,*,#14129,.F.);
#14129 = EDGE_CURVE('',#13495,#14122,#14130,.T.);
#14130 = LINE('',#14131,#14132);
#14131 = CARTESIAN_POINT('',(2.86,-0.32,-3.5));
#14132 = VECTOR('',#14133,1.);
#14133 = DIRECTION('',(0.,0.,1.));
#14134 = PLANE('',#14135);
#14135 = AXIS2_PLACEMENT_3D('',#14136,#14137,#14138);
#14136 = CARTESIAN_POINT('',(2.86,0.32,-3.5));
#14137 = DIRECTION('',(1.,-1.224646799147E-16,0.));
#14138 = DIRECTION('',(-1.224646799147E-16,-1.,0.));
#14139 = ADVANCED_FACE('',(#14140),#14158,.T.);
#14140 = FACE_BOUND('',#14141,.T.);
#14141 = EDGE_LOOP('',(#14142,#14143,#14151,#14157));
#14142 = ORIENTED_EDGE('',*,*,#13502,.F.);
#14143 = ORIENTED_EDGE('',*,*,#14144,.T.);
#14144 = EDGE_CURVE('',#13503,#14145,#14147,.T.);
#14145 = VERTEX_POINT('',#14146);
#14146 = CARTESIAN_POINT('',(2.22,0.32,9.85));
#14147 = LINE('',#14148,#14149);
#14148 = CARTESIAN_POINT('',(2.22,0.32,-3.5));
#14149 = VECTOR('',#14150,1.);
#14150 = DIRECTION('',(0.,0.,1.));
#14151 = ORIENTED_EDGE('',*,*,#14152,.T.);
#14152 = EDGE_CURVE('',#14145,#14114,#14153,.T.);
#14153 = LINE('',#14154,#14155);
#14154 = CARTESIAN_POINT('',(2.22,0.32,9.85));
#14155 = VECTOR('',#14156,1.);
#14156 = DIRECTION('',(1.,-1.224646799147E-16,0.));
#14157 = ORIENTED_EDGE('',*,*,#14113,.F.);
#14158 = PLANE('',#14159);
#14159 = AXIS2_PLACEMENT_3D('',#14160,#14161,#14162);
#14160 = CARTESIAN_POINT('',(2.22,0.32,-3.5));
#14161 = DIRECTION('',(1.224646799147E-16,1.,0.));
#14162 = DIRECTION('',(1.,-1.224646799147E-16,0.));
#14163 = ADVANCED_FACE('',(#14164),#14182,.T.);
#14164 = FACE_BOUND('',#14165,.T.);
#14165 = EDGE_LOOP('',(#14166,#14167,#14168,#14176));
#14166 = ORIENTED_EDGE('',*,*,#13518,.F.);
#14167 = ORIENTED_EDGE('',*,*,#14129,.T.);
#14168 = ORIENTED_EDGE('',*,*,#14169,.T.);
#14169 = EDGE_CURVE('',#14122,#14170,#14172,.T.);
#14170 = VERTEX_POINT('',#14171);
#14171 = CARTESIAN_POINT('',(2.22,-0.32,9.85));
#14172 = LINE('',#14173,#14174);
#14173 = CARTESIAN_POINT('',(2.86,-0.32,9.85));
#14174 = VECTOR('',#14175,1.);
#14175 = DIRECTION('',(-1.,1.224646799147E-16,0.));
#14176 = ORIENTED_EDGE('',*,*,#14177,.F.);
#14177 = EDGE_CURVE('',#13511,#14170,#14178,.T.);
#14178 = LINE('',#14179,#14180);
#14179 = CARTESIAN_POINT('',(2.22,-0.32,-3.5));
#14180 = VECTOR('',#14181,1.);
#14181 = DIRECTION('',(0.,0.,1.));
#14182 = PLANE('',#14183);
#14183 = AXIS2_PLACEMENT_3D('',#14184,#14185,#14186);
#14184 = CARTESIAN_POINT('',(2.86,-0.32,-3.5));
#14185 = DIRECTION('',(-1.224646799147E-16,-1.,0.));
#14186 = DIRECTION('',(-1.,1.224646799147E-16,0.));
#14187 = ADVANCED_FACE('',(#14188),#14199,.T.);
#14188 = FACE_BOUND('',#14189,.T.);
#14189 = EDGE_LOOP('',(#14190,#14191,#14192,#14198));
#14190 = ORIENTED_EDGE('',*,*,#13510,.F.);
#14191 = ORIENTED_EDGE('',*,*,#14177,.T.);
#14192 = ORIENTED_EDGE('',*,*,#14193,.T.);
#14193 = EDGE_CURVE('',#14170,#14145,#14194,.T.);
#14194 = LINE('',#14195,#14196);
#14195 = CARTESIAN_POINT('',(2.22,-0.32,9.85));
#14196 = VECTOR('',#14197,1.);
#14197 = DIRECTION('',(1.224646799147E-16,1.,0.));
#14198 = ORIENTED_EDGE('',*,*,#14144,.F.);
#14199 = PLANE('',#14200);
#14200 = AXIS2_PLACEMENT_3D('',#14201,#14202,#14203);
#14201 = CARTESIAN_POINT('',(2.22,-0.32,-3.5));
#14202 = DIRECTION('',(-1.,1.224646799147E-16,0.));
#14203 = DIRECTION('',(1.224646799147E-16,1.,0.));
#14204 = ADVANCED_FACE('',(#14205),#14230,.F.);
#14205 = FACE_BOUND('',#14206,.F.);
#14206 = EDGE_LOOP('',(#14207,#14208,#14216,#14224));
#14207 = ORIENTED_EDGE('',*,*,#13543,.T.);
#14208 = ORIENTED_EDGE('',*,*,#14209,.T.);
#14209 = EDGE_CURVE('',#13536,#14210,#14212,.T.);
#14210 = VERTEX_POINT('',#14211);
#14211 = CARTESIAN_POINT('',(5.08,-2.3,5.5));
#14212 = LINE('',#14213,#14214);
#14213 = CARTESIAN_POINT('',(5.08,-2.3,2.5));
#14214 = VECTOR('',#14215,1.);
#14215 = DIRECTION('',(0.,0.,1.));
#14216 = ORIENTED_EDGE('',*,*,#14217,.F.);
#14217 = EDGE_CURVE('',#14218,#14210,#14220,.T.);
#14218 = VERTEX_POINT('',#14219);
#14219 = CARTESIAN_POINT('',(9.992007221626E-17,-2.3,5.5));
#14220 = LINE('',#14221,#14222);
#14221 = CARTESIAN_POINT('',(9.992007221626E-17,-2.3,5.5));
#14222 = VECTOR('',#14223,1.);
#14223 = DIRECTION('',(1.,-1.110223024625E-16,-1.110223024625E-16));
#14224 = ORIENTED_EDGE('',*,*,#14225,.F.);
#14225 = EDGE_CURVE('',#13544,#14218,#14226,.T.);
#14226 = LINE('',#14227,#14228);
#14227 = CARTESIAN_POINT('',(-2.816687638039E-16,-2.3,2.5));
#14228 = VECTOR('',#14229,1.);
#14229 = DIRECTION('',(0.,0.,1.));
#14230 = PLANE('',#14231);
#14231 = AXIS2_PLACEMENT_3D('',#14232,#14233,#14234);
#14232 = CARTESIAN_POINT('',(5.08,-2.3,2.5));
#14233 = DIRECTION('',(-1.224646799147E-16,-1.,0.));
#14234 = DIRECTION('',(-1.,1.224646799147E-16,0.));
#14235 = ADVANCED_FACE('',(#14236),#14262,.F.);
#14236 = FACE_BOUND('',#14237,.F.);
#14237 = EDGE_LOOP('',(#14238,#14246,#14254,#14260,#14261));
#14238 = ORIENTED_EDGE('',*,*,#14239,.T.);
#14239 = EDGE_CURVE('',#13568,#14240,#14242,.T.);
#14240 = VERTEX_POINT('',#14241);
#14241 = CARTESIAN_POINT('',(5.08,-3.3,7.5));
#14242 = LINE('',#14243,#14244);
#14243 = CARTESIAN_POINT('',(5.08,-3.3,2.5));
#14244 = VECTOR('',#14245,1.);
#14245 = DIRECTION('',(0.,0.,1.));
#14246 = ORIENTED_EDGE('',*,*,#14247,.T.);
#14247 = EDGE_CURVE('',#14240,#14248,#14250,.T.);
#14248 = VERTEX_POINT('',#14249);
#14249 = CARTESIAN_POINT('',(5.08,-2.3,7.5));
#14250 = LINE('',#14251,#14252);
#14251 = CARTESIAN_POINT('',(5.08,-3.3,7.5));
#14252 = VECTOR('',#14253,1.);
#14253 = DIRECTION('',(1.224646799147E-16,1.,0.));
#14254 = ORIENTED_EDGE('',*,*,#14255,.F.);
#14255 = EDGE_CURVE('',#14210,#14248,#14256,.T.);
#14256 = LINE('',#14257,#14258);
#14257 = CARTESIAN_POINT('',(5.08,-2.3,2.5));
#14258 = VECTOR('',#14259,1.);
#14259 = DIRECTION('',(0.,0.,1.));
#14260 = ORIENTED_EDGE('',*,*,#14209,.F.);
#14261 = ORIENTED_EDGE('',*,*,#13575,.F.);
#14262 = PLANE('',#14263);
#14263 = AXIS2_PLACEMENT_3D('',#14264,#14265,#14266);
#14264 = CARTESIAN_POINT('',(5.08,-3.3,2.5));
#14265 = DIRECTION('',(-1.,1.224646799147E-16,0.));
#14266 = DIRECTION('',(1.224646799147E-16,1.,0.));
#14267 = ADVANCED_FACE('',(#14268),#14286,.F.);
#14268 = FACE_BOUND('',#14269,.F.);
#14269 = EDGE_LOOP('',(#14270,#14278,#14284,#14285));
#14270 = ORIENTED_EDGE('',*,*,#14271,.T.);
#14271 = EDGE_CURVE('',#13591,#14272,#14274,.T.);
#14272 = VERTEX_POINT('',#14273);
#14273 = CARTESIAN_POINT('',(-4.041334437186E-16,-3.3,7.5));
#14274 = LINE('',#14275,#14276);
#14275 = CARTESIAN_POINT('',(-4.041334437186E-16,-3.3,2.5));
#14276 = VECTOR('',#14277,1.);
#14277 = DIRECTION('',(0.,0.,1.));
#14278 = ORIENTED_EDGE('',*,*,#14279,.T.);
#14279 = EDGE_CURVE('',#14272,#14240,#14280,.T.);
#14280 = LINE('',#14281,#14282);
#14281 = CARTESIAN_POINT('',(-4.041334437186E-16,-3.3,7.5));
#14282 = VECTOR('',#14283,1.);
#14283 = DIRECTION('',(1.,-1.224646799147E-16,0.));
#14284 = ORIENTED_EDGE('',*,*,#14239,.F.);
#14285 = ORIENTED_EDGE('',*,*,#13598,.F.);
#14286 = PLANE('',#14287);
#14287 = AXIS2_PLACEMENT_3D('',#14288,#14289,#14290);
#14288 = CARTESIAN_POINT('',(-4.041334437186E-16,-3.3,2.5));
#14289 = DIRECTION('',(1.224646799147E-16,1.,0.));
#14290 = DIRECTION('',(1.,-1.224646799147E-16,0.));
#14291 = ADVANCED_FACE('',(#14292),#14311,.F.);
#14292 = FACE_BOUND('',#14293,.F.);
#14293 = EDGE_LOOP('',(#14294,#14295,#14303,#14309,#14310));
#14294 = ORIENTED_EDGE('',*,*,#14225,.T.);
#14295 = ORIENTED_EDGE('',*,*,#14296,.T.);
#14296 = EDGE_CURVE('',#14218,#14297,#14299,.T.);
#14297 = VERTEX_POINT('',#14298);
#14298 = CARTESIAN_POINT('',(2.01479566687E-17,-2.3,7.5));
#14299 = LINE('',#14300,#14301);
#14300 = CARTESIAN_POINT('',(-2.816687638039E-16,-2.3,2.5));
#14301 = VECTOR('',#14302,1.);
#14302 = DIRECTION('',(0.,0.,1.));
#14303 = ORIENTED_EDGE('',*,*,#14304,.T.);
#14304 = EDGE_CURVE('',#14297,#14272,#14305,.T.);
#14305 = LINE('',#14306,#14307);
#14306 = CARTESIAN_POINT('',(-2.816687638039E-16,-2.3,7.5));
#14307 = VECTOR('',#14308,1.);
#14308 = DIRECTION('',(-1.224646799147E-16,-1.,0.));
#14309 = ORIENTED_EDGE('',*,*,#14271,.F.);
#14310 = ORIENTED_EDGE('',*,*,#13617,.F.);
#14311 = PLANE('',#14312);
#14312 = AXIS2_PLACEMENT_3D('',#14313,#14314,#14315);
#14313 = CARTESIAN_POINT('',(-2.816687638039E-16,-2.3,2.5));
#14314 = DIRECTION('',(1.,-1.224646799147E-16,0.));
#14315 = DIRECTION('',(-1.224646799147E-16,-1.,0.));
#14316 = ADVANCED_FACE('',(#14317),#14342,.F.);
#14317 = FACE_BOUND('',#14318,.F.);
#14318 = EDGE_LOOP('',(#14319,#14327,#14335,#14341));
#14319 = ORIENTED_EDGE('',*,*,#14320,.T.);
#14320 = EDGE_CURVE('',#13633,#14321,#14323,.T.);
#14321 = VERTEX_POINT('',#14322);
#14322 = CARTESIAN_POINT('',(4.91,-0.17,-3.5));
#14323 = LINE('',#14324,#14325);
#14324 = CARTESIAN_POINT('',(4.916666666667,-0.163333333333,
    -3.506666666667));
#14325 = VECTOR('',#14326,1.);
#14326 = DIRECTION('',(0.57735026919,0.57735026919,-0.57735026919));
#14327 = ORIENTED_EDGE('',*,*,#14328,.T.);
#14328 = EDGE_CURVE('',#14321,#14329,#14331,.T.);
#14329 = VERTEX_POINT('',#14330);
#14330 = CARTESIAN_POINT('',(4.91,0.17,-3.5));
#14331 = LINE('',#14332,#14333);
#14332 = CARTESIAN_POINT('',(4.91,-0.32,-3.5));
#14333 = VECTOR('',#14334,1.);
#14334 = DIRECTION('',(1.224646799147E-16,1.,0.));
#14335 = ORIENTED_EDGE('',*,*,#14336,.T.);
#14336 = EDGE_CURVE('',#14329,#13635,#14337,.T.);
#14337 = LINE('',#14338,#14339);
#14338 = CARTESIAN_POINT('',(4.916666666667,0.163333333333,
    -3.506666666667));
#14339 = VECTOR('',#14340,1.);
#14340 = DIRECTION('',(-0.57735026919,0.57735026919,0.57735026919));
#14341 = ORIENTED_EDGE('',*,*,#13632,.F.);
#14342 = PLANE('',#14343);
#14343 = AXIS2_PLACEMENT_3D('',#14344,#14345,#14346);
#14344 = CARTESIAN_POINT('',(4.835,-0.32,-3.425));
#14345 = DIRECTION('',(0.707106781187,-8.659560562349E-17,0.707106781187
    ));
#14346 = DIRECTION('',(1.224646799147E-16,1.,-2.105272540809E-29));
#14347 = ADVANCED_FACE('',(#14348),#14366,.F.);
#14348 = FACE_BOUND('',#14349,.F.);
#14349 = EDGE_LOOP('',(#14350,#14351,#14359,#14365));
#14350 = ORIENTED_EDGE('',*,*,#14336,.F.);
#14351 = ORIENTED_EDGE('',*,*,#14352,.T.);
#14352 = EDGE_CURVE('',#14329,#14353,#14355,.T.);
#14353 = VERTEX_POINT('',#14354);
#14354 = CARTESIAN_POINT('',(5.25,0.17,-3.5));
#14355 = LINE('',#14356,#14357);
#14356 = CARTESIAN_POINT('',(4.76,0.17,-3.5));
#14357 = VECTOR('',#14358,1.);
#14358 = DIRECTION('',(1.,-1.224646799147E-16,0.));
#14359 = ORIENTED_EDGE('',*,*,#14360,.T.);
#14360 = EDGE_CURVE('',#14353,#13664,#14361,.T.);
#14361 = LINE('',#14362,#14363);
#14362 = CARTESIAN_POINT('',(5.243333333333,0.163333333333,
    -3.506666666667));
#14363 = VECTOR('',#14364,1.);
#14364 = DIRECTION('',(0.57735026919,0.57735026919,0.57735026919));
#14365 = ORIENTED_EDGE('',*,*,#13663,.F.);
#14366 = PLANE('',#14367);
#14367 = AXIS2_PLACEMENT_3D('',#14368,#14369,#14370);
#14368 = CARTESIAN_POINT('',(4.76,0.245,-3.425));
#14369 = DIRECTION('',(-8.659560562349E-17,-0.707106781187,
    0.707106781187));
#14370 = DIRECTION('',(1.,-1.224646799147E-16,-2.105272540809E-29));
#14371 = ADVANCED_FACE('',(#14372),#14390,.F.);
#14372 = FACE_BOUND('',#14373,.T.);
#14373 = EDGE_LOOP('',(#14374,#14375,#14376,#14384));
#14374 = ORIENTED_EDGE('',*,*,#14360,.T.);
#14375 = ORIENTED_EDGE('',*,*,#13687,.T.);
#14376 = ORIENTED_EDGE('',*,*,#14377,.T.);
#14377 = EDGE_CURVE('',#13688,#14378,#14380,.T.);
#14378 = VERTEX_POINT('',#14379);
#14379 = CARTESIAN_POINT('',(5.25,-0.17,-3.5));
#14380 = LINE('',#14381,#14382);
#14381 = CARTESIAN_POINT('',(5.243333333333,-0.163333333333,
    -3.506666666667));
#14382 = VECTOR('',#14383,1.);
#14383 = DIRECTION('',(-0.57735026919,0.57735026919,-0.57735026919));
#14384 = ORIENTED_EDGE('',*,*,#14385,.F.);
#14385 = EDGE_CURVE('',#14353,#14378,#14386,.T.);
#14386 = LINE('',#14387,#14388);
#14387 = CARTESIAN_POINT('',(5.25,0.32,-3.5));
#14388 = VECTOR('',#14389,1.);
#14389 = DIRECTION('',(-1.224646799147E-16,-1.,0.));
#14390 = PLANE('',#14391);
#14391 = AXIS2_PLACEMENT_3D('',#14392,#14393,#14394);
#14392 = CARTESIAN_POINT('',(5.325,0.32,-3.425));
#14393 = DIRECTION('',(-0.707106781187,8.659560562349E-17,0.707106781187
    ));
#14394 = DIRECTION('',(1.224646799147E-16,1.,2.105272540809E-29));
#14395 = ADVANCED_FACE('',(#14396),#14407,.F.);
#14396 = FACE_BOUND('',#14397,.T.);
#14397 = EDGE_LOOP('',(#14398,#14399,#14400,#14401));
#14398 = ORIENTED_EDGE('',*,*,#14377,.F.);
#14399 = ORIENTED_EDGE('',*,*,#13711,.T.);
#14400 = ORIENTED_EDGE('',*,*,#14320,.T.);
#14401 = ORIENTED_EDGE('',*,*,#14402,.F.);
#14402 = EDGE_CURVE('',#14378,#14321,#14403,.T.);
#14403 = LINE('',#14404,#14405);
#14404 = CARTESIAN_POINT('',(5.4,-0.17,-3.5));
#14405 = VECTOR('',#14406,1.);
#14406 = DIRECTION('',(-1.,1.224646799147E-16,0.));
#14407 = PLANE('',#14408);
#14408 = AXIS2_PLACEMENT_3D('',#14409,#14410,#14411);
#14409 = CARTESIAN_POINT('',(5.4,-0.245,-3.425));
#14410 = DIRECTION('',(8.659560562349E-17,0.707106781187,0.707106781187)
  );
#14411 = DIRECTION('',(1.,-1.224646799147E-16,2.105272540809E-29));
#14412 = ADVANCED_FACE('',(#14413),#14438,.F.);
#14413 = FACE_BOUND('',#14414,.T.);
#14414 = EDGE_LOOP('',(#14415,#14423,#14424,#14432));
#14415 = ORIENTED_EDGE('',*,*,#14416,.T.);
#14416 = EDGE_CURVE('',#14417,#13729,#14419,.T.);
#14417 = VERTEX_POINT('',#14418);
#14418 = CARTESIAN_POINT('',(0.17,0.17,-3.5));
#14419 = LINE('',#14420,#14421);
#14420 = CARTESIAN_POINT('',(0.163333333333,0.163333333333,
    -3.506666666667));
#14421 = VECTOR('',#14422,1.);
#14422 = DIRECTION('',(0.57735026919,0.57735026919,0.57735026919));
#14423 = ORIENTED_EDGE('',*,*,#13728,.T.);
#14424 = ORIENTED_EDGE('',*,*,#14425,.T.);
#14425 = EDGE_CURVE('',#13731,#14426,#14428,.T.);
#14426 = VERTEX_POINT('',#14427);
#14427 = CARTESIAN_POINT('',(0.17,-0.17,-3.5));
#14428 = LINE('',#14429,#14430);
#14429 = CARTESIAN_POINT('',(0.163333333333,-0.163333333333,
    -3.506666666667));
#14430 = VECTOR('',#14431,1.);
#14431 = DIRECTION('',(-0.57735026919,0.57735026919,-0.57735026919));
#14432 = ORIENTED_EDGE('',*,*,#14433,.F.);
#14433 = EDGE_CURVE('',#14417,#14426,#14434,.T.);
#14434 = LINE('',#14435,#14436);
#14435 = CARTESIAN_POINT('',(0.17,0.32,-3.5));
#14436 = VECTOR('',#14437,1.);
#14437 = DIRECTION('',(-1.224646799147E-16,-1.,0.));
#14438 = PLANE('',#14439);
#14439 = AXIS2_PLACEMENT_3D('',#14440,#14441,#14442);
#14440 = CARTESIAN_POINT('',(0.245,0.32,-3.425));
#14441 = DIRECTION('',(-0.707106781187,8.659560562349E-17,0.707106781187
    ));
#14442 = DIRECTION('',(1.224646799147E-16,1.,2.105272540809E-29));
#14443 = ADVANCED_FACE('',(#14444),#14462,.F.);
#14444 = FACE_BOUND('',#14445,.F.);
#14445 = EDGE_LOOP('',(#14446,#14454,#14460,#14461));
#14446 = ORIENTED_EDGE('',*,*,#14447,.F.);
#14447 = EDGE_CURVE('',#14448,#13760,#14450,.T.);
#14448 = VERTEX_POINT('',#14449);
#14449 = CARTESIAN_POINT('',(-0.17,0.17,-3.5));
#14450 = LINE('',#14451,#14452);
#14451 = CARTESIAN_POINT('',(-0.163333333333,0.163333333333,
    -3.506666666667));
#14452 = VECTOR('',#14453,1.);
#14453 = DIRECTION('',(-0.57735026919,0.57735026919,0.57735026919));
#14454 = ORIENTED_EDGE('',*,*,#14455,.T.);
#14455 = EDGE_CURVE('',#14448,#14417,#14456,.T.);
#14456 = LINE('',#14457,#14458);
#14457 = CARTESIAN_POINT('',(-0.32,0.17,-3.5));
#14458 = VECTOR('',#14459,1.);
#14459 = DIRECTION('',(1.,-1.224646799147E-16,0.));
#14460 = ORIENTED_EDGE('',*,*,#14416,.T.);
#14461 = ORIENTED_EDGE('',*,*,#13759,.F.);
#14462 = PLANE('',#14463);
#14463 = AXIS2_PLACEMENT_3D('',#14464,#14465,#14466);
#14464 = CARTESIAN_POINT('',(-0.32,0.245,-3.425));
#14465 = DIRECTION('',(-8.659560562349E-17,-0.707106781187,
    0.707106781187));
#14466 = DIRECTION('',(1.,-1.224646799147E-16,-2.105272540809E-29));
#14467 = ADVANCED_FACE('',(#14468),#14486,.F.);
#14468 = FACE_BOUND('',#14469,.T.);
#14469 = EDGE_LOOP('',(#14470,#14471,#14472,#14480));
#14470 = ORIENTED_EDGE('',*,*,#14425,.F.);
#14471 = ORIENTED_EDGE('',*,*,#13783,.T.);
#14472 = ORIENTED_EDGE('',*,*,#14473,.T.);
#14473 = EDGE_CURVE('',#13784,#14474,#14476,.T.);
#14474 = VERTEX_POINT('',#14475);
#14475 = CARTESIAN_POINT('',(-0.17,-0.17,-3.5));
#14476 = LINE('',#14477,#14478);
#14477 = CARTESIAN_POINT('',(-0.163333333333,-0.163333333333,
    -3.506666666667));
#14478 = VECTOR('',#14479,1.);
#14479 = DIRECTION('',(0.57735026919,0.57735026919,-0.57735026919));
#14480 = ORIENTED_EDGE('',*,*,#14481,.F.);
#14481 = EDGE_CURVE('',#14426,#14474,#14482,.T.);
#14482 = LINE('',#14483,#14484);
#14483 = CARTESIAN_POINT('',(0.32,-0.17,-3.5));
#14484 = VECTOR('',#14485,1.);
#14485 = DIRECTION('',(-1.,1.224646799147E-16,0.));
#14486 = PLANE('',#14487);
#14487 = AXIS2_PLACEMENT_3D('',#14488,#14489,#14490);
#14488 = CARTESIAN_POINT('',(0.32,-0.245,-3.425));
#14489 = DIRECTION('',(8.659560562349E-17,0.707106781187,0.707106781187)
  );
#14490 = DIRECTION('',(1.,-1.224646799147E-16,2.105272540809E-29));
#14491 = ADVANCED_FACE('',(#14492),#14503,.F.);
#14492 = FACE_BOUND('',#14493,.F.);
#14493 = EDGE_LOOP('',(#14494,#14495,#14501,#14502));
#14494 = ORIENTED_EDGE('',*,*,#14473,.T.);
#14495 = ORIENTED_EDGE('',*,*,#14496,.T.);
#14496 = EDGE_CURVE('',#14474,#14448,#14497,.T.);
#14497 = LINE('',#14498,#14499);
#14498 = CARTESIAN_POINT('',(-0.17,-0.32,-3.5));
#14499 = VECTOR('',#14500,1.);
#14500 = DIRECTION('',(1.224646799147E-16,1.,0.));
#14501 = ORIENTED_EDGE('',*,*,#14447,.T.);
#14502 = ORIENTED_EDGE('',*,*,#13807,.F.);
#14503 = PLANE('',#14504);
#14504 = AXIS2_PLACEMENT_3D('',#14505,#14506,#14507);
#14505 = CARTESIAN_POINT('',(-0.245,-0.32,-3.425));
#14506 = DIRECTION('',(0.707106781187,-8.659560562349E-17,0.707106781187
    ));
#14507 = DIRECTION('',(1.224646799147E-16,1.,-2.105272540809E-29));
#14508 = ADVANCED_FACE('',(#14509),#14534,.F.);
#14509 = FACE_BOUND('',#14510,.T.);
#14510 = EDGE_LOOP('',(#14511,#14519,#14520,#14528));
#14511 = ORIENTED_EDGE('',*,*,#14512,.T.);
#14512 = EDGE_CURVE('',#14513,#13825,#14515,.T.);
#14513 = VERTEX_POINT('',#14514);
#14514 = CARTESIAN_POINT('',(2.71,0.17,-3.5));
#14515 = LINE('',#14516,#14517);
#14516 = CARTESIAN_POINT('',(2.703333333333,0.163333333333,
    -3.506666666667));
#14517 = VECTOR('',#14518,1.);
#14518 = DIRECTION('',(0.57735026919,0.57735026919,0.57735026919));
#14519 = ORIENTED_EDGE('',*,*,#13824,.T.);
#14520 = ORIENTED_EDGE('',*,*,#14521,.T.);
#14521 = EDGE_CURVE('',#13827,#14522,#14524,.T.);
#14522 = VERTEX_POINT('',#14523);
#14523 = CARTESIAN_POINT('',(2.71,-0.17,-3.5));
#14524 = LINE('',#14525,#14526);
#14525 = CARTESIAN_POINT('',(2.703333333333,-0.163333333333,
    -3.506666666667));
#14526 = VECTOR('',#14527,1.);
#14527 = DIRECTION('',(-0.57735026919,0.57735026919,-0.57735026919));
#14528 = ORIENTED_EDGE('',*,*,#14529,.F.);
#14529 = EDGE_CURVE('',#14513,#14522,#14530,.T.);
#14530 = LINE('',#14531,#14532);
#14531 = CARTESIAN_POINT('',(2.71,0.32,-3.5));
#14532 = VECTOR('',#14533,1.);
#14533 = DIRECTION('',(-1.224646799147E-16,-1.,0.));
#14534 = PLANE('',#14535);
#14535 = AXIS2_PLACEMENT_3D('',#14536,#14537,#14538);
#14536 = CARTESIAN_POINT('',(2.785,0.32,-3.425));
#14537 = DIRECTION('',(-0.707106781187,8.659560562349E-17,0.707106781187
    ));
#14538 = DIRECTION('',(1.224646799147E-16,1.,2.105272540809E-29));
#14539 = ADVANCED_FACE('',(#14540),#14558,.F.);
#14540 = FACE_BOUND('',#14541,.F.);
#14541 = EDGE_LOOP('',(#14542,#14550,#14556,#14557));
#14542 = ORIENTED_EDGE('',*,*,#14543,.F.);
#14543 = EDGE_CURVE('',#14544,#13856,#14546,.T.);
#14544 = VERTEX_POINT('',#14545);
#14545 = CARTESIAN_POINT('',(2.37,0.17,-3.5));
#14546 = LINE('',#14547,#14548);
#14547 = CARTESIAN_POINT('',(2.376666666667,0.163333333333,
    -3.506666666667));
#14548 = VECTOR('',#14549,1.);
#14549 = DIRECTION('',(-0.57735026919,0.57735026919,0.57735026919));
#14550 = ORIENTED_EDGE('',*,*,#14551,.T.);
#14551 = EDGE_CURVE('',#14544,#14513,#14552,.T.);
#14552 = LINE('',#14553,#14554);
#14553 = CARTESIAN_POINT('',(2.22,0.17,-3.5));
#14554 = VECTOR('',#14555,1.);
#14555 = DIRECTION('',(1.,-1.224646799147E-16,0.));
#14556 = ORIENTED_EDGE('',*,*,#14512,.T.);
#14557 = ORIENTED_EDGE('',*,*,#13855,.F.);
#14558 = PLANE('',#14559);
#14559 = AXIS2_PLACEMENT_3D('',#14560,#14561,#14562);
#14560 = CARTESIAN_POINT('',(2.22,0.245,-3.425));
#14561 = DIRECTION('',(-8.659560562349E-17,-0.707106781187,
    0.707106781187));
#14562 = DIRECTION('',(1.,-1.224646799147E-16,-2.105272540809E-29));
#14563 = ADVANCED_FACE('',(#14564),#14582,.F.);
#14564 = FACE_BOUND('',#14565,.T.);
#14565 = EDGE_LOOP('',(#14566,#14567,#14568,#14576));
#14566 = ORIENTED_EDGE('',*,*,#14521,.F.);
#14567 = ORIENTED_EDGE('',*,*,#13879,.T.);
#14568 = ORIENTED_EDGE('',*,*,#14569,.T.);
#14569 = EDGE_CURVE('',#13880,#14570,#14572,.T.);
#14570 = VERTEX_POINT('',#14571);
#14571 = CARTESIAN_POINT('',(2.37,-0.17,-3.5));
#14572 = LINE('',#14573,#14574);
#14573 = CARTESIAN_POINT('',(2.376666666667,-0.163333333333,
    -3.506666666667));
#14574 = VECTOR('',#14575,1.);
#14575 = DIRECTION('',(0.57735026919,0.57735026919,-0.57735026919));
#14576 = ORIENTED_EDGE('',*,*,#14577,.F.);
#14577 = EDGE_CURVE('',#14522,#14570,#14578,.T.);
#14578 = LINE('',#14579,#14580);
#14579 = CARTESIAN_POINT('',(2.86,-0.17,-3.5));
#14580 = VECTOR('',#14581,1.);
#14581 = DIRECTION('',(-1.,1.224646799147E-16,0.));
#14582 = PLANE('',#14583);
#14583 = AXIS2_PLACEMENT_3D('',#14584,#14585,#14586);
#14584 = CARTESIAN_POINT('',(2.86,-0.245,-3.425));
#14585 = DIRECTION('',(8.659560562349E-17,0.707106781187,0.707106781187)
  );
#14586 = DIRECTION('',(1.,-1.224646799147E-16,2.105272540809E-29));
#14587 = ADVANCED_FACE('',(#14588),#14599,.F.);
#14588 = FACE_BOUND('',#14589,.F.);
#14589 = EDGE_LOOP('',(#14590,#14591,#14597,#14598));
#14590 = ORIENTED_EDGE('',*,*,#14569,.T.);
#14591 = ORIENTED_EDGE('',*,*,#14592,.T.);
#14592 = EDGE_CURVE('',#14570,#14544,#14593,.T.);
#14593 = LINE('',#14594,#14595);
#14594 = CARTESIAN_POINT('',(2.37,-0.32,-3.5));
#14595 = VECTOR('',#14596,1.);
#14596 = DIRECTION('',(1.224646799147E-16,1.,0.));
#14597 = ORIENTED_EDGE('',*,*,#14543,.T.);
#14598 = ORIENTED_EDGE('',*,*,#13903,.F.);
#14599 = PLANE('',#14600);
#14600 = AXIS2_PLACEMENT_3D('',#14601,#14602,#14603);
#14601 = CARTESIAN_POINT('',(2.295,-0.32,-3.425));
#14602 = DIRECTION('',(0.707106781187,-8.659560562349E-17,0.707106781187
    ));
#14603 = DIRECTION('',(1.224646799147E-16,1.,-2.105272540809E-29));
#14604 = ADVANCED_FACE('',(#14605),#14630,.T.);
#14605 = FACE_BOUND('',#14606,.F.);
#14606 = EDGE_LOOP('',(#14607,#14615,#14616,#14624));
#14607 = ORIENTED_EDGE('',*,*,#14608,.F.);
#14608 = EDGE_CURVE('',#13922,#14609,#14611,.T.);
#14609 = VERTEX_POINT('',#14610);
#14610 = CARTESIAN_POINT('',(4.91,-0.17,10.));
#14611 = LINE('',#14612,#14613);
#14612 = CARTESIAN_POINT('',(4.916666666667,-0.163333333333,
    10.006666666667));
#14613 = VECTOR('',#14614,1.);
#14614 = DIRECTION('',(0.57735026919,0.57735026919,0.57735026919));
#14615 = ORIENTED_EDGE('',*,*,#13929,.T.);
#14616 = ORIENTED_EDGE('',*,*,#14617,.T.);
#14617 = EDGE_CURVE('',#13930,#14618,#14620,.T.);
#14618 = VERTEX_POINT('',#14619);
#14619 = CARTESIAN_POINT('',(4.91,0.17,10.));
#14620 = LINE('',#14621,#14622);
#14621 = CARTESIAN_POINT('',(4.916666666667,0.163333333333,
    10.006666666667));
#14622 = VECTOR('',#14623,1.);
#14623 = DIRECTION('',(0.57735026919,-0.57735026919,0.57735026919));
#14624 = ORIENTED_EDGE('',*,*,#14625,.F.);
#14625 = EDGE_CURVE('',#14609,#14618,#14626,.T.);
#14626 = LINE('',#14627,#14628);
#14627 = CARTESIAN_POINT('',(4.91,-0.32,10.));
#14628 = VECTOR('',#14629,1.);
#14629 = DIRECTION('',(1.224646799147E-16,1.,0.));
#14630 = PLANE('',#14631);
#14631 = AXIS2_PLACEMENT_3D('',#14632,#14633,#14634);
#14632 = CARTESIAN_POINT('',(4.835,-0.32,9.925));
#14633 = DIRECTION('',(-0.707106781187,8.659560562349E-17,0.707106781187
    ));
#14634 = DIRECTION('',(-1.224646799147E-16,-1.,-2.105272540809E-29));
#14635 = ADVANCED_FACE('',(#14636),#14654,.T.);
#14636 = FACE_BOUND('',#14637,.F.);
#14637 = EDGE_LOOP('',(#14638,#14639,#14640,#14648));
#14638 = ORIENTED_EDGE('',*,*,#14617,.F.);
#14639 = ORIENTED_EDGE('',*,*,#13953,.T.);
#14640 = ORIENTED_EDGE('',*,*,#14641,.T.);
#14641 = EDGE_CURVE('',#13954,#14642,#14644,.T.);
#14642 = VERTEX_POINT('',#14643);
#14643 = CARTESIAN_POINT('',(5.25,0.17,10.));
#14644 = LINE('',#14645,#14646);
#14645 = CARTESIAN_POINT('',(5.243333333333,0.163333333333,
    10.006666666667));
#14646 = VECTOR('',#14647,1.);
#14647 = DIRECTION('',(-0.57735026919,-0.57735026919,0.57735026919));
#14648 = ORIENTED_EDGE('',*,*,#14649,.F.);
#14649 = EDGE_CURVE('',#14618,#14642,#14650,.T.);
#14650 = LINE('',#14651,#14652);
#14651 = CARTESIAN_POINT('',(4.76,0.17,10.));
#14652 = VECTOR('',#14653,1.);
#14653 = DIRECTION('',(1.,-1.224646799147E-16,0.));
#14654 = PLANE('',#14655);
#14655 = AXIS2_PLACEMENT_3D('',#14656,#14657,#14658);
#14656 = CARTESIAN_POINT('',(4.76,0.245,9.925));
#14657 = DIRECTION('',(8.486049187864E-17,0.707106781187,0.707106781187)
  );
#14658 = DIRECTION('',(-1.,1.212377692196E-16,-1.22691069515E-18));
#14659 = ADVANCED_FACE('',(#14660),#14678,.T.);
#14660 = FACE_BOUND('',#14661,.F.);
#14661 = EDGE_LOOP('',(#14662,#14663,#14664,#14672));
#14662 = ORIENTED_EDGE('',*,*,#14641,.F.);
#14663 = ORIENTED_EDGE('',*,*,#13977,.T.);
#14664 = ORIENTED_EDGE('',*,*,#14665,.T.);
#14665 = EDGE_CURVE('',#13978,#14666,#14668,.T.);
#14666 = VERTEX_POINT('',#14667);
#14667 = CARTESIAN_POINT('',(5.25,-0.17,10.));
#14668 = LINE('',#14669,#14670);
#14669 = CARTESIAN_POINT('',(5.243333333333,-0.163333333333,
    10.006666666667));
#14670 = VECTOR('',#14671,1.);
#14671 = DIRECTION('',(-0.57735026919,0.57735026919,0.57735026919));
#14672 = ORIENTED_EDGE('',*,*,#14673,.F.);
#14673 = EDGE_CURVE('',#14642,#14666,#14674,.T.);
#14674 = LINE('',#14675,#14676);
#14675 = CARTESIAN_POINT('',(5.25,0.32,10.));
#14676 = VECTOR('',#14677,1.);
#14677 = DIRECTION('',(-1.224646799147E-16,-1.,0.));
#14678 = PLANE('',#14679);
#14679 = AXIS2_PLACEMENT_3D('',#14680,#14681,#14682);
#14680 = CARTESIAN_POINT('',(5.325,0.32,9.925));
#14681 = DIRECTION('',(0.707106781187,-8.659560562349E-17,0.707106781187
    ));
#14682 = DIRECTION('',(1.224646799147E-16,1.,-2.105272540809E-29));
#14683 = ADVANCED_FACE('',(#14684),#14695,.T.);
#14684 = FACE_BOUND('',#14685,.F.);
#14685 = EDGE_LOOP('',(#14686,#14687,#14688,#14689));
#14686 = ORIENTED_EDGE('',*,*,#14665,.F.);
#14687 = ORIENTED_EDGE('',*,*,#14001,.T.);
#14688 = ORIENTED_EDGE('',*,*,#14608,.T.);
#14689 = ORIENTED_EDGE('',*,*,#14690,.F.);
#14690 = EDGE_CURVE('',#14666,#14609,#14691,.T.);
#14691 = LINE('',#14692,#14693);
#14692 = CARTESIAN_POINT('',(5.4,-0.17,10.));
#14693 = VECTOR('',#14694,1.);
#14694 = DIRECTION('',(-1.,1.224646799147E-16,0.));
#14695 = PLANE('',#14696);
#14696 = AXIS2_PLACEMENT_3D('',#14697,#14698,#14699);
#14697 = CARTESIAN_POINT('',(5.4,-0.245,9.925));
#14698 = DIRECTION('',(-8.486049187864E-17,-0.707106781187,
    0.707106781187));
#14699 = DIRECTION('',(1.,-1.212377692196E-16,-1.22691069515E-18));
#14700 = ADVANCED_FACE('',(#14701),#14726,.T.);
#14701 = FACE_BOUND('',#14702,.F.);
#14702 = EDGE_LOOP('',(#14703,#14711,#14712,#14720));
#14703 = ORIENTED_EDGE('',*,*,#14704,.F.);
#14704 = EDGE_CURVE('',#14018,#14705,#14707,.T.);
#14705 = VERTEX_POINT('',#14706);
#14706 = CARTESIAN_POINT('',(0.17,0.17,10.));
#14707 = LINE('',#14708,#14709);
#14708 = CARTESIAN_POINT('',(0.163333333333,0.163333333333,
    10.006666666667));
#14709 = VECTOR('',#14710,1.);
#14710 = DIRECTION('',(-0.57735026919,-0.57735026919,0.57735026919));
#14711 = ORIENTED_EDGE('',*,*,#14025,.T.);
#14712 = ORIENTED_EDGE('',*,*,#14713,.T.);
#14713 = EDGE_CURVE('',#14026,#14714,#14716,.T.);
#14714 = VERTEX_POINT('',#14715);
#14715 = CARTESIAN_POINT('',(0.17,-0.17,10.));
#14716 = LINE('',#14717,#14718);
#14717 = CARTESIAN_POINT('',(0.163333333333,-0.163333333333,
    10.006666666667));
#14718 = VECTOR('',#14719,1.);
#14719 = DIRECTION('',(-0.57735026919,0.57735026919,0.57735026919));
#14720 = ORIENTED_EDGE('',*,*,#14721,.F.);
#14721 = EDGE_CURVE('',#14705,#14714,#14722,.T.);
#14722 = LINE('',#14723,#14724);
#14723 = CARTESIAN_POINT('',(0.17,0.32,10.));
#14724 = VECTOR('',#14725,1.);
#14725 = DIRECTION('',(-1.224646799147E-16,-1.,0.));
#14726 = PLANE('',#14727);
#14727 = AXIS2_PLACEMENT_3D('',#14728,#14729,#14730);
#14728 = CARTESIAN_POINT('',(0.245,0.32,9.925));
#14729 = DIRECTION('',(0.707106781187,-8.486049187864E-17,0.707106781187
    ));
#14730 = DIRECTION('',(1.212377692196E-16,1.,-1.22691069515E-18));
#14731 = ADVANCED_FACE('',(#14732),#14750,.T.);
#14732 = FACE_BOUND('',#14733,.F.);
#14733 = EDGE_LOOP('',(#14734,#14742,#14743,#14744));
#14734 = ORIENTED_EDGE('',*,*,#14735,.F.);
#14735 = EDGE_CURVE('',#14049,#14736,#14738,.T.);
#14736 = VERTEX_POINT('',#14737);
#14737 = CARTESIAN_POINT('',(-0.17,0.17,10.));
#14738 = LINE('',#14739,#14740);
#14739 = CARTESIAN_POINT('',(-0.163333333333,0.163333333333,
    10.006666666667));
#14740 = VECTOR('',#14741,1.);
#14741 = DIRECTION('',(0.57735026919,-0.57735026919,0.57735026919));
#14742 = ORIENTED_EDGE('',*,*,#14056,.T.);
#14743 = ORIENTED_EDGE('',*,*,#14704,.T.);
#14744 = ORIENTED_EDGE('',*,*,#14745,.F.);
#14745 = EDGE_CURVE('',#14736,#14705,#14746,.T.);
#14746 = LINE('',#14747,#14748);
#14747 = CARTESIAN_POINT('',(-0.32,0.17,10.));
#14748 = VECTOR('',#14749,1.);
#14749 = DIRECTION('',(1.,-1.224646799147E-16,0.));
#14750 = PLANE('',#14751);
#14751 = AXIS2_PLACEMENT_3D('',#14752,#14753,#14754);
#14752 = CARTESIAN_POINT('',(-0.32,0.245,9.925));
#14753 = DIRECTION('',(8.486049187864E-17,0.707106781187,0.707106781187)
  );
#14754 = DIRECTION('',(-1.,1.212377692196E-16,-1.22691069515E-18));
#14755 = ADVANCED_FACE('',(#14756),#14774,.T.);
#14756 = FACE_BOUND('',#14757,.F.);
#14757 = EDGE_LOOP('',(#14758,#14759,#14760,#14768));
#14758 = ORIENTED_EDGE('',*,*,#14713,.F.);
#14759 = ORIENTED_EDGE('',*,*,#14073,.T.);
#14760 = ORIENTED_EDGE('',*,*,#14761,.T.);
#14761 = EDGE_CURVE('',#14074,#14762,#14764,.T.);
#14762 = VERTEX_POINT('',#14763);
#14763 = CARTESIAN_POINT('',(-0.17,-0.17,10.));
#14764 = LINE('',#14765,#14766);
#14765 = CARTESIAN_POINT('',(-0.163333333333,-0.163333333333,
    10.006666666667));
#14766 = VECTOR('',#14767,1.);
#14767 = DIRECTION('',(0.57735026919,0.57735026919,0.57735026919));
#14768 = ORIENTED_EDGE('',*,*,#14769,.F.);
#14769 = EDGE_CURVE('',#14714,#14762,#14770,.T.);
#14770 = LINE('',#14771,#14772);
#14771 = CARTESIAN_POINT('',(0.32,-0.17,10.));
#14772 = VECTOR('',#14773,1.);
#14773 = DIRECTION('',(-1.,1.224646799147E-16,0.));
#14774 = PLANE('',#14775);
#14775 = AXIS2_PLACEMENT_3D('',#14776,#14777,#14778);
#14776 = CARTESIAN_POINT('',(0.32,-0.245,9.925));
#14777 = DIRECTION('',(-8.486049187864E-17,-0.707106781187,
    0.707106781187));
#14778 = DIRECTION('',(1.,-1.212377692196E-16,-1.22691069515E-18));
#14779 = ADVANCED_FACE('',(#14780),#14791,.T.);
#14780 = FACE_BOUND('',#14781,.F.);
#14781 = EDGE_LOOP('',(#14782,#14783,#14784,#14785));
#14782 = ORIENTED_EDGE('',*,*,#14761,.F.);
#14783 = ORIENTED_EDGE('',*,*,#14097,.T.);
#14784 = ORIENTED_EDGE('',*,*,#14735,.T.);
#14785 = ORIENTED_EDGE('',*,*,#14786,.F.);
#14786 = EDGE_CURVE('',#14762,#14736,#14787,.T.);
#14787 = LINE('',#14788,#14789);
#14788 = CARTESIAN_POINT('',(-0.17,-0.32,10.));
#14789 = VECTOR('',#14790,1.);
#14790 = DIRECTION('',(1.224646799147E-16,1.,0.));
#14791 = PLANE('',#14792);
#14792 = AXIS2_PLACEMENT_3D('',#14793,#14794,#14795);
#14793 = CARTESIAN_POINT('',(-0.245,-0.32,9.925));
#14794 = DIRECTION('',(-0.707106781187,8.486049187864E-17,0.707106781187
    ));
#14795 = DIRECTION('',(-1.212377692196E-16,-1.,-1.22691069515E-18));
#14796 = ADVANCED_FACE('',(#14797),#14822,.T.);
#14797 = FACE_BOUND('',#14798,.F.);
#14798 = EDGE_LOOP('',(#14799,#14807,#14808,#14816));
#14799 = ORIENTED_EDGE('',*,*,#14800,.F.);
#14800 = EDGE_CURVE('',#14114,#14801,#14803,.T.);
#14801 = VERTEX_POINT('',#14802);
#14802 = CARTESIAN_POINT('',(2.71,0.17,10.));
#14803 = LINE('',#14804,#14805);
#14804 = CARTESIAN_POINT('',(2.703333333333,0.163333333333,
    10.006666666667));
#14805 = VECTOR('',#14806,1.);
#14806 = DIRECTION('',(-0.57735026919,-0.57735026919,0.57735026919));
#14807 = ORIENTED_EDGE('',*,*,#14121,.T.);
#14808 = ORIENTED_EDGE('',*,*,#14809,.T.);
#14809 = EDGE_CURVE('',#14122,#14810,#14812,.T.);
#14810 = VERTEX_POINT('',#14811);
#14811 = CARTESIAN_POINT('',(2.71,-0.17,10.));
#14812 = LINE('',#14813,#14814);
#14813 = CARTESIAN_POINT('',(2.703333333333,-0.163333333333,
    10.006666666667));
#14814 = VECTOR('',#14815,1.);
#14815 = DIRECTION('',(-0.57735026919,0.57735026919,0.57735026919));
#14816 = ORIENTED_EDGE('',*,*,#14817,.F.);
#14817 = EDGE_CURVE('',#14801,#14810,#14818,.T.);
#14818 = LINE('',#14819,#14820);
#14819 = CARTESIAN_POINT('',(2.71,0.32,10.));
#14820 = VECTOR('',#14821,1.);
#14821 = DIRECTION('',(-1.224646799147E-16,-1.,0.));
#14822 = PLANE('',#14823);
#14823 = AXIS2_PLACEMENT_3D('',#14824,#14825,#14826);
#14824 = CARTESIAN_POINT('',(2.785,0.32,9.925));
#14825 = DIRECTION('',(0.707106781187,-8.659560562349E-17,0.707106781187
    ));
#14826 = DIRECTION('',(1.224646799147E-16,1.,-2.105272540809E-29));
#14827 = ADVANCED_FACE('',(#14828),#14846,.T.);
#14828 = FACE_BOUND('',#14829,.F.);
#14829 = EDGE_LOOP('',(#14830,#14838,#14839,#14840));
#14830 = ORIENTED_EDGE('',*,*,#14831,.F.);
#14831 = EDGE_CURVE('',#14145,#14832,#14834,.T.);
#14832 = VERTEX_POINT('',#14833);
#14833 = CARTESIAN_POINT('',(2.37,0.17,10.));
#14834 = LINE('',#14835,#14836);
#14835 = CARTESIAN_POINT('',(2.376666666667,0.163333333333,
    10.006666666667));
#14836 = VECTOR('',#14837,1.);
#14837 = DIRECTION('',(0.57735026919,-0.57735026919,0.57735026919));
#14838 = ORIENTED_EDGE('',*,*,#14152,.T.);
#14839 = ORIENTED_EDGE('',*,*,#14800,.T.);
#14840 = ORIENTED_EDGE('',*,*,#14841,.F.);
#14841 = EDGE_CURVE('',#14832,#14801,#14842,.T.);
#14842 = LINE('',#14843,#14844);
#14843 = CARTESIAN_POINT('',(2.22,0.17,10.));
#14844 = VECTOR('',#14845,1.);
#14845 = DIRECTION('',(1.,-1.224646799147E-16,0.));
#14846 = PLANE('',#14847);
#14847 = AXIS2_PLACEMENT_3D('',#14848,#14849,#14850);
#14848 = CARTESIAN_POINT('',(2.22,0.245,9.925));
#14849 = DIRECTION('',(8.486049187864E-17,0.707106781187,0.707106781187)
  );
#14850 = DIRECTION('',(-1.,1.212377692196E-16,-1.22691069515E-18));
#14851 = ADVANCED_FACE('',(#14852),#14870,.T.);
#14852 = FACE_BOUND('',#14853,.F.);
#14853 = EDGE_LOOP('',(#14854,#14855,#14856,#14864));
#14854 = ORIENTED_EDGE('',*,*,#14809,.F.);
#14855 = ORIENTED_EDGE('',*,*,#14169,.T.);
#14856 = ORIENTED_EDGE('',*,*,#14857,.T.);
#14857 = EDGE_CURVE('',#14170,#14858,#14860,.T.);
#14858 = VERTEX_POINT('',#14859);
#14859 = CARTESIAN_POINT('',(2.37,-0.17,10.));
#14860 = LINE('',#14861,#14862);
#14861 = CARTESIAN_POINT('',(2.376666666667,-0.163333333333,
    10.006666666667));
#14862 = VECTOR('',#14863,1.);
#14863 = DIRECTION('',(0.57735026919,0.57735026919,0.57735026919));
#14864 = ORIENTED_EDGE('',*,*,#14865,.F.);
#14865 = EDGE_CURVE('',#14810,#14858,#14866,.T.);
#14866 = LINE('',#14867,#14868);
#14867 = CARTESIAN_POINT('',(2.86,-0.17,10.));
#14868 = VECTOR('',#14869,1.);
#14869 = DIRECTION('',(-1.,1.224646799147E-16,0.));
#14870 = PLANE('',#14871);
#14871 = AXIS2_PLACEMENT_3D('',#14872,#14873,#14874);
#14872 = CARTESIAN_POINT('',(2.86,-0.245,9.925));
#14873 = DIRECTION('',(-8.486049187864E-17,-0.707106781187,
    0.707106781187));
#14874 = DIRECTION('',(1.,-1.212377692196E-16,-1.22691069515E-18));
#14875 = ADVANCED_FACE('',(#14876),#14887,.T.);
#14876 = FACE_BOUND('',#14877,.F.);
#14877 = EDGE_LOOP('',(#14878,#14879,#14880,#14881));
#14878 = ORIENTED_EDGE('',*,*,#14857,.F.);
#14879 = ORIENTED_EDGE('',*,*,#14193,.T.);
#14880 = ORIENTED_EDGE('',*,*,#14831,.T.);
#14881 = ORIENTED_EDGE('',*,*,#14882,.F.);
#14882 = EDGE_CURVE('',#14858,#14832,#14883,.T.);
#14883 = LINE('',#14884,#14885);
#14884 = CARTESIAN_POINT('',(2.37,-0.32,10.));
#14885 = VECTOR('',#14886,1.);
#14886 = DIRECTION('',(1.224646799147E-16,1.,0.));
#14887 = PLANE('',#14888);
#14888 = AXIS2_PLACEMENT_3D('',#14889,#14890,#14891);
#14889 = CARTESIAN_POINT('',(2.295,-0.32,9.925));
#14890 = DIRECTION('',(-0.707106781187,8.659560562349E-17,0.707106781187
    ));
#14891 = DIRECTION('',(-1.224646799147E-16,-1.,-2.105272540809E-29));
#14892 = ADVANCED_FACE('',(#14893),#14918,.F.);
#14893 = FACE_BOUND('',#14894,.F.);
#14894 = EDGE_LOOP('',(#14895,#14896,#14904,#14912));
#14895 = ORIENTED_EDGE('',*,*,#14217,.T.);
#14896 = ORIENTED_EDGE('',*,*,#14897,.T.);
#14897 = EDGE_CURVE('',#14210,#14898,#14900,.T.);
#14898 = VERTEX_POINT('',#14899);
#14899 = CARTESIAN_POINT('',(5.08,-1.15,6.5));
#14900 = LINE('',#14901,#14902);
#14901 = CARTESIAN_POINT('',(5.08,-2.3,5.5));
#14902 = VECTOR('',#14903,1.);
#14903 = DIRECTION('',(2.404065568008E-16,0.754605522164,0.656178714925)
  );
#14904 = ORIENTED_EDGE('',*,*,#14905,.F.);
#14905 = EDGE_CURVE('',#14906,#14898,#14908,.T.);
#14906 = VERTEX_POINT('',#14907);
#14907 = CARTESIAN_POINT('',(4.662936703426E-16,-1.15,6.5));
#14908 = LINE('',#14909,#14910);
#14909 = CARTESIAN_POINT('',(4.662936703426E-16,-1.15,6.5));
#14910 = VECTOR('',#14911,1.);
#14911 = DIRECTION('',(1.,-1.110223024625E-16,-1.110223024625E-16));
#14912 = ORIENTED_EDGE('',*,*,#14913,.F.);
#14913 = EDGE_CURVE('',#14218,#14906,#14914,.T.);
#14914 = LINE('',#14915,#14916);
#14915 = CARTESIAN_POINT('',(9.992007221626E-17,-2.3,5.5));
#14916 = VECTOR('',#14917,1.);
#14917 = DIRECTION('',(2.404065568008E-16,0.754605522164,0.656178714925)
  );
#14918 = PLANE('',#14919);
#14919 = AXIS2_PLACEMENT_3D('',#14920,#14921,#14922);
#14920 = CARTESIAN_POINT('',(9.992007221626E-17,-2.3,5.5));
#14921 = DIRECTION('',(1.092757076367E-17,-0.656178714925,0.754605522164
    ));
#14922 = DIRECTION('',(2.404065568008E-16,0.754605522164,0.656178714925)
  );
#14923 = ADVANCED_FACE('',(#14924),#14935,.F.);
#14924 = FACE_BOUND('',#14925,.F.);
#14925 = EDGE_LOOP('',(#14926,#14927,#14928,#14934));
#14926 = ORIENTED_EDGE('',*,*,#14279,.F.);
#14927 = ORIENTED_EDGE('',*,*,#14304,.F.);
#14928 = ORIENTED_EDGE('',*,*,#14929,.T.);
#14929 = EDGE_CURVE('',#14297,#14248,#14930,.T.);
#14930 = LINE('',#14931,#14932);
#14931 = CARTESIAN_POINT('',(3.219646771413E-16,-2.3,7.5));
#14932 = VECTOR('',#14933,1.);
#14933 = DIRECTION('',(1.,-1.110223024625E-16,-1.110223024625E-16));
#14934 = ORIENTED_EDGE('',*,*,#14247,.F.);
#14935 = PLANE('',#14936);
#14936 = AXIS2_PLACEMENT_3D('',#14937,#14938,#14939);
#14937 = CARTESIAN_POINT('',(-4.041334437186E-16,-3.3,7.5));
#14938 = DIRECTION('',(0.,0.,-1.));
#14939 = DIRECTION('',(-1.,0.,0.));
#14940 = ADVANCED_FACE('',(#14941),#14951,.F.);
#14941 = FACE_BOUND('',#14942,.F.);
#14942 = EDGE_LOOP('',(#14943,#14944,#14950));
#14943 = ORIENTED_EDGE('',*,*,#14255,.T.);
#14944 = ORIENTED_EDGE('',*,*,#14945,.F.);
#14945 = EDGE_CURVE('',#14898,#14248,#14946,.T.);
#14946 = LINE('',#14947,#14948);
#14947 = CARTESIAN_POINT('',(5.08,-1.15,6.5));
#14948 = VECTOR('',#14949,1.);
#14949 = DIRECTION('',(-9.470561328515E-17,-0.754605522164,
    0.656178714925));
#14950 = ORIENTED_EDGE('',*,*,#14897,.F.);
#14951 = PLANE('',#14952);
#14952 = AXIS2_PLACEMENT_3D('',#14953,#14954,#14955);
#14953 = CARTESIAN_POINT('',(5.08,-2.3,7.5));
#14954 = DIRECTION('',(-1.,2.22044604925E-16,1.110223024625E-16));
#14955 = DIRECTION('',(-2.22044604925E-16,-1.,0.));
#14956 = ADVANCED_FACE('',(#14957),#14967,.T.);
#14957 = FACE_BOUND('',#14958,.T.);
#14958 = EDGE_LOOP('',(#14959,#14960,#14966));
#14959 = ORIENTED_EDGE('',*,*,#14296,.T.);
#14960 = ORIENTED_EDGE('',*,*,#14961,.F.);
#14961 = EDGE_CURVE('',#14906,#14297,#14962,.T.);
#14962 = LINE('',#14963,#14964);
#14963 = CARTESIAN_POINT('',(4.662936703426E-16,-1.15,6.5));
#14964 = VECTOR('',#14965,1.);
#14965 = DIRECTION('',(-9.470561328515E-17,-0.754605522164,
    0.656178714925));
#14966 = ORIENTED_EDGE('',*,*,#14913,.F.);
#14967 = PLANE('',#14968);
#14968 = AXIS2_PLACEMENT_3D('',#14969,#14970,#14971);
#14969 = CARTESIAN_POINT('',(3.219646771413E-16,-2.3,7.5));
#14970 = DIRECTION('',(-1.,2.22044604925E-16,1.110223024625E-16));
#14971 = DIRECTION('',(-2.22044604925E-16,-1.,0.));
#14972 = ADVANCED_FACE('',(#14973),#14979,.F.);
#14973 = FACE_BOUND('',#14974,.F.);
#14974 = EDGE_LOOP('',(#14975,#14976,#14977,#14978));
#14975 = ORIENTED_EDGE('',*,*,#14402,.F.);
#14976 = ORIENTED_EDGE('',*,*,#14385,.F.);
#14977 = ORIENTED_EDGE('',*,*,#14352,.F.);
#14978 = ORIENTED_EDGE('',*,*,#14328,.F.);
#14979 = PLANE('',#14980);
#14980 = AXIS2_PLACEMENT_3D('',#14981,#14982,#14983);
#14981 = CARTESIAN_POINT('',(5.4,-0.32,-3.5));
#14982 = DIRECTION('',(0.,0.,1.));
#14983 = DIRECTION('',(1.,0.,-0.));
#14984 = ADVANCED_FACE('',(#14985),#14991,.F.);
#14985 = FACE_BOUND('',#14986,.F.);
#14986 = EDGE_LOOP('',(#14987,#14988,#14989,#14990));
#14987 = ORIENTED_EDGE('',*,*,#14481,.F.);
#14988 = ORIENTED_EDGE('',*,*,#14433,.F.);
#14989 = ORIENTED_EDGE('',*,*,#14455,.F.);
#14990 = ORIENTED_EDGE('',*,*,#14496,.F.);
#14991 = PLANE('',#14992);
#14992 = AXIS2_PLACEMENT_3D('',#14993,#14994,#14995);
#14993 = CARTESIAN_POINT('',(0.32,-0.32,-3.5));
#14994 = DIRECTION('',(0.,0.,1.));
#14995 = DIRECTION('',(1.,0.,-0.));
#14996 = ADVANCED_FACE('',(#14997),#15003,.F.);
#14997 = FACE_BOUND('',#14998,.F.);
#14998 = EDGE_LOOP('',(#14999,#15000,#15001,#15002));
#14999 = ORIENTED_EDGE('',*,*,#14577,.F.);
#15000 = ORIENTED_EDGE('',*,*,#14529,.F.);
#15001 = ORIENTED_EDGE('',*,*,#14551,.F.);
#15002 = ORIENTED_EDGE('',*,*,#14592,.F.);
#15003 = PLANE('',#15004);
#15004 = AXIS2_PLACEMENT_3D('',#15005,#15006,#15007);
#15005 = CARTESIAN_POINT('',(2.86,-0.32,-3.5));
#15006 = DIRECTION('',(0.,0.,1.));
#15007 = DIRECTION('',(1.,0.,-0.));
#15008 = ADVANCED_FACE('',(#15009),#15015,.T.);
#15009 = FACE_BOUND('',#15010,.T.);
#15010 = EDGE_LOOP('',(#15011,#15012,#15013,#15014));
#15011 = ORIENTED_EDGE('',*,*,#14690,.F.);
#15012 = ORIENTED_EDGE('',*,*,#14673,.F.);
#15013 = ORIENTED_EDGE('',*,*,#14649,.F.);
#15014 = ORIENTED_EDGE('',*,*,#14625,.F.);
#15015 = PLANE('',#15016);
#15016 = AXIS2_PLACEMENT_3D('',#15017,#15018,#15019);
#15017 = CARTESIAN_POINT('',(5.4,-0.32,10.));
#15018 = DIRECTION('',(0.,0.,1.));
#15019 = DIRECTION('',(1.,0.,-0.));
#15020 = ADVANCED_FACE('',(#15021),#15027,.T.);
#15021 = FACE_BOUND('',#15022,.T.);
#15022 = EDGE_LOOP('',(#15023,#15024,#15025,#15026));
#15023 = ORIENTED_EDGE('',*,*,#14769,.F.);
#15024 = ORIENTED_EDGE('',*,*,#14721,.F.);
#15025 = ORIENTED_EDGE('',*,*,#14745,.F.);
#15026 = ORIENTED_EDGE('',*,*,#14786,.F.);
#15027 = PLANE('',#15028);
#15028 = AXIS2_PLACEMENT_3D('',#15029,#15030,#15031);
#15029 = CARTESIAN_POINT('',(0.32,-0.32,10.));
#15030 = DIRECTION('',(0.,0.,1.));
#15031 = DIRECTION('',(1.,0.,-0.));
#15032 = ADVANCED_FACE('',(#15033),#15039,.T.);
#15033 = FACE_BOUND('',#15034,.T.);
#15034 = EDGE_LOOP('',(#15035,#15036,#15037,#15038));
#15035 = ORIENTED_EDGE('',*,*,#14865,.F.);
#15036 = ORIENTED_EDGE('',*,*,#14817,.F.);
#15037 = ORIENTED_EDGE('',*,*,#14841,.F.);
#15038 = ORIENTED_EDGE('',*,*,#14882,.F.);
#15039 = PLANE('',#15040);
#15040 = AXIS2_PLACEMENT_3D('',#15041,#15042,#15043);
#15041 = CARTESIAN_POINT('',(2.86,-0.32,10.));
#15042 = DIRECTION('',(0.,0.,1.));
#15043 = DIRECTION('',(1.,0.,-0.));
#15044 = ADVANCED_FACE('',(#15045),#15051,.F.);
#15045 = FACE_BOUND('',#15046,.F.);
#15046 = EDGE_LOOP('',(#15047,#15048,#15049,#15050));
#15047 = ORIENTED_EDGE('',*,*,#14905,.T.);
#15048 = ORIENTED_EDGE('',*,*,#14945,.T.);
#15049 = ORIENTED_EDGE('',*,*,#14929,.F.);
#15050 = ORIENTED_EDGE('',*,*,#14961,.F.);
#15051 = PLANE('',#15052);
#15052 = AXIS2_PLACEMENT_3D('',#15053,#15054,#15055);
#15053 = CARTESIAN_POINT('',(4.662936703426E-16,-1.15,6.5));
#15054 = DIRECTION('',(-1.566285142793E-16,-0.656178714925,
    -0.754605522164));
#15055 = DIRECTION('',(-9.470561328515E-17,-0.754605522164,
    0.656178714925));
#15056 = ( GEOMETRIC_REPRESENTATION_CONTEXT(3) 
GLOBAL_UNCERTAINTY_ASSIGNED_CONTEXT((#15060)) 
GLOBAL_UNIT_ASSIGNED_CONTEXT((#15057,#15058,#15059)) 
REPRESENTATION_CONTEXT('Context #1',
  '3D Context with UNIT and UNCERTAINTY') );
#15057 = ( LENGTH_UNIT() NAMED_UNIT(*) SI_UNIT(.MILLI.,.METRE.) );
#15058 = ( NAMED_UNIT(*) PLANE_ANGLE_UNIT() SI_UNIT($,.RADIAN.) );
#15059 = ( NAMED_UNIT(*) SI_UNIT($,.STERADIAN.) SOLID_ANGLE_UNIT() );
#15060 = UNCERTAINTY_MEASURE_WITH_UNIT(LENGTH_MEASURE(1.E-07),#15057,
  'distance_accuracy_value','confusion accuracy');
#15061 = CONTEXT_DEPENDENT_SHAPE_REPRESENTATION(#15062,#15064);
#15062 = ( REPRESENTATION_RELATIONSHIP('','',#13151,#10) 
REPRESENTATION_RELATIONSHIP_WITH_TRANSFORMATION(#15063) 
SHAPE_REPRESENTATION_RELATIONSHIP() );
#15063 = ITEM_DEFINED_TRANSFORMATION('','',#11,#55);
#15064 = PRODUCT_DEFINITION_SHAPE('Placement','Placement of an item',
  #15065);
#15065 = NEXT_ASSEMBLY_USAGE_OCCURRENCE('11','J1','',#5,#13146,$);
#15066 = PRODUCT_RELATED_PRODUCT_CATEGORY('part',$,(#13148));
#15067 = SHAPE_DEFINITION_REPRESENTATION(#15068,#15074);
#15068 = PRODUCT_DEFINITION_SHAPE('','',#15069);
#15069 = PRODUCT_DEFINITION('design','',#15070,#15073);
#15070 = PRODUCT_DEFINITION_FORMATION('','',#15071);
#15071 = PRODUCT('Potentiometer_Bourns_3266Y_Vertical',
  'Potentiometer_Bourns_3266Y_Vertical','',(#15072));
#15072 = PRODUCT_CONTEXT('',#2,'mechanical');
#15073 = PRODUCT_DEFINITION_CONTEXT('part definition',#2,'design');
#15074 = ADVANCED_BREP_SHAPE_REPRESENTATION('',(#11,#15075),#15739);
#15075 = MANIFOLD_SOLID_BREP('',#15076);
#15076 = CLOSED_SHELL('',(#15077,#15119,#15220,#15229,#15292,#15355,
    #15380,#15407,#15437,#15454,#15482,#15499,#15522,#15531,#15540,
    #15633,#15648,#15665,#15683,#15700,#15710,#15725));
#15077 = ADVANCED_FACE('',(#15078),#15114,.T.);
#15078 = FACE_BOUND('',#15079,.T.);
#15079 = EDGE_LOOP('',(#15080,#15089,#15097,#15105,#15112,#15113));
#15080 = ORIENTED_EDGE('',*,*,#15081,.F.);
#15081 = EDGE_CURVE('',#15082,#15082,#15084,.T.);
#15082 = VERTEX_POINT('',#15083);
#15083 = CARTESIAN_POINT('',(0.23,0.,0.46));
#15084 = CIRCLE('',#15085,0.23);
#15085 = AXIS2_PLACEMENT_3D('',#15086,#15087,#15088);
#15086 = CARTESIAN_POINT('',(0.,0.,0.46));
#15087 = DIRECTION('',(0.,0.,1.));
#15088 = DIRECTION('',(1.,0.,-0.));
#15089 = ORIENTED_EDGE('',*,*,#15090,.F.);
#15090 = EDGE_CURVE('',#15091,#15082,#15093,.T.);
#15091 = VERTEX_POINT('',#15092);
#15092 = CARTESIAN_POINT('',(0.23,-3.E-17,0.));
#15093 = LINE('',#15094,#15095);
#15094 = CARTESIAN_POINT('',(0.23,-6.E-17,-4.88));
#15095 = VECTOR('',#15096,1.);
#15096 = DIRECTION('',(0.,0.,1.));
#15097 = ORIENTED_EDGE('',*,*,#15098,.F.);
#15098 = EDGE_CURVE('',#15099,#15091,#15101,.T.);
#15099 = VERTEX_POINT('',#15100);
#15100 = CARTESIAN_POINT('',(0.23,0.,-4.88));
#15101 = LINE('',#15102,#15103);
#15102 = CARTESIAN_POINT('',(0.23,-6.E-17,-4.88));
#15103 = VECTOR('',#15104,1.);
#15104 = DIRECTION('',(0.,0.,1.));
#15105 = ORIENTED_EDGE('',*,*,#15106,.T.);
#15106 = EDGE_CURVE('',#15099,#15099,#15107,.T.);
#15107 = CIRCLE('',#15108,0.23);
#15108 = AXIS2_PLACEMENT_3D('',#15109,#15110,#15111);
#15109 = CARTESIAN_POINT('',(0.,0.,-4.88));
#15110 = DIRECTION('',(0.,0.,1.));
#15111 = DIRECTION('',(1.,0.,-0.));
#15112 = ORIENTED_EDGE('',*,*,#15098,.T.);
#15113 = ORIENTED_EDGE('',*,*,#15090,.T.);
#15114 = CYLINDRICAL_SURFACE('',#15115,0.23);
#15115 = AXIS2_PLACEMENT_3D('',#15116,#15117,#15118);
#15116 = CARTESIAN_POINT('',(0.,0.,-4.88));
#15117 = DIRECTION('',(0.,0.,1.));
#15118 = DIRECTION('',(1.,0.,-0.));
#15119 = ADVANCED_FACE('',(#15120,#15176,#15187,#15190),#15215,.F.);
#15120 = FACE_BOUND('',#15121,.F.);
#15121 = EDGE_LOOP('',(#15122,#15132,#15140,#15148,#15154,#15162,#15170)
  );
#15122 = ORIENTED_EDGE('',*,*,#15123,.F.);
#15123 = EDGE_CURVE('',#15124,#15126,#15128,.T.);
#15124 = VERTEX_POINT('',#15125);
#15125 = CARTESIAN_POINT('',(-5.31,1.408343819019E-17,0.46));
#15126 = VERTEX_POINT('',#15127);
#15127 = CARTESIAN_POINT('',(-5.31,1.986755287714E-09,0.46));
#15128 = LINE('',#15129,#15130);
#15129 = CARTESIAN_POINT('',(-5.31,-2.25,0.46));
#15130 = VECTOR('',#15131,1.);
#15131 = DIRECTION('',(0.,1.,0.));
#15132 = ORIENTED_EDGE('',*,*,#15133,.F.);
#15133 = EDGE_CURVE('',#15134,#15124,#15136,.T.);
#15134 = VERTEX_POINT('',#15135);
#15135 = CARTESIAN_POINT('',(-5.31,-2.25,0.46));
#15136 = LINE('',#15137,#15138);
#15137 = CARTESIAN_POINT('',(-5.31,-2.25,0.46));
#15138 = VECTOR('',#15139,1.);
#15139 = DIRECTION('',(0.,1.,0.));
#15140 = ORIENTED_EDGE('',*,*,#15141,.T.);
#15141 = EDGE_CURVE('',#15134,#15142,#15144,.T.);
#15142 = VERTEX_POINT('',#15143);
#15143 = CARTESIAN_POINT('',(0.23,-2.25,0.46));
#15144 = LINE('',#15145,#15146);
#15145 = CARTESIAN_POINT('',(-5.895,-2.25,0.46));
#15146 = VECTOR('',#15147,1.);
#15147 = DIRECTION('',(1.,0.,0.));
#15148 = ORIENTED_EDGE('',*,*,#15149,.T.);
#15149 = EDGE_CURVE('',#15142,#15082,#15150,.T.);
#15150 = LINE('',#15151,#15152);
#15151 = CARTESIAN_POINT('',(0.23,-2.25,0.46));
#15152 = VECTOR('',#15153,1.);
#15153 = DIRECTION('',(0.,1.,0.));
#15154 = ORIENTED_EDGE('',*,*,#15155,.T.);
#15155 = EDGE_CURVE('',#15082,#15156,#15158,.T.);
#15156 = VERTEX_POINT('',#15157);
#15157 = CARTESIAN_POINT('',(0.23,2.25,0.46));
#15158 = LINE('',#15159,#15160);
#15159 = CARTESIAN_POINT('',(0.23,-2.25,0.46));
#15160 = VECTOR('',#15161,1.);
#15161 = DIRECTION('',(0.,1.,0.));
#15162 = ORIENTED_EDGE('',*,*,#15163,.F.);
#15163 = EDGE_CURVE('',#15164,#15156,#15166,.T.);
#15164 = VERTEX_POINT('',#15165);
#15165 = CARTESIAN_POINT('',(-5.31,2.25,0.46));
#15166 = LINE('',#15167,#15168);
#15167 = CARTESIAN_POINT('',(-5.895,2.25,0.46));
#15168 = VECTOR('',#15169,1.);
#15169 = DIRECTION('',(1.,0.,0.));
#15170 = ORIENTED_EDGE('',*,*,#15171,.F.);
#15171 = EDGE_CURVE('',#15126,#15164,#15172,.T.);
#15172 = LINE('',#15173,#15174);
#15173 = CARTESIAN_POINT('',(-5.31,-2.25,0.46));
#15174 = VECTOR('',#15175,1.);
#15175 = DIRECTION('',(0.,1.,0.));
#15176 = FACE_BOUND('',#15177,.F.);
#15177 = EDGE_LOOP('',(#15178));
#15178 = ORIENTED_EDGE('',*,*,#15179,.F.);
#15179 = EDGE_CURVE('',#15180,#15180,#15182,.T.);
#15180 = VERTEX_POINT('',#15181);
#15181 = CARTESIAN_POINT('',(-2.31,0.,0.46));
#15182 = CIRCLE('',#15183,0.23);
#15183 = AXIS2_PLACEMENT_3D('',#15184,#15185,#15186);
#15184 = CARTESIAN_POINT('',(-2.54,0.,0.46));
#15185 = DIRECTION('',(0.,0.,1.));
#15186 = DIRECTION('',(1.,0.,-0.));
#15187 = FACE_BOUND('',#15188,.F.);
#15188 = EDGE_LOOP('',(#15189));
#15189 = ORIENTED_EDGE('',*,*,#15081,.F.);
#15190 = FACE_BOUND('',#15191,.F.);
#15191 = EDGE_LOOP('',(#15192,#15201,#15208));
#15192 = ORIENTED_EDGE('',*,*,#15193,.F.);
#15193 = EDGE_CURVE('',#15124,#15194,#15196,.T.);
#15194 = VERTEX_POINT('',#15195);
#15195 = CARTESIAN_POINT('',(-4.85,0.,0.46));
#15196 = CIRCLE('',#15197,0.23);
#15197 = AXIS2_PLACEMENT_3D('',#15198,#15199,#15200);
#15198 = CARTESIAN_POINT('',(-5.08,0.,0.46));
#15199 = DIRECTION('',(0.,0.,1.));
#15200 = DIRECTION('',(1.,0.,-0.));
#15201 = ORIENTED_EDGE('',*,*,#15202,.F.);
#15202 = EDGE_CURVE('',#15126,#15124,#15203,.T.);
#15203 = CIRCLE('',#15204,0.23);
#15204 = AXIS2_PLACEMENT_3D('',#15205,#15206,#15207);
#15205 = CARTESIAN_POINT('',(-5.08,0.,0.46));
#15206 = DIRECTION('',(0.,0.,1.));
#15207 = DIRECTION('',(1.,0.,-0.));
#15208 = ORIENTED_EDGE('',*,*,#15209,.F.);
#15209 = EDGE_CURVE('',#15194,#15126,#15210,.T.);
#15210 = CIRCLE('',#15211,0.23);
#15211 = AXIS2_PLACEMENT_3D('',#15212,#15213,#15214);
#15212 = CARTESIAN_POINT('',(-5.08,0.,0.46));
#15213 = DIRECTION('',(0.,0.,1.));
#15214 = DIRECTION('',(1.,0.,-0.));
#15215 = PLANE('',#15216);
#15216 = AXIS2_PLACEMENT_3D('',#15217,#15218,#15219);
#15217 = CARTESIAN_POINT('',(-5.895,-2.25,0.46));
#15218 = DIRECTION('',(0.,0.,1.));
#15219 = DIRECTION('',(1.,0.,-0.));
#15220 = ADVANCED_FACE('',(#15221),#15224,.F.);
#15221 = FACE_BOUND('',#15222,.T.);
#15222 = EDGE_LOOP('',(#15223));
#15223 = ORIENTED_EDGE('',*,*,#15106,.F.);
#15224 = PLANE('',#15225);
#15225 = AXIS2_PLACEMENT_3D('',#15226,#15227,#15228);
#15226 = CARTESIAN_POINT('',(0.,0.,-4.88));
#15227 = DIRECTION('',(0.,0.,1.));
#15228 = DIRECTION('',(1.,0.,-0.));
#15229 = ADVANCED_FACE('',(#15230),#15287,.T.);
#15230 = FACE_BOUND('',#15231,.T.);
#15231 = EDGE_LOOP('',(#15232,#15233,#15241,#15249,#15257,#15265,#15273,
    #15281));
#15232 = ORIENTED_EDGE('',*,*,#15163,.F.);
#15233 = ORIENTED_EDGE('',*,*,#15234,.F.);
#15234 = EDGE_CURVE('',#15235,#15164,#15237,.T.);
#15235 = VERTEX_POINT('',#15236);
#15236 = CARTESIAN_POINT('',(-5.31,2.25,0.));
#15237 = LINE('',#15238,#15239);
#15238 = CARTESIAN_POINT('',(-5.31,2.25,0.));
#15239 = VECTOR('',#15240,1.);
#15240 = DIRECTION('',(0.,0.,1.));
#15241 = ORIENTED_EDGE('',*,*,#15242,.F.);
#15242 = EDGE_CURVE('',#15243,#15235,#15245,.T.);
#15243 = VERTEX_POINT('',#15244);
#15244 = CARTESIAN_POINT('',(-5.895,2.25,0.));
#15245 = LINE('',#15246,#15247);
#15246 = CARTESIAN_POINT('',(-5.895,2.25,0.));
#15247 = VECTOR('',#15248,1.);
#15248 = DIRECTION('',(1.,0.,0.));
#15249 = ORIENTED_EDGE('',*,*,#15250,.T.);
#15250 = EDGE_CURVE('',#15243,#15251,#15253,.T.);
#15251 = VERTEX_POINT('',#15252);
#15252 = CARTESIAN_POINT('',(-5.895,2.25,7.24));
#15253 = LINE('',#15254,#15255);
#15254 = CARTESIAN_POINT('',(-5.895,2.25,0.46));
#15255 = VECTOR('',#15256,1.);
#15256 = DIRECTION('',(0.,0.,1.));
#15257 = ORIENTED_EDGE('',*,*,#15258,.T.);
#15258 = EDGE_CURVE('',#15251,#15259,#15261,.T.);
#15259 = VERTEX_POINT('',#15260);
#15260 = CARTESIAN_POINT('',(0.815,2.25,7.24));
#15261 = LINE('',#15262,#15263);
#15262 = CARTESIAN_POINT('',(-5.895,2.25,7.24));
#15263 = VECTOR('',#15264,1.);
#15264 = DIRECTION('',(1.,0.,0.));
#15265 = ORIENTED_EDGE('',*,*,#15266,.F.);
#15266 = EDGE_CURVE('',#15267,#15259,#15269,.T.);
#15267 = VERTEX_POINT('',#15268);
#15268 = CARTESIAN_POINT('',(0.815,2.25,0.));
#15269 = LINE('',#15270,#15271);
#15270 = CARTESIAN_POINT('',(0.815,2.25,0.46));
#15271 = VECTOR('',#15272,1.);
#15272 = DIRECTION('',(0.,0.,1.));
#15273 = ORIENTED_EDGE('',*,*,#15274,.F.);
#15274 = EDGE_CURVE('',#15275,#15267,#15277,.T.);
#15275 = VERTEX_POINT('',#15276);
#15276 = CARTESIAN_POINT('',(0.23,2.25,0.));
#15277 = LINE('',#15278,#15279);
#15278 = CARTESIAN_POINT('',(0.23,2.25,0.));
#15279 = VECTOR('',#15280,1.);
#15280 = DIRECTION('',(1.,0.,0.));
#15281 = ORIENTED_EDGE('',*,*,#15282,.T.);
#15282 = EDGE_CURVE('',#15275,#15156,#15283,.T.);
#15283 = LINE('',#15284,#15285);
#15284 = CARTESIAN_POINT('',(0.23,2.25,0.));
#15285 = VECTOR('',#15286,1.);
#15286 = DIRECTION('',(0.,0.,1.));
#15287 = PLANE('',#15288);
#15288 = AXIS2_PLACEMENT_3D('',#15289,#15290,#15291);
#15289 = CARTESIAN_POINT('',(-2.54,2.25,3.600208188758));
#15290 = DIRECTION('',(0.,1.,0.));
#15291 = DIRECTION('',(0.,-0.,1.));
#15292 = ADVANCED_FACE('',(#15293),#15350,.T.);
#15293 = FACE_BOUND('',#15294,.T.);
#15294 = EDGE_LOOP('',(#15295,#15296,#15304,#15312,#15320,#15328,#15336,
    #15344));
#15295 = ORIENTED_EDGE('',*,*,#15141,.T.);
#15296 = ORIENTED_EDGE('',*,*,#15297,.F.);
#15297 = EDGE_CURVE('',#15298,#15142,#15300,.T.);
#15298 = VERTEX_POINT('',#15299);
#15299 = CARTESIAN_POINT('',(0.23,-2.25,0.));
#15300 = LINE('',#15301,#15302);
#15301 = CARTESIAN_POINT('',(0.23,-2.25,0.));
#15302 = VECTOR('',#15303,1.);
#15303 = DIRECTION('',(0.,0.,1.));
#15304 = ORIENTED_EDGE('',*,*,#15305,.T.);
#15305 = EDGE_CURVE('',#15298,#15306,#15308,.T.);
#15306 = VERTEX_POINT('',#15307);
#15307 = CARTESIAN_POINT('',(0.815,-2.25,0.));
#15308 = LINE('',#15309,#15310);
#15309 = CARTESIAN_POINT('',(0.23,-2.25,0.));
#15310 = VECTOR('',#15311,1.);
#15311 = DIRECTION('',(1.,0.,0.));
#15312 = ORIENTED_EDGE('',*,*,#15313,.T.);
#15313 = EDGE_CURVE('',#15306,#15314,#15316,.T.);
#15314 = VERTEX_POINT('',#15315);
#15315 = CARTESIAN_POINT('',(0.815,-2.25,7.24));
#15316 = LINE('',#15317,#15318);
#15317 = CARTESIAN_POINT('',(0.815,-2.25,0.));
#15318 = VECTOR('',#15319,1.);
#15319 = DIRECTION('',(0.,0.,1.));
#15320 = ORIENTED_EDGE('',*,*,#15321,.F.);
#15321 = EDGE_CURVE('',#15322,#15314,#15324,.T.);
#15322 = VERTEX_POINT('',#15323);
#15323 = CARTESIAN_POINT('',(-5.895,-2.25,7.24));
#15324 = LINE('',#15325,#15326);
#15325 = CARTESIAN_POINT('',(-5.895,-2.25,7.24));
#15326 = VECTOR('',#15327,1.);
#15327 = DIRECTION('',(1.,0.,0.));
#15328 = ORIENTED_EDGE('',*,*,#15329,.F.);
#15329 = EDGE_CURVE('',#15330,#15322,#15332,.T.);
#15330 = VERTEX_POINT('',#15331);
#15331 = CARTESIAN_POINT('',(-5.895,-2.25,0.));
#15332 = LINE('',#15333,#15334);
#15333 = CARTESIAN_POINT('',(-5.895,-2.25,0.));
#15334 = VECTOR('',#15335,1.);
#15335 = DIRECTION('',(0.,0.,1.));
#15336 = ORIENTED_EDGE('',*,*,#15337,.T.);
#15337 = EDGE_CURVE('',#15330,#15338,#15340,.T.);
#15338 = VERTEX_POINT('',#15339);
#15339 = CARTESIAN_POINT('',(-5.31,-2.25,0.));
#15340 = LINE('',#15341,#15342);
#15341 = CARTESIAN_POINT('',(-5.895,-2.25,0.));
#15342 = VECTOR('',#15343,1.);
#15343 = DIRECTION('',(1.,0.,0.));
#15344 = ORIENTED_EDGE('',*,*,#15345,.T.);
#15345 = EDGE_CURVE('',#15338,#15134,#15346,.T.);
#15346 = LINE('',#15347,#15348);
#15347 = CARTESIAN_POINT('',(-5.31,-2.25,0.));
#15348 = VECTOR('',#15349,1.);
#15349 = DIRECTION('',(0.,0.,1.));
#15350 = PLANE('',#15351);
#15351 = AXIS2_PLACEMENT_3D('',#15352,#15353,#15354);
#15352 = CARTESIAN_POINT('',(-2.54,-2.25,3.600208188758));
#15353 = DIRECTION('',(-0.,-1.,-0.));
#15354 = DIRECTION('',(0.,0.,-1.));
#15355 = ADVANCED_FACE('',(#15356),#15375,.T.);
#15356 = FACE_BOUND('',#15357,.T.);
#15357 = EDGE_LOOP('',(#15358,#15359,#15367,#15374));
#15358 = ORIENTED_EDGE('',*,*,#15179,.F.);
#15359 = ORIENTED_EDGE('',*,*,#15360,.F.);
#15360 = EDGE_CURVE('',#15361,#15180,#15363,.T.);
#15361 = VERTEX_POINT('',#15362);
#15362 = CARTESIAN_POINT('',(-2.31,0.,-4.88));
#15363 = LINE('',#15364,#15365);
#15364 = CARTESIAN_POINT('',(-2.31,-6.E-17,-4.88));
#15365 = VECTOR('',#15366,1.);
#15366 = DIRECTION('',(0.,0.,1.));
#15367 = ORIENTED_EDGE('',*,*,#15368,.T.);
#15368 = EDGE_CURVE('',#15361,#15361,#15369,.T.);
#15369 = CIRCLE('',#15370,0.23);
#15370 = AXIS2_PLACEMENT_3D('',#15371,#15372,#15373);
#15371 = CARTESIAN_POINT('',(-2.54,0.,-4.88));
#15372 = DIRECTION('',(0.,0.,1.));
#15373 = DIRECTION('',(1.,0.,-0.));
#15374 = ORIENTED_EDGE('',*,*,#15360,.T.);
#15375 = CYLINDRICAL_SURFACE('',#15376,0.23);
#15376 = AXIS2_PLACEMENT_3D('',#15377,#15378,#15379);
#15377 = CARTESIAN_POINT('',(-2.54,0.,-4.88));
#15378 = DIRECTION('',(0.,0.,1.));
#15379 = DIRECTION('',(1.,0.,-0.));
#15380 = ADVANCED_FACE('',(#15381),#15402,.T.);
#15381 = FACE_BOUND('',#15382,.T.);
#15382 = EDGE_LOOP('',(#15383,#15391,#15392,#15393,#15394,#15395));
#15383 = ORIENTED_EDGE('',*,*,#15384,.T.);
#15384 = EDGE_CURVE('',#15385,#15194,#15387,.T.);
#15385 = VERTEX_POINT('',#15386);
#15386 = CARTESIAN_POINT('',(-4.85,0.,-4.88));
#15387 = LINE('',#15388,#15389);
#15388 = CARTESIAN_POINT('',(-4.85,-6.E-17,-4.88));
#15389 = VECTOR('',#15390,1.);
#15390 = DIRECTION('',(0.,0.,1.));
#15391 = ORIENTED_EDGE('',*,*,#15193,.F.);
#15392 = ORIENTED_EDGE('',*,*,#15202,.F.);
#15393 = ORIENTED_EDGE('',*,*,#15209,.F.);
#15394 = ORIENTED_EDGE('',*,*,#15384,.F.);
#15395 = ORIENTED_EDGE('',*,*,#15396,.T.);
#15396 = EDGE_CURVE('',#15385,#15385,#15397,.T.);
#15397 = CIRCLE('',#15398,0.23);
#15398 = AXIS2_PLACEMENT_3D('',#15399,#15400,#15401);
#15399 = CARTESIAN_POINT('',(-5.08,0.,-4.88));
#15400 = DIRECTION('',(0.,0.,1.));
#15401 = DIRECTION('',(1.,0.,-0.));
#15402 = CYLINDRICAL_SURFACE('',#15403,0.23);
#15403 = AXIS2_PLACEMENT_3D('',#15404,#15405,#15406);
#15404 = CARTESIAN_POINT('',(-5.08,0.,-4.88));
#15405 = DIRECTION('',(0.,0.,1.));
#15406 = DIRECTION('',(1.,0.,-0.));
#15407 = ADVANCED_FACE('',(#15408),#15432,.F.);
#15408 = FACE_BOUND('',#15409,.F.);
#15409 = EDGE_LOOP('',(#15410,#15416,#15417,#15425,#15431));
#15410 = ORIENTED_EDGE('',*,*,#15411,.F.);
#15411 = EDGE_CURVE('',#15330,#15243,#15412,.T.);
#15412 = LINE('',#15413,#15414);
#15413 = CARTESIAN_POINT('',(-5.895,-2.25,0.));
#15414 = VECTOR('',#15415,1.);
#15415 = DIRECTION('',(0.,1.,0.));
#15416 = ORIENTED_EDGE('',*,*,#15337,.T.);
#15417 = ORIENTED_EDGE('',*,*,#15418,.T.);
#15418 = EDGE_CURVE('',#15338,#15419,#15421,.T.);
#15419 = VERTEX_POINT('',#15420);
#15420 = CARTESIAN_POINT('',(-5.31,0.,0.));
#15421 = LINE('',#15422,#15423);
#15422 = CARTESIAN_POINT('',(-5.31,-2.25,0.));
#15423 = VECTOR('',#15424,1.);
#15424 = DIRECTION('',(0.,1.,0.));
#15425 = ORIENTED_EDGE('',*,*,#15426,.T.);
#15426 = EDGE_CURVE('',#15419,#15235,#15427,.T.);
#15427 = LINE('',#15428,#15429);
#15428 = CARTESIAN_POINT('',(-5.31,-2.25,0.));
#15429 = VECTOR('',#15430,1.);
#15430 = DIRECTION('',(0.,1.,0.));
#15431 = ORIENTED_EDGE('',*,*,#15242,.F.);
#15432 = PLANE('',#15433);
#15433 = AXIS2_PLACEMENT_3D('',#15434,#15435,#15436);
#15434 = CARTESIAN_POINT('',(-5.895,-2.25,0.));
#15435 = DIRECTION('',(0.,0.,1.));
#15436 = DIRECTION('',(1.,0.,-0.));
#15437 = ADVANCED_FACE('',(#15438),#15449,.T.);
#15438 = FACE_BOUND('',#15439,.T.);
#15439 = EDGE_LOOP('',(#15440,#15446,#15447,#15448));
#15440 = ORIENTED_EDGE('',*,*,#15441,.T.);
#15441 = EDGE_CURVE('',#15322,#15251,#15442,.T.);
#15442 = LINE('',#15443,#15444);
#15443 = CARTESIAN_POINT('',(-5.895,-2.25,7.24));
#15444 = VECTOR('',#15445,1.);
#15445 = DIRECTION('',(0.,1.,0.));
#15446 = ORIENTED_EDGE('',*,*,#15250,.F.);
#15447 = ORIENTED_EDGE('',*,*,#15411,.F.);
#15448 = ORIENTED_EDGE('',*,*,#15329,.T.);
#15449 = PLANE('',#15450);
#15450 = AXIS2_PLACEMENT_3D('',#15451,#15452,#15453);
#15451 = CARTESIAN_POINT('',(-5.895,-2.22044604925E-16,3.62));
#15452 = DIRECTION('',(-1.,-0.,-0.));
#15453 = DIRECTION('',(0.,0.,-1.));
#15454 = ADVANCED_FACE('',(#15455,#15466),#15477,.T.);
#15455 = FACE_BOUND('',#15456,.T.);
#15456 = EDGE_LOOP('',(#15457,#15458,#15459,#15465));
#15457 = ORIENTED_EDGE('',*,*,#15441,.F.);
#15458 = ORIENTED_EDGE('',*,*,#15321,.T.);
#15459 = ORIENTED_EDGE('',*,*,#15460,.T.);
#15460 = EDGE_CURVE('',#15314,#15259,#15461,.T.);
#15461 = LINE('',#15462,#15463);
#15462 = CARTESIAN_POINT('',(0.815,-2.25,7.24));
#15463 = VECTOR('',#15464,1.);
#15464 = DIRECTION('',(0.,1.,0.));
#15465 = ORIENTED_EDGE('',*,*,#15258,.F.);
#15466 = FACE_BOUND('',#15467,.T.);
#15467 = EDGE_LOOP('',(#15468));
#15468 = ORIENTED_EDGE('',*,*,#15469,.F.);
#15469 = EDGE_CURVE('',#15470,#15470,#15472,.T.);
#15470 = VERTEX_POINT('',#15471);
#15471 = CARTESIAN_POINT('',(0.485,-0.98,7.24));
#15472 = CIRCLE('',#15473,0.89);
#15473 = AXIS2_PLACEMENT_3D('',#15474,#15475,#15476);
#15474 = CARTESIAN_POINT('',(-0.405,-0.98,7.24));
#15475 = DIRECTION('',(0.,0.,1.));
#15476 = DIRECTION('',(1.,0.,-0.));
#15477 = PLANE('',#15478);
#15478 = AXIS2_PLACEMENT_3D('',#15479,#15480,#15481);
#15479 = CARTESIAN_POINT('',(-5.895,-2.25,7.24));
#15480 = DIRECTION('',(0.,0.,1.));
#15481 = DIRECTION('',(1.,0.,-0.));
#15482 = ADVANCED_FACE('',(#15483),#15494,.T.);
#15483 = FACE_BOUND('',#15484,.T.);
#15484 = EDGE_LOOP('',(#15485,#15486,#15492,#15493));
#15485 = ORIENTED_EDGE('',*,*,#15313,.F.);
#15486 = ORIENTED_EDGE('',*,*,#15487,.T.);
#15487 = EDGE_CURVE('',#15306,#15267,#15488,.T.);
#15488 = LINE('',#15489,#15490);
#15489 = CARTESIAN_POINT('',(0.815,-2.25,0.));
#15490 = VECTOR('',#15491,1.);
#15491 = DIRECTION('',(0.,1.,0.));
#15492 = ORIENTED_EDGE('',*,*,#15266,.T.);
#15493 = ORIENTED_EDGE('',*,*,#15460,.F.);
#15494 = PLANE('',#15495);
#15495 = AXIS2_PLACEMENT_3D('',#15496,#15497,#15498);
#15496 = CARTESIAN_POINT('',(0.815,-2.22044604925E-16,3.62));
#15497 = DIRECTION('',(1.,0.,-3.E-17));
#15498 = DIRECTION('',(3.E-17,0.,1.));
#15499 = ADVANCED_FACE('',(#15500),#15517,.F.);
#15500 = FACE_BOUND('',#15501,.F.);
#15501 = EDGE_LOOP('',(#15502,#15508,#15509,#15510,#15511));
#15502 = ORIENTED_EDGE('',*,*,#15503,.F.);
#15503 = EDGE_CURVE('',#15298,#15091,#15504,.T.);
#15504 = LINE('',#15505,#15506);
#15505 = CARTESIAN_POINT('',(0.23,-2.25,0.));
#15506 = VECTOR('',#15507,1.);
#15507 = DIRECTION('',(0.,1.,0.));
#15508 = ORIENTED_EDGE('',*,*,#15305,.T.);
#15509 = ORIENTED_EDGE('',*,*,#15487,.T.);
#15510 = ORIENTED_EDGE('',*,*,#15274,.F.);
#15511 = ORIENTED_EDGE('',*,*,#15512,.F.);
#15512 = EDGE_CURVE('',#15091,#15275,#15513,.T.);
#15513 = LINE('',#15514,#15515);
#15514 = CARTESIAN_POINT('',(0.23,-2.25,0.));
#15515 = VECTOR('',#15516,1.);
#15516 = DIRECTION('',(0.,1.,0.));
#15517 = PLANE('',#15518);
#15518 = AXIS2_PLACEMENT_3D('',#15519,#15520,#15521);
#15519 = CARTESIAN_POINT('',(0.23,-2.25,0.));
#15520 = DIRECTION('',(0.,0.,1.));
#15521 = DIRECTION('',(1.,0.,-0.));
#15522 = ADVANCED_FACE('',(#15523),#15526,.F.);
#15523 = FACE_BOUND('',#15524,.T.);
#15524 = EDGE_LOOP('',(#15525));
#15525 = ORIENTED_EDGE('',*,*,#15368,.F.);
#15526 = PLANE('',#15527);
#15527 = AXIS2_PLACEMENT_3D('',#15528,#15529,#15530);
#15528 = CARTESIAN_POINT('',(-2.54,0.,-4.88));
#15529 = DIRECTION('',(0.,0.,1.));
#15530 = DIRECTION('',(1.,0.,-0.));
#15531 = ADVANCED_FACE('',(#15532),#15535,.F.);
#15532 = FACE_BOUND('',#15533,.T.);
#15533 = EDGE_LOOP('',(#15534));
#15534 = ORIENTED_EDGE('',*,*,#15396,.F.);
#15535 = PLANE('',#15536);
#15536 = AXIS2_PLACEMENT_3D('',#15537,#15538,#15539);
#15537 = CARTESIAN_POINT('',(-5.08,0.,-4.88));
#15538 = DIRECTION('',(0.,0.,1.));
#15539 = DIRECTION('',(1.,0.,-0.));
#15540 = ADVANCED_FACE('',(#15541),#15628,.T.);
#15541 = FACE_BOUND('',#15542,.T.);
#15542 = EDGE_LOOP('',(#15543,#15554,#15562,#15571,#15577,#15578,#15579,
    #15588,#15596,#15605,#15613,#15622));
#15543 = ORIENTED_EDGE('',*,*,#15544,.F.);
#15544 = EDGE_CURVE('',#15545,#15547,#15549,.T.);
#15545 = VERTEX_POINT('',#15546);
#15546 = CARTESIAN_POINT('',(0.446175657547,-0.72,8.26));
#15547 = VERTEX_POINT('',#15548);
#15548 = CARTESIAN_POINT('',(-1.256175657547,-0.72,8.26));
#15549 = CIRCLE('',#15550,0.89);
#15550 = AXIS2_PLACEMENT_3D('',#15551,#15552,#15553);
#15551 = CARTESIAN_POINT('',(-0.405,-0.98,8.26));
#15552 = DIRECTION('',(0.,0.,1.));
#15553 = DIRECTION('',(1.,0.,-0.));
#15554 = ORIENTED_EDGE('',*,*,#15555,.F.);
#15555 = EDGE_CURVE('',#15556,#15545,#15558,.T.);
#15556 = VERTEX_POINT('',#15557);
#15557 = CARTESIAN_POINT('',(0.446175657547,-0.72,7.62));
#15558 = LINE('',#15559,#15560);
#15559 = CARTESIAN_POINT('',(0.446175657547,-0.72,7.24));
#15560 = VECTOR('',#15561,1.);
#15561 = DIRECTION('',(0.,0.,1.));
#15562 = ORIENTED_EDGE('',*,*,#15563,.F.);
#15563 = EDGE_CURVE('',#15564,#15556,#15566,.T.);
#15564 = VERTEX_POINT('',#15565);
#15565 = CARTESIAN_POINT('',(0.485,-0.98,7.62));
#15566 = CIRCLE('',#15567,0.89);
#15567 = AXIS2_PLACEMENT_3D('',#15568,#15569,#15570);
#15568 = CARTESIAN_POINT('',(-0.405,-0.98,7.62));
#15569 = DIRECTION('',(0.,0.,1.));
#15570 = DIRECTION('',(1.,0.,-0.));
#15571 = ORIENTED_EDGE('',*,*,#15572,.F.);
#15572 = EDGE_CURVE('',#15470,#15564,#15573,.T.);
#15573 = LINE('',#15574,#15575);
#15574 = CARTESIAN_POINT('',(0.485,-0.98,7.24));
#15575 = VECTOR('',#15576,1.);
#15576 = DIRECTION('',(0.,0.,1.));
#15577 = ORIENTED_EDGE('',*,*,#15469,.T.);
#15578 = ORIENTED_EDGE('',*,*,#15572,.T.);
#15579 = ORIENTED_EDGE('',*,*,#15580,.F.);
#15580 = EDGE_CURVE('',#15581,#15564,#15583,.T.);
#15581 = VERTEX_POINT('',#15582);
#15582 = CARTESIAN_POINT('',(0.449166260163,-1.23,7.62));
#15583 = CIRCLE('',#15584,0.89);
#15584 = AXIS2_PLACEMENT_3D('',#15585,#15586,#15587);
#15585 = CARTESIAN_POINT('',(-0.405,-0.98,7.62));
#15586 = DIRECTION('',(0.,0.,1.));
#15587 = DIRECTION('',(1.,0.,-0.));
#15588 = ORIENTED_EDGE('',*,*,#15589,.T.);
#15589 = EDGE_CURVE('',#15581,#15590,#15592,.T.);
#15590 = VERTEX_POINT('',#15591);
#15591 = CARTESIAN_POINT('',(0.449166260162,-1.23,8.26));
#15592 = LINE('',#15593,#15594);
#15593 = CARTESIAN_POINT('',(0.449166260163,-1.23,7.24));
#15594 = VECTOR('',#15595,1.);
#15595 = DIRECTION('',(0.,0.,1.));
#15596 = ORIENTED_EDGE('',*,*,#15597,.F.);
#15597 = EDGE_CURVE('',#15598,#15590,#15600,.T.);
#15598 = VERTEX_POINT('',#15599);
#15599 = CARTESIAN_POINT('',(-1.259166260163,-1.23,8.26));
#15600 = CIRCLE('',#15601,0.89);
#15601 = AXIS2_PLACEMENT_3D('',#15602,#15603,#15604);
#15602 = CARTESIAN_POINT('',(-0.405,-0.98,8.26));
#15603 = DIRECTION('',(0.,0.,1.));
#15604 = DIRECTION('',(1.,0.,-0.));
#15605 = ORIENTED_EDGE('',*,*,#15606,.F.);
#15606 = EDGE_CURVE('',#15607,#15598,#15609,.T.);
#15607 = VERTEX_POINT('',#15608);
#15608 = CARTESIAN_POINT('',(-1.259166260163,-1.23,7.62));
#15609 = LINE('',#15610,#15611);
#15610 = CARTESIAN_POINT('',(-1.259166260163,-1.23,7.24));
#15611 = VECTOR('',#15612,1.);
#15612 = DIRECTION('',(0.,0.,1.));
#15613 = ORIENTED_EDGE('',*,*,#15614,.F.);
#15614 = EDGE_CURVE('',#15615,#15607,#15617,.T.);
#15615 = VERTEX_POINT('',#15616);
#15616 = CARTESIAN_POINT('',(-1.256175657547,-0.72,7.62));
#15617 = CIRCLE('',#15618,0.89);
#15618 = AXIS2_PLACEMENT_3D('',#15619,#15620,#15621);
#15619 = CARTESIAN_POINT('',(-0.405,-0.98,7.62));
#15620 = DIRECTION('',(0.,0.,1.));
#15621 = DIRECTION('',(1.,0.,-0.));
#15622 = ORIENTED_EDGE('',*,*,#15623,.T.);
#15623 = EDGE_CURVE('',#15615,#15547,#15624,.T.);
#15624 = LINE('',#15625,#15626);
#15625 = CARTESIAN_POINT('',(-1.256175657547,-0.72,7.24));
#15626 = VECTOR('',#15627,1.);
#15627 = DIRECTION('',(0.,0.,1.));
#15628 = CYLINDRICAL_SURFACE('',#15629,0.89);
#15629 = AXIS2_PLACEMENT_3D('',#15630,#15631,#15632);
#15630 = CARTESIAN_POINT('',(-0.405,-0.98,7.24));
#15631 = DIRECTION('',(0.,0.,1.));
#15632 = DIRECTION('',(1.,0.,-0.));
#15633 = ADVANCED_FACE('',(#15634),#15643,.T.);
#15634 = FACE_BOUND('',#15635,.T.);
#15635 = EDGE_LOOP('',(#15636,#15642));
#15636 = ORIENTED_EDGE('',*,*,#15637,.T.);
#15637 = EDGE_CURVE('',#15547,#15545,#15638,.T.);
#15638 = LINE('',#15639,#15640);
#15639 = CARTESIAN_POINT('',(-5.,-0.72,8.26));
#15640 = VECTOR('',#15641,1.);
#15641 = DIRECTION('',(1.,0.,0.));
#15642 = ORIENTED_EDGE('',*,*,#15544,.T.);
#15643 = PLANE('',#15644);
#15644 = AXIS2_PLACEMENT_3D('',#15645,#15646,#15647);
#15645 = CARTESIAN_POINT('',(-0.405,-0.98,8.26));
#15646 = DIRECTION('',(0.,0.,1.));
#15647 = DIRECTION('',(1.,0.,-0.));
#15648 = ADVANCED_FACE('',(#15649),#15660,.F.);
#15649 = FACE_BOUND('',#15650,.F.);
#15650 = EDGE_LOOP('',(#15651,#15657,#15658,#15659));
#15651 = ORIENTED_EDGE('',*,*,#15652,.F.);
#15652 = EDGE_CURVE('',#15615,#15556,#15653,.T.);
#15653 = LINE('',#15654,#15655);
#15654 = CARTESIAN_POINT('',(-5.,-0.72,7.62));
#15655 = VECTOR('',#15656,1.);
#15656 = DIRECTION('',(1.,0.,0.));
#15657 = ORIENTED_EDGE('',*,*,#15623,.T.);
#15658 = ORIENTED_EDGE('',*,*,#15637,.T.);
#15659 = ORIENTED_EDGE('',*,*,#15555,.F.);
#15660 = PLANE('',#15661);
#15661 = AXIS2_PLACEMENT_3D('',#15662,#15663,#15664);
#15662 = CARTESIAN_POINT('',(-5.,-0.72,7.62));
#15663 = DIRECTION('',(0.,1.,0.));
#15664 = DIRECTION('',(0.,-0.,1.));
#15665 = ADVANCED_FACE('',(#15666),#15678,.T.);
#15666 = FACE_BOUND('',#15667,.T.);
#15667 = EDGE_LOOP('',(#15668,#15669,#15670,#15676,#15677));
#15668 = ORIENTED_EDGE('',*,*,#15652,.F.);
#15669 = ORIENTED_EDGE('',*,*,#15614,.T.);
#15670 = ORIENTED_EDGE('',*,*,#15671,.T.);
#15671 = EDGE_CURVE('',#15607,#15581,#15672,.T.);
#15672 = LINE('',#15673,#15674);
#15673 = CARTESIAN_POINT('',(-5.,-1.23,7.62));
#15674 = VECTOR('',#15675,1.);
#15675 = DIRECTION('',(1.,0.,0.));
#15676 = ORIENTED_EDGE('',*,*,#15580,.T.);
#15677 = ORIENTED_EDGE('',*,*,#15563,.T.);
#15678 = PLANE('',#15679);
#15679 = AXIS2_PLACEMENT_3D('',#15680,#15681,#15682);
#15680 = CARTESIAN_POINT('',(-5.,-1.23,7.62));
#15681 = DIRECTION('',(0.,0.,1.));
#15682 = DIRECTION('',(1.,0.,-0.));
#15683 = ADVANCED_FACE('',(#15684),#15695,.T.);
#15684 = FACE_BOUND('',#15685,.T.);
#15685 = EDGE_LOOP('',(#15686,#15687,#15688,#15694));
#15686 = ORIENTED_EDGE('',*,*,#15671,.F.);
#15687 = ORIENTED_EDGE('',*,*,#15606,.T.);
#15688 = ORIENTED_EDGE('',*,*,#15689,.T.);
#15689 = EDGE_CURVE('',#15598,#15590,#15690,.T.);
#15690 = LINE('',#15691,#15692);
#15691 = CARTESIAN_POINT('',(-5.,-1.23,8.26));
#15692 = VECTOR('',#15693,1.);
#15693 = DIRECTION('',(1.,0.,0.));
#15694 = ORIENTED_EDGE('',*,*,#15589,.F.);
#15695 = PLANE('',#15696);
#15696 = AXIS2_PLACEMENT_3D('',#15697,#15698,#15699);
#15697 = CARTESIAN_POINT('',(-5.,-1.23,7.62));
#15698 = DIRECTION('',(0.,1.,0.));
#15699 = DIRECTION('',(0.,-0.,1.));
#15700 = ADVANCED_FACE('',(#15701),#15705,.T.);
#15701 = FACE_BOUND('',#15702,.T.);
#15702 = EDGE_LOOP('',(#15703,#15704));
#15703 = ORIENTED_EDGE('',*,*,#15597,.T.);
#15704 = ORIENTED_EDGE('',*,*,#15689,.F.);
#15705 = PLANE('',#15706);
#15706 = AXIS2_PLACEMENT_3D('',#15707,#15708,#15709);
#15707 = CARTESIAN_POINT('',(-0.405,-0.98,8.26));
#15708 = DIRECTION('',(0.,0.,1.));
#15709 = DIRECTION('',(1.,0.,-0.));
#15710 = ADVANCED_FACE('',(#15711),#15720,.T.);
#15711 = FACE_BOUND('',#15712,.T.);
#15712 = EDGE_LOOP('',(#15713,#15714,#15715,#15716,#15717,#15718,#15719)
  );
#15713 = ORIENTED_EDGE('',*,*,#15123,.F.);
#15714 = ORIENTED_EDGE('',*,*,#15133,.F.);
#15715 = ORIENTED_EDGE('',*,*,#15345,.F.);
#15716 = ORIENTED_EDGE('',*,*,#15418,.T.);
#15717 = ORIENTED_EDGE('',*,*,#15426,.T.);
#15718 = ORIENTED_EDGE('',*,*,#15234,.T.);
#15719 = ORIENTED_EDGE('',*,*,#15171,.F.);
#15720 = PLANE('',#15721);
#15721 = AXIS2_PLACEMENT_3D('',#15722,#15723,#15724);
#15722 = CARTESIAN_POINT('',(-5.31,-2.25,0.));
#15723 = DIRECTION('',(1.,0.,0.));
#15724 = DIRECTION('',(0.,0.,1.));
#15725 = ADVANCED_FACE('',(#15726),#15734,.F.);
#15726 = FACE_BOUND('',#15727,.T.);
#15727 = EDGE_LOOP('',(#15728,#15729,#15730,#15731,#15732,#15733));
#15728 = ORIENTED_EDGE('',*,*,#15155,.T.);
#15729 = ORIENTED_EDGE('',*,*,#15282,.F.);
#15730 = ORIENTED_EDGE('',*,*,#15512,.F.);
#15731 = ORIENTED_EDGE('',*,*,#15503,.F.);
#15732 = ORIENTED_EDGE('',*,*,#15297,.T.);
#15733 = ORIENTED_EDGE('',*,*,#15149,.T.);
#15734 = PLANE('',#15735);
#15735 = AXIS2_PLACEMENT_3D('',#15736,#15737,#15738);
#15736 = CARTESIAN_POINT('',(0.23,-2.25,0.));
#15737 = DIRECTION('',(1.,0.,0.));
#15738 = DIRECTION('',(0.,0.,1.));
#15739 = ( GEOMETRIC_REPRESENTATION_CONTEXT(3) 
GLOBAL_UNCERTAINTY_ASSIGNED_CONTEXT((#15743)) 
GLOBAL_UNIT_ASSIGNED_CONTEXT((#15740,#15741,#15742)) 
REPRESENTATION_CONTEXT('Context #1',
  '3D Context with UNIT and UNCERTAINTY') );
#15740 = ( LENGTH_UNIT() NAMED_UNIT(*) SI_UNIT(.MILLI.,.METRE.) );
#15741 = ( NAMED_UNIT(*) PLANE_ANGLE_UNIT() SI_UNIT($,.RADIAN.) );
#15742 = ( NAMED_UNIT(*) SI_UNIT($,.STERADIAN.) SOLID_ANGLE_UNIT() );
#15743 = UNCERTAINTY_MEASURE_WITH_UNIT(LENGTH_MEASURE(1.E-07),#15740,
  'distance_accuracy_value','confusion accuracy');
#15744 = CONTEXT_DEPENDENT_SHAPE_REPRESENTATION(#15745,#15747);
#15745 = ( REPRESENTATION_RELATIONSHIP('','',#15074,#10) 
REPRESENTATION_RELATIONSHIP_WITH_TRANSFORMATION(#15746) 
SHAPE_REPRESENTATION_RELATIONSHIP() );
#15746 = ITEM_DEFINED_TRANSFORMATION('','',#11,#59);
#15747 = PRODUCT_DEFINITION_SHAPE('Placement','Placement of an item',
  #15748);
#15748 = NEXT_ASSEMBLY_USAGE_OCCURRENCE('12','RV1','',#5,#15069,$);
#15749 = PRODUCT_RELATED_PRODUCT_CATEGORY('part',$,(#15071));
#15750 = CONTEXT_DEPENDENT_SHAPE_REPRESENTATION(#15751,#15753);
#15751 = ( REPRESENTATION_RELATIONSHIP('','',#96,#10) 
REPRESENTATION_RELATIONSHIP_WITH_TRANSFORMATION(#15752) 
SHAPE_REPRESENTATION_RELATIONSHIP() );
#15752 = ITEM_DEFINED_TRANSFORMATION('','',#11,#63);
#15753 = PRODUCT_DEFINITION_SHAPE('Placement','Placement of an item',
  #15754);
#15754 = NEXT_ASSEMBLY_USAGE_OCCURRENCE('13','C4','',#5,#91,$);
#15755 = CONTEXT_DEPENDENT_SHAPE_REPRESENTATION(#15756,#15758);
#15756 = ( REPRESENTATION_RELATIONSHIP('','',#1783,#10) 
REPRESENTATION_RELATIONSHIP_WITH_TRANSFORMATION(#15757) 
SHAPE_REPRESENTATION_RELATIONSHIP() );
#15757 = ITEM_DEFINED_TRANSFORMATION('','',#11,#67);
#15758 = PRODUCT_DEFINITION_SHAPE('Placement','Placement of an item',
  #15759);
#15759 = NEXT_ASSEMBLY_USAGE_OCCURRENCE('14','TP2','',#5,#1778,$);
#15760 = CONTEXT_DEPENDENT_SHAPE_REPRESENTATION(#15761,#15763);
#15761 = ( REPRESENTATION_RELATIONSHIP('','',#96,#10) 
REPRESENTATION_RELATIONSHIP_WITH_TRANSFORMATION(#15762) 
SHAPE_REPRESENTATION_RELATIONSHIP() );
#15762 = ITEM_DEFINED_TRANSFORMATION('','',#11,#71);
#15763 = PRODUCT_DEFINITION_SHAPE('Placement','Placement of an item',
  #15764);
#15764 = NEXT_ASSEMBLY_USAGE_OCCURRENCE('15','C2','',#5,#91,$);
#15765 = CONTEXT_DEPENDENT_SHAPE_REPRESENTATION(#15766,#15768);
#15766 = ( REPRESENTATION_RELATIONSHIP('','',#969,#10) 
REPRESENTATION_RELATIONSHIP_WITH_TRANSFORMATION(#15767) 
SHAPE_REPRESENTATION_RELATIONSHIP() );
#15767 = ITEM_DEFINED_TRANSFORMATION('','',#11,#75);
#15768 = PRODUCT_DEFINITION_SHAPE('Placement','Placement of an item',
  #15769);
#15769 = NEXT_ASSEMBLY_USAGE_OCCURRENCE('16','R4','',#5,#964,$);
#15770 = SHAPE_DEFINITION_REPRESENTATION(#15771,#15777);
#15771 = PRODUCT_DEFINITION_SHAPE('','',#15772);
#15772 = PRODUCT_DEFINITION('design','',#15773,#15776);
#15773 = PRODUCT_DEFINITION_FORMATION('','',#15774);
#15774 = PRODUCT('Barometer_Module_PCB','Barometer_Module_PCB','',(
    #15775));
#15775 = PRODUCT_CONTEXT('',#2,'mechanical');
#15776 = PRODUCT_DEFINITION_CONTEXT('part definition',#2,'design');
#15777 = ADVANCED_BREP_SHAPE_REPRESENTATION('',(#11,#15778),#16591);
#15778 = MANIFOLD_SOLID_BREP('',#15779);
#15779 = CLOSED_SHELL('',(#15780,#15820,#15851,#15882,#16086,#16290,
    #16302,#16319,#16336,#16353,#16370,#16387,#16404,#16421,#16438,
    #16455,#16472,#16489,#16506,#16523,#16540,#16557,#16574));
#15780 = ADVANCED_FACE('',(#15781),#15815,.T.);
#15781 = FACE_BOUND('',#15782,.T.);
#15782 = EDGE_LOOP('',(#15783,#15793,#15801,#15809));
#15783 = ORIENTED_EDGE('',*,*,#15784,.T.);
#15784 = EDGE_CURVE('',#15785,#15787,#15789,.T.);
#15785 = VERTEX_POINT('',#15786);
#15786 = CARTESIAN_POINT('',(252.9,-154.3,0.));
#15787 = VERTEX_POINT('',#15788);
#15788 = CARTESIAN_POINT('',(252.9,-154.3,1.51));
#15789 = LINE('',#15790,#15791);
#15790 = CARTESIAN_POINT('',(252.9,-154.3,0.));
#15791 = VECTOR('',#15792,1.);
#15792 = DIRECTION('',(0.,0.,1.));
#15793 = ORIENTED_EDGE('',*,*,#15794,.T.);
#15794 = EDGE_CURVE('',#15787,#15795,#15797,.T.);
#15795 = VERTEX_POINT('',#15796);
#15796 = CARTESIAN_POINT('',(190.7,-154.3,1.51));
#15797 = LINE('',#15798,#15799);
#15798 = CARTESIAN_POINT('',(252.9,-154.3,1.51));
#15799 = VECTOR('',#15800,1.);
#15800 = DIRECTION('',(-1.,0.,0.));
#15801 = ORIENTED_EDGE('',*,*,#15802,.F.);
#15802 = EDGE_CURVE('',#15803,#15795,#15805,.T.);
#15803 = VERTEX_POINT('',#15804);
#15804 = CARTESIAN_POINT('',(190.7,-154.3,0.));
#15805 = LINE('',#15806,#15807);
#15806 = CARTESIAN_POINT('',(190.7,-154.3,0.));
#15807 = VECTOR('',#15808,1.);
#15808 = DIRECTION('',(0.,0.,1.));
#15809 = ORIENTED_EDGE('',*,*,#15810,.F.);
#15810 = EDGE_CURVE('',#15785,#15803,#15811,.T.);
#15811 = LINE('',#15812,#15813);
#15812 = CARTESIAN_POINT('',(252.9,-154.3,0.));
#15813 = VECTOR('',#15814,1.);
#15814 = DIRECTION('',(-1.,0.,0.));
#15815 = PLANE('',#15816);
#15816 = AXIS2_PLACEMENT_3D('',#15817,#15818,#15819);
#15817 = CARTESIAN_POINT('',(252.9,-154.3,0.));
#15818 = DIRECTION('',(0.,-1.,0.));
#15819 = DIRECTION('',(-1.,0.,0.));
#15820 = ADVANCED_FACE('',(#15821),#15846,.T.);
#15821 = FACE_BOUND('',#15822,.T.);
#15822 = EDGE_LOOP('',(#15823,#15833,#15839,#15840));
#15823 = ORIENTED_EDGE('',*,*,#15824,.T.);
#15824 = EDGE_CURVE('',#15825,#15827,#15829,.T.);
#15825 = VERTEX_POINT('',#15826);
#15826 = CARTESIAN_POINT('',(252.9,-118.4,0.));
#15827 = VERTEX_POINT('',#15828);
#15828 = CARTESIAN_POINT('',(252.9,-118.4,1.51));
#15829 = LINE('',#15830,#15831);
#15830 = CARTESIAN_POINT('',(252.9,-118.4,0.));
#15831 = VECTOR('',#15832,1.);
#15832 = DIRECTION('',(0.,0.,1.));
#15833 = ORIENTED_EDGE('',*,*,#15834,.T.);
#15834 = EDGE_CURVE('',#15827,#15787,#15835,.T.);
#15835 = LINE('',#15836,#15837);
#15836 = CARTESIAN_POINT('',(252.9,-118.4,1.51));
#15837 = VECTOR('',#15838,1.);
#15838 = DIRECTION('',(0.,-1.,0.));
#15839 = ORIENTED_EDGE('',*,*,#15784,.F.);
#15840 = ORIENTED_EDGE('',*,*,#15841,.F.);
#15841 = EDGE_CURVE('',#15825,#15785,#15842,.T.);
#15842 = LINE('',#15843,#15844);
#15843 = CARTESIAN_POINT('',(252.9,-118.4,0.));
#15844 = VECTOR('',#15845,1.);
#15845 = DIRECTION('',(0.,-1.,0.));
#15846 = PLANE('',#15847);
#15847 = AXIS2_PLACEMENT_3D('',#15848,#15849,#15850);
#15848 = CARTESIAN_POINT('',(252.9,-118.4,0.));
#15849 = DIRECTION('',(1.,0.,-0.));
#15850 = DIRECTION('',(0.,-1.,0.));
#15851 = ADVANCED_FACE('',(#15852),#15877,.T.);
#15852 = FACE_BOUND('',#15853,.T.);
#15853 = EDGE_LOOP('',(#15854,#15855,#15863,#15871));
#15854 = ORIENTED_EDGE('',*,*,#15802,.T.);
#15855 = ORIENTED_EDGE('',*,*,#15856,.T.);
#15856 = EDGE_CURVE('',#15795,#15857,#15859,.T.);
#15857 = VERTEX_POINT('',#15858);
#15858 = CARTESIAN_POINT('',(190.7,-118.4,1.51));
#15859 = LINE('',#15860,#15861);
#15860 = CARTESIAN_POINT('',(190.7,-154.3,1.51));
#15861 = VECTOR('',#15862,1.);
#15862 = DIRECTION('',(0.,1.,0.));
#15863 = ORIENTED_EDGE('',*,*,#15864,.F.);
#15864 = EDGE_CURVE('',#15865,#15857,#15867,.T.);
#15865 = VERTEX_POINT('',#15866);
#15866 = CARTESIAN_POINT('',(190.7,-118.4,0.));
#15867 = LINE('',#15868,#15869);
#15868 = CARTESIAN_POINT('',(190.7,-118.4,0.));
#15869 = VECTOR('',#15870,1.);
#15870 = DIRECTION('',(0.,0.,1.));
#15871 = ORIENTED_EDGE('',*,*,#15872,.F.);
#15872 = EDGE_CURVE('',#15803,#15865,#15873,.T.);
#15873 = LINE('',#15874,#15875);
#15874 = CARTESIAN_POINT('',(190.7,-154.3,0.));
#15875 = VECTOR('',#15876,1.);
#15876 = DIRECTION('',(0.,1.,0.));
#15877 = PLANE('',#15878);
#15878 = AXIS2_PLACEMENT_3D('',#15879,#15880,#15881);
#15879 = CARTESIAN_POINT('',(190.7,-154.3,0.));
#15880 = DIRECTION('',(-1.,0.,0.));
#15881 = DIRECTION('',(0.,1.,0.));
#15882 = ADVANCED_FACE('',(#15883,#15894,#15905,#15916,#15927,#15938,
    #15949,#15960,#15971,#15982,#15993,#16004,#16015,#16026,#16037,
    #16048,#16059,#16070),#16081,.F.);
#15883 = FACE_BOUND('',#15884,.F.);
#15884 = EDGE_LOOP('',(#15885,#15886,#15887,#15893));
#15885 = ORIENTED_EDGE('',*,*,#15810,.F.);
#15886 = ORIENTED_EDGE('',*,*,#15841,.F.);
#15887 = ORIENTED_EDGE('',*,*,#15888,.F.);
#15888 = EDGE_CURVE('',#15865,#15825,#15889,.T.);
#15889 = LINE('',#15890,#15891);
#15890 = CARTESIAN_POINT('',(190.7,-118.4,0.));
#15891 = VECTOR('',#15892,1.);
#15892 = DIRECTION('',(1.,0.,0.));
#15893 = ORIENTED_EDGE('',*,*,#15872,.F.);
#15894 = FACE_BOUND('',#15895,.F.);
#15895 = EDGE_LOOP('',(#15896));
#15896 = ORIENTED_EDGE('',*,*,#15897,.T.);
#15897 = EDGE_CURVE('',#15898,#15898,#15900,.T.);
#15898 = VERTEX_POINT('',#15899);
#15899 = CARTESIAN_POINT('',(194.9,-151.6,0.));
#15900 = CIRCLE('',#15901,1.6);
#15901 = AXIS2_PLACEMENT_3D('',#15902,#15903,#15904);
#15902 = CARTESIAN_POINT('',(194.9,-150.,0.));
#15903 = DIRECTION('',(-0.,0.,-1.));
#15904 = DIRECTION('',(-0.,-1.,0.));
#15905 = FACE_BOUND('',#15906,.F.);
#15906 = EDGE_LOOP('',(#15907));
#15907 = ORIENTED_EDGE('',*,*,#15908,.T.);
#15908 = EDGE_CURVE('',#15909,#15909,#15911,.T.);
#15909 = VERTEX_POINT('',#15910);
#15910 = CARTESIAN_POINT('',(212.311,-144.4245,0.));
#15911 = CIRCLE('',#15912,0.4445);
#15912 = AXIS2_PLACEMENT_3D('',#15913,#15914,#15915);
#15913 = CARTESIAN_POINT('',(212.311,-143.98,0.));
#15914 = DIRECTION('',(-0.,0.,-1.));
#15915 = DIRECTION('',(-0.,-1.,0.));
#15916 = FACE_BOUND('',#15917,.F.);
#15917 = EDGE_LOOP('',(#15918));
#15918 = ORIENTED_EDGE('',*,*,#15919,.T.);
#15919 = EDGE_CURVE('',#15920,#15920,#15922,.T.);
#15920 = VERTEX_POINT('',#15921);
#15921 = CARTESIAN_POINT('',(247.5,-151.6,0.));
#15922 = CIRCLE('',#15923,1.6);
#15923 = AXIS2_PLACEMENT_3D('',#15924,#15925,#15926);
#15924 = CARTESIAN_POINT('',(247.5,-150.,0.));
#15925 = DIRECTION('',(-0.,0.,-1.));
#15926 = DIRECTION('',(-0.,-1.,0.));
#15927 = FACE_BOUND('',#15928,.F.);
#15928 = EDGE_LOOP('',(#15929));
#15929 = ORIENTED_EDGE('',*,*,#15930,.T.);
#15930 = EDGE_CURVE('',#15931,#15931,#15933,.T.);
#15931 = VERTEX_POINT('',#15932);
#15932 = CARTESIAN_POINT('',(229.375,-145.63,0.));
#15933 = CIRCLE('',#15934,2.);
#15934 = AXIS2_PLACEMENT_3D('',#15935,#15936,#15937);
#15935 = CARTESIAN_POINT('',(229.375,-143.63,0.));
#15936 = DIRECTION('',(-0.,0.,-1.));
#15937 = DIRECTION('',(-0.,-1.,0.));
#15938 = FACE_BOUND('',#15939,.F.);
#15939 = EDGE_LOOP('',(#15940));
#15940 = ORIENTED_EDGE('',*,*,#15941,.T.);
#15941 = EDGE_CURVE('',#15942,#15942,#15944,.T.);
#15942 = VERTEX_POINT('',#15943);
#15943 = CARTESIAN_POINT('',(221.9,-137.88,0.));
#15944 = CIRCLE('',#15945,0.4);
#15945 = AXIS2_PLACEMENT_3D('',#15946,#15947,#15948);
#15946 = CARTESIAN_POINT('',(221.9,-137.48,0.));
#15947 = DIRECTION('',(-0.,0.,-1.));
#15948 = DIRECTION('',(-0.,-1.,0.));
#15949 = FACE_BOUND('',#15950,.F.);
#15950 = EDGE_LOOP('',(#15951));
#15951 = ORIENTED_EDGE('',*,*,#15952,.T.);
#15952 = EDGE_CURVE('',#15953,#15953,#15955,.T.);
#15953 = VERTEX_POINT('',#15954);
#15954 = CARTESIAN_POINT('',(247.2,-139.09,0.));
#15955 = CIRCLE('',#15956,0.51);
#15956 = AXIS2_PLACEMENT_3D('',#15957,#15958,#15959);
#15957 = CARTESIAN_POINT('',(247.2,-138.58,0.));
#15958 = DIRECTION('',(-0.,0.,-1.));
#15959 = DIRECTION('',(-0.,-1.,0.));
#15960 = FACE_BOUND('',#15961,.F.);
#15961 = EDGE_LOOP('',(#15962));
#15962 = ORIENTED_EDGE('',*,*,#15963,.T.);
#15963 = EDGE_CURVE('',#15964,#15964,#15966,.T.);
#15964 = VERTEX_POINT('',#15965);
#15965 = CARTESIAN_POINT('',(212.311,-134.2645,0.));
#15966 = CIRCLE('',#15967,0.4445);
#15967 = AXIS2_PLACEMENT_3D('',#15968,#15969,#15970);
#15968 = CARTESIAN_POINT('',(212.311,-133.82,0.));
#15969 = DIRECTION('',(-0.,0.,-1.));
#15970 = DIRECTION('',(-0.,-1.,0.));
#15971 = FACE_BOUND('',#15972,.F.);
#15972 = EDGE_LOOP('',(#15973));
#15973 = ORIENTED_EDGE('',*,*,#15974,.T.);
#15974 = EDGE_CURVE('',#15975,#15975,#15977,.T.);
#15975 = VERTEX_POINT('',#15976);
#15976 = CARTESIAN_POINT('',(194.9,-125.2,0.));
#15977 = CIRCLE('',#15978,1.6);
#15978 = AXIS2_PLACEMENT_3D('',#15979,#15980,#15981);
#15979 = CARTESIAN_POINT('',(194.9,-123.6,0.));
#15980 = DIRECTION('',(-0.,0.,-1.));
#15981 = DIRECTION('',(-0.,-1.,0.));
#15982 = FACE_BOUND('',#15983,.F.);
#15983 = EDGE_LOOP('',(#15984));
#15984 = ORIENTED_EDGE('',*,*,#15985,.T.);
#15985 = EDGE_CURVE('',#15986,#15986,#15988,.T.);
#15986 = VERTEX_POINT('',#15987);
#15987 = CARTESIAN_POINT('',(212.7,-128.5,0.));
#15988 = CIRCLE('',#15989,0.5);
#15989 = AXIS2_PLACEMENT_3D('',#15990,#15991,#15992);
#15990 = CARTESIAN_POINT('',(212.7,-128.,0.));
#15991 = DIRECTION('',(-0.,0.,-1.));
#15992 = DIRECTION('',(-0.,-1.,0.));
#15993 = FACE_BOUND('',#15994,.F.);
#15994 = EDGE_LOOP('',(#15995));
#15995 = ORIENTED_EDGE('',*,*,#15996,.T.);
#15996 = EDGE_CURVE('',#15997,#15997,#15999,.T.);
#15997 = VERTEX_POINT('',#15998);
#15998 = CARTESIAN_POINT('',(219.2,-128.6,0.));
#15999 = CIRCLE('',#16000,0.5);
#16000 = AXIS2_PLACEMENT_3D('',#16001,#16002,#16003);
#16001 = CARTESIAN_POINT('',(219.2,-128.1,0.));
#16002 = DIRECTION('',(-0.,0.,-1.));
#16003 = DIRECTION('',(-0.,-1.,0.));
#16004 = FACE_BOUND('',#16005,.F.);
#16005 = EDGE_LOOP('',(#16006));
#16006 = ORIENTED_EDGE('',*,*,#16007,.T.);
#16007 = EDGE_CURVE('',#16008,#16008,#16010,.T.);
#16008 = VERTEX_POINT('',#16009);
#16009 = CARTESIAN_POINT('',(221.9,-135.34,0.));
#16010 = CIRCLE('',#16011,0.4);
#16011 = AXIS2_PLACEMENT_3D('',#16012,#16013,#16014);
#16012 = CARTESIAN_POINT('',(221.9,-134.94,0.));
#16013 = DIRECTION('',(-0.,0.,-1.));
#16014 = DIRECTION('',(-0.,-1.,0.));
#16015 = FACE_BOUND('',#16016,.F.);
#16016 = EDGE_LOOP('',(#16017));
#16017 = ORIENTED_EDGE('',*,*,#16018,.T.);
#16018 = EDGE_CURVE('',#16019,#16019,#16021,.T.);
#16019 = VERTEX_POINT('',#16020);
#16020 = CARTESIAN_POINT('',(221.9,-132.8,0.));
#16021 = CIRCLE('',#16022,0.4);
#16022 = AXIS2_PLACEMENT_3D('',#16023,#16024,#16025);
#16023 = CARTESIAN_POINT('',(221.9,-132.4,0.));
#16024 = DIRECTION('',(-0.,0.,-1.));
#16025 = DIRECTION('',(-0.,-1.,0.));
#16026 = FACE_BOUND('',#16027,.F.);
#16027 = EDGE_LOOP('',(#16028));
#16028 = ORIENTED_EDGE('',*,*,#16029,.T.);
#16029 = EDGE_CURVE('',#16030,#16030,#16032,.T.);
#16030 = VERTEX_POINT('',#16031);
#16031 = CARTESIAN_POINT('',(247.2,-136.55,0.));
#16032 = CIRCLE('',#16033,0.51);
#16033 = AXIS2_PLACEMENT_3D('',#16034,#16035,#16036);
#16034 = CARTESIAN_POINT('',(247.2,-136.04,0.));
#16035 = DIRECTION('',(-0.,0.,-1.));
#16036 = DIRECTION('',(-0.,-1.,0.));
#16037 = FACE_BOUND('',#16038,.F.);
#16038 = EDGE_LOOP('',(#16039));
#16039 = ORIENTED_EDGE('',*,*,#16040,.T.);
#16040 = EDGE_CURVE('',#16041,#16041,#16043,.T.);
#16041 = VERTEX_POINT('',#16042);
#16042 = CARTESIAN_POINT('',(247.2,-134.01,0.));
#16043 = CIRCLE('',#16044,0.51);
#16044 = AXIS2_PLACEMENT_3D('',#16045,#16046,#16047);
#16045 = CARTESIAN_POINT('',(247.2,-133.5,0.));
#16046 = DIRECTION('',(-0.,0.,-1.));
#16047 = DIRECTION('',(-0.,-1.,0.));
#16048 = FACE_BOUND('',#16049,.F.);
#16049 = EDGE_LOOP('',(#16050));
#16050 = ORIENTED_EDGE('',*,*,#16051,.T.);
#16051 = EDGE_CURVE('',#16052,#16052,#16054,.T.);
#16052 = VERTEX_POINT('',#16053);
#16053 = CARTESIAN_POINT('',(225.5,-128.6,0.));
#16054 = CIRCLE('',#16055,0.5);
#16055 = AXIS2_PLACEMENT_3D('',#16056,#16057,#16058);
#16056 = CARTESIAN_POINT('',(225.5,-128.1,0.));
#16057 = DIRECTION('',(-0.,0.,-1.));
#16058 = DIRECTION('',(-0.,-1.,0.));
#16059 = FACE_BOUND('',#16060,.F.);
#16060 = EDGE_LOOP('',(#16061));
#16061 = ORIENTED_EDGE('',*,*,#16062,.T.);
#16062 = EDGE_CURVE('',#16063,#16063,#16065,.T.);
#16063 = VERTEX_POINT('',#16064);
#16064 = CARTESIAN_POINT('',(232.3,-128.6,0.));
#16065 = CIRCLE('',#16066,0.5);
#16066 = AXIS2_PLACEMENT_3D('',#16067,#16068,#16069);
#16067 = CARTESIAN_POINT('',(232.3,-128.1,0.));
#16068 = DIRECTION('',(-0.,0.,-1.));
#16069 = DIRECTION('',(-0.,-1.,0.));
#16070 = FACE_BOUND('',#16071,.F.);
#16071 = EDGE_LOOP('',(#16072));
#16072 = ORIENTED_EDGE('',*,*,#16073,.T.);
#16073 = EDGE_CURVE('',#16074,#16074,#16076,.T.);
#16074 = VERTEX_POINT('',#16075);
#16075 = CARTESIAN_POINT('',(247.5,-125.2,0.));
#16076 = CIRCLE('',#16077,1.6);
#16077 = AXIS2_PLACEMENT_3D('',#16078,#16079,#16080);
#16078 = CARTESIAN_POINT('',(247.5,-123.6,0.));
#16079 = DIRECTION('',(-0.,0.,-1.));
#16080 = DIRECTION('',(-0.,-1.,0.));
#16081 = PLANE('',#16082);
#16082 = AXIS2_PLACEMENT_3D('',#16083,#16084,#16085);
#16083 = CARTESIAN_POINT('',(0.,0.,0.));
#16084 = DIRECTION('',(0.,0.,1.));
#16085 = DIRECTION('',(1.,0.,-0.));
#16086 = ADVANCED_FACE('',(#16087,#16098,#16109,#16120,#16131,#16142,
    #16153,#16164,#16175,#16186,#16197,#16208,#16219,#16230,#16241,
    #16252,#16263,#16274),#16285,.T.);
#16087 = FACE_BOUND('',#16088,.T.);
#16088 = EDGE_LOOP('',(#16089,#16090,#16091,#16097));
#16089 = ORIENTED_EDGE('',*,*,#15794,.F.);
#16090 = ORIENTED_EDGE('',*,*,#15834,.F.);
#16091 = ORIENTED_EDGE('',*,*,#16092,.F.);
#16092 = EDGE_CURVE('',#15857,#15827,#16093,.T.);
#16093 = LINE('',#16094,#16095);
#16094 = CARTESIAN_POINT('',(190.7,-118.4,1.51));
#16095 = VECTOR('',#16096,1.);
#16096 = DIRECTION('',(1.,0.,0.));
#16097 = ORIENTED_EDGE('',*,*,#15856,.F.);
#16098 = FACE_BOUND('',#16099,.T.);
#16099 = EDGE_LOOP('',(#16100));
#16100 = ORIENTED_EDGE('',*,*,#16101,.T.);
#16101 = EDGE_CURVE('',#16102,#16102,#16104,.T.);
#16102 = VERTEX_POINT('',#16103);
#16103 = CARTESIAN_POINT('',(194.9,-151.6,1.51));
#16104 = CIRCLE('',#16105,1.6);
#16105 = AXIS2_PLACEMENT_3D('',#16106,#16107,#16108);
#16106 = CARTESIAN_POINT('',(194.9,-150.,1.51));
#16107 = DIRECTION('',(-0.,0.,-1.));
#16108 = DIRECTION('',(-0.,-1.,0.));
#16109 = FACE_BOUND('',#16110,.T.);
#16110 = EDGE_LOOP('',(#16111));
#16111 = ORIENTED_EDGE('',*,*,#16112,.T.);
#16112 = EDGE_CURVE('',#16113,#16113,#16115,.T.);
#16113 = VERTEX_POINT('',#16114);
#16114 = CARTESIAN_POINT('',(212.311,-144.4245,1.51));
#16115 = CIRCLE('',#16116,0.4445);
#16116 = AXIS2_PLACEMENT_3D('',#16117,#16118,#16119);
#16117 = CARTESIAN_POINT('',(212.311,-143.98,1.51));
#16118 = DIRECTION('',(-0.,0.,-1.));
#16119 = DIRECTION('',(-0.,-1.,0.));
#16120 = FACE_BOUND('',#16121,.T.);
#16121 = EDGE_LOOP('',(#16122));
#16122 = ORIENTED_EDGE('',*,*,#16123,.T.);
#16123 = EDGE_CURVE('',#16124,#16124,#16126,.T.);
#16124 = VERTEX_POINT('',#16125);
#16125 = CARTESIAN_POINT('',(247.5,-151.6,1.51));
#16126 = CIRCLE('',#16127,1.6);
#16127 = AXIS2_PLACEMENT_3D('',#16128,#16129,#16130);
#16128 = CARTESIAN_POINT('',(247.5,-150.,1.51));
#16129 = DIRECTION('',(-0.,0.,-1.));
#16130 = DIRECTION('',(-0.,-1.,0.));
#16131 = FACE_BOUND('',#16132,.T.);
#16132 = EDGE_LOOP('',(#16133));
#16133 = ORIENTED_EDGE('',*,*,#16134,.T.);
#16134 = EDGE_CURVE('',#16135,#16135,#16137,.T.);
#16135 = VERTEX_POINT('',#16136);
#16136 = CARTESIAN_POINT('',(229.375,-145.63,1.51));
#16137 = CIRCLE('',#16138,2.);
#16138 = AXIS2_PLACEMENT_3D('',#16139,#16140,#16141);
#16139 = CARTESIAN_POINT('',(229.375,-143.63,1.51));
#16140 = DIRECTION('',(-0.,0.,-1.));
#16141 = DIRECTION('',(-0.,-1.,0.));
#16142 = FACE_BOUND('',#16143,.T.);
#16143 = EDGE_LOOP('',(#16144));
#16144 = ORIENTED_EDGE('',*,*,#16145,.T.);
#16145 = EDGE_CURVE('',#16146,#16146,#16148,.T.);
#16146 = VERTEX_POINT('',#16147);
#16147 = CARTESIAN_POINT('',(221.9,-137.88,1.51));
#16148 = CIRCLE('',#16149,0.4);
#16149 = AXIS2_PLACEMENT_3D('',#16150,#16151,#16152);
#16150 = CARTESIAN_POINT('',(221.9,-137.48,1.51));
#16151 = DIRECTION('',(-0.,0.,-1.));
#16152 = DIRECTION('',(-0.,-1.,0.));
#16153 = FACE_BOUND('',#16154,.T.);
#16154 = EDGE_LOOP('',(#16155));
#16155 = ORIENTED_EDGE('',*,*,#16156,.T.);
#16156 = EDGE_CURVE('',#16157,#16157,#16159,.T.);
#16157 = VERTEX_POINT('',#16158);
#16158 = CARTESIAN_POINT('',(247.2,-139.09,1.51));
#16159 = CIRCLE('',#16160,0.51);
#16160 = AXIS2_PLACEMENT_3D('',#16161,#16162,#16163);
#16161 = CARTESIAN_POINT('',(247.2,-138.58,1.51));
#16162 = DIRECTION('',(-0.,0.,-1.));
#16163 = DIRECTION('',(-0.,-1.,0.));
#16164 = FACE_BOUND('',#16165,.T.);
#16165 = EDGE_LOOP('',(#16166));
#16166 = ORIENTED_EDGE('',*,*,#16167,.T.);
#16167 = EDGE_CURVE('',#16168,#16168,#16170,.T.);
#16168 = VERTEX_POINT('',#16169);
#16169 = CARTESIAN_POINT('',(212.311,-134.2645,1.51));
#16170 = CIRCLE('',#16171,0.4445);
#16171 = AXIS2_PLACEMENT_3D('',#16172,#16173,#16174);
#16172 = CARTESIAN_POINT('',(212.311,-133.82,1.51));
#16173 = DIRECTION('',(-0.,0.,-1.));
#16174 = DIRECTION('',(-0.,-1.,0.));
#16175 = FACE_BOUND('',#16176,.T.);
#16176 = EDGE_LOOP('',(#16177));
#16177 = ORIENTED_EDGE('',*,*,#16178,.T.);
#16178 = EDGE_CURVE('',#16179,#16179,#16181,.T.);
#16179 = VERTEX_POINT('',#16180);
#16180 = CARTESIAN_POINT('',(194.9,-125.2,1.51));
#16181 = CIRCLE('',#16182,1.6);
#16182 = AXIS2_PLACEMENT_3D('',#16183,#16184,#16185);
#16183 = CARTESIAN_POINT('',(194.9,-123.6,1.51));
#16184 = DIRECTION('',(-0.,0.,-1.));
#16185 = DIRECTION('',(-0.,-1.,0.));
#16186 = FACE_BOUND('',#16187,.T.);
#16187 = EDGE_LOOP('',(#16188));
#16188 = ORIENTED_EDGE('',*,*,#16189,.T.);
#16189 = EDGE_CURVE('',#16190,#16190,#16192,.T.);
#16190 = VERTEX_POINT('',#16191);
#16191 = CARTESIAN_POINT('',(212.7,-128.5,1.51));
#16192 = CIRCLE('',#16193,0.5);
#16193 = AXIS2_PLACEMENT_3D('',#16194,#16195,#16196);
#16194 = CARTESIAN_POINT('',(212.7,-128.,1.51));
#16195 = DIRECTION('',(-0.,0.,-1.));
#16196 = DIRECTION('',(-0.,-1.,0.));
#16197 = FACE_BOUND('',#16198,.T.);
#16198 = EDGE_LOOP('',(#16199));
#16199 = ORIENTED_EDGE('',*,*,#16200,.T.);
#16200 = EDGE_CURVE('',#16201,#16201,#16203,.T.);
#16201 = VERTEX_POINT('',#16202);
#16202 = CARTESIAN_POINT('',(219.2,-128.6,1.51));
#16203 = CIRCLE('',#16204,0.5);
#16204 = AXIS2_PLACEMENT_3D('',#16205,#16206,#16207);
#16205 = CARTESIAN_POINT('',(219.2,-128.1,1.51));
#16206 = DIRECTION('',(-0.,0.,-1.));
#16207 = DIRECTION('',(-0.,-1.,0.));
#16208 = FACE_BOUND('',#16209,.T.);
#16209 = EDGE_LOOP('',(#16210));
#16210 = ORIENTED_EDGE('',*,*,#16211,.T.);
#16211 = EDGE_CURVE('',#16212,#16212,#16214,.T.);
#16212 = VERTEX_POINT('',#16213);
#16213 = CARTESIAN_POINT('',(221.9,-135.34,1.51));
#16214 = CIRCLE('',#16215,0.4);
#16215 = AXIS2_PLACEMENT_3D('',#16216,#16217,#16218);
#16216 = CARTESIAN_POINT('',(221.9,-134.94,1.51));
#16217 = DIRECTION('',(-0.,0.,-1.));
#16218 = DIRECTION('',(-0.,-1.,0.));
#16219 = FACE_BOUND('',#16220,.T.);
#16220 = EDGE_LOOP('',(#16221));
#16221 = ORIENTED_EDGE('',*,*,#16222,.T.);
#16222 = EDGE_CURVE('',#16223,#16223,#16225,.T.);
#16223 = VERTEX_POINT('',#16224);
#16224 = CARTESIAN_POINT('',(221.9,-132.8,1.51));
#16225 = CIRCLE('',#16226,0.4);
#16226 = AXIS2_PLACEMENT_3D('',#16227,#16228,#16229);
#16227 = CARTESIAN_POINT('',(221.9,-132.4,1.51));
#16228 = DIRECTION('',(-0.,0.,-1.));
#16229 = DIRECTION('',(-0.,-1.,0.));
#16230 = FACE_BOUND('',#16231,.T.);
#16231 = EDGE_LOOP('',(#16232));
#16232 = ORIENTED_EDGE('',*,*,#16233,.T.);
#16233 = EDGE_CURVE('',#16234,#16234,#16236,.T.);
#16234 = VERTEX_POINT('',#16235);
#16235 = CARTESIAN_POINT('',(247.2,-136.55,1.51));
#16236 = CIRCLE('',#16237,0.51);
#16237 = AXIS2_PLACEMENT_3D('',#16238,#16239,#16240);
#16238 = CARTESIAN_POINT('',(247.2,-136.04,1.51));
#16239 = DIRECTION('',(-0.,0.,-1.));
#16240 = DIRECTION('',(-0.,-1.,0.));
#16241 = FACE_BOUND('',#16242,.T.);
#16242 = EDGE_LOOP('',(#16243));
#16243 = ORIENTED_EDGE('',*,*,#16244,.T.);
#16244 = EDGE_CURVE('',#16245,#16245,#16247,.T.);
#16245 = VERTEX_POINT('',#16246);
#16246 = CARTESIAN_POINT('',(247.2,-134.01,1.51));
#16247 = CIRCLE('',#16248,0.51);
#16248 = AXIS2_PLACEMENT_3D('',#16249,#16250,#16251);
#16249 = CARTESIAN_POINT('',(247.2,-133.5,1.51));
#16250 = DIRECTION('',(-0.,0.,-1.));
#16251 = DIRECTION('',(-0.,-1.,0.));
#16252 = FACE_BOUND('',#16253,.T.);
#16253 = EDGE_LOOP('',(#16254));
#16254 = ORIENTED_EDGE('',*,*,#16255,.T.);
#16255 = EDGE_CURVE('',#16256,#16256,#16258,.T.);
#16256 = VERTEX_POINT('',#16257);
#16257 = CARTESIAN_POINT('',(225.5,-128.6,1.51));
#16258 = CIRCLE('',#16259,0.5);
#16259 = AXIS2_PLACEMENT_3D('',#16260,#16261,#16262);
#16260 = CARTESIAN_POINT('',(225.5,-128.1,1.51));
#16261 = DIRECTION('',(-0.,0.,-1.));
#16262 = DIRECTION('',(-0.,-1.,0.));
#16263 = FACE_BOUND('',#16264,.T.);
#16264 = EDGE_LOOP('',(#16265));
#16265 = ORIENTED_EDGE('',*,*,#16266,.T.);
#16266 = EDGE_CURVE('',#16267,#16267,#16269,.T.);
#16267 = VERTEX_POINT('',#16268);
#16268 = CARTESIAN_POINT('',(232.3,-128.6,1.51));
#16269 = CIRCLE('',#16270,0.5);
#16270 = AXIS2_PLACEMENT_3D('',#16271,#16272,#16273);
#16271 = CARTESIAN_POINT('',(232.3,-128.1,1.51));
#16272 = DIRECTION('',(-0.,0.,-1.));
#16273 = DIRECTION('',(-0.,-1.,0.));
#16274 = FACE_BOUND('',#16275,.T.);
#16275 = EDGE_LOOP('',(#16276));
#16276 = ORIENTED_EDGE('',*,*,#16277,.T.);
#16277 = EDGE_CURVE('',#16278,#16278,#16280,.T.);
#16278 = VERTEX_POINT('',#16279);
#16279 = CARTESIAN_POINT('',(247.5,-125.2,1.51));
#16280 = CIRCLE('',#16281,1.6);
#16281 = AXIS2_PLACEMENT_3D('',#16282,#16283,#16284);
#16282 = CARTESIAN_POINT('',(247.5,-123.6,1.51));
#16283 = DIRECTION('',(-0.,0.,-1.));
#16284 = DIRECTION('',(-0.,-1.,0.));
#16285 = PLANE('',#16286);
#16286 = AXIS2_PLACEMENT_3D('',#16287,#16288,#16289);
#16287 = CARTESIAN_POINT('',(0.,0.,1.51));
#16288 = DIRECTION('',(0.,0.,1.));
#16289 = DIRECTION('',(1.,0.,-0.));
#16290 = ADVANCED_FACE('',(#16291),#16297,.T.);
#16291 = FACE_BOUND('',#16292,.T.);
#16292 = EDGE_LOOP('',(#16293,#16294,#16295,#16296));
#16293 = ORIENTED_EDGE('',*,*,#15864,.T.);
#16294 = ORIENTED_EDGE('',*,*,#16092,.T.);
#16295 = ORIENTED_EDGE('',*,*,#15824,.F.);
#16296 = ORIENTED_EDGE('',*,*,#15888,.F.);
#16297 = PLANE('',#16298);
#16298 = AXIS2_PLACEMENT_3D('',#16299,#16300,#16301);
#16299 = CARTESIAN_POINT('',(190.7,-118.4,0.));
#16300 = DIRECTION('',(0.,1.,0.));
#16301 = DIRECTION('',(1.,0.,0.));
#16302 = ADVANCED_FACE('',(#16303),#16314,.F.);
#16303 = FACE_BOUND('',#16304,.T.);
#16304 = EDGE_LOOP('',(#16305,#16306,#16312,#16313));
#16305 = ORIENTED_EDGE('',*,*,#15897,.T.);
#16306 = ORIENTED_EDGE('',*,*,#16307,.T.);
#16307 = EDGE_CURVE('',#15898,#16102,#16308,.T.);
#16308 = LINE('',#16309,#16310);
#16309 = CARTESIAN_POINT('',(194.9,-151.6,-4.6E-02));
#16310 = VECTOR('',#16311,1.);
#16311 = DIRECTION('',(0.,0.,1.));
#16312 = ORIENTED_EDGE('',*,*,#16101,.F.);
#16313 = ORIENTED_EDGE('',*,*,#16307,.F.);
#16314 = CYLINDRICAL_SURFACE('',#16315,1.6);
#16315 = AXIS2_PLACEMENT_3D('',#16316,#16317,#16318);
#16316 = CARTESIAN_POINT('',(194.9,-150.,-4.6E-02));
#16317 = DIRECTION('',(-0.,-0.,-1.));
#16318 = DIRECTION('',(-0.,-1.,0.));
#16319 = ADVANCED_FACE('',(#16320),#16331,.F.);
#16320 = FACE_BOUND('',#16321,.T.);
#16321 = EDGE_LOOP('',(#16322,#16323,#16329,#16330));
#16322 = ORIENTED_EDGE('',*,*,#15908,.T.);
#16323 = ORIENTED_EDGE('',*,*,#16324,.T.);
#16324 = EDGE_CURVE('',#15909,#16113,#16325,.T.);
#16325 = LINE('',#16326,#16327);
#16326 = CARTESIAN_POINT('',(212.311,-144.4245,-4.6E-02));
#16327 = VECTOR('',#16328,1.);
#16328 = DIRECTION('',(0.,0.,1.));
#16329 = ORIENTED_EDGE('',*,*,#16112,.F.);
#16330 = ORIENTED_EDGE('',*,*,#16324,.F.);
#16331 = CYLINDRICAL_SURFACE('',#16332,0.4445);
#16332 = AXIS2_PLACEMENT_3D('',#16333,#16334,#16335);
#16333 = CARTESIAN_POINT('',(212.311,-143.98,-4.6E-02));
#16334 = DIRECTION('',(-0.,-0.,-1.));
#16335 = DIRECTION('',(-0.,-1.,0.));
#16336 = ADVANCED_FACE('',(#16337),#16348,.F.);
#16337 = FACE_BOUND('',#16338,.T.);
#16338 = EDGE_LOOP('',(#16339,#16340,#16346,#16347));
#16339 = ORIENTED_EDGE('',*,*,#15919,.T.);
#16340 = ORIENTED_EDGE('',*,*,#16341,.T.);
#16341 = EDGE_CURVE('',#15920,#16124,#16342,.T.);
#16342 = LINE('',#16343,#16344);
#16343 = CARTESIAN_POINT('',(247.5,-151.6,-4.6E-02));
#16344 = VECTOR('',#16345,1.);
#16345 = DIRECTION('',(0.,0.,1.));
#16346 = ORIENTED_EDGE('',*,*,#16123,.F.);
#16347 = ORIENTED_EDGE('',*,*,#16341,.F.);
#16348 = CYLINDRICAL_SURFACE('',#16349,1.6);
#16349 = AXIS2_PLACEMENT_3D('',#16350,#16351,#16352);
#16350 = CARTESIAN_POINT('',(247.5,-150.,-4.6E-02));
#16351 = DIRECTION('',(-0.,-0.,-1.));
#16352 = DIRECTION('',(-0.,-1.,0.));
#16353 = ADVANCED_FACE('',(#16354),#16365,.F.);
#16354 = FACE_BOUND('',#16355,.T.);
#16355 = EDGE_LOOP('',(#16356,#16357,#16363,#16364));
#16356 = ORIENTED_EDGE('',*,*,#15930,.T.);
#16357 = ORIENTED_EDGE('',*,*,#16358,.T.);
#16358 = EDGE_CURVE('',#15931,#16135,#16359,.T.);
#16359 = LINE('',#16360,#16361);
#16360 = CARTESIAN_POINT('',(229.375,-145.63,-4.6E-02));
#16361 = VECTOR('',#16362,1.);
#16362 = DIRECTION('',(0.,0.,1.));
#16363 = ORIENTED_EDGE('',*,*,#16134,.F.);
#16364 = ORIENTED_EDGE('',*,*,#16358,.F.);
#16365 = CYLINDRICAL_SURFACE('',#16366,2.);
#16366 = AXIS2_PLACEMENT_3D('',#16367,#16368,#16369);
#16367 = CARTESIAN_POINT('',(229.375,-143.63,-4.6E-02));
#16368 = DIRECTION('',(-0.,-0.,-1.));
#16369 = DIRECTION('',(-0.,-1.,0.));
#16370 = ADVANCED_FACE('',(#16371),#16382,.F.);
#16371 = FACE_BOUND('',#16372,.T.);
#16372 = EDGE_LOOP('',(#16373,#16374,#16380,#16381));
#16373 = ORIENTED_EDGE('',*,*,#15941,.T.);
#16374 = ORIENTED_EDGE('',*,*,#16375,.T.);
#16375 = EDGE_CURVE('',#15942,#16146,#16376,.T.);
#16376 = LINE('',#16377,#16378);
#16377 = CARTESIAN_POINT('',(221.9,-137.88,-4.6E-02));
#16378 = VECTOR('',#16379,1.);
#16379 = DIRECTION('',(0.,0.,1.));
#16380 = ORIENTED_EDGE('',*,*,#16145,.F.);
#16381 = ORIENTED_EDGE('',*,*,#16375,.F.);
#16382 = CYLINDRICAL_SURFACE('',#16383,0.4);
#16383 = AXIS2_PLACEMENT_3D('',#16384,#16385,#16386);
#16384 = CARTESIAN_POINT('',(221.9,-137.48,-4.6E-02));
#16385 = DIRECTION('',(-0.,-0.,-1.));
#16386 = DIRECTION('',(-0.,-1.,0.));
#16387 = ADVANCED_FACE('',(#16388),#16399,.F.);
#16388 = FACE_BOUND('',#16389,.T.);
#16389 = EDGE_LOOP('',(#16390,#16391,#16397,#16398));
#16390 = ORIENTED_EDGE('',*,*,#15952,.T.);
#16391 = ORIENTED_EDGE('',*,*,#16392,.T.);
#16392 = EDGE_CURVE('',#15953,#16157,#16393,.T.);
#16393 = LINE('',#16394,#16395);
#16394 = CARTESIAN_POINT('',(247.2,-139.09,-4.6E-02));
#16395 = VECTOR('',#16396,1.);
#16396 = DIRECTION('',(0.,0.,1.));
#16397 = ORIENTED_EDGE('',*,*,#16156,.F.);
#16398 = ORIENTED_EDGE('',*,*,#16392,.F.);
#16399 = CYLINDRICAL_SURFACE('',#16400,0.51);
#16400 = AXIS2_PLACEMENT_3D('',#16401,#16402,#16403);
#16401 = CARTESIAN_POINT('',(247.2,-138.58,-4.6E-02));
#16402 = DIRECTION('',(-0.,-0.,-1.));
#16403 = DIRECTION('',(-0.,-1.,0.));
#16404 = ADVANCED_FACE('',(#16405),#16416,.F.);
#16405 = FACE_BOUND('',#16406,.T.);
#16406 = EDGE_LOOP('',(#16407,#16408,#16414,#16415));
#16407 = ORIENTED_EDGE('',*,*,#15963,.T.);
#16408 = ORIENTED_EDGE('',*,*,#16409,.T.);
#16409 = EDGE_CURVE('',#15964,#16168,#16410,.T.);
#16410 = LINE('',#16411,#16412);
#16411 = CARTESIAN_POINT('',(212.311,-134.2645,-4.6E-02));
#16412 = VECTOR('',#16413,1.);
#16413 = DIRECTION('',(0.,0.,1.));
#16414 = ORIENTED_EDGE('',*,*,#16167,.F.);
#16415 = ORIENTED_EDGE('',*,*,#16409,.F.);
#16416 = CYLINDRICAL_SURFACE('',#16417,0.4445);
#16417 = AXIS2_PLACEMENT_3D('',#16418,#16419,#16420);
#16418 = CARTESIAN_POINT('',(212.311,-133.82,-4.6E-02));
#16419 = DIRECTION('',(-0.,-0.,-1.));
#16420 = DIRECTION('',(-0.,-1.,0.));
#16421 = ADVANCED_FACE('',(#16422),#16433,.F.);
#16422 = FACE_BOUND('',#16423,.T.);
#16423 = EDGE_LOOP('',(#16424,#16425,#16431,#16432));
#16424 = ORIENTED_EDGE('',*,*,#15974,.T.);
#16425 = ORIENTED_EDGE('',*,*,#16426,.T.);
#16426 = EDGE_CURVE('',#15975,#16179,#16427,.T.);
#16427 = LINE('',#16428,#16429);
#16428 = CARTESIAN_POINT('',(194.9,-125.2,-4.6E-02));
#16429 = VECTOR('',#16430,1.);
#16430 = DIRECTION('',(0.,0.,1.));
#16431 = ORIENTED_EDGE('',*,*,#16178,.F.);
#16432 = ORIENTED_EDGE('',*,*,#16426,.F.);
#16433 = CYLINDRICAL_SURFACE('',#16434,1.6);
#16434 = AXIS2_PLACEMENT_3D('',#16435,#16436,#16437);
#16435 = CARTESIAN_POINT('',(194.9,-123.6,-4.6E-02));
#16436 = DIRECTION('',(-0.,-0.,-1.));
#16437 = DIRECTION('',(-0.,-1.,0.));
#16438 = ADVANCED_FACE('',(#16439),#16450,.F.);
#16439 = FACE_BOUND('',#16440,.T.);
#16440 = EDGE_LOOP('',(#16441,#16442,#16448,#16449));
#16441 = ORIENTED_EDGE('',*,*,#15985,.T.);
#16442 = ORIENTED_EDGE('',*,*,#16443,.T.);
#16443 = EDGE_CURVE('',#15986,#16190,#16444,.T.);
#16444 = LINE('',#16445,#16446);
#16445 = CARTESIAN_POINT('',(212.7,-128.5,-4.6E-02));
#16446 = VECTOR('',#16447,1.);
#16447 = DIRECTION('',(0.,0.,1.));
#16448 = ORIENTED_EDGE('',*,*,#16189,.F.);
#16449 = ORIENTED_EDGE('',*,*,#16443,.F.);
#16450 = CYLINDRICAL_SURFACE('',#16451,0.5);
#16451 = AXIS2_PLACEMENT_3D('',#16452,#16453,#16454);
#16452 = CARTESIAN_POINT('',(212.7,-128.,-4.6E-02));
#16453 = DIRECTION('',(-0.,-0.,-1.));
#16454 = DIRECTION('',(-0.,-1.,0.));
#16455 = ADVANCED_FACE('',(#16456),#16467,.F.);
#16456 = FACE_BOUND('',#16457,.T.);
#16457 = EDGE_LOOP('',(#16458,#16459,#16465,#16466));
#16458 = ORIENTED_EDGE('',*,*,#15996,.T.);
#16459 = ORIENTED_EDGE('',*,*,#16460,.T.);
#16460 = EDGE_CURVE('',#15997,#16201,#16461,.T.);
#16461 = LINE('',#16462,#16463);
#16462 = CARTESIAN_POINT('',(219.2,-128.6,-4.6E-02));
#16463 = VECTOR('',#16464,1.);
#16464 = DIRECTION('',(0.,0.,1.));
#16465 = ORIENTED_EDGE('',*,*,#16200,.F.);
#16466 = ORIENTED_EDGE('',*,*,#16460,.F.);
#16467 = CYLINDRICAL_SURFACE('',#16468,0.5);
#16468 = AXIS2_PLACEMENT_3D('',#16469,#16470,#16471);
#16469 = CARTESIAN_POINT('',(219.2,-128.1,-4.6E-02));
#16470 = DIRECTION('',(-0.,-0.,-1.));
#16471 = DIRECTION('',(-0.,-1.,0.));
#16472 = ADVANCED_FACE('',(#16473),#16484,.F.);
#16473 = FACE_BOUND('',#16474,.T.);
#16474 = EDGE_LOOP('',(#16475,#16476,#16482,#16483));
#16475 = ORIENTED_EDGE('',*,*,#16007,.T.);
#16476 = ORIENTED_EDGE('',*,*,#16477,.T.);
#16477 = EDGE_CURVE('',#16008,#16212,#16478,.T.);
#16478 = LINE('',#16479,#16480);
#16479 = CARTESIAN_POINT('',(221.9,-135.34,-4.6E-02));
#16480 = VECTOR('',#16481,1.);
#16481 = DIRECTION('',(0.,0.,1.));
#16482 = ORIENTED_EDGE('',*,*,#16211,.F.);
#16483 = ORIENTED_EDGE('',*,*,#16477,.F.);
#16484 = CYLINDRICAL_SURFACE('',#16485,0.4);
#16485 = AXIS2_PLACEMENT_3D('',#16486,#16487,#16488);
#16486 = CARTESIAN_POINT('',(221.9,-134.94,-4.6E-02));
#16487 = DIRECTION('',(-0.,-0.,-1.));
#16488 = DIRECTION('',(-0.,-1.,0.));
#16489 = ADVANCED_FACE('',(#16490),#16501,.F.);
#16490 = FACE_BOUND('',#16491,.T.);
#16491 = EDGE_LOOP('',(#16492,#16493,#16499,#16500));
#16492 = ORIENTED_EDGE('',*,*,#16018,.T.);
#16493 = ORIENTED_EDGE('',*,*,#16494,.T.);
#16494 = EDGE_CURVE('',#16019,#16223,#16495,.T.);
#16495 = LINE('',#16496,#16497);
#16496 = CARTESIAN_POINT('',(221.9,-132.8,-4.6E-02));
#16497 = VECTOR('',#16498,1.);
#16498 = DIRECTION('',(0.,0.,1.));
#16499 = ORIENTED_EDGE('',*,*,#16222,.F.);
#16500 = ORIENTED_EDGE('',*,*,#16494,.F.);
#16501 = CYLINDRICAL_SURFACE('',#16502,0.4);
#16502 = AXIS2_PLACEMENT_3D('',#16503,#16504,#16505);
#16503 = CARTESIAN_POINT('',(221.9,-132.4,-4.6E-02));
#16504 = DIRECTION('',(-0.,-0.,-1.));
#16505 = DIRECTION('',(-0.,-1.,0.));
#16506 = ADVANCED_FACE('',(#16507),#16518,.F.);
#16507 = FACE_BOUND('',#16508,.T.);
#16508 = EDGE_LOOP('',(#16509,#16510,#16516,#16517));
#16509 = ORIENTED_EDGE('',*,*,#16029,.T.);
#16510 = ORIENTED_EDGE('',*,*,#16511,.T.);
#16511 = EDGE_CURVE('',#16030,#16234,#16512,.T.);
#16512 = LINE('',#16513,#16514);
#16513 = CARTESIAN_POINT('',(247.2,-136.55,-4.6E-02));
#16514 = VECTOR('',#16515,1.);
#16515 = DIRECTION('',(0.,0.,1.));
#16516 = ORIENTED_EDGE('',*,*,#16233,.F.);
#16517 = ORIENTED_EDGE('',*,*,#16511,.F.);
#16518 = CYLINDRICAL_SURFACE('',#16519,0.51);
#16519 = AXIS2_PLACEMENT_3D('',#16520,#16521,#16522);
#16520 = CARTESIAN_POINT('',(247.2,-136.04,-4.6E-02));
#16521 = DIRECTION('',(-0.,-0.,-1.));
#16522 = DIRECTION('',(-0.,-1.,0.));
#16523 = ADVANCED_FACE('',(#16524),#16535,.F.);
#16524 = FACE_BOUND('',#16525,.T.);
#16525 = EDGE_LOOP('',(#16526,#16527,#16533,#16534));
#16526 = ORIENTED_EDGE('',*,*,#16040,.T.);
#16527 = ORIENTED_EDGE('',*,*,#16528,.T.);
#16528 = EDGE_CURVE('',#16041,#16245,#16529,.T.);
#16529 = LINE('',#16530,#16531);
#16530 = CARTESIAN_POINT('',(247.2,-134.01,-4.6E-02));
#16531 = VECTOR('',#16532,1.);
#16532 = DIRECTION('',(0.,0.,1.));
#16533 = ORIENTED_EDGE('',*,*,#16244,.F.);
#16534 = ORIENTED_EDGE('',*,*,#16528,.F.);
#16535 = CYLINDRICAL_SURFACE('',#16536,0.51);
#16536 = AXIS2_PLACEMENT_3D('',#16537,#16538,#16539);
#16537 = CARTESIAN_POINT('',(247.2,-133.5,-4.6E-02));
#16538 = DIRECTION('',(-0.,-0.,-1.));
#16539 = DIRECTION('',(-0.,-1.,0.));
#16540 = ADVANCED_FACE('',(#16541),#16552,.F.);
#16541 = FACE_BOUND('',#16542,.T.);
#16542 = EDGE_LOOP('',(#16543,#16544,#16550,#16551));
#16543 = ORIENTED_EDGE('',*,*,#16051,.T.);
#16544 = ORIENTED_EDGE('',*,*,#16545,.T.);
#16545 = EDGE_CURVE('',#16052,#16256,#16546,.T.);
#16546 = LINE('',#16547,#16548);
#16547 = CARTESIAN_POINT('',(225.5,-128.6,-4.6E-02));
#16548 = VECTOR('',#16549,1.);
#16549 = DIRECTION('',(0.,0.,1.));
#16550 = ORIENTED_EDGE('',*,*,#16255,.F.);
#16551 = ORIENTED_EDGE('',*,*,#16545,.F.);
#16552 = CYLINDRICAL_SURFACE('',#16553,0.5);
#16553 = AXIS2_PLACEMENT_3D('',#16554,#16555,#16556);
#16554 = CARTESIAN_POINT('',(225.5,-128.1,-4.6E-02));
#16555 = DIRECTION('',(-0.,-0.,-1.));
#16556 = DIRECTION('',(-0.,-1.,0.));
#16557 = ADVANCED_FACE('',(#16558),#16569,.F.);
#16558 = FACE_BOUND('',#16559,.T.);
#16559 = EDGE_LOOP('',(#16560,#16561,#16567,#16568));
#16560 = ORIENTED_EDGE('',*,*,#16062,.T.);
#16561 = ORIENTED_EDGE('',*,*,#16562,.T.);
#16562 = EDGE_CURVE('',#16063,#16267,#16563,.T.);
#16563 = LINE('',#16564,#16565);
#16564 = CARTESIAN_POINT('',(232.3,-128.6,-4.6E-02));
#16565 = VECTOR('',#16566,1.);
#16566 = DIRECTION('',(0.,0.,1.));
#16567 = ORIENTED_EDGE('',*,*,#16266,.F.);
#16568 = ORIENTED_EDGE('',*,*,#16562,.F.);
#16569 = CYLINDRICAL_SURFACE('',#16570,0.5);
#16570 = AXIS2_PLACEMENT_3D('',#16571,#16572,#16573);
#16571 = CARTESIAN_POINT('',(232.3,-128.1,-4.6E-02));
#16572 = DIRECTION('',(-0.,-0.,-1.));
#16573 = DIRECTION('',(-0.,-1.,0.));
#16574 = ADVANCED_FACE('',(#16575),#16586,.F.);
#16575 = FACE_BOUND('',#16576,.T.);
#16576 = EDGE_LOOP('',(#16577,#16578,#16584,#16585));
#16577 = ORIENTED_EDGE('',*,*,#16073,.T.);
#16578 = ORIENTED_EDGE('',*,*,#16579,.T.);
#16579 = EDGE_CURVE('',#16074,#16278,#16580,.T.);
#16580 = LINE('',#16581,#16582);
#16581 = CARTESIAN_POINT('',(247.5,-125.2,-4.6E-02));
#16582 = VECTOR('',#16583,1.);
#16583 = DIRECTION('',(0.,0.,1.));
#16584 = ORIENTED_EDGE('',*,*,#16277,.F.);
#16585 = ORIENTED_EDGE('',*,*,#16579,.F.);
#16586 = CYLINDRICAL_SURFACE('',#16587,1.6);
#16587 = AXIS2_PLACEMENT_3D('',#16588,#16589,#16590);
#16588 = CARTESIAN_POINT('',(247.5,-123.6,-4.6E-02));
#16589 = DIRECTION('',(-0.,-0.,-1.));
#16590 = DIRECTION('',(-0.,-1.,0.));
#16591 = ( GEOMETRIC_REPRESENTATION_CONTEXT(3) 
GLOBAL_UNCERTAINTY_ASSIGNED_CONTEXT((#16595)) 
GLOBAL_UNIT_ASSIGNED_CONTEXT((#16592,#16593,#16594)) 
REPRESENTATION_CONTEXT('Context #1',
  '3D Context with UNIT and UNCERTAINTY') );
#16592 = ( LENGTH_UNIT() NAMED_UNIT(*) SI_UNIT(.MILLI.,.METRE.) );
#16593 = ( NAMED_UNIT(*) PLANE_ANGLE_UNIT() SI_UNIT($,.RADIAN.) );
#16594 = ( NAMED_UNIT(*) SI_UNIT($,.STERADIAN.) SOLID_ANGLE_UNIT() );
#16595 = UNCERTAINTY_MEASURE_WITH_UNIT(LENGTH_MEASURE(1.E-07),#16592,
  'distance_accuracy_value','confusion accuracy');
#16596 = CONTEXT_DEPENDENT_SHAPE_REPRESENTATION(#16597,#16599);
#16597 = ( REPRESENTATION_RELATIONSHIP('','',#15777,#10) 
REPRESENTATION_RELATIONSHIP_WITH_TRANSFORMATION(#16598) 
SHAPE_REPRESENTATION_RELATIONSHIP() );
#16598 = ITEM_DEFINED_TRANSFORMATION('','',#11,#79);
#16599 = PRODUCT_DEFINITION_SHAPE('Placement','Placement of an item',
  #16600);
#16600 = NEXT_ASSEMBLY_USAGE_OCCURRENCE('17','=>[0:1:1:10]','',#5,#15772
  ,$);
#16601 = PRODUCT_RELATED_PRODUCT_CATEGORY('part',$,(#15774));
#16602 = MECHANICAL_DESIGN_GEOMETRIC_PRESENTATION_REPRESENTATION('',(
    #16603),#16591);
#16603 = STYLED_ITEM('color',(#16604),#15778);
#16604 = PRESENTATION_STYLE_ASSIGNMENT((#16605));
#16605 = SURFACE_STYLE_USAGE(.BOTH.,#16606);
#16606 = SURFACE_SIDE_STYLE('',(#16607));
#16607 = SURFACE_STYLE_FILL_AREA(#16608);
#16608 = FILL_AREA_STYLE('',(#16609));
#16609 = FILL_AREA_STYLE_COLOUR('',#16610);
#16610 = COLOUR_RGB('',0.313304153717,0.484529207832,0.410020903123);
ENDSEC;
END-ISO-10303-21;
